============================================================
  UVC IoT Sensor Fusion Benchmarks
  Mon Mar  9 20:34:31 KST 2026
  Mode: all
  Tag:  iot
  Reps: 10
  Output: /Users/heewonchung/Documents/00-Research/active/Updatable Verifiable Computation/Dev/results/2026-03-09_203431_iot
============================================================

Date:     2026-03-09T11:34:31Z
Hostname: GoM-Mac-Studio-M4.local
OS:       Darwin 25.3.0 arm64
CPU:      Apple M4 Max
Cores:    14
RAM:      36 GB
Compiler: Apple clang version 17.0.0 (clang-1700.6.4.2)
Build:    Release -O2 -march=native
Reps:     10
Configs:  10 C++ + 5 Nova

  Building all benchmarks...
[ 51%] Built target ff
[ 96%] Built target snark
[ 96%] Building CXX object CMakeFiles/bench_comparative.dir/src/libsnark/zk_proof_systems/ppzksnark/r1cs_uvc_ppzksnark/benchmarks/bench_comparative.cpp.o
In file included from /Users/heewonchung/Documents/00-Research/active/Updatable Verifiable Computation/Dev/src/libsnark/zk_proof_systems/ppzksnark/r1cs_uvc_ppzksnark/benchmarks/bench_comparative.cpp:28:
In file included from /Users/heewonchung/Documents/00-Research/active/Updatable Verifiable Computation/Dev/src/libsnark/zk_proof_systems/ppzksnark/r1cs_uvc_ppzksnark/r1cs_uvc_ppzksnark.hpp:38:
In file included from /Users/heewonchung/Documents/00-Research/active/Updatable Verifiable Computation/Dev/src/libsnark/common/data_structures/accumulation_vector.hpp:17:
In file included from /Users/heewonchung/Documents/00-Research/active/Updatable Verifiable Computation/Dev/src/libsnark/common/data_structures/sparse_vector.hpp:78:
In file included from /Users/heewonchung/Documents/00-Research/active/Updatable Verifiable Computation/Dev/src/libsnark/common/data_structures/sparse_vector.tcc:23:
In file included from /Users/heewonchung/Documents/00-Research/active/Updatable Verifiable Computation/Dev/depends/libff/libff/algebra/scalar_multiplication/multiexp.hpp:131:
/Users/heewonchung/Documents/00-Research/active/Updatable Verifiable Computation/Dev/depends/libff/libff/algebra/scalar_multiplication/multiexp.tcc:126:50: warning: unused parameter 'scalar_end' [-Wunused-parameter]
  126 |     typename std::vector<FieldT>::const_iterator scalar_end)
      |                                                  ^
/Users/heewonchung/Documents/00-Research/active/Updatable Verifiable Computation/Dev/depends/libff/libff/algebra/scalar_multiplication/multiexp.tcc:149:50: warning: unused parameter 'scalar_end' [-Wunused-parameter]
  149 |     typename std::vector<FieldT>::const_iterator scalar_end)
      |                                                  ^
In file included from /Users/heewonchung/Documents/00-Research/active/Updatable Verifiable Computation/Dev/src/libsnark/zk_proof_systems/ppzksnark/r1cs_uvc_ppzksnark/benchmarks/bench_comparative.cpp:28:
In file included from /Users/heewonchung/Documents/00-Research/active/Updatable Verifiable Computation/Dev/src/libsnark/zk_proof_systems/ppzksnark/r1cs_uvc_ppzksnark/r1cs_uvc_ppzksnark.hpp:40:
In file included from /Users/heewonchung/Documents/00-Research/active/Updatable Verifiable Computation/Dev/src/libsnark/relations/constraint_satisfaction_problems/r1cs/r1cs.hpp:151:
/Users/heewonchung/Documents/00-Research/active/Updatable Verifiable Computation/Dev/src/libsnark/relations/constraint_satisfaction_problems/r1cs/r1cs.tcc:173:106: warning: unused parameter 'annotation' [-Wunused-parameter]
  173 | void r1cs_constraint_system<FieldT>::add_constraint(const r1cs_constraint<FieldT> &c, const std::string &annotation)
      |                                                                                                          ^
In file included from /Users/heewonchung/Documents/00-Research/active/Updatable Verifiable Computation/Dev/src/libsnark/zk_proof_systems/ppzksnark/r1cs_uvc_ppzksnark/benchmarks/bench_comparative.cpp:28:
In file included from /Users/heewonchung/Documents/00-Research/active/Updatable Verifiable Computation/Dev/src/libsnark/zk_proof_systems/ppzksnark/r1cs_uvc_ppzksnark/r1cs_uvc_ppzksnark.hpp:277:
/Users/heewonchung/Documents/00-Research/active/Updatable Verifiable Computation/Dev/src/libsnark/zk_proof_systems/ppzksnark/r1cs_uvc_ppzksnark/r1cs_uvc_ppzksnark.tcc:451:18: warning: unused variable 'ts' [-Wunused-variable]
  451 |     const size_t ts = pk.st_circuit.transition_size;
      |                  ^~
In file included from /Users/heewonchung/Documents/00-Research/active/Updatable Verifiable Computation/Dev/src/libsnark/zk_proof_systems/ppzksnark/r1cs_uvc_ppzksnark/benchmarks/bench_comparative.cpp:21:
In file included from /Library/Developer/CommandLineTools/SDKs/MacOSX.sdk/usr/include/c++/v1/string:652:
In file included from /Library/Developer/CommandLineTools/SDKs/MacOSX.sdk/usr/include/c++/v1/string_view:947:
In file included from /Library/Developer/CommandLineTools/SDKs/MacOSX.sdk/usr/include/c++/v1/algorithm:1854:
In file included from /Library/Developer/CommandLineTools/SDKs/MacOSX.sdk/usr/include/c++/v1/__algorithm/for_each.h:16:
In file included from /Library/Developer/CommandLineTools/SDKs/MacOSX.sdk/usr/include/c++/v1/__ranges/movable_box.h:21:
In file included from /Library/Developer/CommandLineTools/SDKs/MacOSX.sdk/usr/include/c++/v1/optional:1302:
In file included from /Library/Developer/CommandLineTools/SDKs/MacOSX.sdk/usr/include/c++/v1/memory:947:
In file included from /Library/Developer/CommandLineTools/SDKs/MacOSX.sdk/usr/include/c++/v1/__memory/inout_ptr.h:16:
In file included from /Library/Developer/CommandLineTools/SDKs/MacOSX.sdk/usr/include/c++/v1/__memory/shared_ptr.h:35:
/Library/Developer/CommandLineTools/SDKs/MacOSX.sdk/usr/include/c++/v1/__memory/unique_ptr.h:78:5: warning: delete called on non-final 'libfqfft::basic_radix2_domain<libff::Fp_model<4, libff::alt_bn128_modulus_r>>' that has virtual functions but non-virtual destructor [-Wdelete-non-abstract-non-virtual-dtor]
   78 |     delete __ptr;
      |     ^
/Library/Developer/CommandLineTools/SDKs/MacOSX.sdk/usr/include/c++/v1/__memory/unique_ptr.h:300:7: note: in instantiation of member function 'std::default_delete<libfqfft::basic_radix2_domain<libff::Fp_model<4, libff::alt_bn128_modulus_r>>>::operator()' requested here
  300 |       __deleter_(__tmp);
      |       ^
/Library/Developer/CommandLineTools/SDKs/MacOSX.sdk/usr/include/c++/v1/__memory/unique_ptr.h:269:71: note: in instantiation of member function 'std::unique_ptr<libfqfft::basic_radix2_domain<libff::Fp_model<4, libff::alt_bn128_modulus_r>>>::reset' requested here
  269 |   _LIBCPP_HIDE_FROM_ABI _LIBCPP_CONSTEXPR_SINCE_CXX23 ~unique_ptr() { reset(); }
      |                                                                       ^
/Library/Developer/CommandLineTools/SDKs/MacOSX.sdk/usr/include/c++/v1/__memory/shared_ptr.h:342:21: note: in instantiation of member function 'std::unique_ptr<libfqfft::basic_radix2_domain<libff::Fp_model<4, libff::alt_bn128_modulus_r>>>::~unique_ptr' requested here
  342 |     unique_ptr<_Yp> __hold(__p);
      |                     ^
/Library/Developer/CommandLineTools/SDKs/MacOSX.sdk/usr/include/c++/v1/__memory/shared_ptr.h:612:5: note: in instantiation of function template specialization 'std::shared_ptr<libfqfft::evaluation_domain<libff::Fp_model<4, libff::alt_bn128_modulus_r>>>::shared_ptr<libfqfft::basic_radix2_domain<libff::Fp_model<4, libff::alt_bn128_modulus_r>>, 0>' requested here
  612 |     shared_ptr(__p).swap(*this);
      |     ^
/Users/heewonchung/Documents/00-Research/active/Updatable Verifiable Computation/Dev/depends/libfqfft/libfqfft/evaluation_domain/get_evaluation_domain.tcc:41:18: note: in instantiation of function template specialization 'std::shared_ptr<libfqfft::evaluation_domain<libff::Fp_model<4, libff::alt_bn128_modulus_r>>>::reset<libfqfft::basic_radix2_domain<libff::Fp_model<4, libff::alt_bn128_modulus_r>>, 0>' requested here
   41 |     try { result.reset(new basic_radix2_domain<FieldT>(min_size)); }
      |                  ^
/Users/heewonchung/Documents/00-Research/active/Updatable Verifiable Computation/Dev/src/libsnark/reductions/r1cs_to_qap/r1cs_to_qap.tcc:110:84: note: in instantiation of function template specialization 'libfqfft::get_evaluation_domain<libff::Fp_model<4, libff::alt_bn128_modulus_r>>' requested here
  110 |     const std::shared_ptr<libfqfft::evaluation_domain<FieldT> > domain = libfqfft::get_evaluation_domain<FieldT>(cs.num_constraints() + cs.num_inputs() + 1);
      |                                                                                    ^
/Users/heewonchung/Documents/00-Research/active/Updatable Verifiable Computation/Dev/src/libsnark/zk_proof_systems/ppzksnark/r1cs_uvc_ppzksnark/r1cs_uvc_ppzksnark.tcc:240:45: note: in instantiation of function template specialization 'libsnark::r1cs_to_qap_instance_map_with_evaluation<libff::Fp_model<4, libff::alt_bn128_modulus_r>>' requested here
  240 |     qap_instance_evaluation<FieldT> qap_B = r1cs_to_qap_instance_map_with_evaluation(cs_B, t);
      |                                             ^
/Users/heewonchung/Documents/00-Research/active/Updatable Verifiable Computation/Dev/src/libsnark/zk_proof_systems/ppzksnark/r1cs_uvc_ppzksnark/benchmarks/bench_comparative.cpp:150:15: note: in instantiation of function template specialization 'libsnark::r1cs_uvc_ppzksnark_generator<libff::alt_bn128_pp>' requested here
  150 |     auto kp = r1cs_uvc_ppzksnark_generator<ppT>(st, cfg.B);
      |               ^
In file included from /Users/heewonchung/Documents/00-Research/active/Updatable Verifiable Computation/Dev/src/libsnark/zk_proof_systems/ppzksnark/r1cs_uvc_ppzksnark/benchmarks/bench_comparative.cpp:21:
In file included from /Library/Developer/CommandLineTools/SDKs/MacOSX.sdk/usr/include/c++/v1/string:652:
In file included from /Library/Developer/CommandLineTools/SDKs/MacOSX.sdk/usr/include/c++/v1/string_view:947:
In file included from /Library/Developer/CommandLineTools/SDKs/MacOSX.sdk/usr/include/c++/v1/algorithm:1854:
In file included from /Library/Developer/CommandLineTools/SDKs/MacOSX.sdk/usr/include/c++/v1/__algorithm/for_each.h:16:
In file included from /Library/Developer/CommandLineTools/SDKs/MacOSX.sdk/usr/include/c++/v1/__ranges/movable_box.h:21:
In file included from /Library/Developer/CommandLineTools/SDKs/MacOSX.sdk/usr/include/c++/v1/optional:1302:
In file included from /Library/Developer/CommandLineTools/SDKs/MacOSX.sdk/usr/include/c++/v1/memory:947:
In file included from /Library/Developer/CommandLineTools/SDKs/MacOSX.sdk/usr/include/c++/v1/__memory/inout_ptr.h:16:
In file included from /Library/Developer/CommandLineTools/SDKs/MacOSX.sdk/usr/include/c++/v1/__memory/shared_ptr.h:35:
/Library/Developer/CommandLineTools/SDKs/MacOSX.sdk/usr/include/c++/v1/__memory/unique_ptr.h:78:5: warning: delete called on non-final 'libfqfft::extended_radix2_domain<libff::Fp_model<4, libff::alt_bn128_modulus_r>>' that has virtual functions but non-virtual destructor [-Wdelete-non-abstract-non-virtual-dtor]
   78 |     delete __ptr;
      |     ^
/Library/Developer/CommandLineTools/SDKs/MacOSX.sdk/usr/include/c++/v1/__memory/unique_ptr.h:300:7: note: in instantiation of member function 'std::default_delete<libfqfft::extended_radix2_domain<libff::Fp_model<4, libff::alt_bn128_modulus_r>>>::operator()' requested here
  300 |       __deleter_(__tmp);
      |       ^
/Library/Developer/CommandLineTools/SDKs/MacOSX.sdk/usr/include/c++/v1/__memory/unique_ptr.h:269:71: note: in instantiation of member function 'std::unique_ptr<libfqfft::extended_radix2_domain<libff::Fp_model<4, libff::alt_bn128_modulus_r>>>::reset' requested here
  269 |   _LIBCPP_HIDE_FROM_ABI _LIBCPP_CONSTEXPR_SINCE_CXX23 ~unique_ptr() { reset(); }
      |                                                                       ^
/Library/Developer/CommandLineTools/SDKs/MacOSX.sdk/usr/include/c++/v1/__memory/shared_ptr.h:342:21: note: in instantiation of member function 'std::unique_ptr<libfqfft::extended_radix2_domain<libff::Fp_model<4, libff::alt_bn128_modulus_r>>>::~unique_ptr' requested here
  342 |     unique_ptr<_Yp> __hold(__p);
      |                     ^
/Library/Developer/CommandLineTools/SDKs/MacOSX.sdk/usr/include/c++/v1/__memory/shared_ptr.h:612:5: note: in instantiation of function template specialization 'std::shared_ptr<libfqfft::evaluation_domain<libff::Fp_model<4, libff::alt_bn128_modulus_r>>>::shared_ptr<libfqfft::extended_radix2_domain<libff::Fp_model<4, libff::alt_bn128_modulus_r>>, 0>' requested here
  612 |     shared_ptr(__p).swap(*this);
      |     ^
/Users/heewonchung/Documents/00-Research/active/Updatable Verifiable Computation/Dev/depends/libfqfft/libfqfft/evaluation_domain/get_evaluation_domain.tcc:42:31: note: in instantiation of function template specialization 'std::shared_ptr<libfqfft::evaluation_domain<libff::Fp_model<4, libff::alt_bn128_modulus_r>>>::reset<libfqfft::extended_radix2_domain<libff::Fp_model<4, libff::alt_bn128_modulus_r>>, 0>' requested here
   42 |     catch(...) { try { result.reset(new extended_radix2_domain<FieldT>(min_size)); }
      |                               ^
/Users/heewonchung/Documents/00-Research/active/Updatable Verifiable Computation/Dev/src/libsnark/reductions/r1cs_to_qap/r1cs_to_qap.tcc:110:84: note: in instantiation of function template specialization 'libfqfft::get_evaluation_domain<libff::Fp_model<4, libff::alt_bn128_modulus_r>>' requested here
  110 |     const std::shared_ptr<libfqfft::evaluation_domain<FieldT> > domain = libfqfft::get_evaluation_domain<FieldT>(cs.num_constraints() + cs.num_inputs() + 1);
      |                                                                                    ^
/Users/heewonchung/Documents/00-Research/active/Updatable Verifiable Computation/Dev/src/libsnark/zk_proof_systems/ppzksnark/r1cs_uvc_ppzksnark/r1cs_uvc_ppzksnark.tcc:240:45: note: in instantiation of function template specialization 'libsnark::r1cs_to_qap_instance_map_with_evaluation<libff::Fp_model<4, libff::alt_bn128_modulus_r>>' requested here
  240 |     qap_instance_evaluation<FieldT> qap_B = r1cs_to_qap_instance_map_with_evaluation(cs_B, t);
      |                                             ^
/Users/heewonchung/Documents/00-Research/active/Updatable Verifiable Computation/Dev/src/libsnark/zk_proof_systems/ppzksnark/r1cs_uvc_ppzksnark/benchmarks/bench_comparative.cpp:150:15: note: in instantiation of function template specialization 'libsnark::r1cs_uvc_ppzksnark_generator<libff::alt_bn128_pp>' requested here
  150 |     auto kp = r1cs_uvc_ppzksnark_generator<ppT>(st, cfg.B);
      |               ^
In file included from /Users/heewonchung/Documents/00-Research/active/Updatable Verifiable Computation/Dev/src/libsnark/zk_proof_systems/ppzksnark/r1cs_uvc_ppzksnark/benchmarks/bench_comparative.cpp:21:
In file included from /Library/Developer/CommandLineTools/SDKs/MacOSX.sdk/usr/include/c++/v1/string:652:
In file included from /Library/Developer/CommandLineTools/SDKs/MacOSX.sdk/usr/include/c++/v1/string_view:947:
In file included from /Library/Developer/CommandLineTools/SDKs/MacOSX.sdk/usr/include/c++/v1/algorithm:1854:
In file included from /Library/Developer/CommandLineTools/SDKs/MacOSX.sdk/usr/include/c++/v1/__algorithm/for_each.h:16:
In file included from /Library/Developer/CommandLineTools/SDKs/MacOSX.sdk/usr/include/c++/v1/__ranges/movable_box.h:21:
In file included from /Library/Developer/CommandLineTools/SDKs/MacOSX.sdk/usr/include/c++/v1/optional:1302:
In file included from /Library/Developer/CommandLineTools/SDKs/MacOSX.sdk/usr/include/c++/v1/memory:947:
In file included from /Library/Developer/CommandLineTools/SDKs/MacOSX.sdk/usr/include/c++/v1/__memory/inout_ptr.h:16:
In file included from /Library/Developer/CommandLineTools/SDKs/MacOSX.sdk/usr/include/c++/v1/__memory/shared_ptr.h:35:
/Library/Developer/CommandLineTools/SDKs/MacOSX.sdk/usr/include/c++/v1/__memory/unique_ptr.h:78:5: warning: delete called on non-final 'libfqfft::step_radix2_domain<libff::Fp_model<4, libff::alt_bn128_modulus_r>>' that has virtual functions but non-virtual destructor [-Wdelete-non-abstract-non-virtual-dtor]
   78 |     delete __ptr;
      |     ^
/Library/Developer/CommandLineTools/SDKs/MacOSX.sdk/usr/include/c++/v1/__memory/unique_ptr.h:300:7: note: in instantiation of member function 'std::default_delete<libfqfft::step_radix2_domain<libff::Fp_model<4, libff::alt_bn128_modulus_r>>>::operator()' requested here
  300 |       __deleter_(__tmp);
      |       ^
/Library/Developer/CommandLineTools/SDKs/MacOSX.sdk/usr/include/c++/v1/__memory/unique_ptr.h:269:71: note: in instantiation of member function 'std::unique_ptr<libfqfft::step_radix2_domain<libff::Fp_model<4, libff::alt_bn128_modulus_r>>>::reset' requested here
  269 |   _LIBCPP_HIDE_FROM_ABI _LIBCPP_CONSTEXPR_SINCE_CXX23 ~unique_ptr() { reset(); }
      |                                                                       ^
/Library/Developer/CommandLineTools/SDKs/MacOSX.sdk/usr/include/c++/v1/__memory/shared_ptr.h:342:21: note: in instantiation of member function 'std::unique_ptr<libfqfft::step_radix2_domain<libff::Fp_model<4, libff::alt_bn128_modulus_r>>>::~unique_ptr' requested here
  342 |     unique_ptr<_Yp> __hold(__p);
      |                     ^
/Library/Developer/CommandLineTools/SDKs/MacOSX.sdk/usr/include/c++/v1/__memory/shared_ptr.h:612:5: note: in instantiation of function template specialization 'std::shared_ptr<libfqfft::evaluation_domain<libff::Fp_model<4, libff::alt_bn128_modulus_r>>>::shared_ptr<libfqfft::step_radix2_domain<libff::Fp_model<4, libff::alt_bn128_modulus_r>>, 0>' requested here
  612 |     shared_ptr(__p).swap(*this);
      |     ^
/Users/heewonchung/Documents/00-Research/active/Updatable Verifiable Computation/Dev/depends/libfqfft/libfqfft/evaluation_domain/get_evaluation_domain.tcc:43:31: note: in instantiation of function template specialization 'std::shared_ptr<libfqfft::evaluation_domain<libff::Fp_model<4, libff::alt_bn128_modulus_r>>>::reset<libfqfft::step_radix2_domain<libff::Fp_model<4, libff::alt_bn128_modulus_r>>, 0>' requested here
   43 |     catch(...) { try { result.reset(new step_radix2_domain<FieldT>(min_size)); }
      |                               ^
/Users/heewonchung/Documents/00-Research/active/Updatable Verifiable Computation/Dev/src/libsnark/reductions/r1cs_to_qap/r1cs_to_qap.tcc:110:84: note: in instantiation of function template specialization 'libfqfft::get_evaluation_domain<libff::Fp_model<4, libff::alt_bn128_modulus_r>>' requested here
  110 |     const std::shared_ptr<libfqfft::evaluation_domain<FieldT> > domain = libfqfft::get_evaluation_domain<FieldT>(cs.num_constraints() + cs.num_inputs() + 1);
      |                                                                                    ^
/Users/heewonchung/Documents/00-Research/active/Updatable Verifiable Computation/Dev/src/libsnark/zk_proof_systems/ppzksnark/r1cs_uvc_ppzksnark/r1cs_uvc_ppzksnark.tcc:240:45: note: in instantiation of function template specialization 'libsnark::r1cs_to_qap_instance_map_with_evaluation<libff::Fp_model<4, libff::alt_bn128_modulus_r>>' requested here
  240 |     qap_instance_evaluation<FieldT> qap_B = r1cs_to_qap_instance_map_with_evaluation(cs_B, t);
      |                                             ^
/Users/heewonchung/Documents/00-Research/active/Updatable Verifiable Computation/Dev/src/libsnark/zk_proof_systems/ppzksnark/r1cs_uvc_ppzksnark/benchmarks/bench_comparative.cpp:150:15: note: in instantiation of function template specialization 'libsnark::r1cs_uvc_ppzksnark_generator<libff::alt_bn128_pp>' requested here
  150 |     auto kp = r1cs_uvc_ppzksnark_generator<ppT>(st, cfg.B);
      |               ^
In file included from /Users/heewonchung/Documents/00-Research/active/Updatable Verifiable Computation/Dev/src/libsnark/zk_proof_systems/ppzksnark/r1cs_uvc_ppzksnark/benchmarks/bench_comparative.cpp:28:
In file included from /Users/heewonchung/Documents/00-Research/active/Updatable Verifiable Computation/Dev/src/libsnark/zk_proof_systems/ppzksnark/r1cs_uvc_ppzksnark/r1cs_uvc_ppzksnark.hpp:42:
In file included from /Users/heewonchung/Documents/00-Research/active/Updatable Verifiable Computation/Dev/src/libsnark/zk_proof_systems/ppzksnark/r1cs_vc_ppzksnark/r1cs_vc_ppzksnark.hpp:354:
In file included from /Users/heewonchung/Documents/00-Research/active/Updatable Verifiable Computation/Dev/src/libsnark/zk_proof_systems/ppzksnark/r1cs_vc_ppzksnark/r1cs_vc_ppzksnark.tcc:32:
In file included from /Users/heewonchung/Documents/00-Research/active/Updatable Verifiable Computation/Dev/src/libsnark/reductions/r1cs_to_qap/r1cs_to_qap.hpp:68:
In file included from /Users/heewonchung/Documents/00-Research/active/Updatable Verifiable Computation/Dev/src/libsnark/reductions/r1cs_to_qap/r1cs_to_qap.tcc:19:
In file included from /Users/heewonchung/Documents/00-Research/active/Updatable Verifiable Computation/Dev/depends/libfqfft/libfqfft/evaluation_domain/get_evaluation_domain.hpp:30:
In file included from /Users/heewonchung/Documents/00-Research/active/Updatable Verifiable Computation/Dev/depends/libfqfft/libfqfft/evaluation_domain/get_evaluation_domain.tcc:22:
In file included from /Users/heewonchung/Documents/00-Research/active/Updatable Verifiable Computation/Dev/depends/libfqfft/libfqfft/evaluation_domain/domains/arithmetic_sequence_domain.hpp:47:
In file included from /Users/heewonchung/Documents/00-Research/active/Updatable Verifiable Computation/Dev/depends/libfqfft/libfqfft/evaluation_domain/domains/arithmetic_sequence_domain.tcc:18:
In file included from /Users/heewonchung/Documents/00-Research/active/Updatable Verifiable Computation/Dev/depends/libfqfft/libfqfft/polynomial_arithmetic/basis_change.hpp:67:
In file included from /Users/heewonchung/Documents/00-Research/active/Updatable Verifiable Computation/Dev/depends/libfqfft/libfqfft/polynomial_arithmetic/basis_change.tcc:20:
In file included from /Users/heewonchung/Documents/00-Research/active/Updatable Verifiable Computation/Dev/depends/libfqfft/libfqfft/polynomial_arithmetic/basic_operations.hpp:90:
/Users/heewonchung/Documents/00-Research/active/Updatable Verifiable Computation/Dev/depends/libfqfft/libfqfft/polynomial_arithmetic/basic_operations.tcc:151:56: warning: 'bind1st<std::multiplies<libff::Fp_model<4, libff::alt_bn128_modulus_r>>, libff::Fp_model<4, libff::alt_bn128_modulus_r>>' is deprecated [-Wdeprecated-declarations]
  151 |     std::transform(c.begin(), c.end(), c.begin(), std::bind1st(std::multiplies<FieldT>(), sconst));
      |                                                        ^
/Users/heewonchung/Documents/00-Research/active/Updatable Verifiable Computation/Dev/depends/libfqfft/libfqfft/polynomial_arithmetic/basic_operations.tcc:119:5: note: in instantiation of function template specialization 'libfqfft::_polynomial_multiplication_on_fft<libff::Fp_model<4, libff::alt_bn128_modulus_r>>' requested here
  119 |     _polynomial_multiplication_on_fft(c, a, b);
      |     ^
/Users/heewonchung/Documents/00-Research/active/Updatable Verifiable Computation/Dev/depends/libfqfft/libfqfft/evaluation_domain/domains/geometric_sequence_domain.tcc:58:3: note: in instantiation of function template specialization 'libfqfft::_polynomial_multiplication<libff::Fp_model<4, libff::alt_bn128_modulus_r>>' requested here
   58 |   _polynomial_multiplication(a, g, T);
      |   ^
/Users/heewonchung/Documents/00-Research/active/Updatable Verifiable Computation/Dev/depends/libfqfft/libfqfft/evaluation_domain/domains/geometric_sequence_domain.tcc:27:36: note: in instantiation of member function 'libfqfft::geometric_sequence_domain<libff::Fp_model<4, libff::alt_bn128_modulus_r>>::FFT' requested here
   27 | geometric_sequence_domain<FieldT>::geometric_sequence_domain(const size_t m) : evaluation_domain<FieldT>(m)
      |                                    ^
/Users/heewonchung/Documents/00-Research/active/Updatable Verifiable Computation/Dev/depends/libfqfft/libfqfft/evaluation_domain/get_evaluation_domain.tcc:47:41: note: in instantiation of member function 'libfqfft::geometric_sequence_domain<libff::Fp_model<4, libff::alt_bn128_modulus_r>>::geometric_sequence_domain' requested here
   47 |     catch(...) { try { result.reset(new geometric_sequence_domain<FieldT>(min_size)); }
      |                                         ^
/Users/heewonchung/Documents/00-Research/active/Updatable Verifiable Computation/Dev/src/libsnark/reductions/r1cs_to_qap/r1cs_to_qap.tcc:110:84: note: in instantiation of function template specialization 'libfqfft::get_evaluation_domain<libff::Fp_model<4, libff::alt_bn128_modulus_r>>' requested here
  110 |     const std::shared_ptr<libfqfft::evaluation_domain<FieldT> > domain = libfqfft::get_evaluation_domain<FieldT>(cs.num_constraints() + cs.num_inputs() + 1);
      |                                                                                    ^
/Users/heewonchung/Documents/00-Research/active/Updatable Verifiable Computation/Dev/src/libsnark/zk_proof_systems/ppzksnark/r1cs_uvc_ppzksnark/r1cs_uvc_ppzksnark.tcc:240:45: note: in instantiation of function template specialization 'libsnark::r1cs_to_qap_instance_map_with_evaluation<libff::Fp_model<4, libff::alt_bn128_modulus_r>>' requested here
  240 |     qap_instance_evaluation<FieldT> qap_B = r1cs_to_qap_instance_map_with_evaluation(cs_B, t);
      |                                             ^
/Users/heewonchung/Documents/00-Research/active/Updatable Verifiable Computation/Dev/src/libsnark/zk_proof_systems/ppzksnark/r1cs_uvc_ppzksnark/benchmarks/bench_comparative.cpp:150:15: note: in instantiation of function template specialization 'libsnark::r1cs_uvc_ppzksnark_generator<libff::alt_bn128_pp>' requested here
  150 |     auto kp = r1cs_uvc_ppzksnark_generator<ppT>(st, cfg.B);
      |               ^
/Library/Developer/CommandLineTools/SDKs/MacOSX.sdk/usr/include/c++/v1/__functional/binder1st.h:45:1: note: 'bind1st<std::multiplies<libff::Fp_model<4, libff::alt_bn128_modulus_r>>, libff::Fp_model<4, libff::alt_bn128_modulus_r>>' has been explicitly marked deprecated here
   45 | _LIBCPP_DEPRECATED_IN_CXX11 inline _LIBCPP_HIDE_FROM_ABI binder1st<_Operation>
      | ^
/Library/Developer/CommandLineTools/SDKs/MacOSX.sdk/usr/include/c++/v1/__config:725:41: note: expanded from macro '_LIBCPP_DEPRECATED_IN_CXX11'
  725 | #    define _LIBCPP_DEPRECATED_IN_CXX11 _LIBCPP_DEPRECATED
      |                                         ^
/Library/Developer/CommandLineTools/SDKs/MacOSX.sdk/usr/include/c++/v1/__config:710:49: note: expanded from macro '_LIBCPP_DEPRECATED'
  710 | #      define _LIBCPP_DEPRECATED __attribute__((__deprecated__))
      |                                                 ^
In file included from /Users/heewonchung/Documents/00-Research/active/Updatable Verifiable Computation/Dev/src/libsnark/zk_proof_systems/ppzksnark/r1cs_uvc_ppzksnark/benchmarks/bench_comparative.cpp:21:
In file included from /Library/Developer/CommandLineTools/SDKs/MacOSX.sdk/usr/include/c++/v1/string:652:
In file included from /Library/Developer/CommandLineTools/SDKs/MacOSX.sdk/usr/include/c++/v1/string_view:947:
In file included from /Library/Developer/CommandLineTools/SDKs/MacOSX.sdk/usr/include/c++/v1/algorithm:1854:
In file included from /Library/Developer/CommandLineTools/SDKs/MacOSX.sdk/usr/include/c++/v1/__algorithm/for_each.h:16:
In file included from /Library/Developer/CommandLineTools/SDKs/MacOSX.sdk/usr/include/c++/v1/__ranges/movable_box.h:21:
In file included from /Library/Developer/CommandLineTools/SDKs/MacOSX.sdk/usr/include/c++/v1/optional:1302:
In file included from /Library/Developer/CommandLineTools/SDKs/MacOSX.sdk/usr/include/c++/v1/memory:947:
In file included from /Library/Developer/CommandLineTools/SDKs/MacOSX.sdk/usr/include/c++/v1/__memory/inout_ptr.h:16:
In file included from /Library/Developer/CommandLineTools/SDKs/MacOSX.sdk/usr/include/c++/v1/__memory/shared_ptr.h:35:
/Library/Developer/CommandLineTools/SDKs/MacOSX.sdk/usr/include/c++/v1/__memory/unique_ptr.h:78:5: warning: delete called on non-final 'libfqfft::geometric_sequence_domain<libff::Fp_model<4, libff::alt_bn128_modulus_r>>' that has virtual functions but non-virtual destructor [-Wdelete-non-abstract-non-virtual-dtor]
   78 |     delete __ptr;
      |     ^
/Library/Developer/CommandLineTools/SDKs/MacOSX.sdk/usr/include/c++/v1/__memory/unique_ptr.h:300:7: note: in instantiation of member function 'std::default_delete<libfqfft::geometric_sequence_domain<libff::Fp_model<4, libff::alt_bn128_modulus_r>>>::operator()' requested here
  300 |       __deleter_(__tmp);
      |       ^
/Library/Developer/CommandLineTools/SDKs/MacOSX.sdk/usr/include/c++/v1/__memory/unique_ptr.h:269:71: note: in instantiation of member function 'std::unique_ptr<libfqfft::geometric_sequence_domain<libff::Fp_model<4, libff::alt_bn128_modulus_r>>>::reset' requested here
  269 |   _LIBCPP_HIDE_FROM_ABI _LIBCPP_CONSTEXPR_SINCE_CXX23 ~unique_ptr() { reset(); }
      |                                                                       ^
/Library/Developer/CommandLineTools/SDKs/MacOSX.sdk/usr/include/c++/v1/__memory/shared_ptr.h:342:21: note: in instantiation of member function 'std::unique_ptr<libfqfft::geometric_sequence_domain<libff::Fp_model<4, libff::alt_bn128_modulus_r>>>::~unique_ptr' requested here
  342 |     unique_ptr<_Yp> __hold(__p);
      |                     ^
/Library/Developer/CommandLineTools/SDKs/MacOSX.sdk/usr/include/c++/v1/__memory/shared_ptr.h:612:5: note: in instantiation of function template specialization 'std::shared_ptr<libfqfft::evaluation_domain<libff::Fp_model<4, libff::alt_bn128_modulus_r>>>::shared_ptr<libfqfft::geometric_sequence_domain<libff::Fp_model<4, libff::alt_bn128_modulus_r>>, 0>' requested here
  612 |     shared_ptr(__p).swap(*this);
      |     ^
/Users/heewonchung/Documents/00-Research/active/Updatable Verifiable Computation/Dev/depends/libfqfft/libfqfft/evaluation_domain/get_evaluation_domain.tcc:47:31: note: in instantiation of function template specialization 'std::shared_ptr<libfqfft::evaluation_domain<libff::Fp_model<4, libff::alt_bn128_modulus_r>>>::reset<libfqfft::geometric_sequence_domain<libff::Fp_model<4, libff::alt_bn128_modulus_r>>, 0>' requested here
   47 |     catch(...) { try { result.reset(new geometric_sequence_domain<FieldT>(min_size)); }
      |                               ^
/Users/heewonchung/Documents/00-Research/active/Updatable Verifiable Computation/Dev/src/libsnark/reductions/r1cs_to_qap/r1cs_to_qap.tcc:110:84: note: in instantiation of function template specialization 'libfqfft::get_evaluation_domain<libff::Fp_model<4, libff::alt_bn128_modulus_r>>' requested here
  110 |     const std::shared_ptr<libfqfft::evaluation_domain<FieldT> > domain = libfqfft::get_evaluation_domain<FieldT>(cs.num_constraints() + cs.num_inputs() + 1);
      |                                                                                    ^
/Users/heewonchung/Documents/00-Research/active/Updatable Verifiable Computation/Dev/src/libsnark/zk_proof_systems/ppzksnark/r1cs_uvc_ppzksnark/r1cs_uvc_ppzksnark.tcc:240:45: note: in instantiation of function template specialization 'libsnark::r1cs_to_qap_instance_map_with_evaluation<libff::Fp_model<4, libff::alt_bn128_modulus_r>>' requested here
  240 |     qap_instance_evaluation<FieldT> qap_B = r1cs_to_qap_instance_map_with_evaluation(cs_B, t);
      |                                             ^
/Users/heewonchung/Documents/00-Research/active/Updatable Verifiable Computation/Dev/src/libsnark/zk_proof_systems/ppzksnark/r1cs_uvc_ppzksnark/benchmarks/bench_comparative.cpp:150:15: note: in instantiation of function template specialization 'libsnark::r1cs_uvc_ppzksnark_generator<libff::alt_bn128_pp>' requested here
  150 |     auto kp = r1cs_uvc_ppzksnark_generator<ppT>(st, cfg.B);
      |               ^
In file included from /Users/heewonchung/Documents/00-Research/active/Updatable Verifiable Computation/Dev/src/libsnark/zk_proof_systems/ppzksnark/r1cs_uvc_ppzksnark/benchmarks/bench_comparative.cpp:28:
In file included from /Users/heewonchung/Documents/00-Research/active/Updatable Verifiable Computation/Dev/src/libsnark/zk_proof_systems/ppzksnark/r1cs_uvc_ppzksnark/r1cs_uvc_ppzksnark.hpp:42:
In file included from /Users/heewonchung/Documents/00-Research/active/Updatable Verifiable Computation/Dev/src/libsnark/zk_proof_systems/ppzksnark/r1cs_vc_ppzksnark/r1cs_vc_ppzksnark.hpp:354:
In file included from /Users/heewonchung/Documents/00-Research/active/Updatable Verifiable Computation/Dev/src/libsnark/zk_proof_systems/ppzksnark/r1cs_vc_ppzksnark/r1cs_vc_ppzksnark.tcc:32:
In file included from /Users/heewonchung/Documents/00-Research/active/Updatable Verifiable Computation/Dev/src/libsnark/reductions/r1cs_to_qap/r1cs_to_qap.hpp:68:
In file included from /Users/heewonchung/Documents/00-Research/active/Updatable Verifiable Computation/Dev/src/libsnark/reductions/r1cs_to_qap/r1cs_to_qap.tcc:19:
In file included from /Users/heewonchung/Documents/00-Research/active/Updatable Verifiable Computation/Dev/depends/libfqfft/libfqfft/evaluation_domain/get_evaluation_domain.hpp:30:
In file included from /Users/heewonchung/Documents/00-Research/active/Updatable Verifiable Computation/Dev/depends/libfqfft/libfqfft/evaluation_domain/get_evaluation_domain.tcc:22:
In file included from /Users/heewonchung/Documents/00-Research/active/Updatable Verifiable Computation/Dev/depends/libfqfft/libfqfft/evaluation_domain/domains/arithmetic_sequence_domain.hpp:47:
In file included from /Users/heewonchung/Documents/00-Research/active/Updatable Verifiable Computation/Dev/depends/libfqfft/libfqfft/evaluation_domain/domains/arithmetic_sequence_domain.tcc:18:
In file included from /Users/heewonchung/Documents/00-Research/active/Updatable Verifiable Computation/Dev/depends/libfqfft/libfqfft/polynomial_arithmetic/basis_change.hpp:67:
In file included from /Users/heewonchung/Documents/00-Research/active/Updatable Verifiable Computation/Dev/depends/libfqfft/libfqfft/polynomial_arithmetic/basis_change.tcc:21:
In file included from /Users/heewonchung/Documents/00-Research/active/Updatable Verifiable Computation/Dev/depends/libfqfft/libfqfft/polynomial_arithmetic/xgcd.hpp:29:
/Users/heewonchung/Documents/00-Research/active/Updatable Verifiable Computation/Dev/depends/libfqfft/libfqfft/polynomial_arithmetic/xgcd.tcc:61:56: warning: 'bind1st<std::multiplies<libff::Fp_model<4, libff::alt_bn128_modulus_r>>, libff::Fp_model<4, libff::alt_bn128_modulus_r>>' is deprecated [-Wdeprecated-declarations]
   61 |     std::transform(G.begin(), G.end(), G.begin(), std::bind1st(std::multiplies<FieldT>(), lead_coeff));
      |                                                        ^
/Users/heewonchung/Documents/00-Research/active/Updatable Verifiable Computation/Dev/depends/libfqfft/libfqfft/polynomial_arithmetic/basis_change.tcc:78:5: note: in instantiation of function template specialization 'libfqfft::_polynomial_xgcd<libff::Fp_model<4, libff::alt_bn128_modulus_r>>' requested here
   78 |     _polynomial_xgcd(mod, I, mod, mod, I);
      |     ^
/Users/heewonchung/Documents/00-Research/active/Updatable Verifiable Computation/Dev/depends/libfqfft/libfqfft/evaluation_domain/domains/arithmetic_sequence_domain.tcc:44:3: note: in instantiation of function template specialization 'libfqfft::monomial_to_newton_basis<libff::Fp_model<4, libff::alt_bn128_modulus_r>>' requested here
   44 |   monomial_to_newton_basis(a, this->subproduct_tree, this->m);
      |   ^
/Users/heewonchung/Documents/00-Research/active/Updatable Verifiable Computation/Dev/depends/libfqfft/libfqfft/evaluation_domain/domains/arithmetic_sequence_domain.tcc:27:37: note: in instantiation of member function 'libfqfft::arithmetic_sequence_domain<libff::Fp_model<4, libff::alt_bn128_modulus_r>>::FFT' requested here
   27 | arithmetic_sequence_domain<FieldT>::arithmetic_sequence_domain(const size_t m) : evaluation_domain<FieldT>(m)
      |                                     ^
/Users/heewonchung/Documents/00-Research/active/Updatable Verifiable Computation/Dev/depends/libfqfft/libfqfft/evaluation_domain/get_evaluation_domain.tcc:48:41: note: in instantiation of member function 'libfqfft::arithmetic_sequence_domain<libff::Fp_model<4, libff::alt_bn128_modulus_r>>::arithmetic_sequence_domain' requested here
   48 |     catch(...) { try { result.reset(new arithmetic_sequence_domain<FieldT>(min_size)); }
      |                                         ^
/Users/heewonchung/Documents/00-Research/active/Updatable Verifiable Computation/Dev/src/libsnark/reductions/r1cs_to_qap/r1cs_to_qap.tcc:110:84: note: in instantiation of function template specialization 'libfqfft::get_evaluation_domain<libff::Fp_model<4, libff::alt_bn128_modulus_r>>' requested here
  110 |     const std::shared_ptr<libfqfft::evaluation_domain<FieldT> > domain = libfqfft::get_evaluation_domain<FieldT>(cs.num_constraints() + cs.num_inputs() + 1);
      |                                                                                    ^
/Users/heewonchung/Documents/00-Research/active/Updatable Verifiable Computation/Dev/src/libsnark/zk_proof_systems/ppzksnark/r1cs_uvc_ppzksnark/r1cs_uvc_ppzksnark.tcc:240:45: note: in instantiation of function template specialization 'libsnark::r1cs_to_qap_instance_map_with_evaluation<libff::Fp_model<4, libff::alt_bn128_modulus_r>>' requested here
  240 |     qap_instance_evaluation<FieldT> qap_B = r1cs_to_qap_instance_map_with_evaluation(cs_B, t);
      |                                             ^
/Users/heewonchung/Documents/00-Research/active/Updatable Verifiable Computation/Dev/src/libsnark/zk_proof_systems/ppzksnark/r1cs_uvc_ppzksnark/benchmarks/bench_comparative.cpp:150:15: note: in instantiation of function template specialization 'libsnark::r1cs_uvc_ppzksnark_generator<libff::alt_bn128_pp>' requested here
  150 |     auto kp = r1cs_uvc_ppzksnark_generator<ppT>(st, cfg.B);
      |               ^
/Library/Developer/CommandLineTools/SDKs/MacOSX.sdk/usr/include/c++/v1/__functional/binder1st.h:45:1: note: 'bind1st<std::multiplies<libff::Fp_model<4, libff::alt_bn128_modulus_r>>, libff::Fp_model<4, libff::alt_bn128_modulus_r>>' has been explicitly marked deprecated here
   45 | _LIBCPP_DEPRECATED_IN_CXX11 inline _LIBCPP_HIDE_FROM_ABI binder1st<_Operation>
      | ^
/Library/Developer/CommandLineTools/SDKs/MacOSX.sdk/usr/include/c++/v1/__config:725:41: note: expanded from macro '_LIBCPP_DEPRECATED_IN_CXX11'
  725 | #    define _LIBCPP_DEPRECATED_IN_CXX11 _LIBCPP_DEPRECATED
      |                                         ^
/Library/Developer/CommandLineTools/SDKs/MacOSX.sdk/usr/include/c++/v1/__config:710:49: note: expanded from macro '_LIBCPP_DEPRECATED'
  710 | #      define _LIBCPP_DEPRECATED __attribute__((__deprecated__))
      |                                                 ^
In file included from /Users/heewonchung/Documents/00-Research/active/Updatable Verifiable Computation/Dev/src/libsnark/zk_proof_systems/ppzksnark/r1cs_uvc_ppzksnark/benchmarks/bench_comparative.cpp:28:
In file included from /Users/heewonchung/Documents/00-Research/active/Updatable Verifiable Computation/Dev/src/libsnark/zk_proof_systems/ppzksnark/r1cs_uvc_ppzksnark/r1cs_uvc_ppzksnark.hpp:42:
In file included from /Users/heewonchung/Documents/00-Research/active/Updatable Verifiable Computation/Dev/src/libsnark/zk_proof_systems/ppzksnark/r1cs_vc_ppzksnark/r1cs_vc_ppzksnark.hpp:354:
In file included from /Users/heewonchung/Documents/00-Research/active/Updatable Verifiable Computation/Dev/src/libsnark/zk_proof_systems/ppzksnark/r1cs_vc_ppzksnark/r1cs_vc_ppzksnark.tcc:32:
In file included from /Users/heewonchung/Documents/00-Research/active/Updatable Verifiable Computation/Dev/src/libsnark/reductions/r1cs_to_qap/r1cs_to_qap.hpp:68:
In file included from /Users/heewonchung/Documents/00-Research/active/Updatable Verifiable Computation/Dev/src/libsnark/reductions/r1cs_to_qap/r1cs_to_qap.tcc:19:
In file included from /Users/heewonchung/Documents/00-Research/active/Updatable Verifiable Computation/Dev/depends/libfqfft/libfqfft/evaluation_domain/get_evaluation_domain.hpp:30:
In file included from /Users/heewonchung/Documents/00-Research/active/Updatable Verifiable Computation/Dev/depends/libfqfft/libfqfft/evaluation_domain/get_evaluation_domain.tcc:22:
In file included from /Users/heewonchung/Documents/00-Research/active/Updatable Verifiable Computation/Dev/depends/libfqfft/libfqfft/evaluation_domain/domains/arithmetic_sequence_domain.hpp:47:
In file included from /Users/heewonchung/Documents/00-Research/active/Updatable Verifiable Computation/Dev/depends/libfqfft/libfqfft/evaluation_domain/domains/arithmetic_sequence_domain.tcc:18:
In file included from /Users/heewonchung/Documents/00-Research/active/Updatable Verifiable Computation/Dev/depends/libfqfft/libfqfft/polynomial_arithmetic/basis_change.hpp:67:
In file included from /Users/heewonchung/Documents/00-Research/active/Updatable Verifiable Computation/Dev/depends/libfqfft/libfqfft/polynomial_arithmetic/basis_change.tcc:21:
In file included from /Users/heewonchung/Documents/00-Research/active/Updatable Verifiable Computation/Dev/depends/libfqfft/libfqfft/polynomial_arithmetic/xgcd.hpp:29:
/Users/heewonchung/Documents/00-Research/active/Updatable Verifiable Computation/Dev/depends/libfqfft/libfqfft/polynomial_arithmetic/xgcd.tcc:62:56: warning: 'bind1st<std::multiplies<libff::Fp_model<4, libff::alt_bn128_modulus_r>>, libff::Fp_model<4, libff::alt_bn128_modulus_r>>' is deprecated [-Wdeprecated-declarations]
   62 |     std::transform(U.begin(), U.end(), U.begin(), std::bind1st(std::multiplies<FieldT>(), lead_coeff));
      |                                                        ^
/Library/Developer/CommandLineTools/SDKs/MacOSX.sdk/usr/include/c++/v1/__functional/binder1st.h:45:1: note: 'bind1st<std::multiplies<libff::Fp_model<4, libff::alt_bn128_modulus_r>>, libff::Fp_model<4, libff::alt_bn128_modulus_r>>' has been explicitly marked deprecated here
   45 | _LIBCPP_DEPRECATED_IN_CXX11 inline _LIBCPP_HIDE_FROM_ABI binder1st<_Operation>
      | ^
/Library/Developer/CommandLineTools/SDKs/MacOSX.sdk/usr/include/c++/v1/__config:725:41: note: expanded from macro '_LIBCPP_DEPRECATED_IN_CXX11'
  725 | #    define _LIBCPP_DEPRECATED_IN_CXX11 _LIBCPP_DEPRECATED
      |                                         ^
/Library/Developer/CommandLineTools/SDKs/MacOSX.sdk/usr/include/c++/v1/__config:710:49: note: expanded from macro '_LIBCPP_DEPRECATED'
  710 | #      define _LIBCPP_DEPRECATED __attribute__((__deprecated__))
      |                                                 ^
In file included from /Users/heewonchung/Documents/00-Research/active/Updatable Verifiable Computation/Dev/src/libsnark/zk_proof_systems/ppzksnark/r1cs_uvc_ppzksnark/benchmarks/bench_comparative.cpp:28:
In file included from /Users/heewonchung/Documents/00-Research/active/Updatable Verifiable Computation/Dev/src/libsnark/zk_proof_systems/ppzksnark/r1cs_uvc_ppzksnark/r1cs_uvc_ppzksnark.hpp:42:
In file included from /Users/heewonchung/Documents/00-Research/active/Updatable Verifiable Computation/Dev/src/libsnark/zk_proof_systems/ppzksnark/r1cs_vc_ppzksnark/r1cs_vc_ppzksnark.hpp:354:
In file included from /Users/heewonchung/Documents/00-Research/active/Updatable Verifiable Computation/Dev/src/libsnark/zk_proof_systems/ppzksnark/r1cs_vc_ppzksnark/r1cs_vc_ppzksnark.tcc:32:
In file included from /Users/heewonchung/Documents/00-Research/active/Updatable Verifiable Computation/Dev/src/libsnark/reductions/r1cs_to_qap/r1cs_to_qap.hpp:68:
In file included from /Users/heewonchung/Documents/00-Research/active/Updatable Verifiable Computation/Dev/src/libsnark/reductions/r1cs_to_qap/r1cs_to_qap.tcc:19:
In file included from /Users/heewonchung/Documents/00-Research/active/Updatable Verifiable Computation/Dev/depends/libfqfft/libfqfft/evaluation_domain/get_evaluation_domain.hpp:30:
In file included from /Users/heewonchung/Documents/00-Research/active/Updatable Verifiable Computation/Dev/depends/libfqfft/libfqfft/evaluation_domain/get_evaluation_domain.tcc:22:
In file included from /Users/heewonchung/Documents/00-Research/active/Updatable Verifiable Computation/Dev/depends/libfqfft/libfqfft/evaluation_domain/domains/arithmetic_sequence_domain.hpp:47:
In file included from /Users/heewonchung/Documents/00-Research/active/Updatable Verifiable Computation/Dev/depends/libfqfft/libfqfft/evaluation_domain/domains/arithmetic_sequence_domain.tcc:18:
In file included from /Users/heewonchung/Documents/00-Research/active/Updatable Verifiable Computation/Dev/depends/libfqfft/libfqfft/polynomial_arithmetic/basis_change.hpp:67:
In file included from /Users/heewonchung/Documents/00-Research/active/Updatable Verifiable Computation/Dev/depends/libfqfft/libfqfft/polynomial_arithmetic/basis_change.tcc:21:
In file included from /Users/heewonchung/Documents/00-Research/active/Updatable Verifiable Computation/Dev/depends/libfqfft/libfqfft/polynomial_arithmetic/xgcd.hpp:29:
/Users/heewonchung/Documents/00-Research/active/Updatable Verifiable Computation/Dev/depends/libfqfft/libfqfft/polynomial_arithmetic/xgcd.tcc:63:59: warning: 'bind1st<std::multiplies<libff::Fp_model<4, libff::alt_bn128_modulus_r>>, libff::Fp_model<4, libff::alt_bn128_modulus_r>>' is deprecated [-Wdeprecated-declarations]
   63 |     std::transform(V1.begin(), V1.end(), V1.begin(), std::bind1st(std::multiplies<FieldT>(), lead_coeff));
      |                                                           ^
/Library/Developer/CommandLineTools/SDKs/MacOSX.sdk/usr/include/c++/v1/__functional/binder1st.h:45:1: note: 'bind1st<std::multiplies<libff::Fp_model<4, libff::alt_bn128_modulus_r>>, libff::Fp_model<4, libff::alt_bn128_modulus_r>>' has been explicitly marked deprecated here
   45 | _LIBCPP_DEPRECATED_IN_CXX11 inline _LIBCPP_HIDE_FROM_ABI binder1st<_Operation>
      | ^
/Library/Developer/CommandLineTools/SDKs/MacOSX.sdk/usr/include/c++/v1/__config:725:41: note: expanded from macro '_LIBCPP_DEPRECATED_IN_CXX11'
  725 | #    define _LIBCPP_DEPRECATED_IN_CXX11 _LIBCPP_DEPRECATED
      |                                         ^
/Library/Developer/CommandLineTools/SDKs/MacOSX.sdk/usr/include/c++/v1/__config:710:49: note: expanded from macro '_LIBCPP_DEPRECATED'
  710 | #      define _LIBCPP_DEPRECATED __attribute__((__deprecated__))
      |                                                 ^
In file included from /Users/heewonchung/Documents/00-Research/active/Updatable Verifiable Computation/Dev/src/libsnark/zk_proof_systems/ppzksnark/r1cs_uvc_ppzksnark/benchmarks/bench_comparative.cpp:21:
In file included from /Library/Developer/CommandLineTools/SDKs/MacOSX.sdk/usr/include/c++/v1/string:652:
In file included from /Library/Developer/CommandLineTools/SDKs/MacOSX.sdk/usr/include/c++/v1/string_view:947:
In file included from /Library/Developer/CommandLineTools/SDKs/MacOSX.sdk/usr/include/c++/v1/algorithm:1854:
In file included from /Library/Developer/CommandLineTools/SDKs/MacOSX.sdk/usr/include/c++/v1/__algorithm/for_each.h:16:
In file included from /Library/Developer/CommandLineTools/SDKs/MacOSX.sdk/usr/include/c++/v1/__ranges/movable_box.h:21:
In file included from /Library/Developer/CommandLineTools/SDKs/MacOSX.sdk/usr/include/c++/v1/optional:1302:
In file included from /Library/Developer/CommandLineTools/SDKs/MacOSX.sdk/usr/include/c++/v1/memory:947:
In file included from /Library/Developer/CommandLineTools/SDKs/MacOSX.sdk/usr/include/c++/v1/__memory/inout_ptr.h:16:
In file included from /Library/Developer/CommandLineTools/SDKs/MacOSX.sdk/usr/include/c++/v1/__memory/shared_ptr.h:35:
/Library/Developer/CommandLineTools/SDKs/MacOSX.sdk/usr/include/c++/v1/__memory/unique_ptr.h:78:5: warning: delete called on non-final 'libfqfft::arithmetic_sequence_domain<libff::Fp_model<4, libff::alt_bn128_modulus_r>>' that has virtual functions but non-virtual destructor [-Wdelete-non-abstract-non-virtual-dtor]
   78 |     delete __ptr;
      |     ^
/Library/Developer/CommandLineTools/SDKs/MacOSX.sdk/usr/include/c++/v1/__memory/unique_ptr.h:300:7: note: in instantiation of member function 'std::default_delete<libfqfft::arithmetic_sequence_domain<libff::Fp_model<4, libff::alt_bn128_modulus_r>>>::operator()' requested here
  300 |       __deleter_(__tmp);
      |       ^
/Library/Developer/CommandLineTools/SDKs/MacOSX.sdk/usr/include/c++/v1/__memory/unique_ptr.h:269:71: note: in instantiation of member function 'std::unique_ptr<libfqfft::arithmetic_sequence_domain<libff::Fp_model<4, libff::alt_bn128_modulus_r>>>::reset' requested here
  269 |   _LIBCPP_HIDE_FROM_ABI _LIBCPP_CONSTEXPR_SINCE_CXX23 ~unique_ptr() { reset(); }
      |                                                                       ^
/Library/Developer/CommandLineTools/SDKs/MacOSX.sdk/usr/include/c++/v1/__memory/shared_ptr.h:342:21: note: in instantiation of member function 'std::unique_ptr<libfqfft::arithmetic_sequence_domain<libff::Fp_model<4, libff::alt_bn128_modulus_r>>>::~unique_ptr' requested here
  342 |     unique_ptr<_Yp> __hold(__p);
      |                     ^
/Library/Developer/CommandLineTools/SDKs/MacOSX.sdk/usr/include/c++/v1/__memory/shared_ptr.h:612:5: note: in instantiation of function template specialization 'std::shared_ptr<libfqfft::evaluation_domain<libff::Fp_model<4, libff::alt_bn128_modulus_r>>>::shared_ptr<libfqfft::arithmetic_sequence_domain<libff::Fp_model<4, libff::alt_bn128_modulus_r>>, 0>' requested here
  612 |     shared_ptr(__p).swap(*this);
      |     ^
/Users/heewonchung/Documents/00-Research/active/Updatable Verifiable Computation/Dev/depends/libfqfft/libfqfft/evaluation_domain/get_evaluation_domain.tcc:48:31: note: in instantiation of function template specialization 'std::shared_ptr<libfqfft::evaluation_domain<libff::Fp_model<4, libff::alt_bn128_modulus_r>>>::reset<libfqfft::arithmetic_sequence_domain<libff::Fp_model<4, libff::alt_bn128_modulus_r>>, 0>' requested here
   48 |     catch(...) { try { result.reset(new arithmetic_sequence_domain<FieldT>(min_size)); }
      |                               ^
/Users/heewonchung/Documents/00-Research/active/Updatable Verifiable Computation/Dev/src/libsnark/reductions/r1cs_to_qap/r1cs_to_qap.tcc:110:84: note: in instantiation of function template specialization 'libfqfft::get_evaluation_domain<libff::Fp_model<4, libff::alt_bn128_modulus_r>>' requested here
  110 |     const std::shared_ptr<libfqfft::evaluation_domain<FieldT> > domain = libfqfft::get_evaluation_domain<FieldT>(cs.num_constraints() + cs.num_inputs() + 1);
      |                                                                                    ^
/Users/heewonchung/Documents/00-Research/active/Updatable Verifiable Computation/Dev/src/libsnark/zk_proof_systems/ppzksnark/r1cs_uvc_ppzksnark/r1cs_uvc_ppzksnark.tcc:240:45: note: in instantiation of function template specialization 'libsnark::r1cs_to_qap_instance_map_with_evaluation<libff::Fp_model<4, libff::alt_bn128_modulus_r>>' requested here
  240 |     qap_instance_evaluation<FieldT> qap_B = r1cs_to_qap_instance_map_with_evaluation(cs_B, t);
      |                                             ^
/Users/heewonchung/Documents/00-Research/active/Updatable Verifiable Computation/Dev/src/libsnark/zk_proof_systems/ppzksnark/r1cs_uvc_ppzksnark/benchmarks/bench_comparative.cpp:150:15: note: in instantiation of function template specialization 'libsnark::r1cs_uvc_ppzksnark_generator<libff::alt_bn128_pp>' requested here
  150 |     auto kp = r1cs_uvc_ppzksnark_generator<ppT>(st, cfg.B);
      |               ^
13 warnings generated.
[100%] Linking CXX executable bench_comparative
[100%] Built target bench_comparative
  C++ binary: /Users/heewonchung/Documents/00-Research/active/Updatable Verifiable Computation/Dev/build/bench_comparative
    Finished `release` profile [optimized] target(s) in 0.15s
  Nova binary: /Users/heewonchung/Documents/00-Research/active/Updatable Verifiable Computation/Dev/nova-bench/target/release/nova-bench


============================================================
  C++ IoT Sensor Fusion: UVC + Groth16
  Configurations: 10
============================================================

------------------------------------------------------------
  Running: [1/10] sensor_fusion K=4 B=16
  Command: bench_comparative --circuit sensor_fusion --n 4 --B 16 --output-dir /Users/heewonchung/Documents/00-Research/active/Updatable Verifiable Computation/Dev/results/2026-03-09_203431_iot/csv --reps 10
------------------------------------------------------------
================================================================
Comparative Benchmark: UVC vs Groth16
================================================================
  Circuit: sensor_fusion, n=4, B=16, reps=10
  Output: /Users/heewonchung/Documents/00-Research/active/Updatable Verifiable Computation/Dev/results/2026-03-09_203431_iot/csv/

================================================================
UVC Benchmark: circuit=sensor_fusion, n=4, B=16
================================================================
  Circuit: 5 constraints, 11 vars, state=1, transition=5

  [Setup] Generating CRS for B=16...
* UVC Setup: B=16, n=11, state=1, transition=5
* Composed C_16: 80 constraints, 161 variables, 6 inputs
* QAP (C_B) variables: 161, degree: 96, inputs: 6
* UVC max compositions (B): 16
* G1 elements in PK: 575
* G2 elements in PK: 163
* PK size in bits: 185312
* H_query_full size: 95
* Step 2: 10 new wires (0 io, 10 wt)
* Step 3: 10 new wires (0 io, 10 wt)
* Step 4: 10 new wires (0 io, 10 wt)
* Step 5: 10 new wires (0 io, 10 wt)
* Step 6: 10 new wires (0 io, 10 wt)
* Step 7: 10 new wires (0 io, 10 wt)
* Step 8: 10 new wires (0 io, 10 wt)
* Step 9: 10 new wires (0 io, 10 wt)
* Step 10: 10 new wires (0 io, 10 wt)
* Step 11: 10 new wires (0 io, 10 wt)
* Step 12: 10 new wires (0 io, 10 wt)
* Step 13: 10 new wires (0 io, 10 wt)
* Step 14: 10 new wires (0 io, 10 wt)
* Step 15: 10 new wires (0 io, 10 wt)
* Step 16: 10 new wires (0 io, 10 wt)
* UVC VK: 16 max steps
* G2 elements in VK: 2
* GT elements in VK: 1
* gamma_ABC size: 6
  Setup: 70.4 ms, CRS: 714 G1 + 314 G2
  Building proof chain (steps 1..16)...
* UVC Prove step 1
* Elements of w skipped: 1 (8.33%)
* Elements of w processed with special addition: 3 (25.00%)
* Elements of w remaining: 8 (66.67%)
* Elements of w skipped: 1 (14.29%)
* Elements of w processed with special addition: 1 (14.29%)
* Elements of w remaining: 5 (71.43%)
* Elements of w skipped: 0 (0.00%)
* Elements of w processed with special addition: 0 (0.00%)
* Elements of w remaining: 5 (100.00%)
* UVC proof at step 1
* G1 elements in proof: 2
* G2 elements in proof: 1
* Proof size in bits: 1019
* Cached h poly size: 95
* UVC Prove step 2
* Elements of w skipped: 0 (0.00%)
* Elements of w processed with special addition: 1 (10.00%)
* Elements of w remaining: 9 (90.00%)
* Elements of w skipped: 0 (0.00%)
* Elements of w processed with special addition: 1 (16.67%)
* Elements of w remaining: 5 (83.33%)
* Elements of w skipped: 0 (0.00%)
* Elements of w processed with special addition: 1 (10.00%)
* Elements of w remaining: 9 (90.00%)
* UVC proof at step 2
* G1 elements in proof: 2
* G2 elements in proof: 1
* Proof size in bits: 1019
* Cached h poly size: 95
* UVC Prove step 3
* Elements of w skipped: 0 (0.00%)
* Elements of w processed with special addition: 1 (10.00%)
* Elements of w remaining: 9 (90.00%)
* Elements of w skipped: 0 (0.00%)
* Elements of w processed with special addition: 1 (16.67%)
* Elements of w remaining: 5 (83.33%)
* Elements of w skipped: 0 (0.00%)
* Elements of w processed with special addition: 1 (10.00%)
* Elements of w remaining: 9 (90.00%)
* UVC proof at step 3
* G1 elements in proof: 2
* G2 elements in proof: 1
* Proof size in bits: 1019
* Cached h poly size: 95
* UVC Prove step 4
* Elements of w skipped: 0 (0.00%)
* Elements of w processed with special addition: 1 (10.00%)
* Elements of w remaining: 9 (90.00%)
* Elements of w skipped: 0 (0.00%)
* Elements of w processed with special addition: 1 (16.67%)
* Elements of w remaining: 5 (83.33%)
* Elements of w skipped: 0 (0.00%)
* Elements of w processed with special addition: 1 (10.00%)
* Elements of w remaining: 9 (90.00%)
* UVC proof at step 4
* G1 elements in proof: 2
* G2 elements in proof: 1
* Proof size in bits: 1019
* Cached h poly size: 95
* UVC Prove step 5
* Elements of w skipped: 0 (0.00%)
* Elements of w processed with special addition: 1 (10.00%)
* Elements of w remaining: 9 (90.00%)
* Elements of w skipped: 0 (0.00%)
* Elements of w processed with special addition: 1 (16.67%)
* Elements of w remaining: 5 (83.33%)
* Elements of w skipped: 0 (0.00%)
* Elements of w processed with special addition: 1 (10.00%)
* Elements of w remaining: 9 (90.00%)
* UVC proof at step 5
* G1 elements in proof: 2
* G2 elements in proof: 1
* Proof size in bits: 1019
* Cached h poly size: 95
* UVC Prove step 6
* Elements of w skipped: 0 (0.00%)
* Elements of w processed with special addition: 1 (10.00%)
* Elements of w remaining: 9 (90.00%)
* Elements of w skipped: 0 (0.00%)
* Elements of w processed with special addition: 1 (16.67%)
* Elements of w remaining: 5 (83.33%)
* Elements of w skipped: 0 (0.00%)
* Elements of w processed with special addition: 1 (10.00%)
* Elements of w remaining: 9 (90.00%)
* UVC proof at step 6
* G1 elements in proof: 2
* G2 elements in proof: 1
* Proof size in bits: 1019
* Cached h poly size: 95
* UVC Prove step 7
* Elements of w skipped: 0 (0.00%)
* Elements of w processed with special addition: 1 (10.00%)
* Elements of w remaining: 9 (90.00%)
* Elements of w skipped: 0 (0.00%)
* Elements of w processed with special addition: 1 (16.67%)
* Elements of w remaining: 5 (83.33%)
* Elements of w skipped: 0 (0.00%)
* Elements of w processed with special addition: 1 (10.00%)
* Elements of w remaining: 9 (90.00%)
* UVC proof at step 7
* G1 elements in proof: 2
* G2 elements in proof: 1
* Proof size in bits: 1019
* Cached h poly size: 95
* UVC Prove step 8
* Elements of w skipped: 0 (0.00%)
* Elements of w processed with special addition: 1 (10.00%)
* Elements of w remaining: 9 (90.00%)
* Elements of w skipped: 0 (0.00%)
* Elements of w processed with special addition: 1 (16.67%)
* Elements of w remaining: 5 (83.33%)
* Elements of w skipped: 0 (0.00%)
* Elements of w processed with special addition: 1 (10.00%)
* Elements of w remaining: 9 (90.00%)
* UVC proof at step 8
* G1 elements in proof: 2
* G2 elements in proof: 1
* Proof size in bits: 1019
* Cached h poly size: 95
* UVC Prove step 9
* Elements of w skipped: 0 (0.00%)
* Elements of w processed with special addition: 1 (10.00%)
* Elements of w remaining: 9 (90.00%)
* Elements of w skipped: 0 (0.00%)
* Elements of w processed with special addition: 1 (16.67%)
* Elements of w remaining: 5 (83.33%)
* Elements of w skipped: 0 (0.00%)
* Elements of w processed with special addition: 1 (10.00%)
* Elements of w remaining: 9 (90.00%)
* UVC proof at step 9
* G1 elements in proof: 2
* G2 elements in proof: 1
* Proof size in bits: 1019
* Cached h poly size: 95
* UVC Prove step 10
* Elements of w skipped: 0 (0.00%)
* Elements of w processed with special addition: 1 (10.00%)
* Elements of w remaining: 9 (90.00%)
* Elements of w skipped: 0 (0.00%)
* Elements of w processed with special addition: 1 (16.67%)
* Elements of w remaining: 5 (83.33%)
* Elements of w skipped: 0 (0.00%)
* Elements of w processed with special addition: 1 (10.00%)
* Elements of w remaining: 9 (90.00%)
* UVC proof at step 10
* G1 elements in proof: 2
* G2 elements in proof: 1
* Proof size in bits: 1019
* Cached h poly size: 95
* UVC Prove step 11
* Elements of w skipped: 0 (0.00%)
* Elements of w processed with special addition: 1 (10.00%)
* Elements of w remaining: 9 (90.00%)
* Elements of w skipped: 0 (0.00%)
* Elements of w processed with special addition: 1 (16.67%)
* Elements of w remaining: 5 (83.33%)
* Elements of w skipped: 0 (0.00%)
* Elements of w processed with special addition: 1 (10.00%)
* Elements of w remaining: 9 (90.00%)
* UVC proof at step 11
* G1 elements in proof: 2
* G2 elements in proof: 1
* Proof size in bits: 1019
* Cached h poly size: 95
* UVC Prove step 12
* Elements of w skipped: 0 (0.00%)
* Elements of w processed with special addition: 1 (10.00%)
* Elements of w remaining: 9 (90.00%)
* Elements of w skipped: 0 (0.00%)
* Elements of w processed with special addition: 1 (16.67%)
* Elements of w remaining: 5 (83.33%)
* Elements of w skipped: 0 (0.00%)
* Elements of w processed with special addition: 1 (10.00%)
* Elements of w remaining: 9 (90.00%)
* UVC proof at step 12
* G1 elements in proof: 2
* G2 elements in proof: 1
* Proof size in bits: 1019
* Cached h poly size: 95
* UVC Prove step 13
* Elements of w skipped: 0 (0.00%)
* Elements of w processed with special addition: 1 (10.00%)
* Elements of w remaining: 9 (90.00%)
* Elements of w skipped: 0 (0.00%)
* Elements of w processed with special addition: 1 (16.67%)
* Elements of w remaining: 5 (83.33%)
* Elements of w skipped: 0 (0.00%)
* Elements of w processed with special addition: 1 (10.00%)
* Elements of w remaining: 9 (90.00%)
* UVC proof at step 13
* G1 elements in proof: 2
* G2 elements in proof: 1
* Proof size in bits: 1019
* Cached h poly size: 95
* UVC Prove step 14
* Elements of w skipped: 0 (0.00%)
* Elements of w processed with special addition: 1 (10.00%)
* Elements of w remaining: 9 (90.00%)
* Elements of w skipped: 0 (0.00%)
* Elements of w processed with special addition: 1 (16.67%)
* Elements of w remaining: 5 (83.33%)
* Elements of w skipped: 0 (0.00%)
* Elements of w processed with special addition: 1 (10.00%)
* Elements of w remaining: 9 (90.00%)
* UVC proof at step 14
* G1 elements in proof: 2
* G2 elements in proof: 1
* Proof size in bits: 1019
* Cached h poly size: 95
* UVC Prove step 15
* Elements of w skipped: 0 (0.00%)
* Elements of w processed with special addition: 1 (10.00%)
* Elements of w remaining: 9 (90.00%)
* Elements of w skipped: 0 (0.00%)
* Elements of w processed with special addition: 1 (16.67%)
* Elements of w remaining: 5 (83.33%)
* Elements of w skipped: 0 (0.00%)
* Elements of w processed with special addition: 1 (10.00%)
* Elements of w remaining: 9 (90.00%)
* UVC proof at step 15
* G1 elements in proof: 2
* G2 elements in proof: 1
* Proof size in bits: 1019
* Cached h poly size: 95
* UVC Prove step 16
* Elements of w skipped: 0 (0.00%)
* Elements of w processed with special addition: 1 (10.00%)
* Elements of w remaining: 9 (90.00%)
* Elements of w skipped: 0 (0.00%)
* Elements of w processed with special addition: 1 (20.00%)
* Elements of w remaining: 4 (80.00%)
* Elements of w skipped: 0 (0.00%)
* Elements of w processed with special addition: 1 (10.00%)
* Elements of w remaining: 9 (90.00%)
* UVC proof at step 16
* G1 elements in proof: 2
* G2 elements in proof: 1
* Proof size in bits: 1019
* Cached h poly size: 95

  Step    Prove (ms)    Verify (ms)   Proof bits    Verified  
  ------  ------------  ------------  ------------  ----------
* UVC Prove step 1
* Elements of w skipped: 1 (8.33%)
* Elements of w processed with special addition: 3 (25.00%)
* Elements of w remaining: 8 (66.67%)
* Elements of w skipped: 1 (14.29%)
* Elements of w processed with special addition: 1 (14.29%)
* Elements of w remaining: 5 (71.43%)
* Elements of w skipped: 0 (0.00%)
* Elements of w processed with special addition: 0 (0.00%)
* Elements of w remaining: 5 (100.00%)
* UVC proof at step 1
* G1 elements in proof: 2
* G2 elements in proof: 1
* Proof size in bits: 1019
* Cached h poly size: 95
* UVC Prove step 1
* Elements of w skipped: 1 (8.33%)
* Elements of w processed with special addition: 3 (25.00%)
* Elements of w remaining: 8 (66.67%)
* Elements of w skipped: 1 (14.29%)
* Elements of w processed with special addition: 1 (14.29%)
* Elements of w remaining: 5 (71.43%)
* Elements of w skipped: 0 (0.00%)
* Elements of w processed with special addition: 0 (0.00%)
* Elements of w remaining: 5 (100.00%)
* UVC proof at step 1
* G1 elements in proof: 2
* G2 elements in proof: 1
* Proof size in bits: 1019
* Cached h poly size: 95
* UVC Prove step 1
* Elements of w skipped: 1 (8.33%)
* Elements of w processed with special addition: 3 (25.00%)
* Elements of w remaining: 8 (66.67%)
* Elements of w skipped: 1 (14.29%)
* Elements of w processed with special addition: 1 (14.29%)
* Elements of w remaining: 5 (71.43%)
* Elements of w skipped: 0 (0.00%)
* Elements of w processed with special addition: 0 (0.00%)
* Elements of w remaining: 5 (100.00%)
* UVC proof at step 1
* G1 elements in proof: 2
* G2 elements in proof: 1
* Proof size in bits: 1019
* Cached h poly size: 95
* UVC Prove step 1
* Elements of w skipped: 1 (8.33%)
* Elements of w processed with special addition: 3 (25.00%)
* Elements of w remaining: 8 (66.67%)
* Elements of w skipped: 1 (14.29%)
* Elements of w processed with special addition: 1 (14.29%)
* Elements of w remaining: 5 (71.43%)
* Elements of w skipped: 0 (0.00%)
* Elements of w processed with special addition: 0 (0.00%)
* Elements of w remaining: 5 (100.00%)
* UVC proof at step 1
* G1 elements in proof: 2
* G2 elements in proof: 1
* Proof size in bits: 1019
* Cached h poly size: 95
* UVC Prove step 1
* Elements of w skipped: 1 (8.33%)
* Elements of w processed with special addition: 3 (25.00%)
* Elements of w remaining: 8 (66.67%)
* Elements of w skipped: 1 (14.29%)
* Elements of w processed with special addition: 1 (14.29%)
* Elements of w remaining: 5 (71.43%)
* Elements of w skipped: 0 (0.00%)
* Elements of w processed with special addition: 0 (0.00%)
* Elements of w remaining: 5 (100.00%)
* UVC proof at step 1
* G1 elements in proof: 2
* G2 elements in proof: 1
* Proof size in bits: 1019
* Cached h poly size: 95
* UVC Prove step 1
* Elements of w skipped: 1 (8.33%)
* Elements of w processed with special addition: 3 (25.00%)
* Elements of w remaining: 8 (66.67%)
* Elements of w skipped: 1 (14.29%)
* Elements of w processed with special addition: 1 (14.29%)
* Elements of w remaining: 5 (71.43%)
* Elements of w skipped: 0 (0.00%)
* Elements of w processed with special addition: 0 (0.00%)
* Elements of w remaining: 5 (100.00%)
* UVC proof at step 1
* G1 elements in proof: 2
* G2 elements in proof: 1
* Proof size in bits: 1019
* Cached h poly size: 95
* UVC Prove step 1
* Elements of w skipped: 1 (8.33%)
* Elements of w processed with special addition: 3 (25.00%)
* Elements of w remaining: 8 (66.67%)
* Elements of w skipped: 1 (14.29%)
* Elements of w processed with special addition: 1 (14.29%)
* Elements of w remaining: 5 (71.43%)
* Elements of w skipped: 0 (0.00%)
* Elements of w processed with special addition: 0 (0.00%)
* Elements of w remaining: 5 (100.00%)
* UVC proof at step 1
* G1 elements in proof: 2
* G2 elements in proof: 1
* Proof size in bits: 1019
* Cached h poly size: 95
* UVC Prove step 1
* Elements of w skipped: 1 (8.33%)
* Elements of w processed with special addition: 3 (25.00%)
* Elements of w remaining: 8 (66.67%)
* Elements of w skipped: 1 (14.29%)
* Elements of w processed with special addition: 1 (14.29%)
* Elements of w remaining: 5 (71.43%)
* Elements of w skipped: 0 (0.00%)
* Elements of w processed with special addition: 0 (0.00%)
* Elements of w remaining: 5 (100.00%)
* UVC proof at step 1
* G1 elements in proof: 2
* G2 elements in proof: 1
* Proof size in bits: 1019
* Cached h poly size: 95
* UVC Prove step 1
* Elements of w skipped: 1 (8.33%)
* Elements of w processed with special addition: 3 (25.00%)
* Elements of w remaining: 8 (66.67%)
* Elements of w skipped: 1 (14.29%)
* Elements of w processed with special addition: 1 (14.29%)
* Elements of w remaining: 5 (71.43%)
* Elements of w skipped: 0 (0.00%)
* Elements of w processed with special addition: 0 (0.00%)
* Elements of w remaining: 5 (100.00%)
* UVC proof at step 1
* G1 elements in proof: 2
* G2 elements in proof: 1
* Proof size in bits: 1019
* Cached h poly size: 95
* UVC Prove step 1
* Elements of w skipped: 1 (8.33%)
* Elements of w processed with special addition: 3 (25.00%)
* Elements of w remaining: 8 (66.67%)
* Elements of w skipped: 1 (14.29%)
* Elements of w processed with special addition: 1 (14.29%)
* Elements of w remaining: 5 (71.43%)
* Elements of w skipped: 0 (0.00%)
* Elements of w processed with special addition: 0 (0.00%)
* Elements of w remaining: 5 (100.00%)
* UVC proof at step 1
* G1 elements in proof: 2
* G2 elements in proof: 1
* Proof size in bits: 1019
* Cached h poly size: 95
* UVC Verify step 1: PASS
* UVC Verify step 1: PASS
* UVC Verify step 1: PASS
* UVC Verify step 1: PASS
* UVC Verify step 1: PASS
* UVC Verify step 1: PASS
* UVC Verify step 1: PASS
* UVC Verify step 1: PASS
* UVC Verify step 1: PASS
* UVC Verify step 1: PASS
  1       8.05          2.71          1019          PASS      
* UVC Prove step 2
* Elements of w skipped: 0 (0.00%)
* Elements of w processed with special addition: 1 (10.00%)
* Elements of w remaining: 9 (90.00%)
* Elements of w skipped: 0 (0.00%)
* Elements of w processed with special addition: 1 (16.67%)
* Elements of w remaining: 5 (83.33%)
* Elements of w skipped: 0 (0.00%)
* Elements of w processed with special addition: 1 (10.00%)
* Elements of w remaining: 9 (90.00%)
* UVC proof at step 2
* G1 elements in proof: 2
* G2 elements in proof: 1
* Proof size in bits: 1019
* Cached h poly size: 95
* UVC Prove step 2
* Elements of w skipped: 0 (0.00%)
* Elements of w processed with special addition: 1 (10.00%)
* Elements of w remaining: 9 (90.00%)
* Elements of w skipped: 0 (0.00%)
* Elements of w processed with special addition: 1 (16.67%)
* Elements of w remaining: 5 (83.33%)
* Elements of w skipped: 0 (0.00%)
* Elements of w processed with special addition: 1 (10.00%)
* Elements of w remaining: 9 (90.00%)
* UVC proof at step 2
* G1 elements in proof: 2
* G2 elements in proof: 1
* Proof size in bits: 1019
* Cached h poly size: 95
* UVC Prove step 2
* Elements of w skipped: 0 (0.00%)
* Elements of w processed with special addition: 1 (10.00%)
* Elements of w remaining: 9 (90.00%)
* Elements of w skipped: 0 (0.00%)
* Elements of w processed with special addition: 1 (16.67%)
* Elements of w remaining: 5 (83.33%)
* Elements of w skipped: 0 (0.00%)
* Elements of w processed with special addition: 1 (10.00%)
* Elements of w remaining: 9 (90.00%)
* UVC proof at step 2
* G1 elements in proof: 2
* G2 elements in proof: 1
* Proof size in bits: 1019
* Cached h poly size: 95
* UVC Prove step 2
* Elements of w skipped: 0 (0.00%)
* Elements of w processed with special addition: 1 (10.00%)
* Elements of w remaining: 9 (90.00%)
* Elements of w skipped: 0 (0.00%)
* Elements of w processed with special addition: 1 (16.67%)
* Elements of w remaining: 5 (83.33%)
* Elements of w skipped: 0 (0.00%)
* Elements of w processed with special addition: 1 (10.00%)
* Elements of w remaining: 9 (90.00%)
* UVC proof at step 2
* G1 elements in proof: 2
* G2 elements in proof: 1
* Proof size in bits: 1019
* Cached h poly size: 95
* UVC Prove step 2
* Elements of w skipped: 0 (0.00%)
* Elements of w processed with special addition: 1 (10.00%)
* Elements of w remaining: 9 (90.00%)
* Elements of w skipped: 0 (0.00%)
* Elements of w processed with special addition: 1 (16.67%)
* Elements of w remaining: 5 (83.33%)
* Elements of w skipped: 0 (0.00%)
* Elements of w processed with special addition: 1 (10.00%)
* Elements of w remaining: 9 (90.00%)
* UVC proof at step 2
* G1 elements in proof: 2
* G2 elements in proof: 1
* Proof size in bits: 1019
* Cached h poly size: 95
* UVC Prove step 2
* Elements of w skipped: 0 (0.00%)
* Elements of w processed with special addition: 1 (10.00%)
* Elements of w remaining: 9 (90.00%)
* Elements of w skipped: 0 (0.00%)
* Elements of w processed with special addition: 1 (16.67%)
* Elements of w remaining: 5 (83.33%)
* Elements of w skipped: 0 (0.00%)
* Elements of w processed with special addition: 1 (10.00%)
* Elements of w remaining: 9 (90.00%)
* UVC proof at step 2
* G1 elements in proof: 2
* G2 elements in proof: 1
* Proof size in bits: 1019
* Cached h poly size: 95
* UVC Prove step 2
* Elements of w skipped: 0 (0.00%)
* Elements of w processed with special addition: 1 (10.00%)
* Elements of w remaining: 9 (90.00%)
* Elements of w skipped: 0 (0.00%)
* Elements of w processed with special addition: 1 (16.67%)
* Elements of w remaining: 5 (83.33%)
* Elements of w skipped: 0 (0.00%)
* Elements of w processed with special addition: 1 (10.00%)
* Elements of w remaining: 9 (90.00%)
* UVC proof at step 2
* G1 elements in proof: 2
* G2 elements in proof: 1
* Proof size in bits: 1019
* Cached h poly size: 95
* UVC Prove step 2
* Elements of w skipped: 0 (0.00%)
* Elements of w processed with special addition: 1 (10.00%)
* Elements of w remaining: 9 (90.00%)
* Elements of w skipped: 0 (0.00%)
* Elements of w processed with special addition: 1 (16.67%)
* Elements of w remaining: 5 (83.33%)
* Elements of w skipped: 0 (0.00%)
* Elements of w processed with special addition: 1 (10.00%)
* Elements of w remaining: 9 (90.00%)
* UVC proof at step 2
* G1 elements in proof: 2
* G2 elements in proof: 1
* Proof size in bits: 1019
* Cached h poly size: 95
* UVC Prove step 2
* Elements of w skipped: 0 (0.00%)
* Elements of w processed with special addition: 1 (10.00%)
* Elements of w remaining: 9 (90.00%)
* Elements of w skipped: 0 (0.00%)
* Elements of w processed with special addition: 1 (16.67%)
* Elements of w remaining: 5 (83.33%)
* Elements of w skipped: 0 (0.00%)
* Elements of w processed with special addition: 1 (10.00%)
* Elements of w remaining: 9 (90.00%)
* UVC proof at step 2
* G1 elements in proof: 2
* G2 elements in proof: 1
* Proof size in bits: 1019
* Cached h poly size: 95
* UVC Prove step 2
* Elements of w skipped: 0 (0.00%)
* Elements of w processed with special addition: 1 (10.00%)
* Elements of w remaining: 9 (90.00%)
* Elements of w skipped: 0 (0.00%)
* Elements of w processed with special addition: 1 (16.67%)
* Elements of w remaining: 5 (83.33%)
* Elements of w skipped: 0 (0.00%)
* Elements of w processed with special addition: 1 (10.00%)
* Elements of w remaining: 9 (90.00%)
* UVC proof at step 2
* G1 elements in proof: 2
* G2 elements in proof: 1
* Proof size in bits: 1019
* Cached h poly size: 95
* UVC Verify step 2: PASS
* UVC Verify step 2: PASS
* UVC Verify step 2: PASS
* UVC Verify step 2: PASS
* UVC Verify step 2: PASS
* UVC Verify step 2: PASS
* UVC Verify step 2: PASS
* UVC Verify step 2: PASS
* UVC Verify step 2: PASS
* UVC Verify step 2: PASS
  2       8.48          2.74          1019          PASS      
* UVC Prove step 4
* Elements of w skipped: 0 (0.00%)
* Elements of w processed with special addition: 1 (10.00%)
* Elements of w remaining: 9 (90.00%)
* Elements of w skipped: 0 (0.00%)
* Elements of w processed with special addition: 1 (16.67%)
* Elements of w remaining: 5 (83.33%)
* Elements of w skipped: 0 (0.00%)
* Elements of w processed with special addition: 1 (10.00%)
* Elements of w remaining: 9 (90.00%)
* UVC proof at step 4
* G1 elements in proof: 2
* G2 elements in proof: 1
* Proof size in bits: 1019
* Cached h poly size: 95
* UVC Prove step 4
* Elements of w skipped: 0 (0.00%)
* Elements of w processed with special addition: 1 (10.00%)
* Elements of w remaining: 9 (90.00%)
* Elements of w skipped: 0 (0.00%)
* Elements of w processed with special addition: 1 (16.67%)
* Elements of w remaining: 5 (83.33%)
* Elements of w skipped: 0 (0.00%)
* Elements of w processed with special addition: 1 (10.00%)
* Elements of w remaining: 9 (90.00%)
* UVC proof at step 4
* G1 elements in proof: 2
* G2 elements in proof: 1
* Proof size in bits: 1019
* Cached h poly size: 95
* UVC Prove step 4
* Elements of w skipped: 0 (0.00%)
* Elements of w processed with special addition: 1 (10.00%)
* Elements of w remaining: 9 (90.00%)
* Elements of w skipped: 0 (0.00%)
* Elements of w processed with special addition: 1 (16.67%)
* Elements of w remaining: 5 (83.33%)
* Elements of w skipped: 0 (0.00%)
* Elements of w processed with special addition: 1 (10.00%)
* Elements of w remaining: 9 (90.00%)
* UVC proof at step 4
* G1 elements in proof: 2
* G2 elements in proof: 1
* Proof size in bits: 1019
* Cached h poly size: 95
* UVC Prove step 4
* Elements of w skipped: 0 (0.00%)
* Elements of w processed with special addition: 1 (10.00%)
* Elements of w remaining: 9 (90.00%)
* Elements of w skipped: 0 (0.00%)
* Elements of w processed with special addition: 1 (16.67%)
* Elements of w remaining: 5 (83.33%)
* Elements of w skipped: 0 (0.00%)
* Elements of w processed with special addition: 1 (10.00%)
* Elements of w remaining: 9 (90.00%)
* UVC proof at step 4
* G1 elements in proof: 2
* G2 elements in proof: 1
* Proof size in bits: 1019
* Cached h poly size: 95
* UVC Prove step 4
* Elements of w skipped: 0 (0.00%)
* Elements of w processed with special addition: 1 (10.00%)
* Elements of w remaining: 9 (90.00%)
* Elements of w skipped: 0 (0.00%)
* Elements of w processed with special addition: 1 (16.67%)
* Elements of w remaining: 5 (83.33%)
* Elements of w skipped: 0 (0.00%)
* Elements of w processed with special addition: 1 (10.00%)
* Elements of w remaining: 9 (90.00%)
* UVC proof at step 4
* G1 elements in proof: 2
* G2 elements in proof: 1
* Proof size in bits: 1019
* Cached h poly size: 95
* UVC Prove step 4
* Elements of w skipped: 0 (0.00%)
* Elements of w processed with special addition: 1 (10.00%)
* Elements of w remaining: 9 (90.00%)
* Elements of w skipped: 0 (0.00%)
* Elements of w processed with special addition: 1 (16.67%)
* Elements of w remaining: 5 (83.33%)
* Elements of w skipped: 0 (0.00%)
* Elements of w processed with special addition: 1 (10.00%)
* Elements of w remaining: 9 (90.00%)
* UVC proof at step 4
* G1 elements in proof: 2
* G2 elements in proof: 1
* Proof size in bits: 1019
* Cached h poly size: 95
* UVC Prove step 4
* Elements of w skipped: 0 (0.00%)
* Elements of w processed with special addition: 1 (10.00%)
* Elements of w remaining: 9 (90.00%)
* Elements of w skipped: 0 (0.00%)
* Elements of w processed with special addition: 1 (16.67%)
* Elements of w remaining: 5 (83.33%)
* Elements of w skipped: 0 (0.00%)
* Elements of w processed with special addition: 1 (10.00%)
* Elements of w remaining: 9 (90.00%)
* UVC proof at step 4
* G1 elements in proof: 2
* G2 elements in proof: 1
* Proof size in bits: 1019
* Cached h poly size: 95
* UVC Prove step 4
* Elements of w skipped: 0 (0.00%)
* Elements of w processed with special addition: 1 (10.00%)
* Elements of w remaining: 9 (90.00%)
* Elements of w skipped: 0 (0.00%)
* Elements of w processed with special addition: 1 (16.67%)
* Elements of w remaining: 5 (83.33%)
* Elements of w skipped: 0 (0.00%)
* Elements of w processed with special addition: 1 (10.00%)
* Elements of w remaining: 9 (90.00%)
* UVC proof at step 4
* G1 elements in proof: 2
* G2 elements in proof: 1
* Proof size in bits: 1019
* Cached h poly size: 95
* UVC Prove step 4
* Elements of w skipped: 0 (0.00%)
* Elements of w processed with special addition: 1 (10.00%)
* Elements of w remaining: 9 (90.00%)
* Elements of w skipped: 0 (0.00%)
* Elements of w processed with special addition: 1 (16.67%)
* Elements of w remaining: 5 (83.33%)
* Elements of w skipped: 0 (0.00%)
* Elements of w processed with special addition: 1 (10.00%)
* Elements of w remaining: 9 (90.00%)
* UVC proof at step 4
* G1 elements in proof: 2
* G2 elements in proof: 1
* Proof size in bits: 1019
* Cached h poly size: 95
* UVC Prove step 4
* Elements of w skipped: 0 (0.00%)
* Elements of w processed with special addition: 1 (10.00%)
* Elements of w remaining: 9 (90.00%)
* Elements of w skipped: 0 (0.00%)
* Elements of w processed with special addition: 1 (16.67%)
* Elements of w remaining: 5 (83.33%)
* Elements of w skipped: 0 (0.00%)
* Elements of w processed with special addition: 1 (10.00%)
* Elements of w remaining: 9 (90.00%)
* UVC proof at step 4
* G1 elements in proof: 2
* G2 elements in proof: 1
* Proof size in bits: 1019
* Cached h poly size: 95
* UVC Verify step 4: PASS
* UVC Verify step 4: PASS
* UVC Verify step 4: PASS
* UVC Verify step 4: PASS
* UVC Verify step 4: PASS
* UVC Verify step 4: PASS
* UVC Verify step 4: PASS
* UVC Verify step 4: PASS
* UVC Verify step 4: PASS
* UVC Verify step 4: PASS
  4       8.34          2.73          1019          PASS      
* UVC Prove step 8
* Elements of w skipped: 0 (0.00%)
* Elements of w processed with special addition: 1 (10.00%)
* Elements of w remaining: 9 (90.00%)
* Elements of w skipped: 0 (0.00%)
* Elements of w processed with special addition: 1 (16.67%)
* Elements of w remaining: 5 (83.33%)
* Elements of w skipped: 0 (0.00%)
* Elements of w processed with special addition: 1 (10.00%)
* Elements of w remaining: 9 (90.00%)
* UVC proof at step 8
* G1 elements in proof: 2
* G2 elements in proof: 1
* Proof size in bits: 1019
* Cached h poly size: 95
* UVC Prove step 8
* Elements of w skipped: 0 (0.00%)
* Elements of w processed with special addition: 1 (10.00%)
* Elements of w remaining: 9 (90.00%)
* Elements of w skipped: 0 (0.00%)
* Elements of w processed with special addition: 1 (16.67%)
* Elements of w remaining: 5 (83.33%)
* Elements of w skipped: 0 (0.00%)
* Elements of w processed with special addition: 1 (10.00%)
* Elements of w remaining: 9 (90.00%)
* UVC proof at step 8
* G1 elements in proof: 2
* G2 elements in proof: 1
* Proof size in bits: 1019
* Cached h poly size: 95
* UVC Prove step 8
* Elements of w skipped: 0 (0.00%)
* Elements of w processed with special addition: 1 (10.00%)
* Elements of w remaining: 9 (90.00%)
* Elements of w skipped: 0 (0.00%)
* Elements of w processed with special addition: 1 (16.67%)
* Elements of w remaining: 5 (83.33%)
* Elements of w skipped: 0 (0.00%)
* Elements of w processed with special addition: 1 (10.00%)
* Elements of w remaining: 9 (90.00%)
* UVC proof at step 8
* G1 elements in proof: 2
* G2 elements in proof: 1
* Proof size in bits: 1019
* Cached h poly size: 95
* UVC Prove step 8
* Elements of w skipped: 0 (0.00%)
* Elements of w processed with special addition: 1 (10.00%)
* Elements of w remaining: 9 (90.00%)
* Elements of w skipped: 0 (0.00%)
* Elements of w processed with special addition: 1 (16.67%)
* Elements of w remaining: 5 (83.33%)
* Elements of w skipped: 0 (0.00%)
* Elements of w processed with special addition: 1 (10.00%)
* Elements of w remaining: 9 (90.00%)
* UVC proof at step 8
* G1 elements in proof: 2
* G2 elements in proof: 1
* Proof size in bits: 1019
* Cached h poly size: 95
* UVC Prove step 8
* Elements of w skipped: 0 (0.00%)
* Elements of w processed with special addition: 1 (10.00%)
* Elements of w remaining: 9 (90.00%)
* Elements of w skipped: 0 (0.00%)
* Elements of w processed with special addition: 1 (16.67%)
* Elements of w remaining: 5 (83.33%)
* Elements of w skipped: 0 (0.00%)
* Elements of w processed with special addition: 1 (10.00%)
* Elements of w remaining: 9 (90.00%)
* UVC proof at step 8
* G1 elements in proof: 2
* G2 elements in proof: 1
* Proof size in bits: 1019
* Cached h poly size: 95
* UVC Prove step 8
* Elements of w skipped: 0 (0.00%)
* Elements of w processed with special addition: 1 (10.00%)
* Elements of w remaining: 9 (90.00%)
* Elements of w skipped: 0 (0.00%)
* Elements of w processed with special addition: 1 (16.67%)
* Elements of w remaining: 5 (83.33%)
* Elements of w skipped: 0 (0.00%)
* Elements of w processed with special addition: 1 (10.00%)
* Elements of w remaining: 9 (90.00%)
* UVC proof at step 8
* G1 elements in proof: 2
* G2 elements in proof: 1
* Proof size in bits: 1019
* Cached h poly size: 95
* UVC Prove step 8
* Elements of w skipped: 0 (0.00%)
* Elements of w processed with special addition: 1 (10.00%)
* Elements of w remaining: 9 (90.00%)
* Elements of w skipped: 0 (0.00%)
* Elements of w processed with special addition: 1 (16.67%)
* Elements of w remaining: 5 (83.33%)
* Elements of w skipped: 0 (0.00%)
* Elements of w processed with special addition: 1 (10.00%)
* Elements of w remaining: 9 (90.00%)
* UVC proof at step 8
* G1 elements in proof: 2
* G2 elements in proof: 1
* Proof size in bits: 1019
* Cached h poly size: 95
* UVC Prove step 8
* Elements of w skipped: 0 (0.00%)
* Elements of w processed with special addition: 1 (10.00%)
* Elements of w remaining: 9 (90.00%)
* Elements of w skipped: 0 (0.00%)
* Elements of w processed with special addition: 1 (16.67%)
* Elements of w remaining: 5 (83.33%)
* Elements of w skipped: 0 (0.00%)
* Elements of w processed with special addition: 1 (10.00%)
* Elements of w remaining: 9 (90.00%)
* UVC proof at step 8
* G1 elements in proof: 2
* G2 elements in proof: 1
* Proof size in bits: 1019
* Cached h poly size: 95
* UVC Prove step 8
* Elements of w skipped: 0 (0.00%)
* Elements of w processed with special addition: 1 (10.00%)
* Elements of w remaining: 9 (90.00%)
* Elements of w skipped: 0 (0.00%)
* Elements of w processed with special addition: 1 (16.67%)
* Elements of w remaining: 5 (83.33%)
* Elements of w skipped: 0 (0.00%)
* Elements of w processed with special addition: 1 (10.00%)
* Elements of w remaining: 9 (90.00%)
* UVC proof at step 8
* G1 elements in proof: 2
* G2 elements in proof: 1
* Proof size in bits: 1019
* Cached h poly size: 95
* UVC Prove step 8
* Elements of w skipped: 0 (0.00%)
* Elements of w processed with special addition: 1 (10.00%)
* Elements of w remaining: 9 (90.00%)
* Elements of w skipped: 0 (0.00%)
* Elements of w processed with special addition: 1 (16.67%)
* Elements of w remaining: 5 (83.33%)
* Elements of w skipped: 0 (0.00%)
* Elements of w processed with special addition: 1 (10.00%)
* Elements of w remaining: 9 (90.00%)
* UVC proof at step 8
* G1 elements in proof: 2
* G2 elements in proof: 1
* Proof size in bits: 1019
* Cached h poly size: 95
* UVC Verify step 8: PASS
* UVC Verify step 8: PASS
* UVC Verify step 8: PASS
* UVC Verify step 8: PASS
* UVC Verify step 8: PASS
* UVC Verify step 8: PASS
* UVC Verify step 8: PASS
* UVC Verify step 8: PASS
* UVC Verify step 8: PASS
* UVC Verify step 8: PASS
  8       8.32          2.74          1019          PASS      
* UVC Prove step 16
* Elements of w skipped: 0 (0.00%)
* Elements of w processed with special addition: 1 (10.00%)
* Elements of w remaining: 9 (90.00%)
* Elements of w skipped: 0 (0.00%)
* Elements of w processed with special addition: 1 (20.00%)
* Elements of w remaining: 4 (80.00%)
* Elements of w skipped: 0 (0.00%)
* Elements of w processed with special addition: 1 (10.00%)
* Elements of w remaining: 9 (90.00%)
* UVC proof at step 16
* G1 elements in proof: 2
* G2 elements in proof: 1
* Proof size in bits: 1019
* Cached h poly size: 95
* UVC Prove step 16
* Elements of w skipped: 0 (0.00%)
* Elements of w processed with special addition: 1 (10.00%)
* Elements of w remaining: 9 (90.00%)
* Elements of w skipped: 0 (0.00%)
* Elements of w processed with special addition: 1 (20.00%)
* Elements of w remaining: 4 (80.00%)
* Elements of w skipped: 0 (0.00%)
* Elements of w processed with special addition: 1 (10.00%)
* Elements of w remaining: 9 (90.00%)
* UVC proof at step 16
* G1 elements in proof: 2
* G2 elements in proof: 1
* Proof size in bits: 1019
* Cached h poly size: 95
* UVC Prove step 16
* Elements of w skipped: 0 (0.00%)
* Elements of w processed with special addition: 1 (10.00%)
* Elements of w remaining: 9 (90.00%)
* Elements of w skipped: 0 (0.00%)
* Elements of w processed with special addition: 1 (20.00%)
* Elements of w remaining: 4 (80.00%)
* Elements of w skipped: 0 (0.00%)
* Elements of w processed with special addition: 1 (10.00%)
* Elements of w remaining: 9 (90.00%)
* UVC proof at step 16
* G1 elements in proof: 2
* G2 elements in proof: 1
* Proof size in bits: 1019
* Cached h poly size: 95
* UVC Prove step 16
* Elements of w skipped: 0 (0.00%)
* Elements of w processed with special addition: 1 (10.00%)
* Elements of w remaining: 9 (90.00%)
* Elements of w skipped: 0 (0.00%)
* Elements of w processed with special addition: 1 (20.00%)
* Elements of w remaining: 4 (80.00%)
* Elements of w skipped: 0 (0.00%)
* Elements of w processed with special addition: 1 (10.00%)
* Elements of w remaining: 9 (90.00%)
* UVC proof at step 16
* G1 elements in proof: 2
* G2 elements in proof: 1
* Proof size in bits: 1019
* Cached h poly size: 95
* UVC Prove step 16
* Elements of w skipped: 0 (0.00%)
* Elements of w processed with special addition: 1 (10.00%)
* Elements of w remaining: 9 (90.00%)
* Elements of w skipped: 0 (0.00%)
* Elements of w processed with special addition: 1 (20.00%)
* Elements of w remaining: 4 (80.00%)
* Elements of w skipped: 0 (0.00%)
* Elements of w processed with special addition: 1 (10.00%)
* Elements of w remaining: 9 (90.00%)
* UVC proof at step 16
* G1 elements in proof: 2
* G2 elements in proof: 1
* Proof size in bits: 1019
* Cached h poly size: 95
* UVC Prove step 16
* Elements of w skipped: 0 (0.00%)
* Elements of w processed with special addition: 1 (10.00%)
* Elements of w remaining: 9 (90.00%)
* Elements of w skipped: 0 (0.00%)
* Elements of w processed with special addition: 1 (20.00%)
* Elements of w remaining: 4 (80.00%)
* Elements of w skipped: 0 (0.00%)
* Elements of w processed with special addition: 1 (10.00%)
* Elements of w remaining: 9 (90.00%)
* UVC proof at step 16
* G1 elements in proof: 2
* G2 elements in proof: 1
* Proof size in bits: 1019
* Cached h poly size: 95
* UVC Prove step 16
* Elements of w skipped: 0 (0.00%)
* Elements of w processed with special addition: 1 (10.00%)
* Elements of w remaining: 9 (90.00%)
* Elements of w skipped: 0 (0.00%)
* Elements of w processed with special addition: 1 (20.00%)
* Elements of w remaining: 4 (80.00%)
* Elements of w skipped: 0 (0.00%)
* Elements of w processed with special addition: 1 (10.00%)
* Elements of w remaining: 9 (90.00%)
* UVC proof at step 16
* G1 elements in proof: 2
* G2 elements in proof: 1
* Proof size in bits: 1019
* Cached h poly size: 95
* UVC Prove step 16
* Elements of w skipped: 0 (0.00%)
* Elements of w processed with special addition: 1 (10.00%)
* Elements of w remaining: 9 (90.00%)
* Elements of w skipped: 0 (0.00%)
* Elements of w processed with special addition: 1 (20.00%)
* Elements of w remaining: 4 (80.00%)
* Elements of w skipped: 0 (0.00%)
* Elements of w processed with special addition: 1 (10.00%)
* Elements of w remaining: 9 (90.00%)
* UVC proof at step 16
* G1 elements in proof: 2
* G2 elements in proof: 1
* Proof size in bits: 1019
* Cached h poly size: 95
* UVC Prove step 16
* Elements of w skipped: 0 (0.00%)
* Elements of w processed with special addition: 1 (10.00%)
* Elements of w remaining: 9 (90.00%)
* Elements of w skipped: 0 (0.00%)
* Elements of w processed with special addition: 1 (20.00%)
* Elements of w remaining: 4 (80.00%)
* Elements of w skipped: 0 (0.00%)
* Elements of w processed with special addition: 1 (10.00%)
* Elements of w remaining: 9 (90.00%)
* UVC proof at step 16
* G1 elements in proof: 2
* G2 elements in proof: 1
* Proof size in bits: 1019
* Cached h poly size: 95
* UVC Prove step 16
* Elements of w skipped: 0 (0.00%)
* Elements of w processed with special addition: 1 (10.00%)
* Elements of w remaining: 9 (90.00%)
* Elements of w skipped: 0 (0.00%)
* Elements of w processed with special addition: 1 (20.00%)
* Elements of w remaining: 4 (80.00%)
* Elements of w skipped: 0 (0.00%)
* Elements of w processed with special addition: 1 (10.00%)
* Elements of w remaining: 9 (90.00%)
* UVC proof at step 16
* G1 elements in proof: 2
* G2 elements in proof: 1
* Proof size in bits: 1019
* Cached h poly size: 95
* UVC Verify step 16: PASS
* UVC Verify step 16: PASS
* UVC Verify step 16: PASS
* UVC Verify step 16: PASS
* UVC Verify step 16: PASS
* UVC Verify step 16: PASS
* UVC Verify step 16: PASS
* UVC Verify step 16: PASS
* UVC Verify step 16: PASS
* UVC Verify step 16: PASS
  16      8.04          2.75          1019          PASS      

  UVC results written to /Users/heewonchung/Documents/00-Research/active/Updatable Verifiable Computation/Dev/results/2026-03-09_203431_iot/csv/uvc_results.csv

================================================================
Groth16 Benchmark: circuit=sensor_fusion, n=4, B=16
================================================================

  Step    C_j constr  Setup (ms)    Prove (ms)    Verify (ms)   Verified  
  ------  ----------  ------------  ------------  ------------  ----------
* Composed C_1: 5 constraints, 11 variables, 6 inputs
* QAP number of variables: 11
* QAP pre degree: 5
* QAP degree: 12
* QAP number of input variables: 6
* G1 window: 3
* G2 window: 2
* G1 elements in PK: 41
* Non-zero G1 elements in PK: 34
* G2 elements in PK: 13
* Non-zero G2 elements in PK: 6
* PK size in bits: 12044
* G1 elements in VK: 6
* G2 elements in VK: 2
* GT elements in VK: 1
* VK size in bits: 3187
* Elements of w skipped: 1 (8.33%)
* Elements of w processed with special addition: 3 (25.00%)
* Elements of w remaining: 8 (66.67%)
* Elements of w skipped: 0 (0.00%)
* Elements of w processed with special addition: 2 (40.00%)
* Elements of w remaining: 3 (60.00%)
* Elements of w skipped: 0 (0.00%)
* Elements of w processed with special addition: 0 (0.00%)
* Elements of w remaining: 5 (100.00%)
* G1 elements in proof: 2
* G2 elements in proof: 1
* Proof size in bits: 1019
* Elements of w skipped: 1 (8.33%)
* Elements of w processed with special addition: 3 (25.00%)
* Elements of w remaining: 8 (66.67%)
* Elements of w skipped: 0 (0.00%)
* Elements of w processed with special addition: 2 (40.00%)
* Elements of w remaining: 3 (60.00%)
* Elements of w skipped: 0 (0.00%)
* Elements of w processed with special addition: 0 (0.00%)
* Elements of w remaining: 5 (100.00%)
* G1 elements in proof: 2
* G2 elements in proof: 1
* Proof size in bits: 1019
* Elements of w skipped: 1 (8.33%)
* Elements of w processed with special addition: 3 (25.00%)
* Elements of w remaining: 8 (66.67%)
* Elements of w skipped: 0 (0.00%)
* Elements of w processed with special addition: 2 (40.00%)
* Elements of w remaining: 3 (60.00%)
* Elements of w skipped: 0 (0.00%)
* Elements of w processed with special addition: 0 (0.00%)
* Elements of w remaining: 5 (100.00%)
* G1 elements in proof: 2
* G2 elements in proof: 1
* Proof size in bits: 1019
* Elements of w skipped: 1 (8.33%)
* Elements of w processed with special addition: 3 (25.00%)
* Elements of w remaining: 8 (66.67%)
* Elements of w skipped: 0 (0.00%)
* Elements of w processed with special addition: 2 (40.00%)
* Elements of w remaining: 3 (60.00%)
* Elements of w skipped: 0 (0.00%)
* Elements of w processed with special addition: 0 (0.00%)
* Elements of w remaining: 5 (100.00%)
* G1 elements in proof: 2
* G2 elements in proof: 1
* Proof size in bits: 1019
* Elements of w skipped: 1 (8.33%)
* Elements of w processed with special addition: 3 (25.00%)
* Elements of w remaining: 8 (66.67%)
* Elements of w skipped: 0 (0.00%)
* Elements of w processed with special addition: 2 (40.00%)
* Elements of w remaining: 3 (60.00%)
* Elements of w skipped: 0 (0.00%)
* Elements of w processed with special addition: 0 (0.00%)
* Elements of w remaining: 5 (100.00%)
* G1 elements in proof: 2
* G2 elements in proof: 1
* Proof size in bits: 1019
* Elements of w skipped: 1 (8.33%)
* Elements of w processed with special addition: 3 (25.00%)
* Elements of w remaining: 8 (66.67%)
* Elements of w skipped: 0 (0.00%)
* Elements of w processed with special addition: 2 (40.00%)
* Elements of w remaining: 3 (60.00%)
* Elements of w skipped: 0 (0.00%)
* Elements of w processed with special addition: 0 (0.00%)
* Elements of w remaining: 5 (100.00%)
* G1 elements in proof: 2
* G2 elements in proof: 1
* Proof size in bits: 1019
* Elements of w skipped: 1 (8.33%)
* Elements of w processed with special addition: 3 (25.00%)
* Elements of w remaining: 8 (66.67%)
* Elements of w skipped: 0 (0.00%)
* Elements of w processed with special addition: 2 (40.00%)
* Elements of w remaining: 3 (60.00%)
* Elements of w skipped: 0 (0.00%)
* Elements of w processed with special addition: 0 (0.00%)
* Elements of w remaining: 5 (100.00%)
* G1 elements in proof: 2
* G2 elements in proof: 1
* Proof size in bits: 1019
* Elements of w skipped: 1 (8.33%)
* Elements of w processed with special addition: 3 (25.00%)
* Elements of w remaining: 8 (66.67%)
* Elements of w skipped: 0 (0.00%)
* Elements of w processed with special addition: 2 (40.00%)
* Elements of w remaining: 3 (60.00%)
* Elements of w skipped: 0 (0.00%)
* Elements of w processed with special addition: 0 (0.00%)
* Elements of w remaining: 5 (100.00%)
* G1 elements in proof: 2
* G2 elements in proof: 1
* Proof size in bits: 1019
* Elements of w skipped: 1 (8.33%)
* Elements of w processed with special addition: 3 (25.00%)
* Elements of w remaining: 8 (66.67%)
* Elements of w skipped: 0 (0.00%)
* Elements of w processed with special addition: 2 (40.00%)
* Elements of w remaining: 3 (60.00%)
* Elements of w skipped: 0 (0.00%)
* Elements of w processed with special addition: 0 (0.00%)
* Elements of w remaining: 5 (100.00%)
* G1 elements in proof: 2
* G2 elements in proof: 1
* Proof size in bits: 1019
* Elements of w skipped: 1 (8.33%)
* Elements of w processed with special addition: 3 (25.00%)
* Elements of w remaining: 8 (66.67%)
* Elements of w skipped: 0 (0.00%)
* Elements of w processed with special addition: 2 (40.00%)
* Elements of w remaining: 3 (60.00%)
* Elements of w skipped: 0 (0.00%)
* Elements of w processed with special addition: 0 (0.00%)
* Elements of w remaining: 5 (100.00%)
* G1 elements in proof: 2
* G2 elements in proof: 1
* Proof size in bits: 1019
  1       5           10.0          3.53          2.70          PASS      
* Composed C_2: 10 constraints, 21 variables, 6 inputs
* QAP number of variables: 21
* QAP pre degree: 10
* QAP degree: 17
* QAP number of input variables: 6
* G1 window: 4
* G2 window: 3
* G1 elements in PK: 76
* Non-zero G1 elements in PK: 64
* G2 elements in PK: 23
* Non-zero G2 elements in PK: 11
* PK size in bits: 22559
* G1 elements in VK: 6
* G2 elements in VK: 2
* GT elements in VK: 1
* VK size in bits: 3187
* Elements of w skipped: 1 (4.55%)
* Elements of w processed with special addition: 4 (18.18%)
* Elements of w remaining: 17 (77.27%)
* Elements of w skipped: 0 (0.00%)
* Elements of w processed with special addition: 3 (30.00%)
* Elements of w remaining: 7 (70.00%)
* Elements of w skipped: 0 (0.00%)
* Elements of w processed with special addition: 1 (6.67%)
* Elements of w remaining: 14 (93.33%)
* G1 elements in proof: 2
* G2 elements in proof: 1
* Proof size in bits: 1019
* Elements of w skipped: 1 (4.55%)
* Elements of w processed with special addition: 4 (18.18%)
* Elements of w remaining: 17 (77.27%)
* Elements of w skipped: 0 (0.00%)
* Elements of w processed with special addition: 3 (30.00%)
* Elements of w remaining: 7 (70.00%)
* Elements of w skipped: 0 (0.00%)
* Elements of w processed with special addition: 1 (6.67%)
* Elements of w remaining: 14 (93.33%)
* G1 elements in proof: 2
* G2 elements in proof: 1
* Proof size in bits: 1019
* Elements of w skipped: 1 (4.55%)
* Elements of w processed with special addition: 4 (18.18%)
* Elements of w remaining: 17 (77.27%)
* Elements of w skipped: 0 (0.00%)
* Elements of w processed with special addition: 3 (30.00%)
* Elements of w remaining: 7 (70.00%)
* Elements of w skipped: 0 (0.00%)
* Elements of w processed with special addition: 1 (6.67%)
* Elements of w remaining: 14 (93.33%)
* G1 elements in proof: 2
* G2 elements in proof: 1
* Proof size in bits: 1019
* Elements of w skipped: 1 (4.55%)
* Elements of w processed with special addition: 4 (18.18%)
* Elements of w remaining: 17 (77.27%)
* Elements of w skipped: 0 (0.00%)
* Elements of w processed with special addition: 3 (30.00%)
* Elements of w remaining: 7 (70.00%)
* Elements of w skipped: 0 (0.00%)
* Elements of w processed with special addition: 1 (6.67%)
* Elements of w remaining: 14 (93.33%)
* G1 elements in proof: 2
* G2 elements in proof: 1
* Proof size in bits: 1019
* Elements of w skipped: 1 (4.55%)
* Elements of w processed with special addition: 4 (18.18%)
* Elements of w remaining: 17 (77.27%)
* Elements of w skipped: 0 (0.00%)
* Elements of w processed with special addition: 3 (30.00%)
* Elements of w remaining: 7 (70.00%)
* Elements of w skipped: 0 (0.00%)
* Elements of w processed with special addition: 1 (6.67%)
* Elements of w remaining: 14 (93.33%)
* G1 elements in proof: 2
* G2 elements in proof: 1
* Proof size in bits: 1019
* Elements of w skipped: 1 (4.55%)
* Elements of w processed with special addition: 4 (18.18%)
* Elements of w remaining: 17 (77.27%)
* Elements of w skipped: 0 (0.00%)
* Elements of w processed with special addition: 3 (30.00%)
* Elements of w remaining: 7 (70.00%)
* Elements of w skipped: 0 (0.00%)
* Elements of w processed with special addition: 1 (6.67%)
* Elements of w remaining: 14 (93.33%)
* G1 elements in proof: 2
* G2 elements in proof: 1
* Proof size in bits: 1019
* Elements of w skipped: 1 (4.55%)
* Elements of w processed with special addition: 4 (18.18%)
* Elements of w remaining: 17 (77.27%)
* Elements of w skipped: 0 (0.00%)
* Elements of w processed with special addition: 3 (30.00%)
* Elements of w remaining: 7 (70.00%)
* Elements of w skipped: 0 (0.00%)
* Elements of w processed with special addition: 1 (6.67%)
* Elements of w remaining: 14 (93.33%)
* G1 elements in proof: 2
* G2 elements in proof: 1
* Proof size in bits: 1019
* Elements of w skipped: 1 (4.55%)
* Elements of w processed with special addition: 4 (18.18%)
* Elements of w remaining: 17 (77.27%)
* Elements of w skipped: 0 (0.00%)
* Elements of w processed with special addition: 3 (30.00%)
* Elements of w remaining: 7 (70.00%)
* Elements of w skipped: 0 (0.00%)
* Elements of w processed with special addition: 1 (6.67%)
* Elements of w remaining: 14 (93.33%)
* G1 elements in proof: 2
* G2 elements in proof: 1
* Proof size in bits: 1019
* Elements of w skipped: 1 (4.55%)
* Elements of w processed with special addition: 4 (18.18%)
* Elements of w remaining: 17 (77.27%)
* Elements of w skipped: 0 (0.00%)
* Elements of w processed with special addition: 3 (30.00%)
* Elements of w remaining: 7 (70.00%)
* Elements of w skipped: 0 (0.00%)
* Elements of w processed with special addition: 1 (6.67%)
* Elements of w remaining: 14 (93.33%)
* G1 elements in proof: 2
* G2 elements in proof: 1
* Proof size in bits: 1019
* Elements of w skipped: 1 (4.55%)
* Elements of w processed with special addition: 4 (18.18%)
* Elements of w remaining: 17 (77.27%)
* Elements of w skipped: 0 (0.00%)
* Elements of w processed with special addition: 3 (30.00%)
* Elements of w remaining: 7 (70.00%)
* Elements of w skipped: 0 (0.00%)
* Elements of w processed with special addition: 1 (6.67%)
* Elements of w remaining: 14 (93.33%)
* G1 elements in proof: 2
* G2 elements in proof: 1
* Proof size in bits: 1019
  2       10          12.1          4.88          2.70          PASS      
* Composed C_4: 20 constraints, 41 variables, 6 inputs
* QAP number of variables: 41
* QAP pre degree: 20
* QAP degree: 32
* QAP number of input variables: 6
* G1 window: 5
* G2 window: 3
* G1 elements in PK: 151
* Non-zero G1 elements in PK: 129
* G2 elements in PK: 43
* Non-zero G2 elements in PK: 21
* PK size in bits: 44864
* G1 elements in VK: 6
* G2 elements in VK: 2
* GT elements in VK: 1
* VK size in bits: 3187
* Elements of w skipped: 1 (2.38%)
* Elements of w processed with special addition: 6 (14.29%)
* Elements of w remaining: 35 (83.33%)
* Elements of w skipped: 0 (0.00%)
* Elements of w processed with special addition: 5 (25.00%)
* Elements of w remaining: 15 (75.00%)
* Elements of w skipped: 0 (0.00%)
* Elements of w processed with special addition: 3 (8.57%)
* Elements of w remaining: 32 (91.43%)
* G1 elements in proof: 2
* G2 elements in proof: 1
* Proof size in bits: 1019
* Elements of w skipped: 1 (2.38%)
* Elements of w processed with special addition: 6 (14.29%)
* Elements of w remaining: 35 (83.33%)
* Elements of w skipped: 0 (0.00%)
* Elements of w processed with special addition: 5 (25.00%)
* Elements of w remaining: 15 (75.00%)
* Elements of w skipped: 0 (0.00%)
* Elements of w processed with special addition: 3 (8.57%)
* Elements of w remaining: 32 (91.43%)
* G1 elements in proof: 2
* G2 elements in proof: 1
* Proof size in bits: 1019
* Elements of w skipped: 1 (2.38%)
* Elements of w processed with special addition: 6 (14.29%)
* Elements of w remaining: 35 (83.33%)
* Elements of w skipped: 0 (0.00%)
* Elements of w processed with special addition: 5 (25.00%)
* Elements of w remaining: 15 (75.00%)
* Elements of w skipped: 0 (0.00%)
* Elements of w processed with special addition: 3 (8.57%)
* Elements of w remaining: 32 (91.43%)
* G1 elements in proof: 2
* G2 elements in proof: 1
* Proof size in bits: 1019
* Elements of w skipped: 1 (2.38%)
* Elements of w processed with special addition: 6 (14.29%)
* Elements of w remaining: 35 (83.33%)
* Elements of w skipped: 0 (0.00%)
* Elements of w processed with special addition: 5 (25.00%)
* Elements of w remaining: 15 (75.00%)
* Elements of w skipped: 0 (0.00%)
* Elements of w processed with special addition: 3 (8.57%)
* Elements of w remaining: 32 (91.43%)
* G1 elements in proof: 2
* G2 elements in proof: 1
* Proof size in bits: 1019
* Elements of w skipped: 1 (2.38%)
* Elements of w processed with special addition: 6 (14.29%)
* Elements of w remaining: 35 (83.33%)
* Elements of w skipped: 0 (0.00%)
* Elements of w processed with special addition: 5 (25.00%)
* Elements of w remaining: 15 (75.00%)
* Elements of w skipped: 0 (0.00%)
* Elements of w processed with special addition: 3 (8.57%)
* Elements of w remaining: 32 (91.43%)
* G1 elements in proof: 2
* G2 elements in proof: 1
* Proof size in bits: 1019
* Elements of w skipped: 1 (2.38%)
* Elements of w processed with special addition: 6 (14.29%)
* Elements of w remaining: 35 (83.33%)
* Elements of w skipped: 0 (0.00%)
* Elements of w processed with special addition: 5 (25.00%)
* Elements of w remaining: 15 (75.00%)
* Elements of w skipped: 0 (0.00%)
* Elements of w processed with special addition: 3 (8.57%)
* Elements of w remaining: 32 (91.43%)
* G1 elements in proof: 2
* G2 elements in proof: 1
* Proof size in bits: 1019
* Elements of w skipped: 1 (2.38%)
* Elements of w processed with special addition: 6 (14.29%)
* Elements of w remaining: 35 (83.33%)
* Elements of w skipped: 0 (0.00%)
* Elements of w processed with special addition: 5 (25.00%)
* Elements of w remaining: 15 (75.00%)
* Elements of w skipped: 0 (0.00%)
* Elements of w processed with special addition: 3 (8.57%)
* Elements of w remaining: 32 (91.43%)
* G1 elements in proof: 2
* G2 elements in proof: 1
* Proof size in bits: 1019
* Elements of w skipped: 1 (2.38%)
* Elements of w processed with special addition: 6 (14.29%)
* Elements of w remaining: 35 (83.33%)
* Elements of w skipped: 0 (0.00%)
* Elements of w processed with special addition: 5 (25.00%)
* Elements of w remaining: 15 (75.00%)
* Elements of w skipped: 0 (0.00%)
* Elements of w processed with special addition: 3 (8.57%)
* Elements of w remaining: 32 (91.43%)
* G1 elements in proof: 2
* G2 elements in proof: 1
* Proof size in bits: 1019
* Elements of w skipped: 1 (2.38%)
* Elements of w processed with special addition: 6 (14.29%)
* Elements of w remaining: 35 (83.33%)
* Elements of w skipped: 0 (0.00%)
* Elements of w processed with special addition: 5 (25.00%)
* Elements of w remaining: 15 (75.00%)
* Elements of w skipped: 0 (0.00%)
* Elements of w processed with special addition: 3 (8.57%)
* Elements of w remaining: 32 (91.43%)
* G1 elements in proof: 2
* G2 elements in proof: 1
* Proof size in bits: 1019
* Elements of w skipped: 1 (2.38%)
* Elements of w processed with special addition: 6 (14.29%)
* Elements of w remaining: 35 (83.33%)
* Elements of w skipped: 0 (0.00%)
* Elements of w processed with special addition: 5 (25.00%)
* Elements of w remaining: 15 (75.00%)
* Elements of w skipped: 0 (0.00%)
* Elements of w processed with special addition: 3 (8.57%)
* Elements of w remaining: 32 (91.43%)
* G1 elements in proof: 2
* G2 elements in proof: 1
* Proof size in bits: 1019
  4       20          16.5          6.69          2.73          PASS      
* Composed C_8: 40 constraints, 81 variables, 6 inputs
* QAP number of variables: 81
* QAP pre degree: 40
* QAP degree: 48
* QAP number of input variables: 6
* G1 window: 6
* G2 window: 4
* G1 elements in PK: 287
* Non-zero G1 elements in PK: 245
* G2 elements in PK: 83
* Non-zero G2 elements in PK: 41
* PK size in bits: 85904
* G1 elements in VK: 6
* G2 elements in VK: 2
* GT elements in VK: 1
* VK size in bits: 3187
* Elements of w skipped: 1 (1.22%)
* Elements of w processed with special addition: 10 (12.20%)
* Elements of w remaining: 71 (86.59%)
* Elements of w skipped: 0 (0.00%)
* Elements of w processed with special addition: 9 (22.50%)
* Elements of w remaining: 31 (77.50%)
* Elements of w skipped: 0 (0.00%)
* Elements of w processed with special addition: 7 (9.33%)
* Elements of w remaining: 68 (90.67%)
* G1 elements in proof: 2
* G2 elements in proof: 1
* Proof size in bits: 1019
* Elements of w skipped: 1 (1.22%)
* Elements of w processed with special addition: 10 (12.20%)
* Elements of w remaining: 71 (86.59%)
* Elements of w skipped: 0 (0.00%)
* Elements of w processed with special addition: 9 (22.50%)
* Elements of w remaining: 31 (77.50%)
* Elements of w skipped: 0 (0.00%)
* Elements of w processed with special addition: 7 (9.33%)
* Elements of w remaining: 68 (90.67%)
* G1 elements in proof: 2
* G2 elements in proof: 1
* Proof size in bits: 1019
* Elements of w skipped: 1 (1.22%)
* Elements of w processed with special addition: 10 (12.20%)
* Elements of w remaining: 71 (86.59%)
* Elements of w skipped: 0 (0.00%)
* Elements of w processed with special addition: 9 (22.50%)
* Elements of w remaining: 31 (77.50%)
* Elements of w skipped: 0 (0.00%)
* Elements of w processed with special addition: 7 (9.33%)
* Elements of w remaining: 68 (90.67%)
* G1 elements in proof: 2
* G2 elements in proof: 1
* Proof size in bits: 1019
* Elements of w skipped: 1 (1.22%)
* Elements of w processed with special addition: 10 (12.20%)
* Elements of w remaining: 71 (86.59%)
* Elements of w skipped: 0 (0.00%)
* Elements of w processed with special addition: 9 (22.50%)
* Elements of w remaining: 31 (77.50%)
* Elements of w skipped: 0 (0.00%)
* Elements of w processed with special addition: 7 (9.33%)
* Elements of w remaining: 68 (90.67%)
* G1 elements in proof: 2
* G2 elements in proof: 1
* Proof size in bits: 1019
* Elements of w skipped: 1 (1.22%)
* Elements of w processed with special addition: 10 (12.20%)
* Elements of w remaining: 71 (86.59%)
* Elements of w skipped: 0 (0.00%)
* Elements of w processed with special addition: 9 (22.50%)
* Elements of w remaining: 31 (77.50%)
* Elements of w skipped: 0 (0.00%)
* Elements of w processed with special addition: 7 (9.33%)
* Elements of w remaining: 68 (90.67%)
* G1 elements in proof: 2
* G2 elements in proof: 1
* Proof size in bits: 1019
* Elements of w skipped: 1 (1.22%)
* Elements of w processed with special addition: 10 (12.20%)
* Elements of w remaining: 71 (86.59%)
* Elements of w skipped: 0 (0.00%)
* Elements of w processed with special addition: 9 (22.50%)
* Elements of w remaining: 31 (77.50%)
* Elements of w skipped: 0 (0.00%)
* Elements of w processed with special addition: 7 (9.33%)
* Elements of w remaining: 68 (90.67%)
* G1 elements in proof: 2
* G2 elements in proof: 1
* Proof size in bits: 1019
* Elements of w skipped: 1 (1.22%)
* Elements of w processed with special addition: 10 (12.20%)
* Elements of w remaining: 71 (86.59%)
* Elements of w skipped: 0 (0.00%)
* Elements of w processed with special addition: 9 (22.50%)
* Elements of w remaining: 31 (77.50%)
* Elements of w skipped: 0 (0.00%)
* Elements of w processed with special addition: 7 (9.33%)
* Elements of w remaining: 68 (90.67%)
* G1 elements in proof: 2
* G2 elements in proof: 1
* Proof size in bits: 1019
* Elements of w skipped: 1 (1.22%)
* Elements of w processed with special addition: 10 (12.20%)
* Elements of w remaining: 71 (86.59%)
* Elements of w skipped: 0 (0.00%)
* Elements of w processed with special addition: 9 (22.50%)
* Elements of w remaining: 31 (77.50%)
* Elements of w skipped: 0 (0.00%)
* Elements of w processed with special addition: 7 (9.33%)
* Elements of w remaining: 68 (90.67%)
* G1 elements in proof: 2
* G2 elements in proof: 1
* Proof size in bits: 1019
* Elements of w skipped: 1 (1.22%)
* Elements of w processed with special addition: 10 (12.20%)
* Elements of w remaining: 71 (86.59%)
* Elements of w skipped: 0 (0.00%)
* Elements of w processed with special addition: 9 (22.50%)
* Elements of w remaining: 31 (77.50%)
* Elements of w skipped: 0 (0.00%)
* Elements of w processed with special addition: 7 (9.33%)
* Elements of w remaining: 68 (90.67%)
* G1 elements in proof: 2
* G2 elements in proof: 1
* Proof size in bits: 1019
* Elements of w skipped: 1 (1.22%)
* Elements of w processed with special addition: 10 (12.20%)
* Elements of w remaining: 71 (86.59%)
* Elements of w skipped: 0 (0.00%)
* Elements of w processed with special addition: 9 (22.50%)
* Elements of w remaining: 31 (77.50%)
* Elements of w skipped: 0 (0.00%)
* Elements of w processed with special addition: 7 (9.33%)
* Elements of w remaining: 68 (90.67%)
* G1 elements in proof: 2
* G2 elements in proof: 1
* Proof size in bits: 1019
  8       40          24.9          9.85          2.73          PASS      
* Composed C_16: 80 constraints, 161 variables, 6 inputs
* QAP number of variables: 161
* QAP pre degree: 80
* QAP degree: 96
* QAP number of input variables: 6
* G1 window: 6
* G2 window: 5
* G1 elements in PK: 575
* Non-zero G1 elements in PK: 493
* G2 elements in PK: 163
* Non-zero G2 elements in PK: 81
* PK size in bits: 172064
* G1 elements in VK: 6
* G2 elements in VK: 2
* GT elements in VK: 1
* VK size in bits: 3187
* Elements of w skipped: 1 (0.62%)
* Elements of w processed with special addition: 18 (11.11%)
* Elements of w remaining: 143 (88.27%)
* Elements of w skipped: 0 (0.00%)
* Elements of w processed with special addition: 17 (21.25%)
* Elements of w remaining: 63 (78.75%)
* Elements of w skipped: 0 (0.00%)
* Elements of w processed with special addition: 15 (9.68%)
* Elements of w remaining: 140 (90.32%)
* G1 elements in proof: 2
* G2 elements in proof: 1
* Proof size in bits: 1019
* Elements of w skipped: 1 (0.62%)
* Elements of w processed with special addition: 18 (11.11%)
* Elements of w remaining: 143 (88.27%)
* Elements of w skipped: 0 (0.00%)
* Elements of w processed with special addition: 17 (21.25%)
* Elements of w remaining: 63 (78.75%)
* Elements of w skipped: 0 (0.00%)
* Elements of w processed with special addition: 15 (9.68%)
* Elements of w remaining: 140 (90.32%)
* G1 elements in proof: 2
* G2 elements in proof: 1
* Proof size in bits: 1019
* Elements of w skipped: 1 (0.62%)
* Elements of w processed with special addition: 18 (11.11%)
* Elements of w remaining: 143 (88.27%)
* Elements of w skipped: 0 (0.00%)
* Elements of w processed with special addition: 17 (21.25%)
* Elements of w remaining: 63 (78.75%)
* Elements of w skipped: 0 (0.00%)
* Elements of w processed with special addition: 15 (9.68%)
* Elements of w remaining: 140 (90.32%)
* G1 elements in proof: 2
* G2 elements in proof: 1
* Proof size in bits: 1019
* Elements of w skipped: 1 (0.62%)
* Elements of w processed with special addition: 18 (11.11%)
* Elements of w remaining: 143 (88.27%)
* Elements of w skipped: 0 (0.00%)
* Elements of w processed with special addition: 17 (21.25%)
* Elements of w remaining: 63 (78.75%)
* Elements of w skipped: 0 (0.00%)
* Elements of w processed with special addition: 15 (9.68%)
* Elements of w remaining: 140 (90.32%)
* G1 elements in proof: 2
* G2 elements in proof: 1
* Proof size in bits: 1019
* Elements of w skipped: 1 (0.62%)
* Elements of w processed with special addition: 18 (11.11%)
* Elements of w remaining: 143 (88.27%)
* Elements of w skipped: 0 (0.00%)
* Elements of w processed with special addition: 17 (21.25%)
* Elements of w remaining: 63 (78.75%)
* Elements of w skipped: 0 (0.00%)
* Elements of w processed with special addition: 15 (9.68%)
* Elements of w remaining: 140 (90.32%)
* G1 elements in proof: 2
* G2 elements in proof: 1
* Proof size in bits: 1019
* Elements of w skipped: 1 (0.62%)
* Elements of w processed with special addition: 18 (11.11%)
* Elements of w remaining: 143 (88.27%)
* Elements of w skipped: 0 (0.00%)
* Elements of w processed with special addition: 17 (21.25%)
* Elements of w remaining: 63 (78.75%)
* Elements of w skipped: 0 (0.00%)
* Elements of w processed with special addition: 15 (9.68%)
* Elements of w remaining: 140 (90.32%)
* G1 elements in proof: 2
* G2 elements in proof: 1
* Proof size in bits: 1019
* Elements of w skipped: 1 (0.62%)
* Elements of w processed with special addition: 18 (11.11%)
* Elements of w remaining: 143 (88.27%)
* Elements of w skipped: 0 (0.00%)
* Elements of w processed with special addition: 17 (21.25%)
* Elements of w remaining: 63 (78.75%)
* Elements of w skipped: 0 (0.00%)
* Elements of w processed with special addition: 15 (9.68%)
* Elements of w remaining: 140 (90.32%)
* G1 elements in proof: 2
* G2 elements in proof: 1
* Proof size in bits: 1019
* Elements of w skipped: 1 (0.62%)
* Elements of w processed with special addition: 18 (11.11%)
* Elements of w remaining: 143 (88.27%)
* Elements of w skipped: 0 (0.00%)
* Elements of w processed with special addition: 17 (21.25%)
* Elements of w remaining: 63 (78.75%)
* Elements of w skipped: 0 (0.00%)
* Elements of w processed with special addition: 15 (9.68%)
* Elements of w remaining: 140 (90.32%)
* G1 elements in proof: 2
* G2 elements in proof: 1
* Proof size in bits: 1019
* Elements of w skipped: 1 (0.62%)
* Elements of w processed with special addition: 18 (11.11%)
* Elements of w remaining: 143 (88.27%)
* Elements of w skipped: 0 (0.00%)
* Elements of w processed with special addition: 17 (21.25%)
* Elements of w remaining: 63 (78.75%)
* Elements of w skipped: 0 (0.00%)
* Elements of w processed with special addition: 15 (9.68%)
* Elements of w remaining: 140 (90.32%)
* G1 elements in proof: 2
* G2 elements in proof: 1
* Proof size in bits: 1019
* Elements of w skipped: 1 (0.62%)
* Elements of w processed with special addition: 18 (11.11%)
* Elements of w remaining: 143 (88.27%)
* Elements of w skipped: 0 (0.00%)
* Elements of w processed with special addition: 17 (21.25%)
* Elements of w remaining: 63 (78.75%)
* Elements of w skipped: 0 (0.00%)
* Elements of w processed with special addition: 15 (9.68%)
* Elements of w remaining: 140 (90.32%)
* G1 elements in proof: 2
* G2 elements in proof: 1
* Proof size in bits: 1019
  16      80          36.7          17.67         3.06          PASS      

  Groth16 results written to /Users/heewonchung/Documents/00-Research/active/Updatable Verifiable Computation/Dev/results/2026-03-09_203431_iot/csv/groth16_results.csv

================================================================
All benchmarks complete.
================================================================
  Done in 1s

------------------------------------------------------------
  Running: [2/10] sensor_fusion K=4 B=64
  Command: bench_comparative --circuit sensor_fusion --n 4 --B 64 --output-dir /Users/heewonchung/Documents/00-Research/active/Updatable Verifiable Computation/Dev/results/2026-03-09_203431_iot/csv --reps 10
------------------------------------------------------------
================================================================
Comparative Benchmark: UVC vs Groth16
================================================================
  Circuit: sensor_fusion, n=4, B=64, reps=10
  Output: /Users/heewonchung/Documents/00-Research/active/Updatable Verifiable Computation/Dev/results/2026-03-09_203431_iot/csv/

================================================================
UVC Benchmark: circuit=sensor_fusion, n=4, B=64
================================================================
  Circuit: 5 constraints, 11 vars, state=1, transition=5

  [Setup] Generating CRS for B=64...
* UVC Setup: B=64, n=11, state=1, transition=5
* Composed C_64: 320 constraints, 641 variables, 6 inputs
* QAP (C_B) variables: 641, degree: 384, inputs: 6
* UVC max compositions (B): 64
* G1 elements in PK: 2303
* G2 elements in PK: 643
* PK size in bits: 742016
* H_query_full size: 383
* Step 2: 10 new wires (0 io, 10 wt)
* Step 3: 10 new wires (0 io, 10 wt)
* Step 4: 10 new wires (0 io, 10 wt)
* Step 5: 10 new wires (0 io, 10 wt)
* Step 6: 10 new wires (0 io, 10 wt)
* Step 7: 10 new wires (0 io, 10 wt)
* Step 8: 10 new wires (0 io, 10 wt)
* Step 9: 10 new wires (0 io, 10 wt)
* Step 10: 10 new wires (0 io, 10 wt)
* Step 11: 10 new wires (0 io, 10 wt)
* Step 12: 10 new wires (0 io, 10 wt)
* Step 13: 10 new wires (0 io, 10 wt)
* Step 14: 10 new wires (0 io, 10 wt)
* Step 15: 10 new wires (0 io, 10 wt)
* Step 16: 10 new wires (0 io, 10 wt)
* Step 17: 10 new wires (0 io, 10 wt)
* Step 18: 10 new wires (0 io, 10 wt)
* Step 19: 10 new wires (0 io, 10 wt)
* Step 20: 10 new wires (0 io, 10 wt)
* Step 21: 10 new wires (0 io, 10 wt)
* Step 22: 10 new wires (0 io, 10 wt)
* Step 23: 10 new wires (0 io, 10 wt)
* Step 24: 10 new wires (0 io, 10 wt)
* Step 25: 10 new wires (0 io, 10 wt)
* Step 26: 10 new wires (0 io, 10 wt)
* Step 27: 10 new wires (0 io, 10 wt)
* Step 28: 10 new wires (0 io, 10 wt)
* Step 29: 10 new wires (0 io, 10 wt)
* Step 30: 10 new wires (0 io, 10 wt)
* Step 31: 10 new wires (0 io, 10 wt)
* Step 32: 10 new wires (0 io, 10 wt)
* Step 33: 10 new wires (0 io, 10 wt)
* Step 34: 10 new wires (0 io, 10 wt)
* Step 35: 10 new wires (0 io, 10 wt)
* Step 36: 10 new wires (0 io, 10 wt)
* Step 37: 10 new wires (0 io, 10 wt)
* Step 38: 10 new wires (0 io, 10 wt)
* Step 39: 10 new wires (0 io, 10 wt)
* Step 40: 10 new wires (0 io, 10 wt)
* Step 41: 10 new wires (0 io, 10 wt)
* Step 42: 10 new wires (0 io, 10 wt)
* Step 43: 10 new wires (0 io, 10 wt)
* Step 44: 10 new wires (0 io, 10 wt)
* Step 45: 10 new wires (0 io, 10 wt)
* Step 46: 10 new wires (0 io, 10 wt)
* Step 47: 10 new wires (0 io, 10 wt)
* Step 48: 10 new wires (0 io, 10 wt)
* Step 49: 10 new wires (0 io, 10 wt)
* Step 50: 10 new wires (0 io, 10 wt)
* Step 51: 10 new wires (0 io, 10 wt)
* Step 52: 10 new wires (0 io, 10 wt)
* Step 53: 10 new wires (0 io, 10 wt)
* Step 54: 10 new wires (0 io, 10 wt)
* Step 55: 10 new wires (0 io, 10 wt)
* Step 56: 10 new wires (0 io, 10 wt)
* Step 57: 10 new wires (0 io, 10 wt)
* Step 58: 10 new wires (0 io, 10 wt)
* Step 59: 10 new wires (0 io, 10 wt)
* Step 60: 10 new wires (0 io, 10 wt)
* Step 61: 10 new wires (0 io, 10 wt)
* Step 62: 10 new wires (0 io, 10 wt)
* Step 63: 10 new wires (0 io, 10 wt)
* Step 64: 10 new wires (0 io, 10 wt)
* UVC VK: 64 max steps
* G2 elements in VK: 2
* GT elements in VK: 1
* gamma_ABC size: 6
  Setup: 141.1 ms, CRS: 2922 G1 + 1274 G2
  Building proof chain (steps 1..64)...
* UVC Prove step 1
* Elements of w skipped: 1 (8.33%)
* Elements of w processed with special addition: 3 (25.00%)
* Elements of w remaining: 8 (66.67%)
* Elements of w skipped: 1 (14.29%)
* Elements of w processed with special addition: 1 (14.29%)
* Elements of w remaining: 5 (71.43%)
* Elements of w skipped: 0 (0.00%)
* Elements of w processed with special addition: 0 (0.00%)
* Elements of w remaining: 5 (100.00%)
* UVC proof at step 1
* G1 elements in proof: 2
* G2 elements in proof: 1
* Proof size in bits: 1019
* Cached h poly size: 383
* UVC Prove step 2
* Elements of w skipped: 0 (0.00%)
* Elements of w processed with special addition: 1 (10.00%)
* Elements of w remaining: 9 (90.00%)
* Elements of w skipped: 0 (0.00%)
* Elements of w processed with special addition: 1 (16.67%)
* Elements of w remaining: 5 (83.33%)
* Elements of w skipped: 0 (0.00%)
* Elements of w processed with special addition: 1 (10.00%)
* Elements of w remaining: 9 (90.00%)
* UVC proof at step 2
* G1 elements in proof: 2
* G2 elements in proof: 1
* Proof size in bits: 1019
* Cached h poly size: 383
* UVC Prove step 3
* Elements of w skipped: 0 (0.00%)
* Elements of w processed with special addition: 1 (10.00%)
* Elements of w remaining: 9 (90.00%)
* Elements of w skipped: 0 (0.00%)
* Elements of w processed with special addition: 1 (16.67%)
* Elements of w remaining: 5 (83.33%)
* Elements of w skipped: 0 (0.00%)
* Elements of w processed with special addition: 1 (10.00%)
* Elements of w remaining: 9 (90.00%)
* UVC proof at step 3
* G1 elements in proof: 2
* G2 elements in proof: 1
* Proof size in bits: 1019
* Cached h poly size: 383
* UVC Prove step 4
* Elements of w skipped: 0 (0.00%)
* Elements of w processed with special addition: 1 (10.00%)
* Elements of w remaining: 9 (90.00%)
* Elements of w skipped: 0 (0.00%)
* Elements of w processed with special addition: 1 (16.67%)
* Elements of w remaining: 5 (83.33%)
* Elements of w skipped: 0 (0.00%)
* Elements of w processed with special addition: 1 (10.00%)
* Elements of w remaining: 9 (90.00%)
* UVC proof at step 4
* G1 elements in proof: 2
* G2 elements in proof: 1
* Proof size in bits: 1019
* Cached h poly size: 383
* UVC Prove step 5
* Elements of w skipped: 0 (0.00%)
* Elements of w processed with special addition: 1 (10.00%)
* Elements of w remaining: 9 (90.00%)
* Elements of w skipped: 0 (0.00%)
* Elements of w processed with special addition: 1 (16.67%)
* Elements of w remaining: 5 (83.33%)
* Elements of w skipped: 0 (0.00%)
* Elements of w processed with special addition: 1 (10.00%)
* Elements of w remaining: 9 (90.00%)
* UVC proof at step 5
* G1 elements in proof: 2
* G2 elements in proof: 1
* Proof size in bits: 1019
* Cached h poly size: 383
* UVC Prove step 6
* Elements of w skipped: 0 (0.00%)
* Elements of w processed with special addition: 1 (10.00%)
* Elements of w remaining: 9 (90.00%)
* Elements of w skipped: 0 (0.00%)
* Elements of w processed with special addition: 1 (16.67%)
* Elements of w remaining: 5 (83.33%)
* Elements of w skipped: 0 (0.00%)
* Elements of w processed with special addition: 1 (10.00%)
* Elements of w remaining: 9 (90.00%)
* UVC proof at step 6
* G1 elements in proof: 2
* G2 elements in proof: 1
* Proof size in bits: 1019
* Cached h poly size: 383
* UVC Prove step 7
* Elements of w skipped: 0 (0.00%)
* Elements of w processed with special addition: 1 (10.00%)
* Elements of w remaining: 9 (90.00%)
* Elements of w skipped: 0 (0.00%)
* Elements of w processed with special addition: 1 (16.67%)
* Elements of w remaining: 5 (83.33%)
* Elements of w skipped: 0 (0.00%)
* Elements of w processed with special addition: 1 (10.00%)
* Elements of w remaining: 9 (90.00%)
* UVC proof at step 7
* G1 elements in proof: 2
* G2 elements in proof: 1
* Proof size in bits: 1019
* Cached h poly size: 383
* UVC Prove step 8
* Elements of w skipped: 0 (0.00%)
* Elements of w processed with special addition: 1 (10.00%)
* Elements of w remaining: 9 (90.00%)
* Elements of w skipped: 0 (0.00%)
* Elements of w processed with special addition: 1 (16.67%)
* Elements of w remaining: 5 (83.33%)
* Elements of w skipped: 0 (0.00%)
* Elements of w processed with special addition: 1 (10.00%)
* Elements of w remaining: 9 (90.00%)
* UVC proof at step 8
* G1 elements in proof: 2
* G2 elements in proof: 1
* Proof size in bits: 1019
* Cached h poly size: 383
* UVC Prove step 9
* Elements of w skipped: 0 (0.00%)
* Elements of w processed with special addition: 1 (10.00%)
* Elements of w remaining: 9 (90.00%)
* Elements of w skipped: 0 (0.00%)
* Elements of w processed with special addition: 1 (16.67%)
* Elements of w remaining: 5 (83.33%)
* Elements of w skipped: 0 (0.00%)
* Elements of w processed with special addition: 1 (10.00%)
* Elements of w remaining: 9 (90.00%)
* UVC proof at step 9
* G1 elements in proof: 2
* G2 elements in proof: 1
* Proof size in bits: 1019
* Cached h poly size: 383
* UVC Prove step 10
* Elements of w skipped: 0 (0.00%)
* Elements of w processed with special addition: 1 (10.00%)
* Elements of w remaining: 9 (90.00%)
* Elements of w skipped: 0 (0.00%)
* Elements of w processed with special addition: 1 (16.67%)
* Elements of w remaining: 5 (83.33%)
* Elements of w skipped: 0 (0.00%)
* Elements of w processed with special addition: 1 (10.00%)
* Elements of w remaining: 9 (90.00%)
* UVC proof at step 10
* G1 elements in proof: 2
* G2 elements in proof: 1
* Proof size in bits: 1019
* Cached h poly size: 383
* UVC Prove step 11
* Elements of w skipped: 0 (0.00%)
* Elements of w processed with special addition: 1 (10.00%)
* Elements of w remaining: 9 (90.00%)
* Elements of w skipped: 0 (0.00%)
* Elements of w processed with special addition: 1 (16.67%)
* Elements of w remaining: 5 (83.33%)
* Elements of w skipped: 0 (0.00%)
* Elements of w processed with special addition: 1 (10.00%)
* Elements of w remaining: 9 (90.00%)
* UVC proof at step 11
* G1 elements in proof: 2
* G2 elements in proof: 1
* Proof size in bits: 1019
* Cached h poly size: 383
* UVC Prove step 12
* Elements of w skipped: 0 (0.00%)
* Elements of w processed with special addition: 1 (10.00%)
* Elements of w remaining: 9 (90.00%)
* Elements of w skipped: 0 (0.00%)
* Elements of w processed with special addition: 1 (16.67%)
* Elements of w remaining: 5 (83.33%)
* Elements of w skipped: 0 (0.00%)
* Elements of w processed with special addition: 1 (10.00%)
* Elements of w remaining: 9 (90.00%)
* UVC proof at step 12
* G1 elements in proof: 2
* G2 elements in proof: 1
* Proof size in bits: 1019
* Cached h poly size: 383
* UVC Prove step 13
* Elements of w skipped: 0 (0.00%)
* Elements of w processed with special addition: 1 (10.00%)
* Elements of w remaining: 9 (90.00%)
* Elements of w skipped: 0 (0.00%)
* Elements of w processed with special addition: 1 (16.67%)
* Elements of w remaining: 5 (83.33%)
* Elements of w skipped: 0 (0.00%)
* Elements of w processed with special addition: 1 (10.00%)
* Elements of w remaining: 9 (90.00%)
* UVC proof at step 13
* G1 elements in proof: 2
* G2 elements in proof: 1
* Proof size in bits: 1019
* Cached h poly size: 383
* UVC Prove step 14
* Elements of w skipped: 0 (0.00%)
* Elements of w processed with special addition: 1 (10.00%)
* Elements of w remaining: 9 (90.00%)
* Elements of w skipped: 0 (0.00%)
* Elements of w processed with special addition: 1 (16.67%)
* Elements of w remaining: 5 (83.33%)
* Elements of w skipped: 0 (0.00%)
* Elements of w processed with special addition: 1 (10.00%)
* Elements of w remaining: 9 (90.00%)
* UVC proof at step 14
* G1 elements in proof: 2
* G2 elements in proof: 1
* Proof size in bits: 1019
* Cached h poly size: 383
* UVC Prove step 15
* Elements of w skipped: 0 (0.00%)
* Elements of w processed with special addition: 1 (10.00%)
* Elements of w remaining: 9 (90.00%)
* Elements of w skipped: 0 (0.00%)
* Elements of w processed with special addition: 1 (16.67%)
* Elements of w remaining: 5 (83.33%)
* Elements of w skipped: 0 (0.00%)
* Elements of w processed with special addition: 1 (10.00%)
* Elements of w remaining: 9 (90.00%)
* UVC proof at step 15
* G1 elements in proof: 2
* G2 elements in proof: 1
* Proof size in bits: 1019
* Cached h poly size: 383
* UVC Prove step 16
* Elements of w skipped: 0 (0.00%)
* Elements of w processed with special addition: 1 (10.00%)
* Elements of w remaining: 9 (90.00%)
* Elements of w skipped: 0 (0.00%)
* Elements of w processed with special addition: 1 (16.67%)
* Elements of w remaining: 5 (83.33%)
* Elements of w skipped: 0 (0.00%)
* Elements of w processed with special addition: 1 (10.00%)
* Elements of w remaining: 9 (90.00%)
* UVC proof at step 16
* G1 elements in proof: 2
* G2 elements in proof: 1
* Proof size in bits: 1019
* Cached h poly size: 383
* UVC Prove step 17
* Elements of w skipped: 0 (0.00%)
* Elements of w processed with special addition: 1 (10.00%)
* Elements of w remaining: 9 (90.00%)
* Elements of w skipped: 0 (0.00%)
* Elements of w processed with special addition: 1 (16.67%)
* Elements of w remaining: 5 (83.33%)
* Elements of w skipped: 0 (0.00%)
* Elements of w processed with special addition: 1 (10.00%)
* Elements of w remaining: 9 (90.00%)
* UVC proof at step 17
* G1 elements in proof: 2
* G2 elements in proof: 1
* Proof size in bits: 1019
* Cached h poly size: 383
* UVC Prove step 18
* Elements of w skipped: 0 (0.00%)
* Elements of w processed with special addition: 1 (10.00%)
* Elements of w remaining: 9 (90.00%)
* Elements of w skipped: 0 (0.00%)
* Elements of w processed with special addition: 1 (16.67%)
* Elements of w remaining: 5 (83.33%)
* Elements of w skipped: 0 (0.00%)
* Elements of w processed with special addition: 1 (10.00%)
* Elements of w remaining: 9 (90.00%)
* UVC proof at step 18
* G1 elements in proof: 2
* G2 elements in proof: 1
* Proof size in bits: 1019
* Cached h poly size: 383
* UVC Prove step 19
* Elements of w skipped: 0 (0.00%)
* Elements of w processed with special addition: 1 (10.00%)
* Elements of w remaining: 9 (90.00%)
* Elements of w skipped: 0 (0.00%)
* Elements of w processed with special addition: 1 (16.67%)
* Elements of w remaining: 5 (83.33%)
* Elements of w skipped: 0 (0.00%)
* Elements of w processed with special addition: 1 (10.00%)
* Elements of w remaining: 9 (90.00%)
* UVC proof at step 19
* G1 elements in proof: 2
* G2 elements in proof: 1
* Proof size in bits: 1019
* Cached h poly size: 383
* UVC Prove step 20
* Elements of w skipped: 0 (0.00%)
* Elements of w processed with special addition: 1 (10.00%)
* Elements of w remaining: 9 (90.00%)
* Elements of w skipped: 0 (0.00%)
* Elements of w processed with special addition: 1 (16.67%)
* Elements of w remaining: 5 (83.33%)
* Elements of w skipped: 0 (0.00%)
* Elements of w processed with special addition: 1 (10.00%)
* Elements of w remaining: 9 (90.00%)
* UVC proof at step 20
* G1 elements in proof: 2
* G2 elements in proof: 1
* Proof size in bits: 1019
* Cached h poly size: 383
* UVC Prove step 21
* Elements of w skipped: 0 (0.00%)
* Elements of w processed with special addition: 1 (10.00%)
* Elements of w remaining: 9 (90.00%)
* Elements of w skipped: 0 (0.00%)
* Elements of w processed with special addition: 1 (16.67%)
* Elements of w remaining: 5 (83.33%)
* Elements of w skipped: 0 (0.00%)
* Elements of w processed with special addition: 1 (10.00%)
* Elements of w remaining: 9 (90.00%)
* UVC proof at step 21
* G1 elements in proof: 2
* G2 elements in proof: 1
* Proof size in bits: 1019
* Cached h poly size: 383
* UVC Prove step 22
* Elements of w skipped: 0 (0.00%)
* Elements of w processed with special addition: 1 (10.00%)
* Elements of w remaining: 9 (90.00%)
* Elements of w skipped: 0 (0.00%)
* Elements of w processed with special addition: 1 (16.67%)
* Elements of w remaining: 5 (83.33%)
* Elements of w skipped: 0 (0.00%)
* Elements of w processed with special addition: 1 (10.00%)
* Elements of w remaining: 9 (90.00%)
* UVC proof at step 22
* G1 elements in proof: 2
* G2 elements in proof: 1
* Proof size in bits: 1019
* Cached h poly size: 383
* UVC Prove step 23
* Elements of w skipped: 0 (0.00%)
* Elements of w processed with special addition: 1 (10.00%)
* Elements of w remaining: 9 (90.00%)
* Elements of w skipped: 0 (0.00%)
* Elements of w processed with special addition: 1 (16.67%)
* Elements of w remaining: 5 (83.33%)
* Elements of w skipped: 0 (0.00%)
* Elements of w processed with special addition: 1 (10.00%)
* Elements of w remaining: 9 (90.00%)
* UVC proof at step 23
* G1 elements in proof: 2
* G2 elements in proof: 1
* Proof size in bits: 1019
* Cached h poly size: 383
* UVC Prove step 24
* Elements of w skipped: 0 (0.00%)
* Elements of w processed with special addition: 1 (10.00%)
* Elements of w remaining: 9 (90.00%)
* Elements of w skipped: 0 (0.00%)
* Elements of w processed with special addition: 1 (16.67%)
* Elements of w remaining: 5 (83.33%)
* Elements of w skipped: 0 (0.00%)
* Elements of w processed with special addition: 1 (10.00%)
* Elements of w remaining: 9 (90.00%)
* UVC proof at step 24
* G1 elements in proof: 2
* G2 elements in proof: 1
* Proof size in bits: 1019
* Cached h poly size: 383
* UVC Prove step 25
* Elements of w skipped: 0 (0.00%)
* Elements of w processed with special addition: 1 (10.00%)
* Elements of w remaining: 9 (90.00%)
* Elements of w skipped: 0 (0.00%)
* Elements of w processed with special addition: 1 (16.67%)
* Elements of w remaining: 5 (83.33%)
* Elements of w skipped: 0 (0.00%)
* Elements of w processed with special addition: 1 (10.00%)
* Elements of w remaining: 9 (90.00%)
* UVC proof at step 25
* G1 elements in proof: 2
* G2 elements in proof: 1
* Proof size in bits: 1019
* Cached h poly size: 383
* UVC Prove step 26
* Elements of w skipped: 0 (0.00%)
* Elements of w processed with special addition: 1 (10.00%)
* Elements of w remaining: 9 (90.00%)
* Elements of w skipped: 0 (0.00%)
* Elements of w processed with special addition: 1 (16.67%)
* Elements of w remaining: 5 (83.33%)
* Elements of w skipped: 0 (0.00%)
* Elements of w processed with special addition: 1 (10.00%)
* Elements of w remaining: 9 (90.00%)
* UVC proof at step 26
* G1 elements in proof: 2
* G2 elements in proof: 1
* Proof size in bits: 1019
* Cached h poly size: 383
* UVC Prove step 27
* Elements of w skipped: 0 (0.00%)
* Elements of w processed with special addition: 1 (10.00%)
* Elements of w remaining: 9 (90.00%)
* Elements of w skipped: 0 (0.00%)
* Elements of w processed with special addition: 1 (16.67%)
* Elements of w remaining: 5 (83.33%)
* Elements of w skipped: 0 (0.00%)
* Elements of w processed with special addition: 1 (10.00%)
* Elements of w remaining: 9 (90.00%)
* UVC proof at step 27
* G1 elements in proof: 2
* G2 elements in proof: 1
* Proof size in bits: 1019
* Cached h poly size: 383
* UVC Prove step 28
* Elements of w skipped: 0 (0.00%)
* Elements of w processed with special addition: 1 (10.00%)
* Elements of w remaining: 9 (90.00%)
* Elements of w skipped: 0 (0.00%)
* Elements of w processed with special addition: 1 (16.67%)
* Elements of w remaining: 5 (83.33%)
* Elements of w skipped: 0 (0.00%)
* Elements of w processed with special addition: 1 (10.00%)
* Elements of w remaining: 9 (90.00%)
* UVC proof at step 28
* G1 elements in proof: 2
* G2 elements in proof: 1
* Proof size in bits: 1019
* Cached h poly size: 383
* UVC Prove step 29
* Elements of w skipped: 0 (0.00%)
* Elements of w processed with special addition: 1 (10.00%)
* Elements of w remaining: 9 (90.00%)
* Elements of w skipped: 0 (0.00%)
* Elements of w processed with special addition: 1 (16.67%)
* Elements of w remaining: 5 (83.33%)
* Elements of w skipped: 0 (0.00%)
* Elements of w processed with special addition: 1 (10.00%)
* Elements of w remaining: 9 (90.00%)
* UVC proof at step 29
* G1 elements in proof: 2
* G2 elements in proof: 1
* Proof size in bits: 1019
* Cached h poly size: 383
* UVC Prove step 30
* Elements of w skipped: 0 (0.00%)
* Elements of w processed with special addition: 1 (10.00%)
* Elements of w remaining: 9 (90.00%)
* Elements of w skipped: 0 (0.00%)
* Elements of w processed with special addition: 1 (16.67%)
* Elements of w remaining: 5 (83.33%)
* Elements of w skipped: 0 (0.00%)
* Elements of w processed with special addition: 1 (10.00%)
* Elements of w remaining: 9 (90.00%)
* UVC proof at step 30
* G1 elements in proof: 2
* G2 elements in proof: 1
* Proof size in bits: 1019
* Cached h poly size: 383
* UVC Prove step 31
* Elements of w skipped: 0 (0.00%)
* Elements of w processed with special addition: 1 (10.00%)
* Elements of w remaining: 9 (90.00%)
* Elements of w skipped: 0 (0.00%)
* Elements of w processed with special addition: 1 (16.67%)
* Elements of w remaining: 5 (83.33%)
* Elements of w skipped: 0 (0.00%)
* Elements of w processed with special addition: 1 (10.00%)
* Elements of w remaining: 9 (90.00%)
* UVC proof at step 31
* G1 elements in proof: 2
* G2 elements in proof: 1
* Proof size in bits: 1019
* Cached h poly size: 383
* UVC Prove step 32
* Elements of w skipped: 0 (0.00%)
* Elements of w processed with special addition: 1 (10.00%)
* Elements of w remaining: 9 (90.00%)
* Elements of w skipped: 0 (0.00%)
* Elements of w processed with special addition: 1 (16.67%)
* Elements of w remaining: 5 (83.33%)
* Elements of w skipped: 0 (0.00%)
* Elements of w processed with special addition: 1 (10.00%)
* Elements of w remaining: 9 (90.00%)
* UVC proof at step 32
* G1 elements in proof: 2
* G2 elements in proof: 1
* Proof size in bits: 1019
* Cached h poly size: 383
* UVC Prove step 33
* Elements of w skipped: 0 (0.00%)
* Elements of w processed with special addition: 1 (10.00%)
* Elements of w remaining: 9 (90.00%)
* Elements of w skipped: 0 (0.00%)
* Elements of w processed with special addition: 1 (16.67%)
* Elements of w remaining: 5 (83.33%)
* Elements of w skipped: 0 (0.00%)
* Elements of w processed with special addition: 1 (10.00%)
* Elements of w remaining: 9 (90.00%)
* UVC proof at step 33
* G1 elements in proof: 2
* G2 elements in proof: 1
* Proof size in bits: 1019
* Cached h poly size: 383
* UVC Prove step 34
* Elements of w skipped: 0 (0.00%)
* Elements of w processed with special addition: 1 (10.00%)
* Elements of w remaining: 9 (90.00%)
* Elements of w skipped: 0 (0.00%)
* Elements of w processed with special addition: 1 (16.67%)
* Elements of w remaining: 5 (83.33%)
* Elements of w skipped: 0 (0.00%)
* Elements of w processed with special addition: 1 (10.00%)
* Elements of w remaining: 9 (90.00%)
* UVC proof at step 34
* G1 elements in proof: 2
* G2 elements in proof: 1
* Proof size in bits: 1019
* Cached h poly size: 383
* UVC Prove step 35
* Elements of w skipped: 0 (0.00%)
* Elements of w processed with special addition: 1 (10.00%)
* Elements of w remaining: 9 (90.00%)
* Elements of w skipped: 0 (0.00%)
* Elements of w processed with special addition: 1 (16.67%)
* Elements of w remaining: 5 (83.33%)
* Elements of w skipped: 0 (0.00%)
* Elements of w processed with special addition: 1 (10.00%)
* Elements of w remaining: 9 (90.00%)
* UVC proof at step 35
* G1 elements in proof: 2
* G2 elements in proof: 1
* Proof size in bits: 1019
* Cached h poly size: 383
* UVC Prove step 36
* Elements of w skipped: 0 (0.00%)
* Elements of w processed with special addition: 1 (10.00%)
* Elements of w remaining: 9 (90.00%)
* Elements of w skipped: 0 (0.00%)
* Elements of w processed with special addition: 1 (16.67%)
* Elements of w remaining: 5 (83.33%)
* Elements of w skipped: 0 (0.00%)
* Elements of w processed with special addition: 1 (10.00%)
* Elements of w remaining: 9 (90.00%)
* UVC proof at step 36
* G1 elements in proof: 2
* G2 elements in proof: 1
* Proof size in bits: 1019
* Cached h poly size: 383
* UVC Prove step 37
* Elements of w skipped: 0 (0.00%)
* Elements of w processed with special addition: 1 (10.00%)
* Elements of w remaining: 9 (90.00%)
* Elements of w skipped: 0 (0.00%)
* Elements of w processed with special addition: 1 (16.67%)
* Elements of w remaining: 5 (83.33%)
* Elements of w skipped: 0 (0.00%)
* Elements of w processed with special addition: 1 (10.00%)
* Elements of w remaining: 9 (90.00%)
* UVC proof at step 37
* G1 elements in proof: 2
* G2 elements in proof: 1
* Proof size in bits: 1019
* Cached h poly size: 383
* UVC Prove step 38
* Elements of w skipped: 0 (0.00%)
* Elements of w processed with special addition: 1 (10.00%)
* Elements of w remaining: 9 (90.00%)
* Elements of w skipped: 0 (0.00%)
* Elements of w processed with special addition: 1 (16.67%)
* Elements of w remaining: 5 (83.33%)
* Elements of w skipped: 0 (0.00%)
* Elements of w processed with special addition: 1 (10.00%)
* Elements of w remaining: 9 (90.00%)
* UVC proof at step 38
* G1 elements in proof: 2
* G2 elements in proof: 1
* Proof size in bits: 1019
* Cached h poly size: 383
* UVC Prove step 39
* Elements of w skipped: 0 (0.00%)
* Elements of w processed with special addition: 1 (10.00%)
* Elements of w remaining: 9 (90.00%)
* Elements of w skipped: 0 (0.00%)
* Elements of w processed with special addition: 1 (16.67%)
* Elements of w remaining: 5 (83.33%)
* Elements of w skipped: 0 (0.00%)
* Elements of w processed with special addition: 1 (10.00%)
* Elements of w remaining: 9 (90.00%)
* UVC proof at step 39
* G1 elements in proof: 2
* G2 elements in proof: 1
* Proof size in bits: 1019
* Cached h poly size: 383
* UVC Prove step 40
* Elements of w skipped: 0 (0.00%)
* Elements of w processed with special addition: 1 (10.00%)
* Elements of w remaining: 9 (90.00%)
* Elements of w skipped: 0 (0.00%)
* Elements of w processed with special addition: 1 (16.67%)
* Elements of w remaining: 5 (83.33%)
* Elements of w skipped: 0 (0.00%)
* Elements of w processed with special addition: 1 (10.00%)
* Elements of w remaining: 9 (90.00%)
* UVC proof at step 40
* G1 elements in proof: 2
* G2 elements in proof: 1
* Proof size in bits: 1019
* Cached h poly size: 383
* UVC Prove step 41
* Elements of w skipped: 0 (0.00%)
* Elements of w processed with special addition: 1 (10.00%)
* Elements of w remaining: 9 (90.00%)
* Elements of w skipped: 0 (0.00%)
* Elements of w processed with special addition: 1 (16.67%)
* Elements of w remaining: 5 (83.33%)
* Elements of w skipped: 0 (0.00%)
* Elements of w processed with special addition: 1 (10.00%)
* Elements of w remaining: 9 (90.00%)
* UVC proof at step 41
* G1 elements in proof: 2
* G2 elements in proof: 1
* Proof size in bits: 1019
* Cached h poly size: 383
* UVC Prove step 42
* Elements of w skipped: 0 (0.00%)
* Elements of w processed with special addition: 1 (10.00%)
* Elements of w remaining: 9 (90.00%)
* Elements of w skipped: 0 (0.00%)
* Elements of w processed with special addition: 1 (16.67%)
* Elements of w remaining: 5 (83.33%)
* Elements of w skipped: 0 (0.00%)
* Elements of w processed with special addition: 1 (10.00%)
* Elements of w remaining: 9 (90.00%)
* UVC proof at step 42
* G1 elements in proof: 2
* G2 elements in proof: 1
* Proof size in bits: 1019
* Cached h poly size: 383
* UVC Prove step 43
* Elements of w skipped: 0 (0.00%)
* Elements of w processed with special addition: 1 (10.00%)
* Elements of w remaining: 9 (90.00%)
* Elements of w skipped: 0 (0.00%)
* Elements of w processed with special addition: 1 (16.67%)
* Elements of w remaining: 5 (83.33%)
* Elements of w skipped: 0 (0.00%)
* Elements of w processed with special addition: 1 (10.00%)
* Elements of w remaining: 9 (90.00%)
* UVC proof at step 43
* G1 elements in proof: 2
* G2 elements in proof: 1
* Proof size in bits: 1019
* Cached h poly size: 383
* UVC Prove step 44
* Elements of w skipped: 0 (0.00%)
* Elements of w processed with special addition: 1 (10.00%)
* Elements of w remaining: 9 (90.00%)
* Elements of w skipped: 0 (0.00%)
* Elements of w processed with special addition: 1 (16.67%)
* Elements of w remaining: 5 (83.33%)
* Elements of w skipped: 0 (0.00%)
* Elements of w processed with special addition: 1 (10.00%)
* Elements of w remaining: 9 (90.00%)
* UVC proof at step 44
* G1 elements in proof: 2
* G2 elements in proof: 1
* Proof size in bits: 1019
* Cached h poly size: 383
* UVC Prove step 45
* Elements of w skipped: 0 (0.00%)
* Elements of w processed with special addition: 1 (10.00%)
* Elements of w remaining: 9 (90.00%)
* Elements of w skipped: 0 (0.00%)
* Elements of w processed with special addition: 1 (16.67%)
* Elements of w remaining: 5 (83.33%)
* Elements of w skipped: 0 (0.00%)
* Elements of w processed with special addition: 1 (10.00%)
* Elements of w remaining: 9 (90.00%)
* UVC proof at step 45
* G1 elements in proof: 2
* G2 elements in proof: 1
* Proof size in bits: 1019
* Cached h poly size: 383
* UVC Prove step 46
* Elements of w skipped: 0 (0.00%)
* Elements of w processed with special addition: 1 (10.00%)
* Elements of w remaining: 9 (90.00%)
* Elements of w skipped: 0 (0.00%)
* Elements of w processed with special addition: 1 (16.67%)
* Elements of w remaining: 5 (83.33%)
* Elements of w skipped: 0 (0.00%)
* Elements of w processed with special addition: 1 (10.00%)
* Elements of w remaining: 9 (90.00%)
* UVC proof at step 46
* G1 elements in proof: 2
* G2 elements in proof: 1
* Proof size in bits: 1019
* Cached h poly size: 383
* UVC Prove step 47
* Elements of w skipped: 0 (0.00%)
* Elements of w processed with special addition: 1 (10.00%)
* Elements of w remaining: 9 (90.00%)
* Elements of w skipped: 0 (0.00%)
* Elements of w processed with special addition: 1 (16.67%)
* Elements of w remaining: 5 (83.33%)
* Elements of w skipped: 0 (0.00%)
* Elements of w processed with special addition: 1 (10.00%)
* Elements of w remaining: 9 (90.00%)
* UVC proof at step 47
* G1 elements in proof: 2
* G2 elements in proof: 1
* Proof size in bits: 1019
* Cached h poly size: 383
* UVC Prove step 48
* Elements of w skipped: 0 (0.00%)
* Elements of w processed with special addition: 1 (10.00%)
* Elements of w remaining: 9 (90.00%)
* Elements of w skipped: 0 (0.00%)
* Elements of w processed with special addition: 1 (16.67%)
* Elements of w remaining: 5 (83.33%)
* Elements of w skipped: 0 (0.00%)
* Elements of w processed with special addition: 1 (10.00%)
* Elements of w remaining: 9 (90.00%)
* UVC proof at step 48
* G1 elements in proof: 2
* G2 elements in proof: 1
* Proof size in bits: 1019
* Cached h poly size: 383
* UVC Prove step 49
* Elements of w skipped: 0 (0.00%)
* Elements of w processed with special addition: 1 (10.00%)
* Elements of w remaining: 9 (90.00%)
* Elements of w skipped: 0 (0.00%)
* Elements of w processed with special addition: 1 (16.67%)
* Elements of w remaining: 5 (83.33%)
* Elements of w skipped: 0 (0.00%)
* Elements of w processed with special addition: 1 (10.00%)
* Elements of w remaining: 9 (90.00%)
* UVC proof at step 49
* G1 elements in proof: 2
* G2 elements in proof: 1
* Proof size in bits: 1019
* Cached h poly size: 383
* UVC Prove step 50
* Elements of w skipped: 0 (0.00%)
* Elements of w processed with special addition: 1 (10.00%)
* Elements of w remaining: 9 (90.00%)
* Elements of w skipped: 0 (0.00%)
* Elements of w processed with special addition: 1 (16.67%)
* Elements of w remaining: 5 (83.33%)
* Elements of w skipped: 0 (0.00%)
* Elements of w processed with special addition: 1 (10.00%)
* Elements of w remaining: 9 (90.00%)
* UVC proof at step 50
* G1 elements in proof: 2
* G2 elements in proof: 1
* Proof size in bits: 1019
* Cached h poly size: 383
* UVC Prove step 51
* Elements of w skipped: 0 (0.00%)
* Elements of w processed with special addition: 1 (10.00%)
* Elements of w remaining: 9 (90.00%)
* Elements of w skipped: 0 (0.00%)
* Elements of w processed with special addition: 1 (16.67%)
* Elements of w remaining: 5 (83.33%)
* Elements of w skipped: 0 (0.00%)
* Elements of w processed with special addition: 1 (10.00%)
* Elements of w remaining: 9 (90.00%)
* UVC proof at step 51
* G1 elements in proof: 2
* G2 elements in proof: 1
* Proof size in bits: 1019
* Cached h poly size: 383
* UVC Prove step 52
* Elements of w skipped: 0 (0.00%)
* Elements of w processed with special addition: 1 (10.00%)
* Elements of w remaining: 9 (90.00%)
* Elements of w skipped: 0 (0.00%)
* Elements of w processed with special addition: 1 (16.67%)
* Elements of w remaining: 5 (83.33%)
* Elements of w skipped: 0 (0.00%)
* Elements of w processed with special addition: 1 (10.00%)
* Elements of w remaining: 9 (90.00%)
* UVC proof at step 52
* G1 elements in proof: 2
* G2 elements in proof: 1
* Proof size in bits: 1019
* Cached h poly size: 383
* UVC Prove step 53
* Elements of w skipped: 0 (0.00%)
* Elements of w processed with special addition: 1 (10.00%)
* Elements of w remaining: 9 (90.00%)
* Elements of w skipped: 0 (0.00%)
* Elements of w processed with special addition: 1 (16.67%)
* Elements of w remaining: 5 (83.33%)
* Elements of w skipped: 0 (0.00%)
* Elements of w processed with special addition: 1 (10.00%)
* Elements of w remaining: 9 (90.00%)
* UVC proof at step 53
* G1 elements in proof: 2
* G2 elements in proof: 1
* Proof size in bits: 1019
* Cached h poly size: 383
* UVC Prove step 54
* Elements of w skipped: 0 (0.00%)
* Elements of w processed with special addition: 1 (10.00%)
* Elements of w remaining: 9 (90.00%)
* Elements of w skipped: 0 (0.00%)
* Elements of w processed with special addition: 1 (16.67%)
* Elements of w remaining: 5 (83.33%)
* Elements of w skipped: 0 (0.00%)
* Elements of w processed with special addition: 1 (10.00%)
* Elements of w remaining: 9 (90.00%)
* UVC proof at step 54
* G1 elements in proof: 2
* G2 elements in proof: 1
* Proof size in bits: 1019
* Cached h poly size: 383
* UVC Prove step 55
* Elements of w skipped: 0 (0.00%)
* Elements of w processed with special addition: 1 (10.00%)
* Elements of w remaining: 9 (90.00%)
* Elements of w skipped: 0 (0.00%)
* Elements of w processed with special addition: 1 (16.67%)
* Elements of w remaining: 5 (83.33%)
* Elements of w skipped: 0 (0.00%)
* Elements of w processed with special addition: 1 (10.00%)
* Elements of w remaining: 9 (90.00%)
* UVC proof at step 55
* G1 elements in proof: 2
* G2 elements in proof: 1
* Proof size in bits: 1019
* Cached h poly size: 383
* UVC Prove step 56
* Elements of w skipped: 0 (0.00%)
* Elements of w processed with special addition: 1 (10.00%)
* Elements of w remaining: 9 (90.00%)
* Elements of w skipped: 0 (0.00%)
* Elements of w processed with special addition: 1 (16.67%)
* Elements of w remaining: 5 (83.33%)
* Elements of w skipped: 0 (0.00%)
* Elements of w processed with special addition: 1 (10.00%)
* Elements of w remaining: 9 (90.00%)
* UVC proof at step 56
* G1 elements in proof: 2
* G2 elements in proof: 1
* Proof size in bits: 1019
* Cached h poly size: 383
* UVC Prove step 57
* Elements of w skipped: 0 (0.00%)
* Elements of w processed with special addition: 1 (10.00%)
* Elements of w remaining: 9 (90.00%)
* Elements of w skipped: 0 (0.00%)
* Elements of w processed with special addition: 1 (16.67%)
* Elements of w remaining: 5 (83.33%)
* Elements of w skipped: 0 (0.00%)
* Elements of w processed with special addition: 1 (10.00%)
* Elements of w remaining: 9 (90.00%)
* UVC proof at step 57
* G1 elements in proof: 2
* G2 elements in proof: 1
* Proof size in bits: 1019
* Cached h poly size: 383
* UVC Prove step 58
* Elements of w skipped: 0 (0.00%)
* Elements of w processed with special addition: 1 (10.00%)
* Elements of w remaining: 9 (90.00%)
* Elements of w skipped: 0 (0.00%)
* Elements of w processed with special addition: 1 (16.67%)
* Elements of w remaining: 5 (83.33%)
* Elements of w skipped: 0 (0.00%)
* Elements of w processed with special addition: 1 (10.00%)
* Elements of w remaining: 9 (90.00%)
* UVC proof at step 58
* G1 elements in proof: 2
* G2 elements in proof: 1
* Proof size in bits: 1019
* Cached h poly size: 383
* UVC Prove step 59
* Elements of w skipped: 0 (0.00%)
* Elements of w processed with special addition: 1 (10.00%)
* Elements of w remaining: 9 (90.00%)
* Elements of w skipped: 0 (0.00%)
* Elements of w processed with special addition: 1 (16.67%)
* Elements of w remaining: 5 (83.33%)
* Elements of w skipped: 0 (0.00%)
* Elements of w processed with special addition: 1 (10.00%)
* Elements of w remaining: 9 (90.00%)
* UVC proof at step 59
* G1 elements in proof: 2
* G2 elements in proof: 1
* Proof size in bits: 1019
* Cached h poly size: 383
* UVC Prove step 60
* Elements of w skipped: 0 (0.00%)
* Elements of w processed with special addition: 1 (10.00%)
* Elements of w remaining: 9 (90.00%)
* Elements of w skipped: 0 (0.00%)
* Elements of w processed with special addition: 1 (16.67%)
* Elements of w remaining: 5 (83.33%)
* Elements of w skipped: 0 (0.00%)
* Elements of w processed with special addition: 1 (10.00%)
* Elements of w remaining: 9 (90.00%)
* UVC proof at step 60
* G1 elements in proof: 2
* G2 elements in proof: 1
* Proof size in bits: 1019
* Cached h poly size: 383
* UVC Prove step 61
* Elements of w skipped: 0 (0.00%)
* Elements of w processed with special addition: 1 (10.00%)
* Elements of w remaining: 9 (90.00%)
* Elements of w skipped: 0 (0.00%)
* Elements of w processed with special addition: 1 (16.67%)
* Elements of w remaining: 5 (83.33%)
* Elements of w skipped: 0 (0.00%)
* Elements of w processed with special addition: 1 (10.00%)
* Elements of w remaining: 9 (90.00%)
* UVC proof at step 61
* G1 elements in proof: 2
* G2 elements in proof: 1
* Proof size in bits: 1019
* Cached h poly size: 383
* UVC Prove step 62
* Elements of w skipped: 0 (0.00%)
* Elements of w processed with special addition: 1 (10.00%)
* Elements of w remaining: 9 (90.00%)
* Elements of w skipped: 0 (0.00%)
* Elements of w processed with special addition: 1 (16.67%)
* Elements of w remaining: 5 (83.33%)
* Elements of w skipped: 0 (0.00%)
* Elements of w processed with special addition: 1 (10.00%)
* Elements of w remaining: 9 (90.00%)
* UVC proof at step 62
* G1 elements in proof: 2
* G2 elements in proof: 1
* Proof size in bits: 1019
* Cached h poly size: 383
* UVC Prove step 63
* Elements of w skipped: 0 (0.00%)
* Elements of w processed with special addition: 1 (10.00%)
* Elements of w remaining: 9 (90.00%)
* Elements of w skipped: 0 (0.00%)
* Elements of w processed with special addition: 1 (16.67%)
* Elements of w remaining: 5 (83.33%)
* Elements of w skipped: 0 (0.00%)
* Elements of w processed with special addition: 1 (10.00%)
* Elements of w remaining: 9 (90.00%)
* UVC proof at step 63
* G1 elements in proof: 2
* G2 elements in proof: 1
* Proof size in bits: 1019
* Cached h poly size: 383
* UVC Prove step 64
* Elements of w skipped: 0 (0.00%)
* Elements of w processed with special addition: 1 (10.00%)
* Elements of w remaining: 9 (90.00%)
* Elements of w skipped: 0 (0.00%)
* Elements of w processed with special addition: 1 (20.00%)
* Elements of w remaining: 4 (80.00%)
* Elements of w skipped: 0 (0.00%)
* Elements of w processed with special addition: 1 (10.00%)
* Elements of w remaining: 9 (90.00%)
* UVC proof at step 64
* G1 elements in proof: 2
* G2 elements in proof: 1
* Proof size in bits: 1019
* Cached h poly size: 383

  Step    Prove (ms)    Verify (ms)   Proof bits    Verified  
  ------  ------------  ------------  ------------  ----------
* UVC Prove step 1
* Elements of w skipped: 1 (8.33%)
* Elements of w processed with special addition: 3 (25.00%)
* Elements of w remaining: 8 (66.67%)
* Elements of w skipped: 1 (14.29%)
* Elements of w processed with special addition: 1 (14.29%)
* Elements of w remaining: 5 (71.43%)
* Elements of w skipped: 0 (0.00%)
* Elements of w processed with special addition: 0 (0.00%)
* Elements of w remaining: 5 (100.00%)
* UVC proof at step 1
* G1 elements in proof: 2
* G2 elements in proof: 1
* Proof size in bits: 1019
* Cached h poly size: 383
* UVC Prove step 1
* Elements of w skipped: 1 (8.33%)
* Elements of w processed with special addition: 3 (25.00%)
* Elements of w remaining: 8 (66.67%)
* Elements of w skipped: 1 (14.29%)
* Elements of w processed with special addition: 1 (14.29%)
* Elements of w remaining: 5 (71.43%)
* Elements of w skipped: 0 (0.00%)
* Elements of w processed with special addition: 0 (0.00%)
* Elements of w remaining: 5 (100.00%)
* UVC proof at step 1
* G1 elements in proof: 2
* G2 elements in proof: 1
* Proof size in bits: 1019
* Cached h poly size: 383
* UVC Prove step 1
* Elements of w skipped: 1 (8.33%)
* Elements of w processed with special addition: 3 (25.00%)
* Elements of w remaining: 8 (66.67%)
* Elements of w skipped: 1 (14.29%)
* Elements of w processed with special addition: 1 (14.29%)
* Elements of w remaining: 5 (71.43%)
* Elements of w skipped: 0 (0.00%)
* Elements of w processed with special addition: 0 (0.00%)
* Elements of w remaining: 5 (100.00%)
* UVC proof at step 1
* G1 elements in proof: 2
* G2 elements in proof: 1
* Proof size in bits: 1019
* Cached h poly size: 383
* UVC Prove step 1
* Elements of w skipped: 1 (8.33%)
* Elements of w processed with special addition: 3 (25.00%)
* Elements of w remaining: 8 (66.67%)
* Elements of w skipped: 1 (14.29%)
* Elements of w processed with special addition: 1 (14.29%)
* Elements of w remaining: 5 (71.43%)
* Elements of w skipped: 0 (0.00%)
* Elements of w processed with special addition: 0 (0.00%)
* Elements of w remaining: 5 (100.00%)
* UVC proof at step 1
* G1 elements in proof: 2
* G2 elements in proof: 1
* Proof size in bits: 1019
* Cached h poly size: 383
* UVC Prove step 1
* Elements of w skipped: 1 (8.33%)
* Elements of w processed with special addition: 3 (25.00%)
* Elements of w remaining: 8 (66.67%)
* Elements of w skipped: 1 (14.29%)
* Elements of w processed with special addition: 1 (14.29%)
* Elements of w remaining: 5 (71.43%)
* Elements of w skipped: 0 (0.00%)
* Elements of w processed with special addition: 0 (0.00%)
* Elements of w remaining: 5 (100.00%)
* UVC proof at step 1
* G1 elements in proof: 2
* G2 elements in proof: 1
* Proof size in bits: 1019
* Cached h poly size: 383
* UVC Prove step 1
* Elements of w skipped: 1 (8.33%)
* Elements of w processed with special addition: 3 (25.00%)
* Elements of w remaining: 8 (66.67%)
* Elements of w skipped: 1 (14.29%)
* Elements of w processed with special addition: 1 (14.29%)
* Elements of w remaining: 5 (71.43%)
* Elements of w skipped: 0 (0.00%)
* Elements of w processed with special addition: 0 (0.00%)
* Elements of w remaining: 5 (100.00%)
* UVC proof at step 1
* G1 elements in proof: 2
* G2 elements in proof: 1
* Proof size in bits: 1019
* Cached h poly size: 383
* UVC Prove step 1
* Elements of w skipped: 1 (8.33%)
* Elements of w processed with special addition: 3 (25.00%)
* Elements of w remaining: 8 (66.67%)
* Elements of w skipped: 1 (14.29%)
* Elements of w processed with special addition: 1 (14.29%)
* Elements of w remaining: 5 (71.43%)
* Elements of w skipped: 0 (0.00%)
* Elements of w processed with special addition: 0 (0.00%)
* Elements of w remaining: 5 (100.00%)
* UVC proof at step 1
* G1 elements in proof: 2
* G2 elements in proof: 1
* Proof size in bits: 1019
* Cached h poly size: 383
* UVC Prove step 1
* Elements of w skipped: 1 (8.33%)
* Elements of w processed with special addition: 3 (25.00%)
* Elements of w remaining: 8 (66.67%)
* Elements of w skipped: 1 (14.29%)
* Elements of w processed with special addition: 1 (14.29%)
* Elements of w remaining: 5 (71.43%)
* Elements of w skipped: 0 (0.00%)
* Elements of w processed with special addition: 0 (0.00%)
* Elements of w remaining: 5 (100.00%)
* UVC proof at step 1
* G1 elements in proof: 2
* G2 elements in proof: 1
* Proof size in bits: 1019
* Cached h poly size: 383
* UVC Prove step 1
* Elements of w skipped: 1 (8.33%)
* Elements of w processed with special addition: 3 (25.00%)
* Elements of w remaining: 8 (66.67%)
* Elements of w skipped: 1 (14.29%)
* Elements of w processed with special addition: 1 (14.29%)
* Elements of w remaining: 5 (71.43%)
* Elements of w skipped: 0 (0.00%)
* Elements of w processed with special addition: 0 (0.00%)
* Elements of w remaining: 5 (100.00%)
* UVC proof at step 1
* G1 elements in proof: 2
* G2 elements in proof: 1
* Proof size in bits: 1019
* Cached h poly size: 383
* UVC Prove step 1
* Elements of w skipped: 1 (8.33%)
* Elements of w processed with special addition: 3 (25.00%)
* Elements of w remaining: 8 (66.67%)
* Elements of w skipped: 1 (14.29%)
* Elements of w processed with special addition: 1 (14.29%)
* Elements of w remaining: 5 (71.43%)
* Elements of w skipped: 0 (0.00%)
* Elements of w processed with special addition: 0 (0.00%)
* Elements of w remaining: 5 (100.00%)
* UVC proof at step 1
* G1 elements in proof: 2
* G2 elements in proof: 1
* Proof size in bits: 1019
* Cached h poly size: 383
* UVC Verify step 1: PASS
* UVC Verify step 1: PASS
* UVC Verify step 1: PASS
* UVC Verify step 1: PASS
* UVC Verify step 1: PASS
* UVC Verify step 1: PASS
* UVC Verify step 1: PASS
* UVC Verify step 1: PASS
* UVC Verify step 1: PASS
* UVC Verify step 1: PASS
  1       15.01         2.79          1019          PASS      
* UVC Prove step 2
* Elements of w skipped: 0 (0.00%)
* Elements of w processed with special addition: 1 (10.00%)
* Elements of w remaining: 9 (90.00%)
* Elements of w skipped: 0 (0.00%)
* Elements of w processed with special addition: 1 (16.67%)
* Elements of w remaining: 5 (83.33%)
* Elements of w skipped: 0 (0.00%)
* Elements of w processed with special addition: 1 (10.00%)
* Elements of w remaining: 9 (90.00%)
* UVC proof at step 2
* G1 elements in proof: 2
* G2 elements in proof: 1
* Proof size in bits: 1019
* Cached h poly size: 383
* UVC Prove step 2
* Elements of w skipped: 0 (0.00%)
* Elements of w processed with special addition: 1 (10.00%)
* Elements of w remaining: 9 (90.00%)
* Elements of w skipped: 0 (0.00%)
* Elements of w processed with special addition: 1 (16.67%)
* Elements of w remaining: 5 (83.33%)
* Elements of w skipped: 0 (0.00%)
* Elements of w processed with special addition: 1 (10.00%)
* Elements of w remaining: 9 (90.00%)
* UVC proof at step 2
* G1 elements in proof: 2
* G2 elements in proof: 1
* Proof size in bits: 1019
* Cached h poly size: 383
* UVC Prove step 2
* Elements of w skipped: 0 (0.00%)
* Elements of w processed with special addition: 1 (10.00%)
* Elements of w remaining: 9 (90.00%)
* Elements of w skipped: 0 (0.00%)
* Elements of w processed with special addition: 1 (16.67%)
* Elements of w remaining: 5 (83.33%)
* Elements of w skipped: 0 (0.00%)
* Elements of w processed with special addition: 1 (10.00%)
* Elements of w remaining: 9 (90.00%)
* UVC proof at step 2
* G1 elements in proof: 2
* G2 elements in proof: 1
* Proof size in bits: 1019
* Cached h poly size: 383
* UVC Prove step 2
* Elements of w skipped: 0 (0.00%)
* Elements of w processed with special addition: 1 (10.00%)
* Elements of w remaining: 9 (90.00%)
* Elements of w skipped: 0 (0.00%)
* Elements of w processed with special addition: 1 (16.67%)
* Elements of w remaining: 5 (83.33%)
* Elements of w skipped: 0 (0.00%)
* Elements of w processed with special addition: 1 (10.00%)
* Elements of w remaining: 9 (90.00%)
* UVC proof at step 2
* G1 elements in proof: 2
* G2 elements in proof: 1
* Proof size in bits: 1019
* Cached h poly size: 383
* UVC Prove step 2
* Elements of w skipped: 0 (0.00%)
* Elements of w processed with special addition: 1 (10.00%)
* Elements of w remaining: 9 (90.00%)
* Elements of w skipped: 0 (0.00%)
* Elements of w processed with special addition: 1 (16.67%)
* Elements of w remaining: 5 (83.33%)
* Elements of w skipped: 0 (0.00%)
* Elements of w processed with special addition: 1 (10.00%)
* Elements of w remaining: 9 (90.00%)
* UVC proof at step 2
* G1 elements in proof: 2
* G2 elements in proof: 1
* Proof size in bits: 1019
* Cached h poly size: 383
* UVC Prove step 2
* Elements of w skipped: 0 (0.00%)
* Elements of w processed with special addition: 1 (10.00%)
* Elements of w remaining: 9 (90.00%)
* Elements of w skipped: 0 (0.00%)
* Elements of w processed with special addition: 1 (16.67%)
* Elements of w remaining: 5 (83.33%)
* Elements of w skipped: 0 (0.00%)
* Elements of w processed with special addition: 1 (10.00%)
* Elements of w remaining: 9 (90.00%)
* UVC proof at step 2
* G1 elements in proof: 2
* G2 elements in proof: 1
* Proof size in bits: 1019
* Cached h poly size: 383
* UVC Prove step 2
* Elements of w skipped: 0 (0.00%)
* Elements of w processed with special addition: 1 (10.00%)
* Elements of w remaining: 9 (90.00%)
* Elements of w skipped: 0 (0.00%)
* Elements of w processed with special addition: 1 (16.67%)
* Elements of w remaining: 5 (83.33%)
* Elements of w skipped: 0 (0.00%)
* Elements of w processed with special addition: 1 (10.00%)
* Elements of w remaining: 9 (90.00%)
* UVC proof at step 2
* G1 elements in proof: 2
* G2 elements in proof: 1
* Proof size in bits: 1019
* Cached h poly size: 383
* UVC Prove step 2
* Elements of w skipped: 0 (0.00%)
* Elements of w processed with special addition: 1 (10.00%)
* Elements of w remaining: 9 (90.00%)
* Elements of w skipped: 0 (0.00%)
* Elements of w processed with special addition: 1 (16.67%)
* Elements of w remaining: 5 (83.33%)
* Elements of w skipped: 0 (0.00%)
* Elements of w processed with special addition: 1 (10.00%)
* Elements of w remaining: 9 (90.00%)
* UVC proof at step 2
* G1 elements in proof: 2
* G2 elements in proof: 1
* Proof size in bits: 1019
* Cached h poly size: 383
* UVC Prove step 2
* Elements of w skipped: 0 (0.00%)
* Elements of w processed with special addition: 1 (10.00%)
* Elements of w remaining: 9 (90.00%)
* Elements of w skipped: 0 (0.00%)
* Elements of w processed with special addition: 1 (16.67%)
* Elements of w remaining: 5 (83.33%)
* Elements of w skipped: 0 (0.00%)
* Elements of w processed with special addition: 1 (10.00%)
* Elements of w remaining: 9 (90.00%)
* UVC proof at step 2
* G1 elements in proof: 2
* G2 elements in proof: 1
* Proof size in bits: 1019
* Cached h poly size: 383
* UVC Prove step 2
* Elements of w skipped: 0 (0.00%)
* Elements of w processed with special addition: 1 (10.00%)
* Elements of w remaining: 9 (90.00%)
* Elements of w skipped: 0 (0.00%)
* Elements of w processed with special addition: 1 (16.67%)
* Elements of w remaining: 5 (83.33%)
* Elements of w skipped: 0 (0.00%)
* Elements of w processed with special addition: 1 (10.00%)
* Elements of w remaining: 9 (90.00%)
* UVC proof at step 2
* G1 elements in proof: 2
* G2 elements in proof: 1
* Proof size in bits: 1019
* Cached h poly size: 383
* UVC Verify step 2: PASS
* UVC Verify step 2: PASS
* UVC Verify step 2: PASS
* UVC Verify step 2: PASS
* UVC Verify step 2: PASS
* UVC Verify step 2: PASS
* UVC Verify step 2: PASS
* UVC Verify step 2: PASS
* UVC Verify step 2: PASS
* UVC Verify step 2: PASS
  2       15.23         2.73          1019          PASS      
* UVC Prove step 4
* Elements of w skipped: 0 (0.00%)
* Elements of w processed with special addition: 1 (10.00%)
* Elements of w remaining: 9 (90.00%)
* Elements of w skipped: 0 (0.00%)
* Elements of w processed with special addition: 1 (16.67%)
* Elements of w remaining: 5 (83.33%)
* Elements of w skipped: 0 (0.00%)
* Elements of w processed with special addition: 1 (10.00%)
* Elements of w remaining: 9 (90.00%)
* UVC proof at step 4
* G1 elements in proof: 2
* G2 elements in proof: 1
* Proof size in bits: 1019
* Cached h poly size: 383
* UVC Prove step 4
* Elements of w skipped: 0 (0.00%)
* Elements of w processed with special addition: 1 (10.00%)
* Elements of w remaining: 9 (90.00%)
* Elements of w skipped: 0 (0.00%)
* Elements of w processed with special addition: 1 (16.67%)
* Elements of w remaining: 5 (83.33%)
* Elements of w skipped: 0 (0.00%)
* Elements of w processed with special addition: 1 (10.00%)
* Elements of w remaining: 9 (90.00%)
* UVC proof at step 4
* G1 elements in proof: 2
* G2 elements in proof: 1
* Proof size in bits: 1019
* Cached h poly size: 383
* UVC Prove step 4
* Elements of w skipped: 0 (0.00%)
* Elements of w processed with special addition: 1 (10.00%)
* Elements of w remaining: 9 (90.00%)
* Elements of w skipped: 0 (0.00%)
* Elements of w processed with special addition: 1 (16.67%)
* Elements of w remaining: 5 (83.33%)
* Elements of w skipped: 0 (0.00%)
* Elements of w processed with special addition: 1 (10.00%)
* Elements of w remaining: 9 (90.00%)
* UVC proof at step 4
* G1 elements in proof: 2
* G2 elements in proof: 1
* Proof size in bits: 1019
* Cached h poly size: 383
* UVC Prove step 4
* Elements of w skipped: 0 (0.00%)
* Elements of w processed with special addition: 1 (10.00%)
* Elements of w remaining: 9 (90.00%)
* Elements of w skipped: 0 (0.00%)
* Elements of w processed with special addition: 1 (16.67%)
* Elements of w remaining: 5 (83.33%)
* Elements of w skipped: 0 (0.00%)
* Elements of w processed with special addition: 1 (10.00%)
* Elements of w remaining: 9 (90.00%)
* UVC proof at step 4
* G1 elements in proof: 2
* G2 elements in proof: 1
* Proof size in bits: 1019
* Cached h poly size: 383
* UVC Prove step 4
* Elements of w skipped: 0 (0.00%)
* Elements of w processed with special addition: 1 (10.00%)
* Elements of w remaining: 9 (90.00%)
* Elements of w skipped: 0 (0.00%)
* Elements of w processed with special addition: 1 (16.67%)
* Elements of w remaining: 5 (83.33%)
* Elements of w skipped: 0 (0.00%)
* Elements of w processed with special addition: 1 (10.00%)
* Elements of w remaining: 9 (90.00%)
* UVC proof at step 4
* G1 elements in proof: 2
* G2 elements in proof: 1
* Proof size in bits: 1019
* Cached h poly size: 383
* UVC Prove step 4
* Elements of w skipped: 0 (0.00%)
* Elements of w processed with special addition: 1 (10.00%)
* Elements of w remaining: 9 (90.00%)
* Elements of w skipped: 0 (0.00%)
* Elements of w processed with special addition: 1 (16.67%)
* Elements of w remaining: 5 (83.33%)
* Elements of w skipped: 0 (0.00%)
* Elements of w processed with special addition: 1 (10.00%)
* Elements of w remaining: 9 (90.00%)
* UVC proof at step 4
* G1 elements in proof: 2
* G2 elements in proof: 1
* Proof size in bits: 1019
* Cached h poly size: 383
* UVC Prove step 4
* Elements of w skipped: 0 (0.00%)
* Elements of w processed with special addition: 1 (10.00%)
* Elements of w remaining: 9 (90.00%)
* Elements of w skipped: 0 (0.00%)
* Elements of w processed with special addition: 1 (16.67%)
* Elements of w remaining: 5 (83.33%)
* Elements of w skipped: 0 (0.00%)
* Elements of w processed with special addition: 1 (10.00%)
* Elements of w remaining: 9 (90.00%)
* UVC proof at step 4
* G1 elements in proof: 2
* G2 elements in proof: 1
* Proof size in bits: 1019
* Cached h poly size: 383
* UVC Prove step 4
* Elements of w skipped: 0 (0.00%)
* Elements of w processed with special addition: 1 (10.00%)
* Elements of w remaining: 9 (90.00%)
* Elements of w skipped: 0 (0.00%)
* Elements of w processed with special addition: 1 (16.67%)
* Elements of w remaining: 5 (83.33%)
* Elements of w skipped: 0 (0.00%)
* Elements of w processed with special addition: 1 (10.00%)
* Elements of w remaining: 9 (90.00%)
* UVC proof at step 4
* G1 elements in proof: 2
* G2 elements in proof: 1
* Proof size in bits: 1019
* Cached h poly size: 383
* UVC Prove step 4
* Elements of w skipped: 0 (0.00%)
* Elements of w processed with special addition: 1 (10.00%)
* Elements of w remaining: 9 (90.00%)
* Elements of w skipped: 0 (0.00%)
* Elements of w processed with special addition: 1 (16.67%)
* Elements of w remaining: 5 (83.33%)
* Elements of w skipped: 0 (0.00%)
* Elements of w processed with special addition: 1 (10.00%)
* Elements of w remaining: 9 (90.00%)
* UVC proof at step 4
* G1 elements in proof: 2
* G2 elements in proof: 1
* Proof size in bits: 1019
* Cached h poly size: 383
* UVC Prove step 4
* Elements of w skipped: 0 (0.00%)
* Elements of w processed with special addition: 1 (10.00%)
* Elements of w remaining: 9 (90.00%)
* Elements of w skipped: 0 (0.00%)
* Elements of w processed with special addition: 1 (16.67%)
* Elements of w remaining: 5 (83.33%)
* Elements of w skipped: 0 (0.00%)
* Elements of w processed with special addition: 1 (10.00%)
* Elements of w remaining: 9 (90.00%)
* UVC proof at step 4
* G1 elements in proof: 2
* G2 elements in proof: 1
* Proof size in bits: 1019
* Cached h poly size: 383
* UVC Verify step 4: PASS
* UVC Verify step 4: PASS
* UVC Verify step 4: PASS
* UVC Verify step 4: PASS
* UVC Verify step 4: PASS
* UVC Verify step 4: PASS
* UVC Verify step 4: PASS
* UVC Verify step 4: PASS
* UVC Verify step 4: PASS
* UVC Verify step 4: PASS
  4       15.13         2.71          1019          PASS      
* UVC Prove step 8
* Elements of w skipped: 0 (0.00%)
* Elements of w processed with special addition: 1 (10.00%)
* Elements of w remaining: 9 (90.00%)
* Elements of w skipped: 0 (0.00%)
* Elements of w processed with special addition: 1 (16.67%)
* Elements of w remaining: 5 (83.33%)
* Elements of w skipped: 0 (0.00%)
* Elements of w processed with special addition: 1 (10.00%)
* Elements of w remaining: 9 (90.00%)
* UVC proof at step 8
* G1 elements in proof: 2
* G2 elements in proof: 1
* Proof size in bits: 1019
* Cached h poly size: 383
* UVC Prove step 8
* Elements of w skipped: 0 (0.00%)
* Elements of w processed with special addition: 1 (10.00%)
* Elements of w remaining: 9 (90.00%)
* Elements of w skipped: 0 (0.00%)
* Elements of w processed with special addition: 1 (16.67%)
* Elements of w remaining: 5 (83.33%)
* Elements of w skipped: 0 (0.00%)
* Elements of w processed with special addition: 1 (10.00%)
* Elements of w remaining: 9 (90.00%)
* UVC proof at step 8
* G1 elements in proof: 2
* G2 elements in proof: 1
* Proof size in bits: 1019
* Cached h poly size: 383
* UVC Prove step 8
* Elements of w skipped: 0 (0.00%)
* Elements of w processed with special addition: 1 (10.00%)
* Elements of w remaining: 9 (90.00%)
* Elements of w skipped: 0 (0.00%)
* Elements of w processed with special addition: 1 (16.67%)
* Elements of w remaining: 5 (83.33%)
* Elements of w skipped: 0 (0.00%)
* Elements of w processed with special addition: 1 (10.00%)
* Elements of w remaining: 9 (90.00%)
* UVC proof at step 8
* G1 elements in proof: 2
* G2 elements in proof: 1
* Proof size in bits: 1019
* Cached h poly size: 383
* UVC Prove step 8
* Elements of w skipped: 0 (0.00%)
* Elements of w processed with special addition: 1 (10.00%)
* Elements of w remaining: 9 (90.00%)
* Elements of w skipped: 0 (0.00%)
* Elements of w processed with special addition: 1 (16.67%)
* Elements of w remaining: 5 (83.33%)
* Elements of w skipped: 0 (0.00%)
* Elements of w processed with special addition: 1 (10.00%)
* Elements of w remaining: 9 (90.00%)
* UVC proof at step 8
* G1 elements in proof: 2
* G2 elements in proof: 1
* Proof size in bits: 1019
* Cached h poly size: 383
* UVC Prove step 8
* Elements of w skipped: 0 (0.00%)
* Elements of w processed with special addition: 1 (10.00%)
* Elements of w remaining: 9 (90.00%)
* Elements of w skipped: 0 (0.00%)
* Elements of w processed with special addition: 1 (16.67%)
* Elements of w remaining: 5 (83.33%)
* Elements of w skipped: 0 (0.00%)
* Elements of w processed with special addition: 1 (10.00%)
* Elements of w remaining: 9 (90.00%)
* UVC proof at step 8
* G1 elements in proof: 2
* G2 elements in proof: 1
* Proof size in bits: 1019
* Cached h poly size: 383
* UVC Prove step 8
* Elements of w skipped: 0 (0.00%)
* Elements of w processed with special addition: 1 (10.00%)
* Elements of w remaining: 9 (90.00%)
* Elements of w skipped: 0 (0.00%)
* Elements of w processed with special addition: 1 (16.67%)
* Elements of w remaining: 5 (83.33%)
* Elements of w skipped: 0 (0.00%)
* Elements of w processed with special addition: 1 (10.00%)
* Elements of w remaining: 9 (90.00%)
* UVC proof at step 8
* G1 elements in proof: 2
* G2 elements in proof: 1
* Proof size in bits: 1019
* Cached h poly size: 383
* UVC Prove step 8
* Elements of w skipped: 0 (0.00%)
* Elements of w processed with special addition: 1 (10.00%)
* Elements of w remaining: 9 (90.00%)
* Elements of w skipped: 0 (0.00%)
* Elements of w processed with special addition: 1 (16.67%)
* Elements of w remaining: 5 (83.33%)
* Elements of w skipped: 0 (0.00%)
* Elements of w processed with special addition: 1 (10.00%)
* Elements of w remaining: 9 (90.00%)
* UVC proof at step 8
* G1 elements in proof: 2
* G2 elements in proof: 1
* Proof size in bits: 1019
* Cached h poly size: 383
* UVC Prove step 8
* Elements of w skipped: 0 (0.00%)
* Elements of w processed with special addition: 1 (10.00%)
* Elements of w remaining: 9 (90.00%)
* Elements of w skipped: 0 (0.00%)
* Elements of w processed with special addition: 1 (16.67%)
* Elements of w remaining: 5 (83.33%)
* Elements of w skipped: 0 (0.00%)
* Elements of w processed with special addition: 1 (10.00%)
* Elements of w remaining: 9 (90.00%)
* UVC proof at step 8
* G1 elements in proof: 2
* G2 elements in proof: 1
* Proof size in bits: 1019
* Cached h poly size: 383
* UVC Prove step 8
* Elements of w skipped: 0 (0.00%)
* Elements of w processed with special addition: 1 (10.00%)
* Elements of w remaining: 9 (90.00%)
* Elements of w skipped: 0 (0.00%)
* Elements of w processed with special addition: 1 (16.67%)
* Elements of w remaining: 5 (83.33%)
* Elements of w skipped: 0 (0.00%)
* Elements of w processed with special addition: 1 (10.00%)
* Elements of w remaining: 9 (90.00%)
* UVC proof at step 8
* G1 elements in proof: 2
* G2 elements in proof: 1
* Proof size in bits: 1019
* Cached h poly size: 383
* UVC Prove step 8
* Elements of w skipped: 0 (0.00%)
* Elements of w processed with special addition: 1 (10.00%)
* Elements of w remaining: 9 (90.00%)
* Elements of w skipped: 0 (0.00%)
* Elements of w processed with special addition: 1 (16.67%)
* Elements of w remaining: 5 (83.33%)
* Elements of w skipped: 0 (0.00%)
* Elements of w processed with special addition: 1 (10.00%)
* Elements of w remaining: 9 (90.00%)
* UVC proof at step 8
* G1 elements in proof: 2
* G2 elements in proof: 1
* Proof size in bits: 1019
* Cached h poly size: 383
* UVC Verify step 8: PASS
* UVC Verify step 8: PASS
* UVC Verify step 8: PASS
* UVC Verify step 8: PASS
* UVC Verify step 8: PASS
* UVC Verify step 8: PASS
* UVC Verify step 8: PASS
* UVC Verify step 8: PASS
* UVC Verify step 8: PASS
* UVC Verify step 8: PASS
  8       15.32         2.73          1019          PASS      
* UVC Prove step 16
* Elements of w skipped: 0 (0.00%)
* Elements of w processed with special addition: 1 (10.00%)
* Elements of w remaining: 9 (90.00%)
* Elements of w skipped: 0 (0.00%)
* Elements of w processed with special addition: 1 (16.67%)
* Elements of w remaining: 5 (83.33%)
* Elements of w skipped: 0 (0.00%)
* Elements of w processed with special addition: 1 (10.00%)
* Elements of w remaining: 9 (90.00%)
* UVC proof at step 16
* G1 elements in proof: 2
* G2 elements in proof: 1
* Proof size in bits: 1019
* Cached h poly size: 383
* UVC Prove step 16
* Elements of w skipped: 0 (0.00%)
* Elements of w processed with special addition: 1 (10.00%)
* Elements of w remaining: 9 (90.00%)
* Elements of w skipped: 0 (0.00%)
* Elements of w processed with special addition: 1 (16.67%)
* Elements of w remaining: 5 (83.33%)
* Elements of w skipped: 0 (0.00%)
* Elements of w processed with special addition: 1 (10.00%)
* Elements of w remaining: 9 (90.00%)
* UVC proof at step 16
* G1 elements in proof: 2
* G2 elements in proof: 1
* Proof size in bits: 1019
* Cached h poly size: 383
* UVC Prove step 16
* Elements of w skipped: 0 (0.00%)
* Elements of w processed with special addition: 1 (10.00%)
* Elements of w remaining: 9 (90.00%)
* Elements of w skipped: 0 (0.00%)
* Elements of w processed with special addition: 1 (16.67%)
* Elements of w remaining: 5 (83.33%)
* Elements of w skipped: 0 (0.00%)
* Elements of w processed with special addition: 1 (10.00%)
* Elements of w remaining: 9 (90.00%)
* UVC proof at step 16
* G1 elements in proof: 2
* G2 elements in proof: 1
* Proof size in bits: 1019
* Cached h poly size: 383
* UVC Prove step 16
* Elements of w skipped: 0 (0.00%)
* Elements of w processed with special addition: 1 (10.00%)
* Elements of w remaining: 9 (90.00%)
* Elements of w skipped: 0 (0.00%)
* Elements of w processed with special addition: 1 (16.67%)
* Elements of w remaining: 5 (83.33%)
* Elements of w skipped: 0 (0.00%)
* Elements of w processed with special addition: 1 (10.00%)
* Elements of w remaining: 9 (90.00%)
* UVC proof at step 16
* G1 elements in proof: 2
* G2 elements in proof: 1
* Proof size in bits: 1019
* Cached h poly size: 383
* UVC Prove step 16
* Elements of w skipped: 0 (0.00%)
* Elements of w processed with special addition: 1 (10.00%)
* Elements of w remaining: 9 (90.00%)
* Elements of w skipped: 0 (0.00%)
* Elements of w processed with special addition: 1 (16.67%)
* Elements of w remaining: 5 (83.33%)
* Elements of w skipped: 0 (0.00%)
* Elements of w processed with special addition: 1 (10.00%)
* Elements of w remaining: 9 (90.00%)
* UVC proof at step 16
* G1 elements in proof: 2
* G2 elements in proof: 1
* Proof size in bits: 1019
* Cached h poly size: 383
* UVC Prove step 16
* Elements of w skipped: 0 (0.00%)
* Elements of w processed with special addition: 1 (10.00%)
* Elements of w remaining: 9 (90.00%)
* Elements of w skipped: 0 (0.00%)
* Elements of w processed with special addition: 1 (16.67%)
* Elements of w remaining: 5 (83.33%)
* Elements of w skipped: 0 (0.00%)
* Elements of w processed with special addition: 1 (10.00%)
* Elements of w remaining: 9 (90.00%)
* UVC proof at step 16
* G1 elements in proof: 2
* G2 elements in proof: 1
* Proof size in bits: 1019
* Cached h poly size: 383
* UVC Prove step 16
* Elements of w skipped: 0 (0.00%)
* Elements of w processed with special addition: 1 (10.00%)
* Elements of w remaining: 9 (90.00%)
* Elements of w skipped: 0 (0.00%)
* Elements of w processed with special addition: 1 (16.67%)
* Elements of w remaining: 5 (83.33%)
* Elements of w skipped: 0 (0.00%)
* Elements of w processed with special addition: 1 (10.00%)
* Elements of w remaining: 9 (90.00%)
* UVC proof at step 16
* G1 elements in proof: 2
* G2 elements in proof: 1
* Proof size in bits: 1019
* Cached h poly size: 383
* UVC Prove step 16
* Elements of w skipped: 0 (0.00%)
* Elements of w processed with special addition: 1 (10.00%)
* Elements of w remaining: 9 (90.00%)
* Elements of w skipped: 0 (0.00%)
* Elements of w processed with special addition: 1 (16.67%)
* Elements of w remaining: 5 (83.33%)
* Elements of w skipped: 0 (0.00%)
* Elements of w processed with special addition: 1 (10.00%)
* Elements of w remaining: 9 (90.00%)
* UVC proof at step 16
* G1 elements in proof: 2
* G2 elements in proof: 1
* Proof size in bits: 1019
* Cached h poly size: 383
* UVC Prove step 16
* Elements of w skipped: 0 (0.00%)
* Elements of w processed with special addition: 1 (10.00%)
* Elements of w remaining: 9 (90.00%)
* Elements of w skipped: 0 (0.00%)
* Elements of w processed with special addition: 1 (16.67%)
* Elements of w remaining: 5 (83.33%)
* Elements of w skipped: 0 (0.00%)
* Elements of w processed with special addition: 1 (10.00%)
* Elements of w remaining: 9 (90.00%)
* UVC proof at step 16
* G1 elements in proof: 2
* G2 elements in proof: 1
* Proof size in bits: 1019
* Cached h poly size: 383
* UVC Prove step 16
* Elements of w skipped: 0 (0.00%)
* Elements of w processed with special addition: 1 (10.00%)
* Elements of w remaining: 9 (90.00%)
* Elements of w skipped: 0 (0.00%)
* Elements of w processed with special addition: 1 (16.67%)
* Elements of w remaining: 5 (83.33%)
* Elements of w skipped: 0 (0.00%)
* Elements of w processed with special addition: 1 (10.00%)
* Elements of w remaining: 9 (90.00%)
* UVC proof at step 16
* G1 elements in proof: 2
* G2 elements in proof: 1
* Proof size in bits: 1019
* Cached h poly size: 383
* UVC Verify step 16: PASS
* UVC Verify step 16: PASS
* UVC Verify step 16: PASS
* UVC Verify step 16: PASS
* UVC Verify step 16: PASS
* UVC Verify step 16: PASS
* UVC Verify step 16: PASS
* UVC Verify step 16: PASS
* UVC Verify step 16: PASS
* UVC Verify step 16: PASS
  16      15.24         2.71          1019          PASS      
* UVC Prove step 32
* Elements of w skipped: 0 (0.00%)
* Elements of w processed with special addition: 1 (10.00%)
* Elements of w remaining: 9 (90.00%)
* Elements of w skipped: 0 (0.00%)
* Elements of w processed with special addition: 1 (16.67%)
* Elements of w remaining: 5 (83.33%)
* Elements of w skipped: 0 (0.00%)
* Elements of w processed with special addition: 1 (10.00%)
* Elements of w remaining: 9 (90.00%)
* UVC proof at step 32
* G1 elements in proof: 2
* G2 elements in proof: 1
* Proof size in bits: 1019
* Cached h poly size: 383
* UVC Prove step 32
* Elements of w skipped: 0 (0.00%)
* Elements of w processed with special addition: 1 (10.00%)
* Elements of w remaining: 9 (90.00%)
* Elements of w skipped: 0 (0.00%)
* Elements of w processed with special addition: 1 (16.67%)
* Elements of w remaining: 5 (83.33%)
* Elements of w skipped: 0 (0.00%)
* Elements of w processed with special addition: 1 (10.00%)
* Elements of w remaining: 9 (90.00%)
* UVC proof at step 32
* G1 elements in proof: 2
* G2 elements in proof: 1
* Proof size in bits: 1019
* Cached h poly size: 383
* UVC Prove step 32
* Elements of w skipped: 0 (0.00%)
* Elements of w processed with special addition: 1 (10.00%)
* Elements of w remaining: 9 (90.00%)
* Elements of w skipped: 0 (0.00%)
* Elements of w processed with special addition: 1 (16.67%)
* Elements of w remaining: 5 (83.33%)
* Elements of w skipped: 0 (0.00%)
* Elements of w processed with special addition: 1 (10.00%)
* Elements of w remaining: 9 (90.00%)
* UVC proof at step 32
* G1 elements in proof: 2
* G2 elements in proof: 1
* Proof size in bits: 1019
* Cached h poly size: 383
* UVC Prove step 32
* Elements of w skipped: 0 (0.00%)
* Elements of w processed with special addition: 1 (10.00%)
* Elements of w remaining: 9 (90.00%)
* Elements of w skipped: 0 (0.00%)
* Elements of w processed with special addition: 1 (16.67%)
* Elements of w remaining: 5 (83.33%)
* Elements of w skipped: 0 (0.00%)
* Elements of w processed with special addition: 1 (10.00%)
* Elements of w remaining: 9 (90.00%)
* UVC proof at step 32
* G1 elements in proof: 2
* G2 elements in proof: 1
* Proof size in bits: 1019
* Cached h poly size: 383
* UVC Prove step 32
* Elements of w skipped: 0 (0.00%)
* Elements of w processed with special addition: 1 (10.00%)
* Elements of w remaining: 9 (90.00%)
* Elements of w skipped: 0 (0.00%)
* Elements of w processed with special addition: 1 (16.67%)
* Elements of w remaining: 5 (83.33%)
* Elements of w skipped: 0 (0.00%)
* Elements of w processed with special addition: 1 (10.00%)
* Elements of w remaining: 9 (90.00%)
* UVC proof at step 32
* G1 elements in proof: 2
* G2 elements in proof: 1
* Proof size in bits: 1019
* Cached h poly size: 383
* UVC Prove step 32
* Elements of w skipped: 0 (0.00%)
* Elements of w processed with special addition: 1 (10.00%)
* Elements of w remaining: 9 (90.00%)
* Elements of w skipped: 0 (0.00%)
* Elements of w processed with special addition: 1 (16.67%)
* Elements of w remaining: 5 (83.33%)
* Elements of w skipped: 0 (0.00%)
* Elements of w processed with special addition: 1 (10.00%)
* Elements of w remaining: 9 (90.00%)
* UVC proof at step 32
* G1 elements in proof: 2
* G2 elements in proof: 1
* Proof size in bits: 1019
* Cached h poly size: 383
* UVC Prove step 32
* Elements of w skipped: 0 (0.00%)
* Elements of w processed with special addition: 1 (10.00%)
* Elements of w remaining: 9 (90.00%)
* Elements of w skipped: 0 (0.00%)
* Elements of w processed with special addition: 1 (16.67%)
* Elements of w remaining: 5 (83.33%)
* Elements of w skipped: 0 (0.00%)
* Elements of w processed with special addition: 1 (10.00%)
* Elements of w remaining: 9 (90.00%)
* UVC proof at step 32
* G1 elements in proof: 2
* G2 elements in proof: 1
* Proof size in bits: 1019
* Cached h poly size: 383
* UVC Prove step 32
* Elements of w skipped: 0 (0.00%)
* Elements of w processed with special addition: 1 (10.00%)
* Elements of w remaining: 9 (90.00%)
* Elements of w skipped: 0 (0.00%)
* Elements of w processed with special addition: 1 (16.67%)
* Elements of w remaining: 5 (83.33%)
* Elements of w skipped: 0 (0.00%)
* Elements of w processed with special addition: 1 (10.00%)
* Elements of w remaining: 9 (90.00%)
* UVC proof at step 32
* G1 elements in proof: 2
* G2 elements in proof: 1
* Proof size in bits: 1019
* Cached h poly size: 383
* UVC Prove step 32
* Elements of w skipped: 0 (0.00%)
* Elements of w processed with special addition: 1 (10.00%)
* Elements of w remaining: 9 (90.00%)
* Elements of w skipped: 0 (0.00%)
* Elements of w processed with special addition: 1 (16.67%)
* Elements of w remaining: 5 (83.33%)
* Elements of w skipped: 0 (0.00%)
* Elements of w processed with special addition: 1 (10.00%)
* Elements of w remaining: 9 (90.00%)
* UVC proof at step 32
* G1 elements in proof: 2
* G2 elements in proof: 1
* Proof size in bits: 1019
* Cached h poly size: 383
* UVC Prove step 32
* Elements of w skipped: 0 (0.00%)
* Elements of w processed with special addition: 1 (10.00%)
* Elements of w remaining: 9 (90.00%)
* Elements of w skipped: 0 (0.00%)
* Elements of w processed with special addition: 1 (16.67%)
* Elements of w remaining: 5 (83.33%)
* Elements of w skipped: 0 (0.00%)
* Elements of w processed with special addition: 1 (10.00%)
* Elements of w remaining: 9 (90.00%)
* UVC proof at step 32
* G1 elements in proof: 2
* G2 elements in proof: 1
* Proof size in bits: 1019
* Cached h poly size: 383
* UVC Verify step 32: PASS
* UVC Verify step 32: PASS
* UVC Verify step 32: PASS
* UVC Verify step 32: PASS
* UVC Verify step 32: PASS
* UVC Verify step 32: PASS
* UVC Verify step 32: PASS
* UVC Verify step 32: PASS
* UVC Verify step 32: PASS
* UVC Verify step 32: PASS
  32      15.24         2.72          1019          PASS      
* UVC Prove step 64
* Elements of w skipped: 0 (0.00%)
* Elements of w processed with special addition: 1 (10.00%)
* Elements of w remaining: 9 (90.00%)
* Elements of w skipped: 0 (0.00%)
* Elements of w processed with special addition: 1 (20.00%)
* Elements of w remaining: 4 (80.00%)
* Elements of w skipped: 0 (0.00%)
* Elements of w processed with special addition: 1 (10.00%)
* Elements of w remaining: 9 (90.00%)
* UVC proof at step 64
* G1 elements in proof: 2
* G2 elements in proof: 1
* Proof size in bits: 1019
* Cached h poly size: 383
* UVC Prove step 64
* Elements of w skipped: 0 (0.00%)
* Elements of w processed with special addition: 1 (10.00%)
* Elements of w remaining: 9 (90.00%)
* Elements of w skipped: 0 (0.00%)
* Elements of w processed with special addition: 1 (20.00%)
* Elements of w remaining: 4 (80.00%)
* Elements of w skipped: 0 (0.00%)
* Elements of w processed with special addition: 1 (10.00%)
* Elements of w remaining: 9 (90.00%)
* UVC proof at step 64
* G1 elements in proof: 2
* G2 elements in proof: 1
* Proof size in bits: 1019
* Cached h poly size: 383
* UVC Prove step 64
* Elements of w skipped: 0 (0.00%)
* Elements of w processed with special addition: 1 (10.00%)
* Elements of w remaining: 9 (90.00%)
* Elements of w skipped: 0 (0.00%)
* Elements of w processed with special addition: 1 (20.00%)
* Elements of w remaining: 4 (80.00%)
* Elements of w skipped: 0 (0.00%)
* Elements of w processed with special addition: 1 (10.00%)
* Elements of w remaining: 9 (90.00%)
* UVC proof at step 64
* G1 elements in proof: 2
* G2 elements in proof: 1
* Proof size in bits: 1019
* Cached h poly size: 383
* UVC Prove step 64
* Elements of w skipped: 0 (0.00%)
* Elements of w processed with special addition: 1 (10.00%)
* Elements of w remaining: 9 (90.00%)
* Elements of w skipped: 0 (0.00%)
* Elements of w processed with special addition: 1 (20.00%)
* Elements of w remaining: 4 (80.00%)
* Elements of w skipped: 0 (0.00%)
* Elements of w processed with special addition: 1 (10.00%)
* Elements of w remaining: 9 (90.00%)
* UVC proof at step 64
* G1 elements in proof: 2
* G2 elements in proof: 1
* Proof size in bits: 1019
* Cached h poly size: 383
* UVC Prove step 64
* Elements of w skipped: 0 (0.00%)
* Elements of w processed with special addition: 1 (10.00%)
* Elements of w remaining: 9 (90.00%)
* Elements of w skipped: 0 (0.00%)
* Elements of w processed with special addition: 1 (20.00%)
* Elements of w remaining: 4 (80.00%)
* Elements of w skipped: 0 (0.00%)
* Elements of w processed with special addition: 1 (10.00%)
* Elements of w remaining: 9 (90.00%)
* UVC proof at step 64
* G1 elements in proof: 2
* G2 elements in proof: 1
* Proof size in bits: 1019
* Cached h poly size: 383
* UVC Prove step 64
* Elements of w skipped: 0 (0.00%)
* Elements of w processed with special addition: 1 (10.00%)
* Elements of w remaining: 9 (90.00%)
* Elements of w skipped: 0 (0.00%)
* Elements of w processed with special addition: 1 (20.00%)
* Elements of w remaining: 4 (80.00%)
* Elements of w skipped: 0 (0.00%)
* Elements of w processed with special addition: 1 (10.00%)
* Elements of w remaining: 9 (90.00%)
* UVC proof at step 64
* G1 elements in proof: 2
* G2 elements in proof: 1
* Proof size in bits: 1019
* Cached h poly size: 383
* UVC Prove step 64
* Elements of w skipped: 0 (0.00%)
* Elements of w processed with special addition: 1 (10.00%)
* Elements of w remaining: 9 (90.00%)
* Elements of w skipped: 0 (0.00%)
* Elements of w processed with special addition: 1 (20.00%)
* Elements of w remaining: 4 (80.00%)
* Elements of w skipped: 0 (0.00%)
* Elements of w processed with special addition: 1 (10.00%)
* Elements of w remaining: 9 (90.00%)
* UVC proof at step 64
* G1 elements in proof: 2
* G2 elements in proof: 1
* Proof size in bits: 1019
* Cached h poly size: 383
* UVC Prove step 64
* Elements of w skipped: 0 (0.00%)
* Elements of w processed with special addition: 1 (10.00%)
* Elements of w remaining: 9 (90.00%)
* Elements of w skipped: 0 (0.00%)
* Elements of w processed with special addition: 1 (20.00%)
* Elements of w remaining: 4 (80.00%)
* Elements of w skipped: 0 (0.00%)
* Elements of w processed with special addition: 1 (10.00%)
* Elements of w remaining: 9 (90.00%)
* UVC proof at step 64
* G1 elements in proof: 2
* G2 elements in proof: 1
* Proof size in bits: 1019
* Cached h poly size: 383
* UVC Prove step 64
* Elements of w skipped: 0 (0.00%)
* Elements of w processed with special addition: 1 (10.00%)
* Elements of w remaining: 9 (90.00%)
* Elements of w skipped: 0 (0.00%)
* Elements of w processed with special addition: 1 (20.00%)
* Elements of w remaining: 4 (80.00%)
* Elements of w skipped: 0 (0.00%)
* Elements of w processed with special addition: 1 (10.00%)
* Elements of w remaining: 9 (90.00%)
* UVC proof at step 64
* G1 elements in proof: 2
* G2 elements in proof: 1
* Proof size in bits: 1019
* Cached h poly size: 383
* UVC Prove step 64
* Elements of w skipped: 0 (0.00%)
* Elements of w processed with special addition: 1 (10.00%)
* Elements of w remaining: 9 (90.00%)
* Elements of w skipped: 0 (0.00%)
* Elements of w processed with special addition: 1 (20.00%)
* Elements of w remaining: 4 (80.00%)
* Elements of w skipped: 0 (0.00%)
* Elements of w processed with special addition: 1 (10.00%)
* Elements of w remaining: 9 (90.00%)
* UVC proof at step 64
* G1 elements in proof: 2
* G2 elements in proof: 1
* Proof size in bits: 1019
* Cached h poly size: 383
* UVC Verify step 64: PASS
* UVC Verify step 64: PASS
* UVC Verify step 64: PASS
* UVC Verify step 64: PASS
* UVC Verify step 64: PASS
* UVC Verify step 64: PASS
* UVC Verify step 64: PASS
* UVC Verify step 64: PASS
* UVC Verify step 64: PASS
* UVC Verify step 64: PASS
  64      15.02         2.67          1019          PASS      

  UVC results written to /Users/heewonchung/Documents/00-Research/active/Updatable Verifiable Computation/Dev/results/2026-03-09_203431_iot/csv/uvc_results.csv

================================================================
Groth16 Benchmark: circuit=sensor_fusion, n=4, B=64
================================================================

  Step    C_j constr  Setup (ms)    Prove (ms)    Verify (ms)   Verified  
  ------  ----------  ------------  ------------  ------------  ----------
* Composed C_1: 5 constraints, 11 variables, 6 inputs
* QAP number of variables: 11
* QAP pre degree: 5
* QAP degree: 12
* QAP number of input variables: 6
* G1 window: 3
* G2 window: 2
* G1 elements in PK: 41
* Non-zero G1 elements in PK: 34
* G2 elements in PK: 13
* Non-zero G2 elements in PK: 6
* PK size in bits: 12044
* G1 elements in VK: 6
* G2 elements in VK: 2
* GT elements in VK: 1
* VK size in bits: 3187
* Elements of w skipped: 1 (8.33%)
* Elements of w processed with special addition: 3 (25.00%)
* Elements of w remaining: 8 (66.67%)
* Elements of w skipped: 0 (0.00%)
* Elements of w processed with special addition: 2 (40.00%)
* Elements of w remaining: 3 (60.00%)
* Elements of w skipped: 0 (0.00%)
* Elements of w processed with special addition: 0 (0.00%)
* Elements of w remaining: 5 (100.00%)
* G1 elements in proof: 2
* G2 elements in proof: 1
* Proof size in bits: 1019
* Elements of w skipped: 1 (8.33%)
* Elements of w processed with special addition: 3 (25.00%)
* Elements of w remaining: 8 (66.67%)
* Elements of w skipped: 0 (0.00%)
* Elements of w processed with special addition: 2 (40.00%)
* Elements of w remaining: 3 (60.00%)
* Elements of w skipped: 0 (0.00%)
* Elements of w processed with special addition: 0 (0.00%)
* Elements of w remaining: 5 (100.00%)
* G1 elements in proof: 2
* G2 elements in proof: 1
* Proof size in bits: 1019
* Elements of w skipped: 1 (8.33%)
* Elements of w processed with special addition: 3 (25.00%)
* Elements of w remaining: 8 (66.67%)
* Elements of w skipped: 0 (0.00%)
* Elements of w processed with special addition: 2 (40.00%)
* Elements of w remaining: 3 (60.00%)
* Elements of w skipped: 0 (0.00%)
* Elements of w processed with special addition: 0 (0.00%)
* Elements of w remaining: 5 (100.00%)
* G1 elements in proof: 2
* G2 elements in proof: 1
* Proof size in bits: 1019
* Elements of w skipped: 1 (8.33%)
* Elements of w processed with special addition: 3 (25.00%)
* Elements of w remaining: 8 (66.67%)
* Elements of w skipped: 0 (0.00%)
* Elements of w processed with special addition: 2 (40.00%)
* Elements of w remaining: 3 (60.00%)
* Elements of w skipped: 0 (0.00%)
* Elements of w processed with special addition: 0 (0.00%)
* Elements of w remaining: 5 (100.00%)
* G1 elements in proof: 2
* G2 elements in proof: 1
* Proof size in bits: 1019
* Elements of w skipped: 1 (8.33%)
* Elements of w processed with special addition: 3 (25.00%)
* Elements of w remaining: 8 (66.67%)
* Elements of w skipped: 0 (0.00%)
* Elements of w processed with special addition: 2 (40.00%)
* Elements of w remaining: 3 (60.00%)
* Elements of w skipped: 0 (0.00%)
* Elements of w processed with special addition: 0 (0.00%)
* Elements of w remaining: 5 (100.00%)
* G1 elements in proof: 2
* G2 elements in proof: 1
* Proof size in bits: 1019
* Elements of w skipped: 1 (8.33%)
* Elements of w processed with special addition: 3 (25.00%)
* Elements of w remaining: 8 (66.67%)
* Elements of w skipped: 0 (0.00%)
* Elements of w processed with special addition: 2 (40.00%)
* Elements of w remaining: 3 (60.00%)
* Elements of w skipped: 0 (0.00%)
* Elements of w processed with special addition: 0 (0.00%)
* Elements of w remaining: 5 (100.00%)
* G1 elements in proof: 2
* G2 elements in proof: 1
* Proof size in bits: 1019
* Elements of w skipped: 1 (8.33%)
* Elements of w processed with special addition: 3 (25.00%)
* Elements of w remaining: 8 (66.67%)
* Elements of w skipped: 0 (0.00%)
* Elements of w processed with special addition: 2 (40.00%)
* Elements of w remaining: 3 (60.00%)
* Elements of w skipped: 0 (0.00%)
* Elements of w processed with special addition: 0 (0.00%)
* Elements of w remaining: 5 (100.00%)
* G1 elements in proof: 2
* G2 elements in proof: 1
* Proof size in bits: 1019
* Elements of w skipped: 1 (8.33%)
* Elements of w processed with special addition: 3 (25.00%)
* Elements of w remaining: 8 (66.67%)
* Elements of w skipped: 0 (0.00%)
* Elements of w processed with special addition: 2 (40.00%)
* Elements of w remaining: 3 (60.00%)
* Elements of w skipped: 0 (0.00%)
* Elements of w processed with special addition: 0 (0.00%)
* Elements of w remaining: 5 (100.00%)
* G1 elements in proof: 2
* G2 elements in proof: 1
* Proof size in bits: 1019
* Elements of w skipped: 1 (8.33%)
* Elements of w processed with special addition: 3 (25.00%)
* Elements of w remaining: 8 (66.67%)
* Elements of w skipped: 0 (0.00%)
* Elements of w processed with special addition: 2 (40.00%)
* Elements of w remaining: 3 (60.00%)
* Elements of w skipped: 0 (0.00%)
* Elements of w processed with special addition: 0 (0.00%)
* Elements of w remaining: 5 (100.00%)
* G1 elements in proof: 2
* G2 elements in proof: 1
* Proof size in bits: 1019
* Elements of w skipped: 1 (8.33%)
* Elements of w processed with special addition: 3 (25.00%)
* Elements of w remaining: 8 (66.67%)
* Elements of w skipped: 0 (0.00%)
* Elements of w processed with special addition: 2 (40.00%)
* Elements of w remaining: 3 (60.00%)
* Elements of w skipped: 0 (0.00%)
* Elements of w processed with special addition: 0 (0.00%)
* Elements of w remaining: 5 (100.00%)
* G1 elements in proof: 2
* G2 elements in proof: 1
* Proof size in bits: 1019
  1       5           9.8           3.51          2.72          PASS      
* Composed C_2: 10 constraints, 21 variables, 6 inputs
* QAP number of variables: 21
* QAP pre degree: 10
* QAP degree: 17
* QAP number of input variables: 6
* G1 window: 4
* G2 window: 3
* G1 elements in PK: 76
* Non-zero G1 elements in PK: 64
* G2 elements in PK: 23
* Non-zero G2 elements in PK: 11
* PK size in bits: 22559
* G1 elements in VK: 6
* G2 elements in VK: 2
* GT elements in VK: 1
* VK size in bits: 3187
* Elements of w skipped: 1 (4.55%)
* Elements of w processed with special addition: 4 (18.18%)
* Elements of w remaining: 17 (77.27%)
* Elements of w skipped: 0 (0.00%)
* Elements of w processed with special addition: 3 (30.00%)
* Elements of w remaining: 7 (70.00%)
* Elements of w skipped: 0 (0.00%)
* Elements of w processed with special addition: 1 (6.67%)
* Elements of w remaining: 14 (93.33%)
* G1 elements in proof: 2
* G2 elements in proof: 1
* Proof size in bits: 1019
* Elements of w skipped: 1 (4.55%)
* Elements of w processed with special addition: 4 (18.18%)
* Elements of w remaining: 17 (77.27%)
* Elements of w skipped: 0 (0.00%)
* Elements of w processed with special addition: 3 (30.00%)
* Elements of w remaining: 7 (70.00%)
* Elements of w skipped: 0 (0.00%)
* Elements of w processed with special addition: 1 (6.67%)
* Elements of w remaining: 14 (93.33%)
* G1 elements in proof: 2
* G2 elements in proof: 1
* Proof size in bits: 1019
* Elements of w skipped: 1 (4.55%)
* Elements of w processed with special addition: 4 (18.18%)
* Elements of w remaining: 17 (77.27%)
* Elements of w skipped: 0 (0.00%)
* Elements of w processed with special addition: 3 (30.00%)
* Elements of w remaining: 7 (70.00%)
* Elements of w skipped: 0 (0.00%)
* Elements of w processed with special addition: 1 (6.67%)
* Elements of w remaining: 14 (93.33%)
* G1 elements in proof: 2
* G2 elements in proof: 1
* Proof size in bits: 1019
* Elements of w skipped: 1 (4.55%)
* Elements of w processed with special addition: 4 (18.18%)
* Elements of w remaining: 17 (77.27%)
* Elements of w skipped: 0 (0.00%)
* Elements of w processed with special addition: 3 (30.00%)
* Elements of w remaining: 7 (70.00%)
* Elements of w skipped: 0 (0.00%)
* Elements of w processed with special addition: 1 (6.67%)
* Elements of w remaining: 14 (93.33%)
* G1 elements in proof: 2
* G2 elements in proof: 1
* Proof size in bits: 1019
* Elements of w skipped: 1 (4.55%)
* Elements of w processed with special addition: 4 (18.18%)
* Elements of w remaining: 17 (77.27%)
* Elements of w skipped: 0 (0.00%)
* Elements of w processed with special addition: 3 (30.00%)
* Elements of w remaining: 7 (70.00%)
* Elements of w skipped: 0 (0.00%)
* Elements of w processed with special addition: 1 (6.67%)
* Elements of w remaining: 14 (93.33%)
* G1 elements in proof: 2
* G2 elements in proof: 1
* Proof size in bits: 1019
* Elements of w skipped: 1 (4.55%)
* Elements of w processed with special addition: 4 (18.18%)
* Elements of w remaining: 17 (77.27%)
* Elements of w skipped: 0 (0.00%)
* Elements of w processed with special addition: 3 (30.00%)
* Elements of w remaining: 7 (70.00%)
* Elements of w skipped: 0 (0.00%)
* Elements of w processed with special addition: 1 (6.67%)
* Elements of w remaining: 14 (93.33%)
* G1 elements in proof: 2
* G2 elements in proof: 1
* Proof size in bits: 1019
* Elements of w skipped: 1 (4.55%)
* Elements of w processed with special addition: 4 (18.18%)
* Elements of w remaining: 17 (77.27%)
* Elements of w skipped: 0 (0.00%)
* Elements of w processed with special addition: 3 (30.00%)
* Elements of w remaining: 7 (70.00%)
* Elements of w skipped: 0 (0.00%)
* Elements of w processed with special addition: 1 (6.67%)
* Elements of w remaining: 14 (93.33%)
* G1 elements in proof: 2
* G2 elements in proof: 1
* Proof size in bits: 1019
* Elements of w skipped: 1 (4.55%)
* Elements of w processed with special addition: 4 (18.18%)
* Elements of w remaining: 17 (77.27%)
* Elements of w skipped: 0 (0.00%)
* Elements of w processed with special addition: 3 (30.00%)
* Elements of w remaining: 7 (70.00%)
* Elements of w skipped: 0 (0.00%)
* Elements of w processed with special addition: 1 (6.67%)
* Elements of w remaining: 14 (93.33%)
* G1 elements in proof: 2
* G2 elements in proof: 1
* Proof size in bits: 1019
* Elements of w skipped: 1 (4.55%)
* Elements of w processed with special addition: 4 (18.18%)
* Elements of w remaining: 17 (77.27%)
* Elements of w skipped: 0 (0.00%)
* Elements of w processed with special addition: 3 (30.00%)
* Elements of w remaining: 7 (70.00%)
* Elements of w skipped: 0 (0.00%)
* Elements of w processed with special addition: 1 (6.67%)
* Elements of w remaining: 14 (93.33%)
* G1 elements in proof: 2
* G2 elements in proof: 1
* Proof size in bits: 1019
* Elements of w skipped: 1 (4.55%)
* Elements of w processed with special addition: 4 (18.18%)
* Elements of w remaining: 17 (77.27%)
* Elements of w skipped: 0 (0.00%)
* Elements of w processed with special addition: 3 (30.00%)
* Elements of w remaining: 7 (70.00%)
* Elements of w skipped: 0 (0.00%)
* Elements of w processed with special addition: 1 (6.67%)
* Elements of w remaining: 14 (93.33%)
* G1 elements in proof: 2
* G2 elements in proof: 1
* Proof size in bits: 1019
  2       10          11.9          4.87          2.72          PASS      
* Composed C_4: 20 constraints, 41 variables, 6 inputs
* QAP number of variables: 41
* QAP pre degree: 20
* QAP degree: 32
* QAP number of input variables: 6
* G1 window: 5
* G2 window: 3
* G1 elements in PK: 151
* Non-zero G1 elements in PK: 129
* G2 elements in PK: 43
* Non-zero G2 elements in PK: 21
* PK size in bits: 44864
* G1 elements in VK: 6
* G2 elements in VK: 2
* GT elements in VK: 1
* VK size in bits: 3187
* Elements of w skipped: 1 (2.38%)
* Elements of w processed with special addition: 6 (14.29%)
* Elements of w remaining: 35 (83.33%)
* Elements of w skipped: 0 (0.00%)
* Elements of w processed with special addition: 5 (25.00%)
* Elements of w remaining: 15 (75.00%)
* Elements of w skipped: 0 (0.00%)
* Elements of w processed with special addition: 3 (8.57%)
* Elements of w remaining: 32 (91.43%)
* G1 elements in proof: 2
* G2 elements in proof: 1
* Proof size in bits: 1019
* Elements of w skipped: 1 (2.38%)
* Elements of w processed with special addition: 6 (14.29%)
* Elements of w remaining: 35 (83.33%)
* Elements of w skipped: 0 (0.00%)
* Elements of w processed with special addition: 5 (25.00%)
* Elements of w remaining: 15 (75.00%)
* Elements of w skipped: 0 (0.00%)
* Elements of w processed with special addition: 3 (8.57%)
* Elements of w remaining: 32 (91.43%)
* G1 elements in proof: 2
* G2 elements in proof: 1
* Proof size in bits: 1019
* Elements of w skipped: 1 (2.38%)
* Elements of w processed with special addition: 6 (14.29%)
* Elements of w remaining: 35 (83.33%)
* Elements of w skipped: 0 (0.00%)
* Elements of w processed with special addition: 5 (25.00%)
* Elements of w remaining: 15 (75.00%)
* Elements of w skipped: 0 (0.00%)
* Elements of w processed with special addition: 3 (8.57%)
* Elements of w remaining: 32 (91.43%)
* G1 elements in proof: 2
* G2 elements in proof: 1
* Proof size in bits: 1019
* Elements of w skipped: 1 (2.38%)
* Elements of w processed with special addition: 6 (14.29%)
* Elements of w remaining: 35 (83.33%)
* Elements of w skipped: 0 (0.00%)
* Elements of w processed with special addition: 5 (25.00%)
* Elements of w remaining: 15 (75.00%)
* Elements of w skipped: 0 (0.00%)
* Elements of w processed with special addition: 3 (8.57%)
* Elements of w remaining: 32 (91.43%)
* G1 elements in proof: 2
* G2 elements in proof: 1
* Proof size in bits: 1019
* Elements of w skipped: 1 (2.38%)
* Elements of w processed with special addition: 6 (14.29%)
* Elements of w remaining: 35 (83.33%)
* Elements of w skipped: 0 (0.00%)
* Elements of w processed with special addition: 5 (25.00%)
* Elements of w remaining: 15 (75.00%)
* Elements of w skipped: 0 (0.00%)
* Elements of w processed with special addition: 3 (8.57%)
* Elements of w remaining: 32 (91.43%)
* G1 elements in proof: 2
* G2 elements in proof: 1
* Proof size in bits: 1019
* Elements of w skipped: 1 (2.38%)
* Elements of w processed with special addition: 6 (14.29%)
* Elements of w remaining: 35 (83.33%)
* Elements of w skipped: 0 (0.00%)
* Elements of w processed with special addition: 5 (25.00%)
* Elements of w remaining: 15 (75.00%)
* Elements of w skipped: 0 (0.00%)
* Elements of w processed with special addition: 3 (8.57%)
* Elements of w remaining: 32 (91.43%)
* G1 elements in proof: 2
* G2 elements in proof: 1
* Proof size in bits: 1019
* Elements of w skipped: 1 (2.38%)
* Elements of w processed with special addition: 6 (14.29%)
* Elements of w remaining: 35 (83.33%)
* Elements of w skipped: 0 (0.00%)
* Elements of w processed with special addition: 5 (25.00%)
* Elements of w remaining: 15 (75.00%)
* Elements of w skipped: 0 (0.00%)
* Elements of w processed with special addition: 3 (8.57%)
* Elements of w remaining: 32 (91.43%)
* G1 elements in proof: 2
* G2 elements in proof: 1
* Proof size in bits: 1019
* Elements of w skipped: 1 (2.38%)
* Elements of w processed with special addition: 6 (14.29%)
* Elements of w remaining: 35 (83.33%)
* Elements of w skipped: 0 (0.00%)
* Elements of w processed with special addition: 5 (25.00%)
* Elements of w remaining: 15 (75.00%)
* Elements of w skipped: 0 (0.00%)
* Elements of w processed with special addition: 3 (8.57%)
* Elements of w remaining: 32 (91.43%)
* G1 elements in proof: 2
* G2 elements in proof: 1
* Proof size in bits: 1019
* Elements of w skipped: 1 (2.38%)
* Elements of w processed with special addition: 6 (14.29%)
* Elements of w remaining: 35 (83.33%)
* Elements of w skipped: 0 (0.00%)
* Elements of w processed with special addition: 5 (25.00%)
* Elements of w remaining: 15 (75.00%)
* Elements of w skipped: 0 (0.00%)
* Elements of w processed with special addition: 3 (8.57%)
* Elements of w remaining: 32 (91.43%)
* G1 elements in proof: 2
* G2 elements in proof: 1
* Proof size in bits: 1019
* Elements of w skipped: 1 (2.38%)
* Elements of w processed with special addition: 6 (14.29%)
* Elements of w remaining: 35 (83.33%)
* Elements of w skipped: 0 (0.00%)
* Elements of w processed with special addition: 5 (25.00%)
* Elements of w remaining: 15 (75.00%)
* Elements of w skipped: 0 (0.00%)
* Elements of w processed with special addition: 3 (8.57%)
* Elements of w remaining: 32 (91.43%)
* G1 elements in proof: 2
* G2 elements in proof: 1
* Proof size in bits: 1019
  4       20          16.7          6.75          2.73          PASS      
* Composed C_8: 40 constraints, 81 variables, 6 inputs
* QAP number of variables: 81
* QAP pre degree: 40
* QAP degree: 48
* QAP number of input variables: 6
* G1 window: 6
* G2 window: 4
* G1 elements in PK: 287
* Non-zero G1 elements in PK: 245
* G2 elements in PK: 83
* Non-zero G2 elements in PK: 41
* PK size in bits: 85904
* G1 elements in VK: 6
* G2 elements in VK: 2
* GT elements in VK: 1
* VK size in bits: 3187
* Elements of w skipped: 1 (1.22%)
* Elements of w processed with special addition: 10 (12.20%)
* Elements of w remaining: 71 (86.59%)
* Elements of w skipped: 0 (0.00%)
* Elements of w processed with special addition: 9 (22.50%)
* Elements of w remaining: 31 (77.50%)
* Elements of w skipped: 0 (0.00%)
* Elements of w processed with special addition: 7 (9.33%)
* Elements of w remaining: 68 (90.67%)
* G1 elements in proof: 2
* G2 elements in proof: 1
* Proof size in bits: 1019
* Elements of w skipped: 1 (1.22%)
* Elements of w processed with special addition: 10 (12.20%)
* Elements of w remaining: 71 (86.59%)
* Elements of w skipped: 0 (0.00%)
* Elements of w processed with special addition: 9 (22.50%)
* Elements of w remaining: 31 (77.50%)
* Elements of w skipped: 0 (0.00%)
* Elements of w processed with special addition: 7 (9.33%)
* Elements of w remaining: 68 (90.67%)
* G1 elements in proof: 2
* G2 elements in proof: 1
* Proof size in bits: 1019
* Elements of w skipped: 1 (1.22%)
* Elements of w processed with special addition: 10 (12.20%)
* Elements of w remaining: 71 (86.59%)
* Elements of w skipped: 0 (0.00%)
* Elements of w processed with special addition: 9 (22.50%)
* Elements of w remaining: 31 (77.50%)
* Elements of w skipped: 0 (0.00%)
* Elements of w processed with special addition: 7 (9.33%)
* Elements of w remaining: 68 (90.67%)
* G1 elements in proof: 2
* G2 elements in proof: 1
* Proof size in bits: 1019
* Elements of w skipped: 1 (1.22%)
* Elements of w processed with special addition: 10 (12.20%)
* Elements of w remaining: 71 (86.59%)
* Elements of w skipped: 0 (0.00%)
* Elements of w processed with special addition: 9 (22.50%)
* Elements of w remaining: 31 (77.50%)
* Elements of w skipped: 0 (0.00%)
* Elements of w processed with special addition: 7 (9.33%)
* Elements of w remaining: 68 (90.67%)
* G1 elements in proof: 2
* G2 elements in proof: 1
* Proof size in bits: 1019
* Elements of w skipped: 1 (1.22%)
* Elements of w processed with special addition: 10 (12.20%)
* Elements of w remaining: 71 (86.59%)
* Elements of w skipped: 0 (0.00%)
* Elements of w processed with special addition: 9 (22.50%)
* Elements of w remaining: 31 (77.50%)
* Elements of w skipped: 0 (0.00%)
* Elements of w processed with special addition: 7 (9.33%)
* Elements of w remaining: 68 (90.67%)
* G1 elements in proof: 2
* G2 elements in proof: 1
* Proof size in bits: 1019
* Elements of w skipped: 1 (1.22%)
* Elements of w processed with special addition: 10 (12.20%)
* Elements of w remaining: 71 (86.59%)
* Elements of w skipped: 0 (0.00%)
* Elements of w processed with special addition: 9 (22.50%)
* Elements of w remaining: 31 (77.50%)
* Elements of w skipped: 0 (0.00%)
* Elements of w processed with special addition: 7 (9.33%)
* Elements of w remaining: 68 (90.67%)
* G1 elements in proof: 2
* G2 elements in proof: 1
* Proof size in bits: 1019
* Elements of w skipped: 1 (1.22%)
* Elements of w processed with special addition: 10 (12.20%)
* Elements of w remaining: 71 (86.59%)
* Elements of w skipped: 0 (0.00%)
* Elements of w processed with special addition: 9 (22.50%)
* Elements of w remaining: 31 (77.50%)
* Elements of w skipped: 0 (0.00%)
* Elements of w processed with special addition: 7 (9.33%)
* Elements of w remaining: 68 (90.67%)
* G1 elements in proof: 2
* G2 elements in proof: 1
* Proof size in bits: 1019
* Elements of w skipped: 1 (1.22%)
* Elements of w processed with special addition: 10 (12.20%)
* Elements of w remaining: 71 (86.59%)
* Elements of w skipped: 0 (0.00%)
* Elements of w processed with special addition: 9 (22.50%)
* Elements of w remaining: 31 (77.50%)
* Elements of w skipped: 0 (0.00%)
* Elements of w processed with special addition: 7 (9.33%)
* Elements of w remaining: 68 (90.67%)
* G1 elements in proof: 2
* G2 elements in proof: 1
* Proof size in bits: 1019
* Elements of w skipped: 1 (1.22%)
* Elements of w processed with special addition: 10 (12.20%)
* Elements of w remaining: 71 (86.59%)
* Elements of w skipped: 0 (0.00%)
* Elements of w processed with special addition: 9 (22.50%)
* Elements of w remaining: 31 (77.50%)
* Elements of w skipped: 0 (0.00%)
* Elements of w processed with special addition: 7 (9.33%)
* Elements of w remaining: 68 (90.67%)
* G1 elements in proof: 2
* G2 elements in proof: 1
* Proof size in bits: 1019
* Elements of w skipped: 1 (1.22%)
* Elements of w processed with special addition: 10 (12.20%)
* Elements of w remaining: 71 (86.59%)
* Elements of w skipped: 0 (0.00%)
* Elements of w processed with special addition: 9 (22.50%)
* Elements of w remaining: 31 (77.50%)
* Elements of w skipped: 0 (0.00%)
* Elements of w processed with special addition: 7 (9.33%)
* Elements of w remaining: 68 (90.67%)
* G1 elements in proof: 2
* G2 elements in proof: 1
* Proof size in bits: 1019
  8       40          23.3          9.78          2.71          PASS      
* Composed C_16: 80 constraints, 161 variables, 6 inputs
* QAP number of variables: 161
* QAP pre degree: 80
* QAP degree: 96
* QAP number of input variables: 6
* G1 window: 6
* G2 window: 5
* G1 elements in PK: 575
* Non-zero G1 elements in PK: 493
* G2 elements in PK: 163
* Non-zero G2 elements in PK: 81
* PK size in bits: 172064
* G1 elements in VK: 6
* G2 elements in VK: 2
* GT elements in VK: 1
* VK size in bits: 3187
* Elements of w skipped: 1 (0.62%)
* Elements of w processed with special addition: 18 (11.11%)
* Elements of w remaining: 143 (88.27%)
* Elements of w skipped: 0 (0.00%)
* Elements of w processed with special addition: 17 (21.25%)
* Elements of w remaining: 63 (78.75%)
* Elements of w skipped: 0 (0.00%)
* Elements of w processed with special addition: 15 (9.68%)
* Elements of w remaining: 140 (90.32%)
* G1 elements in proof: 2
* G2 elements in proof: 1
* Proof size in bits: 1019
* Elements of w skipped: 1 (0.62%)
* Elements of w processed with special addition: 18 (11.11%)
* Elements of w remaining: 143 (88.27%)
* Elements of w skipped: 0 (0.00%)
* Elements of w processed with special addition: 17 (21.25%)
* Elements of w remaining: 63 (78.75%)
* Elements of w skipped: 0 (0.00%)
* Elements of w processed with special addition: 15 (9.68%)
* Elements of w remaining: 140 (90.32%)
* G1 elements in proof: 2
* G2 elements in proof: 1
* Proof size in bits: 1019
* Elements of w skipped: 1 (0.62%)
* Elements of w processed with special addition: 18 (11.11%)
* Elements of w remaining: 143 (88.27%)
* Elements of w skipped: 0 (0.00%)
* Elements of w processed with special addition: 17 (21.25%)
* Elements of w remaining: 63 (78.75%)
* Elements of w skipped: 0 (0.00%)
* Elements of w processed with special addition: 15 (9.68%)
* Elements of w remaining: 140 (90.32%)
* G1 elements in proof: 2
* G2 elements in proof: 1
* Proof size in bits: 1019
* Elements of w skipped: 1 (0.62%)
* Elements of w processed with special addition: 18 (11.11%)
* Elements of w remaining: 143 (88.27%)
* Elements of w skipped: 0 (0.00%)
* Elements of w processed with special addition: 17 (21.25%)
* Elements of w remaining: 63 (78.75%)
* Elements of w skipped: 0 (0.00%)
* Elements of w processed with special addition: 15 (9.68%)
* Elements of w remaining: 140 (90.32%)
* G1 elements in proof: 2
* G2 elements in proof: 1
* Proof size in bits: 1019
* Elements of w skipped: 1 (0.62%)
* Elements of w processed with special addition: 18 (11.11%)
* Elements of w remaining: 143 (88.27%)
* Elements of w skipped: 0 (0.00%)
* Elements of w processed with special addition: 17 (21.25%)
* Elements of w remaining: 63 (78.75%)
* Elements of w skipped: 0 (0.00%)
* Elements of w processed with special addition: 15 (9.68%)
* Elements of w remaining: 140 (90.32%)
* G1 elements in proof: 2
* G2 elements in proof: 1
* Proof size in bits: 1019
* Elements of w skipped: 1 (0.62%)
* Elements of w processed with special addition: 18 (11.11%)
* Elements of w remaining: 143 (88.27%)
* Elements of w skipped: 0 (0.00%)
* Elements of w processed with special addition: 17 (21.25%)
* Elements of w remaining: 63 (78.75%)
* Elements of w skipped: 0 (0.00%)
* Elements of w processed with special addition: 15 (9.68%)
* Elements of w remaining: 140 (90.32%)
* G1 elements in proof: 2
* G2 elements in proof: 1
* Proof size in bits: 1019
* Elements of w skipped: 1 (0.62%)
* Elements of w processed with special addition: 18 (11.11%)
* Elements of w remaining: 143 (88.27%)
* Elements of w skipped: 0 (0.00%)
* Elements of w processed with special addition: 17 (21.25%)
* Elements of w remaining: 63 (78.75%)
* Elements of w skipped: 0 (0.00%)
* Elements of w processed with special addition: 15 (9.68%)
* Elements of w remaining: 140 (90.32%)
* G1 elements in proof: 2
* G2 elements in proof: 1
* Proof size in bits: 1019
* Elements of w skipped: 1 (0.62%)
* Elements of w processed with special addition: 18 (11.11%)
* Elements of w remaining: 143 (88.27%)
* Elements of w skipped: 0 (0.00%)
* Elements of w processed with special addition: 17 (21.25%)
* Elements of w remaining: 63 (78.75%)
* Elements of w skipped: 0 (0.00%)
* Elements of w processed with special addition: 15 (9.68%)
* Elements of w remaining: 140 (90.32%)
* G1 elements in proof: 2
* G2 elements in proof: 1
* Proof size in bits: 1019
* Elements of w skipped: 1 (0.62%)
* Elements of w processed with special addition: 18 (11.11%)
* Elements of w remaining: 143 (88.27%)
* Elements of w skipped: 0 (0.00%)
* Elements of w processed with special addition: 17 (21.25%)
* Elements of w remaining: 63 (78.75%)
* Elements of w skipped: 0 (0.00%)
* Elements of w processed with special addition: 15 (9.68%)
* Elements of w remaining: 140 (90.32%)
* G1 elements in proof: 2
* G2 elements in proof: 1
* Proof size in bits: 1019
* Elements of w skipped: 1 (0.62%)
* Elements of w processed with special addition: 18 (11.11%)
* Elements of w remaining: 143 (88.27%)
* Elements of w skipped: 0 (0.00%)
* Elements of w processed with special addition: 17 (21.25%)
* Elements of w remaining: 63 (78.75%)
* Elements of w skipped: 0 (0.00%)
* Elements of w processed with special addition: 15 (9.68%)
* Elements of w remaining: 140 (90.32%)
* G1 elements in proof: 2
* G2 elements in proof: 1
* Proof size in bits: 1019
  16      80          36.7          16.16         2.70          PASS      
* Composed C_32: 160 constraints, 321 variables, 6 inputs
* QAP number of variables: 321
* QAP pre degree: 160
* QAP degree: 192
* QAP number of input variables: 6
* G1 window: 7
* G2 window: 6
* G1 elements in PK: 1151
* Non-zero G1 elements in PK: 989
* G2 elements in PK: 323
* Non-zero G2 elements in PK: 161
* PK size in bits: 344384
* G1 elements in VK: 6
* G2 elements in VK: 2
* GT elements in VK: 1
* VK size in bits: 3187
* Elements of w skipped: 1 (0.31%)
* Elements of w processed with special addition: 34 (10.56%)
* Elements of w remaining: 287 (89.13%)
* Elements of w skipped: 0 (0.00%)
* Elements of w processed with special addition: 33 (20.62%)
* Elements of w remaining: 127 (79.38%)
* Elements of w skipped: 0 (0.00%)
* Elements of w processed with special addition: 31 (9.84%)
* Elements of w remaining: 284 (90.16%)
* G1 elements in proof: 2
* G2 elements in proof: 1
* Proof size in bits: 1019
* Elements of w skipped: 1 (0.31%)
* Elements of w processed with special addition: 34 (10.56%)
* Elements of w remaining: 287 (89.13%)
* Elements of w skipped: 0 (0.00%)
* Elements of w processed with special addition: 33 (20.62%)
* Elements of w remaining: 127 (79.38%)
* Elements of w skipped: 0 (0.00%)
* Elements of w processed with special addition: 31 (9.84%)
* Elements of w remaining: 284 (90.16%)
* G1 elements in proof: 2
* G2 elements in proof: 1
* Proof size in bits: 1019
* Elements of w skipped: 1 (0.31%)
* Elements of w processed with special addition: 34 (10.56%)
* Elements of w remaining: 287 (89.13%)
* Elements of w skipped: 0 (0.00%)
* Elements of w processed with special addition: 33 (20.62%)
* Elements of w remaining: 127 (79.38%)
* Elements of w skipped: 0 (0.00%)
* Elements of w processed with special addition: 31 (9.84%)
* Elements of w remaining: 284 (90.16%)
* G1 elements in proof: 2
* G2 elements in proof: 1
* Proof size in bits: 1019
* Elements of w skipped: 1 (0.31%)
* Elements of w processed with special addition: 34 (10.56%)
* Elements of w remaining: 287 (89.13%)
* Elements of w skipped: 0 (0.00%)
* Elements of w processed with special addition: 33 (20.62%)
* Elements of w remaining: 127 (79.38%)
* Elements of w skipped: 0 (0.00%)
* Elements of w processed with special addition: 31 (9.84%)
* Elements of w remaining: 284 (90.16%)
* G1 elements in proof: 2
* G2 elements in proof: 1
* Proof size in bits: 1019
* Elements of w skipped: 1 (0.31%)
* Elements of w processed with special addition: 34 (10.56%)
* Elements of w remaining: 287 (89.13%)
* Elements of w skipped: 0 (0.00%)
* Elements of w processed with special addition: 33 (20.62%)
* Elements of w remaining: 127 (79.38%)
* Elements of w skipped: 0 (0.00%)
* Elements of w processed with special addition: 31 (9.84%)
* Elements of w remaining: 284 (90.16%)
* G1 elements in proof: 2
* G2 elements in proof: 1
* Proof size in bits: 1019
* Elements of w skipped: 1 (0.31%)
* Elements of w processed with special addition: 34 (10.56%)
* Elements of w remaining: 287 (89.13%)
* Elements of w skipped: 0 (0.00%)
* Elements of w processed with special addition: 33 (20.62%)
* Elements of w remaining: 127 (79.38%)
* Elements of w skipped: 0 (0.00%)
* Elements of w processed with special addition: 31 (9.84%)
* Elements of w remaining: 284 (90.16%)
* G1 elements in proof: 2
* G2 elements in proof: 1
* Proof size in bits: 1019
* Elements of w skipped: 1 (0.31%)
* Elements of w processed with special addition: 34 (10.56%)
* Elements of w remaining: 287 (89.13%)
* Elements of w skipped: 0 (0.00%)
* Elements of w processed with special addition: 33 (20.62%)
* Elements of w remaining: 127 (79.38%)
* Elements of w skipped: 0 (0.00%)
* Elements of w processed with special addition: 31 (9.84%)
* Elements of w remaining: 284 (90.16%)
* G1 elements in proof: 2
* G2 elements in proof: 1
* Proof size in bits: 1019
* Elements of w skipped: 1 (0.31%)
* Elements of w processed with special addition: 34 (10.56%)
* Elements of w remaining: 287 (89.13%)
* Elements of w skipped: 0 (0.00%)
* Elements of w processed with special addition: 33 (20.62%)
* Elements of w remaining: 127 (79.38%)
* Elements of w skipped: 0 (0.00%)
* Elements of w processed with special addition: 31 (9.84%)
* Elements of w remaining: 284 (90.16%)
* G1 elements in proof: 2
* G2 elements in proof: 1
* Proof size in bits: 1019
* Elements of w skipped: 1 (0.31%)
* Elements of w processed with special addition: 34 (10.56%)
* Elements of w remaining: 287 (89.13%)
* Elements of w skipped: 0 (0.00%)
* Elements of w processed with special addition: 33 (20.62%)
* Elements of w remaining: 127 (79.38%)
* Elements of w skipped: 0 (0.00%)
* Elements of w processed with special addition: 31 (9.84%)
* Elements of w remaining: 284 (90.16%)
* G1 elements in proof: 2
* G2 elements in proof: 1
* Proof size in bits: 1019
* Elements of w skipped: 1 (0.31%)
* Elements of w processed with special addition: 34 (10.56%)
* Elements of w remaining: 287 (89.13%)
* Elements of w skipped: 0 (0.00%)
* Elements of w processed with special addition: 33 (20.62%)
* Elements of w remaining: 127 (79.38%)
* Elements of w skipped: 0 (0.00%)
* Elements of w processed with special addition: 31 (9.84%)
* Elements of w remaining: 284 (90.16%)
* G1 elements in proof: 2
* G2 elements in proof: 1
* Proof size in bits: 1019
  32      160         63.4          22.07         2.68          PASS      
* Composed C_64: 320 constraints, 641 variables, 6 inputs
* QAP number of variables: 641
* QAP pre degree: 320
* QAP degree: 384
* QAP number of input variables: 6
* G1 window: 8
* G2 window: 6
* G1 elements in PK: 2303
* Non-zero G1 elements in PK: 1981
* G2 elements in PK: 643
* Non-zero G2 elements in PK: 321
* PK size in bits: 689024
* G1 elements in VK: 6
* G2 elements in VK: 2
* GT elements in VK: 1
* VK size in bits: 3187
* Elements of w skipped: 1 (0.16%)
* Elements of w processed with special addition: 66 (10.28%)
* Elements of w remaining: 575 (89.56%)
* Elements of w skipped: 0 (0.00%)
* Elements of w processed with special addition: 65 (20.31%)
* Elements of w remaining: 255 (79.69%)
* Elements of w skipped: 0 (0.00%)
* Elements of w processed with special addition: 63 (9.92%)
* Elements of w remaining: 572 (90.08%)
* G1 elements in proof: 2
* G2 elements in proof: 1
* Proof size in bits: 1019
* Elements of w skipped: 1 (0.16%)
* Elements of w processed with special addition: 66 (10.28%)
* Elements of w remaining: 575 (89.56%)
* Elements of w skipped: 0 (0.00%)
* Elements of w processed with special addition: 65 (20.31%)
* Elements of w remaining: 255 (79.69%)
* Elements of w skipped: 0 (0.00%)
* Elements of w processed with special addition: 63 (9.92%)
* Elements of w remaining: 572 (90.08%)
* G1 elements in proof: 2
* G2 elements in proof: 1
* Proof size in bits: 1019
* Elements of w skipped: 1 (0.16%)
* Elements of w processed with special addition: 66 (10.28%)
* Elements of w remaining: 575 (89.56%)
* Elements of w skipped: 0 (0.00%)
* Elements of w processed with special addition: 65 (20.31%)
* Elements of w remaining: 255 (79.69%)
* Elements of w skipped: 0 (0.00%)
* Elements of w processed with special addition: 63 (9.92%)
* Elements of w remaining: 572 (90.08%)
* G1 elements in proof: 2
* G2 elements in proof: 1
* Proof size in bits: 1019
* Elements of w skipped: 1 (0.16%)
* Elements of w processed with special addition: 66 (10.28%)
* Elements of w remaining: 575 (89.56%)
* Elements of w skipped: 0 (0.00%)
* Elements of w processed with special addition: 65 (20.31%)
* Elements of w remaining: 255 (79.69%)
* Elements of w skipped: 0 (0.00%)
* Elements of w processed with special addition: 63 (9.92%)
* Elements of w remaining: 572 (90.08%)
* G1 elements in proof: 2
* G2 elements in proof: 1
* Proof size in bits: 1019
* Elements of w skipped: 1 (0.16%)
* Elements of w processed with special addition: 66 (10.28%)
* Elements of w remaining: 575 (89.56%)
* Elements of w skipped: 0 (0.00%)
* Elements of w processed with special addition: 65 (20.31%)
* Elements of w remaining: 255 (79.69%)
* Elements of w skipped: 0 (0.00%)
* Elements of w processed with special addition: 63 (9.92%)
* Elements of w remaining: 572 (90.08%)
* G1 elements in proof: 2
* G2 elements in proof: 1
* Proof size in bits: 1019
* Elements of w skipped: 1 (0.16%)
* Elements of w processed with special addition: 66 (10.28%)
* Elements of w remaining: 575 (89.56%)
* Elements of w skipped: 0 (0.00%)
* Elements of w processed with special addition: 65 (20.31%)
* Elements of w remaining: 255 (79.69%)
* Elements of w skipped: 0 (0.00%)
* Elements of w processed with special addition: 63 (9.92%)
* Elements of w remaining: 572 (90.08%)
* G1 elements in proof: 2
* G2 elements in proof: 1
* Proof size in bits: 1019
* Elements of w skipped: 1 (0.16%)
* Elements of w processed with special addition: 66 (10.28%)
* Elements of w remaining: 575 (89.56%)
* Elements of w skipped: 0 (0.00%)
* Elements of w processed with special addition: 65 (20.31%)
* Elements of w remaining: 255 (79.69%)
* Elements of w skipped: 0 (0.00%)
* Elements of w processed with special addition: 63 (9.92%)
* Elements of w remaining: 572 (90.08%)
* G1 elements in proof: 2
* G2 elements in proof: 1
* Proof size in bits: 1019
* Elements of w skipped: 1 (0.16%)
* Elements of w processed with special addition: 66 (10.28%)
* Elements of w remaining: 575 (89.56%)
* Elements of w skipped: 0 (0.00%)
* Elements of w processed with special addition: 65 (20.31%)
* Elements of w remaining: 255 (79.69%)
* Elements of w skipped: 0 (0.00%)
* Elements of w processed with special addition: 63 (9.92%)
* Elements of w remaining: 572 (90.08%)
* G1 elements in proof: 2
* G2 elements in proof: 1
* Proof size in bits: 1019
* Elements of w skipped: 1 (0.16%)
* Elements of w processed with special addition: 66 (10.28%)
* Elements of w remaining: 575 (89.56%)
* Elements of w skipped: 0 (0.00%)
* Elements of w processed with special addition: 65 (20.31%)
* Elements of w remaining: 255 (79.69%)
* Elements of w skipped: 0 (0.00%)
* Elements of w processed with special addition: 63 (9.92%)
* Elements of w remaining: 572 (90.08%)
* G1 elements in proof: 2
* G2 elements in proof: 1
* Proof size in bits: 1019
* Elements of w skipped: 1 (0.16%)
* Elements of w processed with special addition: 66 (10.28%)
* Elements of w remaining: 575 (89.56%)
* Elements of w skipped: 0 (0.00%)
* Elements of w processed with special addition: 65 (20.31%)
* Elements of w remaining: 255 (79.69%)
* Elements of w skipped: 0 (0.00%)
* Elements of w processed with special addition: 63 (9.92%)
* Elements of w remaining: 572 (90.08%)
* G1 elements in proof: 2
* G2 elements in proof: 1
* Proof size in bits: 1019
  64      320         99.8          36.74         2.69          PASS      

  Groth16 results written to /Users/heewonchung/Documents/00-Research/active/Updatable Verifiable Computation/Dev/results/2026-03-09_203431_iot/csv/groth16_results.csv

================================================================
All benchmarks complete.
================================================================
  Done in 4s

------------------------------------------------------------
  Running: [3/10] sensor_fusion K=8 B=16
  Command: bench_comparative --circuit sensor_fusion --n 8 --B 16 --output-dir /Users/heewonchung/Documents/00-Research/active/Updatable Verifiable Computation/Dev/results/2026-03-09_203431_iot/csv --reps 10
------------------------------------------------------------
================================================================
Comparative Benchmark: UVC vs Groth16
================================================================
  Circuit: sensor_fusion, n=8, B=16, reps=10
  Output: /Users/heewonchung/Documents/00-Research/active/Updatable Verifiable Computation/Dev/results/2026-03-09_203431_iot/csv/

================================================================
UVC Benchmark: circuit=sensor_fusion, n=8, B=16
================================================================
  Circuit: 9 constraints, 19 vars, state=1, transition=9

  [Setup] Generating CRS for B=16...
* UVC Setup: B=16, n=19, state=1, transition=9
* Composed C_16: 144 constraints, 289 variables, 10 inputs
* QAP (C_B) variables: 289, degree: 160, inputs: 10
* UVC max compositions (B): 16
* G1 elements in PK: 1019
* G2 elements in PK: 291
* PK size in bits: 318884
* H_query_full size: 159
* Step 2: 18 new wires (0 io, 18 wt)
* Step 3: 18 new wires (0 io, 18 wt)
* Step 4: 18 new wires (0 io, 18 wt)
* Step 5: 18 new wires (0 io, 18 wt)
* Step 6: 18 new wires (0 io, 18 wt)
* Step 7: 18 new wires (0 io, 18 wt)
* Step 8: 18 new wires (0 io, 18 wt)
* Step 9: 18 new wires (0 io, 18 wt)
* Step 10: 18 new wires (0 io, 18 wt)
* Step 11: 18 new wires (0 io, 18 wt)
* Step 12: 18 new wires (0 io, 18 wt)
* Step 13: 18 new wires (0 io, 18 wt)
* Step 14: 18 new wires (0 io, 18 wt)
* Step 15: 18 new wires (0 io, 18 wt)
* Step 16: 18 new wires (0 io, 18 wt)
* UVC VK: 16 max steps
* G2 elements in VK: 2
* GT elements in VK: 1
* gamma_ABC size: 10
  Setup: 65.5 ms, CRS: 1270 G1 + 562 G2
  Building proof chain (steps 1..16)...
* UVC Prove step 1
* Elements of w skipped: 1 (5.00%)
* Elements of w processed with special addition: 3 (15.00%)
* Elements of w remaining: 16 (80.00%)
* Elements of w skipped: 1 (9.09%)
* Elements of w processed with special addition: 1 (9.09%)
* Elements of w remaining: 9 (81.82%)
* Elements of w skipped: 0 (0.00%)
* Elements of w processed with special addition: 0 (0.00%)
* Elements of w remaining: 9 (100.00%)
* UVC proof at step 1
* G1 elements in proof: 2
* G2 elements in proof: 1
* Proof size in bits: 1019
* Cached h poly size: 159
* UVC Prove step 2
* Elements of w skipped: 0 (0.00%)
* Elements of w processed with special addition: 1 (5.56%)
* Elements of w remaining: 17 (94.44%)
* Elements of w skipped: 0 (0.00%)
* Elements of w processed with special addition: 1 (10.00%)
* Elements of w remaining: 9 (90.00%)
* Elements of w skipped: 0 (0.00%)
* Elements of w processed with special addition: 1 (5.56%)
* Elements of w remaining: 17 (94.44%)
* UVC proof at step 2
* G1 elements in proof: 2
* G2 elements in proof: 1
* Proof size in bits: 1019
* Cached h poly size: 159
* UVC Prove step 3
* Elements of w skipped: 0 (0.00%)
* Elements of w processed with special addition: 1 (5.56%)
* Elements of w remaining: 17 (94.44%)
* Elements of w skipped: 0 (0.00%)
* Elements of w processed with special addition: 1 (10.00%)
* Elements of w remaining: 9 (90.00%)
* Elements of w skipped: 0 (0.00%)
* Elements of w processed with special addition: 1 (5.56%)
* Elements of w remaining: 17 (94.44%)
* UVC proof at step 3
* G1 elements in proof: 2
* G2 elements in proof: 1
* Proof size in bits: 1019
* Cached h poly size: 159
* UVC Prove step 4
* Elements of w skipped: 0 (0.00%)
* Elements of w processed with special addition: 1 (5.56%)
* Elements of w remaining: 17 (94.44%)
* Elements of w skipped: 0 (0.00%)
* Elements of w processed with special addition: 1 (10.00%)
* Elements of w remaining: 9 (90.00%)
* Elements of w skipped: 0 (0.00%)
* Elements of w processed with special addition: 1 (5.56%)
* Elements of w remaining: 17 (94.44%)
* UVC proof at step 4
* G1 elements in proof: 2
* G2 elements in proof: 1
* Proof size in bits: 1019
* Cached h poly size: 159
* UVC Prove step 5
* Elements of w skipped: 0 (0.00%)
* Elements of w processed with special addition: 1 (5.56%)
* Elements of w remaining: 17 (94.44%)
* Elements of w skipped: 0 (0.00%)
* Elements of w processed with special addition: 1 (10.00%)
* Elements of w remaining: 9 (90.00%)
* Elements of w skipped: 0 (0.00%)
* Elements of w processed with special addition: 1 (5.56%)
* Elements of w remaining: 17 (94.44%)
* UVC proof at step 5
* G1 elements in proof: 2
* G2 elements in proof: 1
* Proof size in bits: 1019
* Cached h poly size: 159
* UVC Prove step 6
* Elements of w skipped: 0 (0.00%)
* Elements of w processed with special addition: 1 (5.56%)
* Elements of w remaining: 17 (94.44%)
* Elements of w skipped: 0 (0.00%)
* Elements of w processed with special addition: 1 (10.00%)
* Elements of w remaining: 9 (90.00%)
* Elements of w skipped: 0 (0.00%)
* Elements of w processed with special addition: 1 (5.56%)
* Elements of w remaining: 17 (94.44%)
* UVC proof at step 6
* G1 elements in proof: 2
* G2 elements in proof: 1
* Proof size in bits: 1019
* Cached h poly size: 159
* UVC Prove step 7
* Elements of w skipped: 0 (0.00%)
* Elements of w processed with special addition: 1 (5.56%)
* Elements of w remaining: 17 (94.44%)
* Elements of w skipped: 0 (0.00%)
* Elements of w processed with special addition: 1 (10.00%)
* Elements of w remaining: 9 (90.00%)
* Elements of w skipped: 0 (0.00%)
* Elements of w processed with special addition: 1 (5.56%)
* Elements of w remaining: 17 (94.44%)
* UVC proof at step 7
* G1 elements in proof: 2
* G2 elements in proof: 1
* Proof size in bits: 1019
* Cached h poly size: 159
* UVC Prove step 8
* Elements of w skipped: 0 (0.00%)
* Elements of w processed with special addition: 1 (5.56%)
* Elements of w remaining: 17 (94.44%)
* Elements of w skipped: 0 (0.00%)
* Elements of w processed with special addition: 1 (10.00%)
* Elements of w remaining: 9 (90.00%)
* Elements of w skipped: 0 (0.00%)
* Elements of w processed with special addition: 1 (5.56%)
* Elements of w remaining: 17 (94.44%)
* UVC proof at step 8
* G1 elements in proof: 2
* G2 elements in proof: 1
* Proof size in bits: 1019
* Cached h poly size: 159
* UVC Prove step 9
* Elements of w skipped: 0 (0.00%)
* Elements of w processed with special addition: 1 (5.56%)
* Elements of w remaining: 17 (94.44%)
* Elements of w skipped: 0 (0.00%)
* Elements of w processed with special addition: 1 (10.00%)
* Elements of w remaining: 9 (90.00%)
* Elements of w skipped: 0 (0.00%)
* Elements of w processed with special addition: 1 (5.56%)
* Elements of w remaining: 17 (94.44%)
* UVC proof at step 9
* G1 elements in proof: 2
* G2 elements in proof: 1
* Proof size in bits: 1019
* Cached h poly size: 159
* UVC Prove step 10
* Elements of w skipped: 0 (0.00%)
* Elements of w processed with special addition: 1 (5.56%)
* Elements of w remaining: 17 (94.44%)
* Elements of w skipped: 0 (0.00%)
* Elements of w processed with special addition: 1 (10.00%)
* Elements of w remaining: 9 (90.00%)
* Elements of w skipped: 0 (0.00%)
* Elements of w processed with special addition: 1 (5.56%)
* Elements of w remaining: 17 (94.44%)
* UVC proof at step 10
* G1 elements in proof: 2
* G2 elements in proof: 1
* Proof size in bits: 1019
* Cached h poly size: 159
* UVC Prove step 11
* Elements of w skipped: 0 (0.00%)
* Elements of w processed with special addition: 1 (5.56%)
* Elements of w remaining: 17 (94.44%)
* Elements of w skipped: 0 (0.00%)
* Elements of w processed with special addition: 1 (10.00%)
* Elements of w remaining: 9 (90.00%)
* Elements of w skipped: 0 (0.00%)
* Elements of w processed with special addition: 1 (5.56%)
* Elements of w remaining: 17 (94.44%)
* UVC proof at step 11
* G1 elements in proof: 2
* G2 elements in proof: 1
* Proof size in bits: 1019
* Cached h poly size: 159
* UVC Prove step 12
* Elements of w skipped: 0 (0.00%)
* Elements of w processed with special addition: 1 (5.56%)
* Elements of w remaining: 17 (94.44%)
* Elements of w skipped: 0 (0.00%)
* Elements of w processed with special addition: 1 (10.00%)
* Elements of w remaining: 9 (90.00%)
* Elements of w skipped: 0 (0.00%)
* Elements of w processed with special addition: 1 (5.56%)
* Elements of w remaining: 17 (94.44%)
* UVC proof at step 12
* G1 elements in proof: 2
* G2 elements in proof: 1
* Proof size in bits: 1019
* Cached h poly size: 159
* UVC Prove step 13
* Elements of w skipped: 0 (0.00%)
* Elements of w processed with special addition: 1 (5.56%)
* Elements of w remaining: 17 (94.44%)
* Elements of w skipped: 0 (0.00%)
* Elements of w processed with special addition: 1 (10.00%)
* Elements of w remaining: 9 (90.00%)
* Elements of w skipped: 0 (0.00%)
* Elements of w processed with special addition: 1 (5.56%)
* Elements of w remaining: 17 (94.44%)
* UVC proof at step 13
* G1 elements in proof: 2
* G2 elements in proof: 1
* Proof size in bits: 1019
* Cached h poly size: 159
* UVC Prove step 14
* Elements of w skipped: 0 (0.00%)
* Elements of w processed with special addition: 1 (5.56%)
* Elements of w remaining: 17 (94.44%)
* Elements of w skipped: 0 (0.00%)
* Elements of w processed with special addition: 1 (10.00%)
* Elements of w remaining: 9 (90.00%)
* Elements of w skipped: 0 (0.00%)
* Elements of w processed with special addition: 1 (5.56%)
* Elements of w remaining: 17 (94.44%)
* UVC proof at step 14
* G1 elements in proof: 2
* G2 elements in proof: 1
* Proof size in bits: 1019
* Cached h poly size: 159
* UVC Prove step 15
* Elements of w skipped: 0 (0.00%)
* Elements of w processed with special addition: 1 (5.56%)
* Elements of w remaining: 17 (94.44%)
* Elements of w skipped: 0 (0.00%)
* Elements of w processed with special addition: 1 (10.00%)
* Elements of w remaining: 9 (90.00%)
* Elements of w skipped: 0 (0.00%)
* Elements of w processed with special addition: 1 (5.56%)
* Elements of w remaining: 17 (94.44%)
* UVC proof at step 15
* G1 elements in proof: 2
* G2 elements in proof: 1
* Proof size in bits: 1019
* Cached h poly size: 159
* UVC Prove step 16
* Elements of w skipped: 0 (0.00%)
* Elements of w processed with special addition: 1 (5.56%)
* Elements of w remaining: 17 (94.44%)
* Elements of w skipped: 0 (0.00%)
* Elements of w processed with special addition: 1 (11.11%)
* Elements of w remaining: 8 (88.89%)
* Elements of w skipped: 0 (0.00%)
* Elements of w processed with special addition: 1 (5.56%)
* Elements of w remaining: 17 (94.44%)
* UVC proof at step 16
* G1 elements in proof: 2
* G2 elements in proof: 1
* Proof size in bits: 1019
* Cached h poly size: 159

  Step    Prove (ms)    Verify (ms)   Proof bits    Verified  
  ------  ------------  ------------  ------------  ----------
* UVC Prove step 1
* Elements of w skipped: 1 (5.00%)
* Elements of w processed with special addition: 3 (15.00%)
* Elements of w remaining: 16 (80.00%)
* Elements of w skipped: 1 (9.09%)
* Elements of w processed with special addition: 1 (9.09%)
* Elements of w remaining: 9 (81.82%)
* Elements of w skipped: 0 (0.00%)
* Elements of w processed with special addition: 0 (0.00%)
* Elements of w remaining: 9 (100.00%)
* UVC proof at step 1
* G1 elements in proof: 2
* G2 elements in proof: 1
* Proof size in bits: 1019
* Cached h poly size: 159
* UVC Prove step 1
* Elements of w skipped: 1 (5.00%)
* Elements of w processed with special addition: 3 (15.00%)
* Elements of w remaining: 16 (80.00%)
* Elements of w skipped: 1 (9.09%)
* Elements of w processed with special addition: 1 (9.09%)
* Elements of w remaining: 9 (81.82%)
* Elements of w skipped: 0 (0.00%)
* Elements of w processed with special addition: 0 (0.00%)
* Elements of w remaining: 9 (100.00%)
* UVC proof at step 1
* G1 elements in proof: 2
* G2 elements in proof: 1
* Proof size in bits: 1019
* Cached h poly size: 159
* UVC Prove step 1
* Elements of w skipped: 1 (5.00%)
* Elements of w processed with special addition: 3 (15.00%)
* Elements of w remaining: 16 (80.00%)
* Elements of w skipped: 1 (9.09%)
* Elements of w processed with special addition: 1 (9.09%)
* Elements of w remaining: 9 (81.82%)
* Elements of w skipped: 0 (0.00%)
* Elements of w processed with special addition: 0 (0.00%)
* Elements of w remaining: 9 (100.00%)
* UVC proof at step 1
* G1 elements in proof: 2
* G2 elements in proof: 1
* Proof size in bits: 1019
* Cached h poly size: 159
* UVC Prove step 1
* Elements of w skipped: 1 (5.00%)
* Elements of w processed with special addition: 3 (15.00%)
* Elements of w remaining: 16 (80.00%)
* Elements of w skipped: 1 (9.09%)
* Elements of w processed with special addition: 1 (9.09%)
* Elements of w remaining: 9 (81.82%)
* Elements of w skipped: 0 (0.00%)
* Elements of w processed with special addition: 0 (0.00%)
* Elements of w remaining: 9 (100.00%)
* UVC proof at step 1
* G1 elements in proof: 2
* G2 elements in proof: 1
* Proof size in bits: 1019
* Cached h poly size: 159
* UVC Prove step 1
* Elements of w skipped: 1 (5.00%)
* Elements of w processed with special addition: 3 (15.00%)
* Elements of w remaining: 16 (80.00%)
* Elements of w skipped: 1 (9.09%)
* Elements of w processed with special addition: 1 (9.09%)
* Elements of w remaining: 9 (81.82%)
* Elements of w skipped: 0 (0.00%)
* Elements of w processed with special addition: 0 (0.00%)
* Elements of w remaining: 9 (100.00%)
* UVC proof at step 1
* G1 elements in proof: 2
* G2 elements in proof: 1
* Proof size in bits: 1019
* Cached h poly size: 159
* UVC Prove step 1
* Elements of w skipped: 1 (5.00%)
* Elements of w processed with special addition: 3 (15.00%)
* Elements of w remaining: 16 (80.00%)
* Elements of w skipped: 1 (9.09%)
* Elements of w processed with special addition: 1 (9.09%)
* Elements of w remaining: 9 (81.82%)
* Elements of w skipped: 0 (0.00%)
* Elements of w processed with special addition: 0 (0.00%)
* Elements of w remaining: 9 (100.00%)
* UVC proof at step 1
* G1 elements in proof: 2
* G2 elements in proof: 1
* Proof size in bits: 1019
* Cached h poly size: 159
* UVC Prove step 1
* Elements of w skipped: 1 (5.00%)
* Elements of w processed with special addition: 3 (15.00%)
* Elements of w remaining: 16 (80.00%)
* Elements of w skipped: 1 (9.09%)
* Elements of w processed with special addition: 1 (9.09%)
* Elements of w remaining: 9 (81.82%)
* Elements of w skipped: 0 (0.00%)
* Elements of w processed with special addition: 0 (0.00%)
* Elements of w remaining: 9 (100.00%)
* UVC proof at step 1
* G1 elements in proof: 2
* G2 elements in proof: 1
* Proof size in bits: 1019
* Cached h poly size: 159
* UVC Prove step 1
* Elements of w skipped: 1 (5.00%)
* Elements of w processed with special addition: 3 (15.00%)
* Elements of w remaining: 16 (80.00%)
* Elements of w skipped: 1 (9.09%)
* Elements of w processed with special addition: 1 (9.09%)
* Elements of w remaining: 9 (81.82%)
* Elements of w skipped: 0 (0.00%)
* Elements of w processed with special addition: 0 (0.00%)
* Elements of w remaining: 9 (100.00%)
* UVC proof at step 1
* G1 elements in proof: 2
* G2 elements in proof: 1
* Proof size in bits: 1019
* Cached h poly size: 159
* UVC Prove step 1
* Elements of w skipped: 1 (5.00%)
* Elements of w processed with special addition: 3 (15.00%)
* Elements of w remaining: 16 (80.00%)
* Elements of w skipped: 1 (9.09%)
* Elements of w processed with special addition: 1 (9.09%)
* Elements of w remaining: 9 (81.82%)
* Elements of w skipped: 0 (0.00%)
* Elements of w processed with special addition: 0 (0.00%)
* Elements of w remaining: 9 (100.00%)
* UVC proof at step 1
* G1 elements in proof: 2
* G2 elements in proof: 1
* Proof size in bits: 1019
* Cached h poly size: 159
* UVC Prove step 1
* Elements of w skipped: 1 (5.00%)
* Elements of w processed with special addition: 3 (15.00%)
* Elements of w remaining: 16 (80.00%)
* Elements of w skipped: 1 (9.09%)
* Elements of w processed with special addition: 1 (9.09%)
* Elements of w remaining: 9 (81.82%)
* Elements of w skipped: 0 (0.00%)
* Elements of w processed with special addition: 0 (0.00%)
* Elements of w remaining: 9 (100.00%)
* UVC proof at step 1
* G1 elements in proof: 2
* G2 elements in proof: 1
* Proof size in bits: 1019
* Cached h poly size: 159
* UVC Verify step 1: PASS
* UVC Verify step 1: PASS
* UVC Verify step 1: PASS
* UVC Verify step 1: PASS
* UVC Verify step 1: PASS
* UVC Verify step 1: PASS
* UVC Verify step 1: PASS
* UVC Verify step 1: PASS
* UVC Verify step 1: PASS
* UVC Verify step 1: PASS
  1       13.24         2.70          1019          PASS      
* UVC Prove step 2
* Elements of w skipped: 0 (0.00%)
* Elements of w processed with special addition: 1 (5.56%)
* Elements of w remaining: 17 (94.44%)
* Elements of w skipped: 0 (0.00%)
* Elements of w processed with special addition: 1 (10.00%)
* Elements of w remaining: 9 (90.00%)
* Elements of w skipped: 0 (0.00%)
* Elements of w processed with special addition: 1 (5.56%)
* Elements of w remaining: 17 (94.44%)
* UVC proof at step 2
* G1 elements in proof: 2
* G2 elements in proof: 1
* Proof size in bits: 1019
* Cached h poly size: 159
* UVC Prove step 2
* Elements of w skipped: 0 (0.00%)
* Elements of w processed with special addition: 1 (5.56%)
* Elements of w remaining: 17 (94.44%)
* Elements of w skipped: 0 (0.00%)
* Elements of w processed with special addition: 1 (10.00%)
* Elements of w remaining: 9 (90.00%)
* Elements of w skipped: 0 (0.00%)
* Elements of w processed with special addition: 1 (5.56%)
* Elements of w remaining: 17 (94.44%)
* UVC proof at step 2
* G1 elements in proof: 2
* G2 elements in proof: 1
* Proof size in bits: 1019
* Cached h poly size: 159
* UVC Prove step 2
* Elements of w skipped: 0 (0.00%)
* Elements of w processed with special addition: 1 (5.56%)
* Elements of w remaining: 17 (94.44%)
* Elements of w skipped: 0 (0.00%)
* Elements of w processed with special addition: 1 (10.00%)
* Elements of w remaining: 9 (90.00%)
* Elements of w skipped: 0 (0.00%)
* Elements of w processed with special addition: 1 (5.56%)
* Elements of w remaining: 17 (94.44%)
* UVC proof at step 2
* G1 elements in proof: 2
* G2 elements in proof: 1
* Proof size in bits: 1019
* Cached h poly size: 159
* UVC Prove step 2
* Elements of w skipped: 0 (0.00%)
* Elements of w processed with special addition: 1 (5.56%)
* Elements of w remaining: 17 (94.44%)
* Elements of w skipped: 0 (0.00%)
* Elements of w processed with special addition: 1 (10.00%)
* Elements of w remaining: 9 (90.00%)
* Elements of w skipped: 0 (0.00%)
* Elements of w processed with special addition: 1 (5.56%)
* Elements of w remaining: 17 (94.44%)
* UVC proof at step 2
* G1 elements in proof: 2
* G2 elements in proof: 1
* Proof size in bits: 1019
* Cached h poly size: 159
* UVC Prove step 2
* Elements of w skipped: 0 (0.00%)
* Elements of w processed with special addition: 1 (5.56%)
* Elements of w remaining: 17 (94.44%)
* Elements of w skipped: 0 (0.00%)
* Elements of w processed with special addition: 1 (10.00%)
* Elements of w remaining: 9 (90.00%)
* Elements of w skipped: 0 (0.00%)
* Elements of w processed with special addition: 1 (5.56%)
* Elements of w remaining: 17 (94.44%)
* UVC proof at step 2
* G1 elements in proof: 2
* G2 elements in proof: 1
* Proof size in bits: 1019
* Cached h poly size: 159
* UVC Prove step 2
* Elements of w skipped: 0 (0.00%)
* Elements of w processed with special addition: 1 (5.56%)
* Elements of w remaining: 17 (94.44%)
* Elements of w skipped: 0 (0.00%)
* Elements of w processed with special addition: 1 (10.00%)
* Elements of w remaining: 9 (90.00%)
* Elements of w skipped: 0 (0.00%)
* Elements of w processed with special addition: 1 (5.56%)
* Elements of w remaining: 17 (94.44%)
* UVC proof at step 2
* G1 elements in proof: 2
* G2 elements in proof: 1
* Proof size in bits: 1019
* Cached h poly size: 159
* UVC Prove step 2
* Elements of w skipped: 0 (0.00%)
* Elements of w processed with special addition: 1 (5.56%)
* Elements of w remaining: 17 (94.44%)
* Elements of w skipped: 0 (0.00%)
* Elements of w processed with special addition: 1 (10.00%)
* Elements of w remaining: 9 (90.00%)
* Elements of w skipped: 0 (0.00%)
* Elements of w processed with special addition: 1 (5.56%)
* Elements of w remaining: 17 (94.44%)
* UVC proof at step 2
* G1 elements in proof: 2
* G2 elements in proof: 1
* Proof size in bits: 1019
* Cached h poly size: 159
* UVC Prove step 2
* Elements of w skipped: 0 (0.00%)
* Elements of w processed with special addition: 1 (5.56%)
* Elements of w remaining: 17 (94.44%)
* Elements of w skipped: 0 (0.00%)
* Elements of w processed with special addition: 1 (10.00%)
* Elements of w remaining: 9 (90.00%)
* Elements of w skipped: 0 (0.00%)
* Elements of w processed with special addition: 1 (5.56%)
* Elements of w remaining: 17 (94.44%)
* UVC proof at step 2
* G1 elements in proof: 2
* G2 elements in proof: 1
* Proof size in bits: 1019
* Cached h poly size: 159
* UVC Prove step 2
* Elements of w skipped: 0 (0.00%)
* Elements of w processed with special addition: 1 (5.56%)
* Elements of w remaining: 17 (94.44%)
* Elements of w skipped: 0 (0.00%)
* Elements of w processed with special addition: 1 (10.00%)
* Elements of w remaining: 9 (90.00%)
* Elements of w skipped: 0 (0.00%)
* Elements of w processed with special addition: 1 (5.56%)
* Elements of w remaining: 17 (94.44%)
* UVC proof at step 2
* G1 elements in proof: 2
* G2 elements in proof: 1
* Proof size in bits: 1019
* Cached h poly size: 159
* UVC Prove step 2
* Elements of w skipped: 0 (0.00%)
* Elements of w processed with special addition: 1 (5.56%)
* Elements of w remaining: 17 (94.44%)
* Elements of w skipped: 0 (0.00%)
* Elements of w processed with special addition: 1 (10.00%)
* Elements of w remaining: 9 (90.00%)
* Elements of w skipped: 0 (0.00%)
* Elements of w processed with special addition: 1 (5.56%)
* Elements of w remaining: 17 (94.44%)
* UVC proof at step 2
* G1 elements in proof: 2
* G2 elements in proof: 1
* Proof size in bits: 1019
* Cached h poly size: 159
* UVC Verify step 2: PASS
* UVC Verify step 2: PASS
* UVC Verify step 2: PASS
* UVC Verify step 2: PASS
* UVC Verify step 2: PASS
* UVC Verify step 2: PASS
* UVC Verify step 2: PASS
* UVC Verify step 2: PASS
* UVC Verify step 2: PASS
* UVC Verify step 2: PASS
  2       13.68         2.73          1019          PASS      
* UVC Prove step 4
* Elements of w skipped: 0 (0.00%)
* Elements of w processed with special addition: 1 (5.56%)
* Elements of w remaining: 17 (94.44%)
* Elements of w skipped: 0 (0.00%)
* Elements of w processed with special addition: 1 (10.00%)
* Elements of w remaining: 9 (90.00%)
* Elements of w skipped: 0 (0.00%)
* Elements of w processed with special addition: 1 (5.56%)
* Elements of w remaining: 17 (94.44%)
* UVC proof at step 4
* G1 elements in proof: 2
* G2 elements in proof: 1
* Proof size in bits: 1019
* Cached h poly size: 159
* UVC Prove step 4
* Elements of w skipped: 0 (0.00%)
* Elements of w processed with special addition: 1 (5.56%)
* Elements of w remaining: 17 (94.44%)
* Elements of w skipped: 0 (0.00%)
* Elements of w processed with special addition: 1 (10.00%)
* Elements of w remaining: 9 (90.00%)
* Elements of w skipped: 0 (0.00%)
* Elements of w processed with special addition: 1 (5.56%)
* Elements of w remaining: 17 (94.44%)
* UVC proof at step 4
* G1 elements in proof: 2
* G2 elements in proof: 1
* Proof size in bits: 1019
* Cached h poly size: 159
* UVC Prove step 4
* Elements of w skipped: 0 (0.00%)
* Elements of w processed with special addition: 1 (5.56%)
* Elements of w remaining: 17 (94.44%)
* Elements of w skipped: 0 (0.00%)
* Elements of w processed with special addition: 1 (10.00%)
* Elements of w remaining: 9 (90.00%)
* Elements of w skipped: 0 (0.00%)
* Elements of w processed with special addition: 1 (5.56%)
* Elements of w remaining: 17 (94.44%)
* UVC proof at step 4
* G1 elements in proof: 2
* G2 elements in proof: 1
* Proof size in bits: 1019
* Cached h poly size: 159
* UVC Prove step 4
* Elements of w skipped: 0 (0.00%)
* Elements of w processed with special addition: 1 (5.56%)
* Elements of w remaining: 17 (94.44%)
* Elements of w skipped: 0 (0.00%)
* Elements of w processed with special addition: 1 (10.00%)
* Elements of w remaining: 9 (90.00%)
* Elements of w skipped: 0 (0.00%)
* Elements of w processed with special addition: 1 (5.56%)
* Elements of w remaining: 17 (94.44%)
* UVC proof at step 4
* G1 elements in proof: 2
* G2 elements in proof: 1
* Proof size in bits: 1019
* Cached h poly size: 159
* UVC Prove step 4
* Elements of w skipped: 0 (0.00%)
* Elements of w processed with special addition: 1 (5.56%)
* Elements of w remaining: 17 (94.44%)
* Elements of w skipped: 0 (0.00%)
* Elements of w processed with special addition: 1 (10.00%)
* Elements of w remaining: 9 (90.00%)
* Elements of w skipped: 0 (0.00%)
* Elements of w processed with special addition: 1 (5.56%)
* Elements of w remaining: 17 (94.44%)
* UVC proof at step 4
* G1 elements in proof: 2
* G2 elements in proof: 1
* Proof size in bits: 1019
* Cached h poly size: 159
* UVC Prove step 4
* Elements of w skipped: 0 (0.00%)
* Elements of w processed with special addition: 1 (5.56%)
* Elements of w remaining: 17 (94.44%)
* Elements of w skipped: 0 (0.00%)
* Elements of w processed with special addition: 1 (10.00%)
* Elements of w remaining: 9 (90.00%)
* Elements of w skipped: 0 (0.00%)
* Elements of w processed with special addition: 1 (5.56%)
* Elements of w remaining: 17 (94.44%)
* UVC proof at step 4
* G1 elements in proof: 2
* G2 elements in proof: 1
* Proof size in bits: 1019
* Cached h poly size: 159
* UVC Prove step 4
* Elements of w skipped: 0 (0.00%)
* Elements of w processed with special addition: 1 (5.56%)
* Elements of w remaining: 17 (94.44%)
* Elements of w skipped: 0 (0.00%)
* Elements of w processed with special addition: 1 (10.00%)
* Elements of w remaining: 9 (90.00%)
* Elements of w skipped: 0 (0.00%)
* Elements of w processed with special addition: 1 (5.56%)
* Elements of w remaining: 17 (94.44%)
* UVC proof at step 4
* G1 elements in proof: 2
* G2 elements in proof: 1
* Proof size in bits: 1019
* Cached h poly size: 159
* UVC Prove step 4
* Elements of w skipped: 0 (0.00%)
* Elements of w processed with special addition: 1 (5.56%)
* Elements of w remaining: 17 (94.44%)
* Elements of w skipped: 0 (0.00%)
* Elements of w processed with special addition: 1 (10.00%)
* Elements of w remaining: 9 (90.00%)
* Elements of w skipped: 0 (0.00%)
* Elements of w processed with special addition: 1 (5.56%)
* Elements of w remaining: 17 (94.44%)
* UVC proof at step 4
* G1 elements in proof: 2
* G2 elements in proof: 1
* Proof size in bits: 1019
* Cached h poly size: 159
* UVC Prove step 4
* Elements of w skipped: 0 (0.00%)
* Elements of w processed with special addition: 1 (5.56%)
* Elements of w remaining: 17 (94.44%)
* Elements of w skipped: 0 (0.00%)
* Elements of w processed with special addition: 1 (10.00%)
* Elements of w remaining: 9 (90.00%)
* Elements of w skipped: 0 (0.00%)
* Elements of w processed with special addition: 1 (5.56%)
* Elements of w remaining: 17 (94.44%)
* UVC proof at step 4
* G1 elements in proof: 2
* G2 elements in proof: 1
* Proof size in bits: 1019
* Cached h poly size: 159
* UVC Prove step 4
* Elements of w skipped: 0 (0.00%)
* Elements of w processed with special addition: 1 (5.56%)
* Elements of w remaining: 17 (94.44%)
* Elements of w skipped: 0 (0.00%)
* Elements of w processed with special addition: 1 (10.00%)
* Elements of w remaining: 9 (90.00%)
* Elements of w skipped: 0 (0.00%)
* Elements of w processed with special addition: 1 (5.56%)
* Elements of w remaining: 17 (94.44%)
* UVC proof at step 4
* G1 elements in proof: 2
* G2 elements in proof: 1
* Proof size in bits: 1019
* Cached h poly size: 159
* UVC Verify step 4: PASS
* UVC Verify step 4: PASS
* UVC Verify step 4: PASS
* UVC Verify step 4: PASS
* UVC Verify step 4: PASS
* UVC Verify step 4: PASS
* UVC Verify step 4: PASS
* UVC Verify step 4: PASS
* UVC Verify step 4: PASS
* UVC Verify step 4: PASS
  4       13.72         2.73          1019          PASS      
* UVC Prove step 8
* Elements of w skipped: 0 (0.00%)
* Elements of w processed with special addition: 1 (5.56%)
* Elements of w remaining: 17 (94.44%)
* Elements of w skipped: 0 (0.00%)
* Elements of w processed with special addition: 1 (10.00%)
* Elements of w remaining: 9 (90.00%)
* Elements of w skipped: 0 (0.00%)
* Elements of w processed with special addition: 1 (5.56%)
* Elements of w remaining: 17 (94.44%)
* UVC proof at step 8
* G1 elements in proof: 2
* G2 elements in proof: 1
* Proof size in bits: 1019
* Cached h poly size: 159
* UVC Prove step 8
* Elements of w skipped: 0 (0.00%)
* Elements of w processed with special addition: 1 (5.56%)
* Elements of w remaining: 17 (94.44%)
* Elements of w skipped: 0 (0.00%)
* Elements of w processed with special addition: 1 (10.00%)
* Elements of w remaining: 9 (90.00%)
* Elements of w skipped: 0 (0.00%)
* Elements of w processed with special addition: 1 (5.56%)
* Elements of w remaining: 17 (94.44%)
* UVC proof at step 8
* G1 elements in proof: 2
* G2 elements in proof: 1
* Proof size in bits: 1019
* Cached h poly size: 159
* UVC Prove step 8
* Elements of w skipped: 0 (0.00%)
* Elements of w processed with special addition: 1 (5.56%)
* Elements of w remaining: 17 (94.44%)
* Elements of w skipped: 0 (0.00%)
* Elements of w processed with special addition: 1 (10.00%)
* Elements of w remaining: 9 (90.00%)
* Elements of w skipped: 0 (0.00%)
* Elements of w processed with special addition: 1 (5.56%)
* Elements of w remaining: 17 (94.44%)
* UVC proof at step 8
* G1 elements in proof: 2
* G2 elements in proof: 1
* Proof size in bits: 1019
* Cached h poly size: 159
* UVC Prove step 8
* Elements of w skipped: 0 (0.00%)
* Elements of w processed with special addition: 1 (5.56%)
* Elements of w remaining: 17 (94.44%)
* Elements of w skipped: 0 (0.00%)
* Elements of w processed with special addition: 1 (10.00%)
* Elements of w remaining: 9 (90.00%)
* Elements of w skipped: 0 (0.00%)
* Elements of w processed with special addition: 1 (5.56%)
* Elements of w remaining: 17 (94.44%)
* UVC proof at step 8
* G1 elements in proof: 2
* G2 elements in proof: 1
* Proof size in bits: 1019
* Cached h poly size: 159
* UVC Prove step 8
* Elements of w skipped: 0 (0.00%)
* Elements of w processed with special addition: 1 (5.56%)
* Elements of w remaining: 17 (94.44%)
* Elements of w skipped: 0 (0.00%)
* Elements of w processed with special addition: 1 (10.00%)
* Elements of w remaining: 9 (90.00%)
* Elements of w skipped: 0 (0.00%)
* Elements of w processed with special addition: 1 (5.56%)
* Elements of w remaining: 17 (94.44%)
* UVC proof at step 8
* G1 elements in proof: 2
* G2 elements in proof: 1
* Proof size in bits: 1019
* Cached h poly size: 159
* UVC Prove step 8
* Elements of w skipped: 0 (0.00%)
* Elements of w processed with special addition: 1 (5.56%)
* Elements of w remaining: 17 (94.44%)
* Elements of w skipped: 0 (0.00%)
* Elements of w processed with special addition: 1 (10.00%)
* Elements of w remaining: 9 (90.00%)
* Elements of w skipped: 0 (0.00%)
* Elements of w processed with special addition: 1 (5.56%)
* Elements of w remaining: 17 (94.44%)
* UVC proof at step 8
* G1 elements in proof: 2
* G2 elements in proof: 1
* Proof size in bits: 1019
* Cached h poly size: 159
* UVC Prove step 8
* Elements of w skipped: 0 (0.00%)
* Elements of w processed with special addition: 1 (5.56%)
* Elements of w remaining: 17 (94.44%)
* Elements of w skipped: 0 (0.00%)
* Elements of w processed with special addition: 1 (10.00%)
* Elements of w remaining: 9 (90.00%)
* Elements of w skipped: 0 (0.00%)
* Elements of w processed with special addition: 1 (5.56%)
* Elements of w remaining: 17 (94.44%)
* UVC proof at step 8
* G1 elements in proof: 2
* G2 elements in proof: 1
* Proof size in bits: 1019
* Cached h poly size: 159
* UVC Prove step 8
* Elements of w skipped: 0 (0.00%)
* Elements of w processed with special addition: 1 (5.56%)
* Elements of w remaining: 17 (94.44%)
* Elements of w skipped: 0 (0.00%)
* Elements of w processed with special addition: 1 (10.00%)
* Elements of w remaining: 9 (90.00%)
* Elements of w skipped: 0 (0.00%)
* Elements of w processed with special addition: 1 (5.56%)
* Elements of w remaining: 17 (94.44%)
* UVC proof at step 8
* G1 elements in proof: 2
* G2 elements in proof: 1
* Proof size in bits: 1019
* Cached h poly size: 159
* UVC Prove step 8
* Elements of w skipped: 0 (0.00%)
* Elements of w processed with special addition: 1 (5.56%)
* Elements of w remaining: 17 (94.44%)
* Elements of w skipped: 0 (0.00%)
* Elements of w processed with special addition: 1 (10.00%)
* Elements of w remaining: 9 (90.00%)
* Elements of w skipped: 0 (0.00%)
* Elements of w processed with special addition: 1 (5.56%)
* Elements of w remaining: 17 (94.44%)
* UVC proof at step 8
* G1 elements in proof: 2
* G2 elements in proof: 1
* Proof size in bits: 1019
* Cached h poly size: 159
* UVC Prove step 8
* Elements of w skipped: 0 (0.00%)
* Elements of w processed with special addition: 1 (5.56%)
* Elements of w remaining: 17 (94.44%)
* Elements of w skipped: 0 (0.00%)
* Elements of w processed with special addition: 1 (10.00%)
* Elements of w remaining: 9 (90.00%)
* Elements of w skipped: 0 (0.00%)
* Elements of w processed with special addition: 1 (5.56%)
* Elements of w remaining: 17 (94.44%)
* UVC proof at step 8
* G1 elements in proof: 2
* G2 elements in proof: 1
* Proof size in bits: 1019
* Cached h poly size: 159
* UVC Verify step 8: PASS
* UVC Verify step 8: PASS
* UVC Verify step 8: PASS
* UVC Verify step 8: PASS
* UVC Verify step 8: PASS
* UVC Verify step 8: PASS
* UVC Verify step 8: PASS
* UVC Verify step 8: PASS
* UVC Verify step 8: PASS
* UVC Verify step 8: PASS
  8       13.85         2.70          1019          PASS      
* UVC Prove step 16
* Elements of w skipped: 0 (0.00%)
* Elements of w processed with special addition: 1 (5.56%)
* Elements of w remaining: 17 (94.44%)
* Elements of w skipped: 0 (0.00%)
* Elements of w processed with special addition: 1 (11.11%)
* Elements of w remaining: 8 (88.89%)
* Elements of w skipped: 0 (0.00%)
* Elements of w processed with special addition: 1 (5.56%)
* Elements of w remaining: 17 (94.44%)
* UVC proof at step 16
* G1 elements in proof: 2
* G2 elements in proof: 1
* Proof size in bits: 1019
* Cached h poly size: 159
* UVC Prove step 16
* Elements of w skipped: 0 (0.00%)
* Elements of w processed with special addition: 1 (5.56%)
* Elements of w remaining: 17 (94.44%)
* Elements of w skipped: 0 (0.00%)
* Elements of w processed with special addition: 1 (11.11%)
* Elements of w remaining: 8 (88.89%)
* Elements of w skipped: 0 (0.00%)
* Elements of w processed with special addition: 1 (5.56%)
* Elements of w remaining: 17 (94.44%)
* UVC proof at step 16
* G1 elements in proof: 2
* G2 elements in proof: 1
* Proof size in bits: 1019
* Cached h poly size: 159
* UVC Prove step 16
* Elements of w skipped: 0 (0.00%)
* Elements of w processed with special addition: 1 (5.56%)
* Elements of w remaining: 17 (94.44%)
* Elements of w skipped: 0 (0.00%)
* Elements of w processed with special addition: 1 (11.11%)
* Elements of w remaining: 8 (88.89%)
* Elements of w skipped: 0 (0.00%)
* Elements of w processed with special addition: 1 (5.56%)
* Elements of w remaining: 17 (94.44%)
* UVC proof at step 16
* G1 elements in proof: 2
* G2 elements in proof: 1
* Proof size in bits: 1019
* Cached h poly size: 159
* UVC Prove step 16
* Elements of w skipped: 0 (0.00%)
* Elements of w processed with special addition: 1 (5.56%)
* Elements of w remaining: 17 (94.44%)
* Elements of w skipped: 0 (0.00%)
* Elements of w processed with special addition: 1 (11.11%)
* Elements of w remaining: 8 (88.89%)
* Elements of w skipped: 0 (0.00%)
* Elements of w processed with special addition: 1 (5.56%)
* Elements of w remaining: 17 (94.44%)
* UVC proof at step 16
* G1 elements in proof: 2
* G2 elements in proof: 1
* Proof size in bits: 1019
* Cached h poly size: 159
* UVC Prove step 16
* Elements of w skipped: 0 (0.00%)
* Elements of w processed with special addition: 1 (5.56%)
* Elements of w remaining: 17 (94.44%)
* Elements of w skipped: 0 (0.00%)
* Elements of w processed with special addition: 1 (11.11%)
* Elements of w remaining: 8 (88.89%)
* Elements of w skipped: 0 (0.00%)
* Elements of w processed with special addition: 1 (5.56%)
* Elements of w remaining: 17 (94.44%)
* UVC proof at step 16
* G1 elements in proof: 2
* G2 elements in proof: 1
* Proof size in bits: 1019
* Cached h poly size: 159
* UVC Prove step 16
* Elements of w skipped: 0 (0.00%)
* Elements of w processed with special addition: 1 (5.56%)
* Elements of w remaining: 17 (94.44%)
* Elements of w skipped: 0 (0.00%)
* Elements of w processed with special addition: 1 (11.11%)
* Elements of w remaining: 8 (88.89%)
* Elements of w skipped: 0 (0.00%)
* Elements of w processed with special addition: 1 (5.56%)
* Elements of w remaining: 17 (94.44%)
* UVC proof at step 16
* G1 elements in proof: 2
* G2 elements in proof: 1
* Proof size in bits: 1019
* Cached h poly size: 159
* UVC Prove step 16
* Elements of w skipped: 0 (0.00%)
* Elements of w processed with special addition: 1 (5.56%)
* Elements of w remaining: 17 (94.44%)
* Elements of w skipped: 0 (0.00%)
* Elements of w processed with special addition: 1 (11.11%)
* Elements of w remaining: 8 (88.89%)
* Elements of w skipped: 0 (0.00%)
* Elements of w processed with special addition: 1 (5.56%)
* Elements of w remaining: 17 (94.44%)
* UVC proof at step 16
* G1 elements in proof: 2
* G2 elements in proof: 1
* Proof size in bits: 1019
* Cached h poly size: 159
* UVC Prove step 16
* Elements of w skipped: 0 (0.00%)
* Elements of w processed with special addition: 1 (5.56%)
* Elements of w remaining: 17 (94.44%)
* Elements of w skipped: 0 (0.00%)
* Elements of w processed with special addition: 1 (11.11%)
* Elements of w remaining: 8 (88.89%)
* Elements of w skipped: 0 (0.00%)
* Elements of w processed with special addition: 1 (5.56%)
* Elements of w remaining: 17 (94.44%)
* UVC proof at step 16
* G1 elements in proof: 2
* G2 elements in proof: 1
* Proof size in bits: 1019
* Cached h poly size: 159
* UVC Prove step 16
* Elements of w skipped: 0 (0.00%)
* Elements of w processed with special addition: 1 (5.56%)
* Elements of w remaining: 17 (94.44%)
* Elements of w skipped: 0 (0.00%)
* Elements of w processed with special addition: 1 (11.11%)
* Elements of w remaining: 8 (88.89%)
* Elements of w skipped: 0 (0.00%)
* Elements of w processed with special addition: 1 (5.56%)
* Elements of w remaining: 17 (94.44%)
* UVC proof at step 16
* G1 elements in proof: 2
* G2 elements in proof: 1
* Proof size in bits: 1019
* Cached h poly size: 159
* UVC Prove step 16
* Elements of w skipped: 0 (0.00%)
* Elements of w processed with special addition: 1 (5.56%)
* Elements of w remaining: 17 (94.44%)
* Elements of w skipped: 0 (0.00%)
* Elements of w processed with special addition: 1 (11.11%)
* Elements of w remaining: 8 (88.89%)
* Elements of w skipped: 0 (0.00%)
* Elements of w processed with special addition: 1 (5.56%)
* Elements of w remaining: 17 (94.44%)
* UVC proof at step 16
* G1 elements in proof: 2
* G2 elements in proof: 1
* Proof size in bits: 1019
* Cached h poly size: 159
* UVC Verify step 16: PASS
* UVC Verify step 16: PASS
* UVC Verify step 16: PASS
* UVC Verify step 16: PASS
* UVC Verify step 16: PASS
* UVC Verify step 16: PASS
* UVC Verify step 16: PASS
* UVC Verify step 16: PASS
* UVC Verify step 16: PASS
* UVC Verify step 16: PASS
  16      12.27         2.70          1019          PASS      

  UVC results written to /Users/heewonchung/Documents/00-Research/active/Updatable Verifiable Computation/Dev/results/2026-03-09_203431_iot/csv/uvc_results.csv

================================================================
Groth16 Benchmark: circuit=sensor_fusion, n=8, B=16
================================================================

  Step    C_j constr  Setup (ms)    Prove (ms)    Verify (ms)   Verified  
  ------  ----------  ------------  ------------  ------------  ----------
* Composed C_1: 9 constraints, 19 variables, 10 inputs
* QAP number of variables: 19
* QAP pre degree: 9
* QAP degree: 20
* QAP number of input variables: 10
* G1 window: 4
* G2 window: 2
* G1 elements in PK: 69
* Non-zero G1 elements in PK: 58
* G2 elements in PK: 21
* Non-zero G2 elements in PK: 10
* PK size in bits: 20456
* G1 elements in VK: 10
* G2 elements in VK: 2
* GT elements in VK: 1
* VK size in bits: 4463
* Elements of w skipped: 1 (5.00%)
* Elements of w processed with special addition: 3 (15.00%)
* Elements of w remaining: 16 (80.00%)
* Elements of w skipped: 0 (0.00%)
* Elements of w processed with special addition: 2 (22.22%)
* Elements of w remaining: 7 (77.78%)
* Elements of w skipped: 0 (0.00%)
* Elements of w processed with special addition: 0 (0.00%)
* Elements of w remaining: 9 (100.00%)
* G1 elements in proof: 2
* G2 elements in proof: 1
* Proof size in bits: 1019
* Elements of w skipped: 1 (5.00%)
* Elements of w processed with special addition: 3 (15.00%)
* Elements of w remaining: 16 (80.00%)
* Elements of w skipped: 0 (0.00%)
* Elements of w processed with special addition: 2 (22.22%)
* Elements of w remaining: 7 (77.78%)
* Elements of w skipped: 0 (0.00%)
* Elements of w processed with special addition: 0 (0.00%)
* Elements of w remaining: 9 (100.00%)
* G1 elements in proof: 2
* G2 elements in proof: 1
* Proof size in bits: 1019
* Elements of w skipped: 1 (5.00%)
* Elements of w processed with special addition: 3 (15.00%)
* Elements of w remaining: 16 (80.00%)
* Elements of w skipped: 0 (0.00%)
* Elements of w processed with special addition: 2 (22.22%)
* Elements of w remaining: 7 (77.78%)
* Elements of w skipped: 0 (0.00%)
* Elements of w processed with special addition: 0 (0.00%)
* Elements of w remaining: 9 (100.00%)
* G1 elements in proof: 2
* G2 elements in proof: 1
* Proof size in bits: 1019
* Elements of w skipped: 1 (5.00%)
* Elements of w processed with special addition: 3 (15.00%)
* Elements of w remaining: 16 (80.00%)
* Elements of w skipped: 0 (0.00%)
* Elements of w processed with special addition: 2 (22.22%)
* Elements of w remaining: 7 (77.78%)
* Elements of w skipped: 0 (0.00%)
* Elements of w processed with special addition: 0 (0.00%)
* Elements of w remaining: 9 (100.00%)
* G1 elements in proof: 2
* G2 elements in proof: 1
* Proof size in bits: 1019
* Elements of w skipped: 1 (5.00%)
* Elements of w processed with special addition: 3 (15.00%)
* Elements of w remaining: 16 (80.00%)
* Elements of w skipped: 0 (0.00%)
* Elements of w processed with special addition: 2 (22.22%)
* Elements of w remaining: 7 (77.78%)
* Elements of w skipped: 0 (0.00%)
* Elements of w processed with special addition: 0 (0.00%)
* Elements of w remaining: 9 (100.00%)
* G1 elements in proof: 2
* G2 elements in proof: 1
* Proof size in bits: 1019
* Elements of w skipped: 1 (5.00%)
* Elements of w processed with special addition: 3 (15.00%)
* Elements of w remaining: 16 (80.00%)
* Elements of w skipped: 0 (0.00%)
* Elements of w processed with special addition: 2 (22.22%)
* Elements of w remaining: 7 (77.78%)
* Elements of w skipped: 0 (0.00%)
* Elements of w processed with special addition: 0 (0.00%)
* Elements of w remaining: 9 (100.00%)
* G1 elements in proof: 2
* G2 elements in proof: 1
* Proof size in bits: 1019
* Elements of w skipped: 1 (5.00%)
* Elements of w processed with special addition: 3 (15.00%)
* Elements of w remaining: 16 (80.00%)
* Elements of w skipped: 0 (0.00%)
* Elements of w processed with special addition: 2 (22.22%)
* Elements of w remaining: 7 (77.78%)
* Elements of w skipped: 0 (0.00%)
* Elements of w processed with special addition: 0 (0.00%)
* Elements of w remaining: 9 (100.00%)
* G1 elements in proof: 2
* G2 elements in proof: 1
* Proof size in bits: 1019
* Elements of w skipped: 1 (5.00%)
* Elements of w processed with special addition: 3 (15.00%)
* Elements of w remaining: 16 (80.00%)
* Elements of w skipped: 0 (0.00%)
* Elements of w processed with special addition: 2 (22.22%)
* Elements of w remaining: 7 (77.78%)
* Elements of w skipped: 0 (0.00%)
* Elements of w processed with special addition: 0 (0.00%)
* Elements of w remaining: 9 (100.00%)
* G1 elements in proof: 2
* G2 elements in proof: 1
* Proof size in bits: 1019
* Elements of w skipped: 1 (5.00%)
* Elements of w processed with special addition: 3 (15.00%)
* Elements of w remaining: 16 (80.00%)
* Elements of w skipped: 0 (0.00%)
* Elements of w processed with special addition: 2 (22.22%)
* Elements of w remaining: 7 (77.78%)
* Elements of w skipped: 0 (0.00%)
* Elements of w processed with special addition: 0 (0.00%)
* Elements of w remaining: 9 (100.00%)
* G1 elements in proof: 2
* G2 elements in proof: 1
* Proof size in bits: 1019
* Elements of w skipped: 1 (5.00%)
* Elements of w processed with special addition: 3 (15.00%)
* Elements of w remaining: 16 (80.00%)
* Elements of w skipped: 0 (0.00%)
* Elements of w processed with special addition: 2 (22.22%)
* Elements of w remaining: 7 (77.78%)
* Elements of w skipped: 0 (0.00%)
* Elements of w processed with special addition: 0 (0.00%)
* Elements of w remaining: 9 (100.00%)
* G1 elements in proof: 2
* G2 elements in proof: 1
* Proof size in bits: 1019
  1       9           12.3          4.92          2.68          PASS      
* Composed C_2: 18 constraints, 37 variables, 10 inputs
* QAP number of variables: 37
* QAP pre degree: 18
* QAP degree: 32
* QAP number of input variables: 10
* G1 window: 5
* G2 window: 3
* G1 elements in PK: 135
* Non-zero G1 elements in PK: 115
* G2 elements in PK: 39
* Non-zero G2 elements in PK: 19
* PK size in bits: 40148
* G1 elements in VK: 10
* G2 elements in VK: 2
* GT elements in VK: 1
* VK size in bits: 4463
* Elements of w skipped: 1 (2.63%)
* Elements of w processed with special addition: 4 (10.53%)
* Elements of w remaining: 33 (86.84%)
* Elements of w skipped: 0 (0.00%)
* Elements of w processed with special addition: 3 (16.67%)
* Elements of w remaining: 15 (83.33%)
* Elements of w skipped: 0 (0.00%)
* Elements of w processed with special addition: 1 (3.70%)
* Elements of w remaining: 26 (96.30%)
* G1 elements in proof: 2
* G2 elements in proof: 1
* Proof size in bits: 1019
* Elements of w skipped: 1 (2.63%)
* Elements of w processed with special addition: 4 (10.53%)
* Elements of w remaining: 33 (86.84%)
* Elements of w skipped: 0 (0.00%)
* Elements of w processed with special addition: 3 (16.67%)
* Elements of w remaining: 15 (83.33%)
* Elements of w skipped: 0 (0.00%)
* Elements of w processed with special addition: 1 (3.70%)
* Elements of w remaining: 26 (96.30%)
* G1 elements in proof: 2
* G2 elements in proof: 1
* Proof size in bits: 1019
* Elements of w skipped: 1 (2.63%)
* Elements of w processed with special addition: 4 (10.53%)
* Elements of w remaining: 33 (86.84%)
* Elements of w skipped: 0 (0.00%)
* Elements of w processed with special addition: 3 (16.67%)
* Elements of w remaining: 15 (83.33%)
* Elements of w skipped: 0 (0.00%)
* Elements of w processed with special addition: 1 (3.70%)
* Elements of w remaining: 26 (96.30%)
* G1 elements in proof: 2
* G2 elements in proof: 1
* Proof size in bits: 1019
* Elements of w skipped: 1 (2.63%)
* Elements of w processed with special addition: 4 (10.53%)
* Elements of w remaining: 33 (86.84%)
* Elements of w skipped: 0 (0.00%)
* Elements of w processed with special addition: 3 (16.67%)
* Elements of w remaining: 15 (83.33%)
* Elements of w skipped: 0 (0.00%)
* Elements of w processed with special addition: 1 (3.70%)
* Elements of w remaining: 26 (96.30%)
* G1 elements in proof: 2
* G2 elements in proof: 1
* Proof size in bits: 1019
* Elements of w skipped: 1 (2.63%)
* Elements of w processed with special addition: 4 (10.53%)
* Elements of w remaining: 33 (86.84%)
* Elements of w skipped: 0 (0.00%)
* Elements of w processed with special addition: 3 (16.67%)
* Elements of w remaining: 15 (83.33%)
* Elements of w skipped: 0 (0.00%)
* Elements of w processed with special addition: 1 (3.70%)
* Elements of w remaining: 26 (96.30%)
* G1 elements in proof: 2
* G2 elements in proof: 1
* Proof size in bits: 1019
* Elements of w skipped: 1 (2.63%)
* Elements of w processed with special addition: 4 (10.53%)
* Elements of w remaining: 33 (86.84%)
* Elements of w skipped: 0 (0.00%)
* Elements of w processed with special addition: 3 (16.67%)
* Elements of w remaining: 15 (83.33%)
* Elements of w skipped: 0 (0.00%)
* Elements of w processed with special addition: 1 (3.70%)
* Elements of w remaining: 26 (96.30%)
* G1 elements in proof: 2
* G2 elements in proof: 1
* Proof size in bits: 1019
* Elements of w skipped: 1 (2.63%)
* Elements of w processed with special addition: 4 (10.53%)
* Elements of w remaining: 33 (86.84%)
* Elements of w skipped: 0 (0.00%)
* Elements of w processed with special addition: 3 (16.67%)
* Elements of w remaining: 15 (83.33%)
* Elements of w skipped: 0 (0.00%)
* Elements of w processed with special addition: 1 (3.70%)
* Elements of w remaining: 26 (96.30%)
* G1 elements in proof: 2
* G2 elements in proof: 1
* Proof size in bits: 1019
* Elements of w skipped: 1 (2.63%)
* Elements of w processed with special addition: 4 (10.53%)
* Elements of w remaining: 33 (86.84%)
* Elements of w skipped: 0 (0.00%)
* Elements of w processed with special addition: 3 (16.67%)
* Elements of w remaining: 15 (83.33%)
* Elements of w skipped: 0 (0.00%)
* Elements of w processed with special addition: 1 (3.70%)
* Elements of w remaining: 26 (96.30%)
* G1 elements in proof: 2
* G2 elements in proof: 1
* Proof size in bits: 1019
* Elements of w skipped: 1 (2.63%)
* Elements of w processed with special addition: 4 (10.53%)
* Elements of w remaining: 33 (86.84%)
* Elements of w skipped: 0 (0.00%)
* Elements of w processed with special addition: 3 (16.67%)
* Elements of w remaining: 15 (83.33%)
* Elements of w skipped: 0 (0.00%)
* Elements of w processed with special addition: 1 (3.70%)
* Elements of w remaining: 26 (96.30%)
* G1 elements in proof: 2
* G2 elements in proof: 1
* Proof size in bits: 1019
* Elements of w skipped: 1 (2.63%)
* Elements of w processed with special addition: 4 (10.53%)
* Elements of w remaining: 33 (86.84%)
* Elements of w skipped: 0 (0.00%)
* Elements of w processed with special addition: 3 (16.67%)
* Elements of w remaining: 15 (83.33%)
* Elements of w skipped: 0 (0.00%)
* Elements of w processed with special addition: 1 (3.70%)
* Elements of w remaining: 26 (96.30%)
* G1 elements in proof: 2
* G2 elements in proof: 1
* Proof size in bits: 1019
  2       18          16.0          6.59          2.68          PASS      
* Composed C_4: 36 constraints, 73 variables, 10 inputs
* QAP number of variables: 73
* QAP pre degree: 36
* QAP degree: 48
* QAP number of input variables: 10
* G1 window: 5
* G2 window: 4
* G1 elements in PK: 259
* Non-zero G1 elements in PK: 221
* G2 elements in PK: 75
* Non-zero G2 elements in PK: 37
* PK size in bits: 77492
* G1 elements in VK: 10
* G2 elements in VK: 2
* GT elements in VK: 1
* VK size in bits: 4463
* Elements of w skipped: 1 (1.35%)
* Elements of w processed with special addition: 6 (8.11%)
* Elements of w remaining: 67 (90.54%)
* Elements of w skipped: 0 (0.00%)
* Elements of w processed with special addition: 5 (13.89%)
* Elements of w remaining: 31 (86.11%)
* Elements of w skipped: 0 (0.00%)
* Elements of w processed with special addition: 3 (4.76%)
* Elements of w remaining: 60 (95.24%)
* G1 elements in proof: 2
* G2 elements in proof: 1
* Proof size in bits: 1019
* Elements of w skipped: 1 (1.35%)
* Elements of w processed with special addition: 6 (8.11%)
* Elements of w remaining: 67 (90.54%)
* Elements of w skipped: 0 (0.00%)
* Elements of w processed with special addition: 5 (13.89%)
* Elements of w remaining: 31 (86.11%)
* Elements of w skipped: 0 (0.00%)
* Elements of w processed with special addition: 3 (4.76%)
* Elements of w remaining: 60 (95.24%)
* G1 elements in proof: 2
* G2 elements in proof: 1
* Proof size in bits: 1019
* Elements of w skipped: 1 (1.35%)
* Elements of w processed with special addition: 6 (8.11%)
* Elements of w remaining: 67 (90.54%)
* Elements of w skipped: 0 (0.00%)
* Elements of w processed with special addition: 5 (13.89%)
* Elements of w remaining: 31 (86.11%)
* Elements of w skipped: 0 (0.00%)
* Elements of w processed with special addition: 3 (4.76%)
* Elements of w remaining: 60 (95.24%)
* G1 elements in proof: 2
* G2 elements in proof: 1
* Proof size in bits: 1019
* Elements of w skipped: 1 (1.35%)
* Elements of w processed with special addition: 6 (8.11%)
* Elements of w remaining: 67 (90.54%)
* Elements of w skipped: 0 (0.00%)
* Elements of w processed with special addition: 5 (13.89%)
* Elements of w remaining: 31 (86.11%)
* Elements of w skipped: 0 (0.00%)
* Elements of w processed with special addition: 3 (4.76%)
* Elements of w remaining: 60 (95.24%)
* G1 elements in proof: 2
* G2 elements in proof: 1
* Proof size in bits: 1019
* Elements of w skipped: 1 (1.35%)
* Elements of w processed with special addition: 6 (8.11%)
* Elements of w remaining: 67 (90.54%)
* Elements of w skipped: 0 (0.00%)
* Elements of w processed with special addition: 5 (13.89%)
* Elements of w remaining: 31 (86.11%)
* Elements of w skipped: 0 (0.00%)
* Elements of w processed with special addition: 3 (4.76%)
* Elements of w remaining: 60 (95.24%)
* G1 elements in proof: 2
* G2 elements in proof: 1
* Proof size in bits: 1019
* Elements of w skipped: 1 (1.35%)
* Elements of w processed with special addition: 6 (8.11%)
* Elements of w remaining: 67 (90.54%)
* Elements of w skipped: 0 (0.00%)
* Elements of w processed with special addition: 5 (13.89%)
* Elements of w remaining: 31 (86.11%)
* Elements of w skipped: 0 (0.00%)
* Elements of w processed with special addition: 3 (4.76%)
* Elements of w remaining: 60 (95.24%)
* G1 elements in proof: 2
* G2 elements in proof: 1
* Proof size in bits: 1019
* Elements of w skipped: 1 (1.35%)
* Elements of w processed with special addition: 6 (8.11%)
* Elements of w remaining: 67 (90.54%)
* Elements of w skipped: 0 (0.00%)
* Elements of w processed with special addition: 5 (13.89%)
* Elements of w remaining: 31 (86.11%)
* Elements of w skipped: 0 (0.00%)
* Elements of w processed with special addition: 3 (4.76%)
* Elements of w remaining: 60 (95.24%)
* G1 elements in proof: 2
* G2 elements in proof: 1
* Proof size in bits: 1019
* Elements of w skipped: 1 (1.35%)
* Elements of w processed with special addition: 6 (8.11%)
* Elements of w remaining: 67 (90.54%)
* Elements of w skipped: 0 (0.00%)
* Elements of w processed with special addition: 5 (13.89%)
* Elements of w remaining: 31 (86.11%)
* Elements of w skipped: 0 (0.00%)
* Elements of w processed with special addition: 3 (4.76%)
* Elements of w remaining: 60 (95.24%)
* G1 elements in proof: 2
* G2 elements in proof: 1
* Proof size in bits: 1019
* Elements of w skipped: 1 (1.35%)
* Elements of w processed with special addition: 6 (8.11%)
* Elements of w remaining: 67 (90.54%)
* Elements of w skipped: 0 (0.00%)
* Elements of w processed with special addition: 5 (13.89%)
* Elements of w remaining: 31 (86.11%)
* Elements of w skipped: 0 (0.00%)
* Elements of w processed with special addition: 3 (4.76%)
* Elements of w remaining: 60 (95.24%)
* G1 elements in proof: 2
* G2 elements in proof: 1
* Proof size in bits: 1019
* Elements of w skipped: 1 (1.35%)
* Elements of w processed with special addition: 6 (8.11%)
* Elements of w remaining: 67 (90.54%)
* Elements of w skipped: 0 (0.00%)
* Elements of w processed with special addition: 5 (13.89%)
* Elements of w remaining: 31 (86.11%)
* Elements of w skipped: 0 (0.00%)
* Elements of w processed with special addition: 3 (4.76%)
* Elements of w remaining: 60 (95.24%)
* G1 elements in proof: 2
* G2 elements in proof: 1
* Proof size in bits: 1019
  4       36          22.4          8.74          2.67          PASS      
* Composed C_8: 72 constraints, 145 variables, 10 inputs
* QAP number of variables: 145
* QAP pre degree: 72
* QAP degree: 96
* QAP number of input variables: 10
* G1 window: 6
* G2 window: 5
* G1 elements in PK: 523
* Non-zero G1 elements in PK: 449
* G2 elements in PK: 147
* Non-zero G2 elements in PK: 73
* PK size in bits: 156260
* G1 elements in VK: 10
* G2 elements in VK: 2
* GT elements in VK: 1
* VK size in bits: 4463
* Elements of w skipped: 1 (0.68%)
* Elements of w processed with special addition: 10 (6.85%)
* Elements of w remaining: 135 (92.47%)
* Elements of w skipped: 0 (0.00%)
* Elements of w processed with special addition: 9 (12.50%)
* Elements of w remaining: 63 (87.50%)
* Elements of w skipped: 0 (0.00%)
* Elements of w processed with special addition: 7 (5.19%)
* Elements of w remaining: 128 (94.81%)
* G1 elements in proof: 2
* G2 elements in proof: 1
* Proof size in bits: 1019
* Elements of w skipped: 1 (0.68%)
* Elements of w processed with special addition: 10 (6.85%)
* Elements of w remaining: 135 (92.47%)
* Elements of w skipped: 0 (0.00%)
* Elements of w processed with special addition: 9 (12.50%)
* Elements of w remaining: 63 (87.50%)
* Elements of w skipped: 0 (0.00%)
* Elements of w processed with special addition: 7 (5.19%)
* Elements of w remaining: 128 (94.81%)
* G1 elements in proof: 2
* G2 elements in proof: 1
* Proof size in bits: 1019
* Elements of w skipped: 1 (0.68%)
* Elements of w processed with special addition: 10 (6.85%)
* Elements of w remaining: 135 (92.47%)
* Elements of w skipped: 0 (0.00%)
* Elements of w processed with special addition: 9 (12.50%)
* Elements of w remaining: 63 (87.50%)
* Elements of w skipped: 0 (0.00%)
* Elements of w processed with special addition: 7 (5.19%)
* Elements of w remaining: 128 (94.81%)
* G1 elements in proof: 2
* G2 elements in proof: 1
* Proof size in bits: 1019
* Elements of w skipped: 1 (0.68%)
* Elements of w processed with special addition: 10 (6.85%)
* Elements of w remaining: 135 (92.47%)
* Elements of w skipped: 0 (0.00%)
* Elements of w processed with special addition: 9 (12.50%)
* Elements of w remaining: 63 (87.50%)
* Elements of w skipped: 0 (0.00%)
* Elements of w processed with special addition: 7 (5.19%)
* Elements of w remaining: 128 (94.81%)
* G1 elements in proof: 2
* G2 elements in proof: 1
* Proof size in bits: 1019
* Elements of w skipped: 1 (0.68%)
* Elements of w processed with special addition: 10 (6.85%)
* Elements of w remaining: 135 (92.47%)
* Elements of w skipped: 0 (0.00%)
* Elements of w processed with special addition: 9 (12.50%)
* Elements of w remaining: 63 (87.50%)
* Elements of w skipped: 0 (0.00%)
* Elements of w processed with special addition: 7 (5.19%)
* Elements of w remaining: 128 (94.81%)
* G1 elements in proof: 2
* G2 elements in proof: 1
* Proof size in bits: 1019
* Elements of w skipped: 1 (0.68%)
* Elements of w processed with special addition: 10 (6.85%)
* Elements of w remaining: 135 (92.47%)
* Elements of w skipped: 0 (0.00%)
* Elements of w processed with special addition: 9 (12.50%)
* Elements of w remaining: 63 (87.50%)
* Elements of w skipped: 0 (0.00%)
* Elements of w processed with special addition: 7 (5.19%)
* Elements of w remaining: 128 (94.81%)
* G1 elements in proof: 2
* G2 elements in proof: 1
* Proof size in bits: 1019
* Elements of w skipped: 1 (0.68%)
* Elements of w processed with special addition: 10 (6.85%)
* Elements of w remaining: 135 (92.47%)
* Elements of w skipped: 0 (0.00%)
* Elements of w processed with special addition: 9 (12.50%)
* Elements of w remaining: 63 (87.50%)
* Elements of w skipped: 0 (0.00%)
* Elements of w processed with special addition: 7 (5.19%)
* Elements of w remaining: 128 (94.81%)
* G1 elements in proof: 2
* G2 elements in proof: 1
* Proof size in bits: 1019
* Elements of w skipped: 1 (0.68%)
* Elements of w processed with special addition: 10 (6.85%)
* Elements of w remaining: 135 (92.47%)
* Elements of w skipped: 0 (0.00%)
* Elements of w processed with special addition: 9 (12.50%)
* Elements of w remaining: 63 (87.50%)
* Elements of w skipped: 0 (0.00%)
* Elements of w processed with special addition: 7 (5.19%)
* Elements of w remaining: 128 (94.81%)
* G1 elements in proof: 2
* G2 elements in proof: 1
* Proof size in bits: 1019
* Elements of w skipped: 1 (0.68%)
* Elements of w processed with special addition: 10 (6.85%)
* Elements of w remaining: 135 (92.47%)
* Elements of w skipped: 0 (0.00%)
* Elements of w processed with special addition: 9 (12.50%)
* Elements of w remaining: 63 (87.50%)
* Elements of w skipped: 0 (0.00%)
* Elements of w processed with special addition: 7 (5.19%)
* Elements of w remaining: 128 (94.81%)
* G1 elements in proof: 2
* G2 elements in proof: 1
* Proof size in bits: 1019
* Elements of w skipped: 1 (0.68%)
* Elements of w processed with special addition: 10 (6.85%)
* Elements of w remaining: 135 (92.47%)
* Elements of w skipped: 0 (0.00%)
* Elements of w processed with special addition: 9 (12.50%)
* Elements of w remaining: 63 (87.50%)
* Elements of w skipped: 0 (0.00%)
* Elements of w processed with special addition: 7 (5.19%)
* Elements of w remaining: 128 (94.81%)
* G1 elements in proof: 2
* G2 elements in proof: 1
* Proof size in bits: 1019
  8       72          33.8          14.45         2.69          PASS      
* Composed C_16: 144 constraints, 289 variables, 10 inputs
* QAP number of variables: 289
* QAP pre degree: 144
* QAP degree: 160
* QAP number of input variables: 10
* G1 window: 7
* G2 window: 5
* G1 elements in PK: 1019
* Non-zero G1 elements in PK: 873
* G2 elements in PK: 291
* Non-zero G2 elements in PK: 145
* PK size in bits: 305636
* G1 elements in VK: 10
* G2 elements in VK: 2
* GT elements in VK: 1
* VK size in bits: 4463
* Elements of w skipped: 1 (0.34%)
* Elements of w processed with special addition: 18 (6.21%)
* Elements of w remaining: 271 (93.45%)
* Elements of w skipped: 0 (0.00%)
* Elements of w processed with special addition: 17 (11.81%)
* Elements of w remaining: 127 (88.19%)
* Elements of w skipped: 0 (0.00%)
* Elements of w processed with special addition: 15 (5.38%)
* Elements of w remaining: 264 (94.62%)
* G1 elements in proof: 2
* G2 elements in proof: 1
* Proof size in bits: 1019
* Elements of w skipped: 1 (0.34%)
* Elements of w processed with special addition: 18 (6.21%)
* Elements of w remaining: 271 (93.45%)
* Elements of w skipped: 0 (0.00%)
* Elements of w processed with special addition: 17 (11.81%)
* Elements of w remaining: 127 (88.19%)
* Elements of w skipped: 0 (0.00%)
* Elements of w processed with special addition: 15 (5.38%)
* Elements of w remaining: 264 (94.62%)
* G1 elements in proof: 2
* G2 elements in proof: 1
* Proof size in bits: 1019
* Elements of w skipped: 1 (0.34%)
* Elements of w processed with special addition: 18 (6.21%)
* Elements of w remaining: 271 (93.45%)
* Elements of w skipped: 0 (0.00%)
* Elements of w processed with special addition: 17 (11.81%)
* Elements of w remaining: 127 (88.19%)
* Elements of w skipped: 0 (0.00%)
* Elements of w processed with special addition: 15 (5.38%)
* Elements of w remaining: 264 (94.62%)
* G1 elements in proof: 2
* G2 elements in proof: 1
* Proof size in bits: 1019
* Elements of w skipped: 1 (0.34%)
* Elements of w processed with special addition: 18 (6.21%)
* Elements of w remaining: 271 (93.45%)
* Elements of w skipped: 0 (0.00%)
* Elements of w processed with special addition: 17 (11.81%)
* Elements of w remaining: 127 (88.19%)
* Elements of w skipped: 0 (0.00%)
* Elements of w processed with special addition: 15 (5.38%)
* Elements of w remaining: 264 (94.62%)
* G1 elements in proof: 2
* G2 elements in proof: 1
* Proof size in bits: 1019
* Elements of w skipped: 1 (0.34%)
* Elements of w processed with special addition: 18 (6.21%)
* Elements of w remaining: 271 (93.45%)
* Elements of w skipped: 0 (0.00%)
* Elements of w processed with special addition: 17 (11.81%)
* Elements of w remaining: 127 (88.19%)
* Elements of w skipped: 0 (0.00%)
* Elements of w processed with special addition: 15 (5.38%)
* Elements of w remaining: 264 (94.62%)
* G1 elements in proof: 2
* G2 elements in proof: 1
* Proof size in bits: 1019
* Elements of w skipped: 1 (0.34%)
* Elements of w processed with special addition: 18 (6.21%)
* Elements of w remaining: 271 (93.45%)
* Elements of w skipped: 0 (0.00%)
* Elements of w processed with special addition: 17 (11.81%)
* Elements of w remaining: 127 (88.19%)
* Elements of w skipped: 0 (0.00%)
* Elements of w processed with special addition: 15 (5.38%)
* Elements of w remaining: 264 (94.62%)
* G1 elements in proof: 2
* G2 elements in proof: 1
* Proof size in bits: 1019
* Elements of w skipped: 1 (0.34%)
* Elements of w processed with special addition: 18 (6.21%)
* Elements of w remaining: 271 (93.45%)
* Elements of w skipped: 0 (0.00%)
* Elements of w processed with special addition: 17 (11.81%)
* Elements of w remaining: 127 (88.19%)
* Elements of w skipped: 0 (0.00%)
* Elements of w processed with special addition: 15 (5.38%)
* Elements of w remaining: 264 (94.62%)
* G1 elements in proof: 2
* G2 elements in proof: 1
* Proof size in bits: 1019
* Elements of w skipped: 1 (0.34%)
* Elements of w processed with special addition: 18 (6.21%)
* Elements of w remaining: 271 (93.45%)
* Elements of w skipped: 0 (0.00%)
* Elements of w processed with special addition: 17 (11.81%)
* Elements of w remaining: 127 (88.19%)
* Elements of w skipped: 0 (0.00%)
* Elements of w processed with special addition: 15 (5.38%)
* Elements of w remaining: 264 (94.62%)
* G1 elements in proof: 2
* G2 elements in proof: 1
* Proof size in bits: 1019
* Elements of w skipped: 1 (0.34%)
* Elements of w processed with special addition: 18 (6.21%)
* Elements of w remaining: 271 (93.45%)
* Elements of w skipped: 0 (0.00%)
* Elements of w processed with special addition: 17 (11.81%)
* Elements of w remaining: 127 (88.19%)
* Elements of w skipped: 0 (0.00%)
* Elements of w processed with special addition: 15 (5.38%)
* Elements of w remaining: 264 (94.62%)
* G1 elements in proof: 2
* G2 elements in proof: 1
* Proof size in bits: 1019
* Elements of w skipped: 1 (0.34%)
* Elements of w processed with special addition: 18 (6.21%)
* Elements of w remaining: 271 (93.45%)
* Elements of w skipped: 0 (0.00%)
* Elements of w processed with special addition: 17 (11.81%)
* Elements of w remaining: 127 (88.19%)
* Elements of w skipped: 0 (0.00%)
* Elements of w processed with special addition: 15 (5.38%)
* Elements of w remaining: 264 (94.62%)
* G1 elements in proof: 2
* G2 elements in proof: 1
* Proof size in bits: 1019
  16      144         55.7          21.21         2.74          PASS      

  Groth16 results written to /Users/heewonchung/Documents/00-Research/active/Updatable Verifiable Computation/Dev/results/2026-03-09_203431_iot/csv/groth16_results.csv

================================================================
All benchmarks complete.
================================================================
  Done in 2s

------------------------------------------------------------
  Running: [4/10] sensor_fusion K=8 B=64
  Command: bench_comparative --circuit sensor_fusion --n 8 --B 64 --output-dir /Users/heewonchung/Documents/00-Research/active/Updatable Verifiable Computation/Dev/results/2026-03-09_203431_iot/csv --reps 10
------------------------------------------------------------
================================================================
Comparative Benchmark: UVC vs Groth16
================================================================
  Circuit: sensor_fusion, n=8, B=64, reps=10
  Output: /Users/heewonchung/Documents/00-Research/active/Updatable Verifiable Computation/Dev/results/2026-03-09_203431_iot/csv/

================================================================
UVC Benchmark: circuit=sensor_fusion, n=8, B=64
================================================================
  Circuit: 9 constraints, 19 vars, state=1, transition=9

  [Setup] Generating CRS for B=64...
* UVC Setup: B=64, n=19, state=1, transition=9
* Composed C_64: 576 constraints, 1153 variables, 10 inputs
* QAP (C_B) variables: 1153, degree: 640, inputs: 10
* UVC max compositions (B): 64
* G1 elements in PK: 4091
* G2 elements in PK: 1155
* PK size in bits: 1279364
* H_query_full size: 639
* Step 2: 18 new wires (0 io, 18 wt)
* Step 3: 18 new wires (0 io, 18 wt)
* Step 4: 18 new wires (0 io, 18 wt)
* Step 5: 18 new wires (0 io, 18 wt)
* Step 6: 18 new wires (0 io, 18 wt)
* Step 7: 18 new wires (0 io, 18 wt)
* Step 8: 18 new wires (0 io, 18 wt)
* Step 9: 18 new wires (0 io, 18 wt)
* Step 10: 18 new wires (0 io, 18 wt)
* Step 11: 18 new wires (0 io, 18 wt)
* Step 12: 18 new wires (0 io, 18 wt)
* Step 13: 18 new wires (0 io, 18 wt)
* Step 14: 18 new wires (0 io, 18 wt)
* Step 15: 18 new wires (0 io, 18 wt)
* Step 16: 18 new wires (0 io, 18 wt)
* Step 17: 18 new wires (0 io, 18 wt)
* Step 18: 18 new wires (0 io, 18 wt)
* Step 19: 18 new wires (0 io, 18 wt)
* Step 20: 18 new wires (0 io, 18 wt)
* Step 21: 18 new wires (0 io, 18 wt)
* Step 22: 18 new wires (0 io, 18 wt)
* Step 23: 18 new wires (0 io, 18 wt)
* Step 24: 18 new wires (0 io, 18 wt)
* Step 25: 18 new wires (0 io, 18 wt)
* Step 26: 18 new wires (0 io, 18 wt)
* Step 27: 18 new wires (0 io, 18 wt)
* Step 28: 18 new wires (0 io, 18 wt)
* Step 29: 18 new wires (0 io, 18 wt)
* Step 30: 18 new wires (0 io, 18 wt)
* Step 31: 18 new wires (0 io, 18 wt)
* Step 32: 18 new wires (0 io, 18 wt)
* Step 33: 18 new wires (0 io, 18 wt)
* Step 34: 18 new wires (0 io, 18 wt)
* Step 35: 18 new wires (0 io, 18 wt)
* Step 36: 18 new wires (0 io, 18 wt)
* Step 37: 18 new wires (0 io, 18 wt)
* Step 38: 18 new wires (0 io, 18 wt)
* Step 39: 18 new wires (0 io, 18 wt)
* Step 40: 18 new wires (0 io, 18 wt)
* Step 41: 18 new wires (0 io, 18 wt)
* Step 42: 18 new wires (0 io, 18 wt)
* Step 43: 18 new wires (0 io, 18 wt)
* Step 44: 18 new wires (0 io, 18 wt)
* Step 45: 18 new wires (0 io, 18 wt)
* Step 46: 18 new wires (0 io, 18 wt)
* Step 47: 18 new wires (0 io, 18 wt)
* Step 48: 18 new wires (0 io, 18 wt)
* Step 49: 18 new wires (0 io, 18 wt)
* Step 50: 18 new wires (0 io, 18 wt)
* Step 51: 18 new wires (0 io, 18 wt)
* Step 52: 18 new wires (0 io, 18 wt)
* Step 53: 18 new wires (0 io, 18 wt)
* Step 54: 18 new wires (0 io, 18 wt)
* Step 55: 18 new wires (0 io, 18 wt)
* Step 56: 18 new wires (0 io, 18 wt)
* Step 57: 18 new wires (0 io, 18 wt)
* Step 58: 18 new wires (0 io, 18 wt)
* Step 59: 18 new wires (0 io, 18 wt)
* Step 60: 18 new wires (0 io, 18 wt)
* Step 61: 18 new wires (0 io, 18 wt)
* Step 62: 18 new wires (0 io, 18 wt)
* Step 63: 18 new wires (0 io, 18 wt)
* Step 64: 18 new wires (0 io, 18 wt)
* UVC VK: 64 max steps
* G2 elements in VK: 2
* GT elements in VK: 1
* gamma_ABC size: 10
  Setup: 205.9 ms, CRS: 5206 G1 + 2290 G2
  Building proof chain (steps 1..64)...
* UVC Prove step 1
* Elements of w skipped: 1 (5.00%)
* Elements of w processed with special addition: 3 (15.00%)
* Elements of w remaining: 16 (80.00%)
* Elements of w skipped: 1 (9.09%)
* Elements of w processed with special addition: 1 (9.09%)
* Elements of w remaining: 9 (81.82%)
* Elements of w skipped: 0 (0.00%)
* Elements of w processed with special addition: 0 (0.00%)
* Elements of w remaining: 9 (100.00%)
* UVC proof at step 1
* G1 elements in proof: 2
* G2 elements in proof: 1
* Proof size in bits: 1019
* Cached h poly size: 639
* UVC Prove step 2
* Elements of w skipped: 0 (0.00%)
* Elements of w processed with special addition: 1 (5.56%)
* Elements of w remaining: 17 (94.44%)
* Elements of w skipped: 0 (0.00%)
* Elements of w processed with special addition: 1 (10.00%)
* Elements of w remaining: 9 (90.00%)
* Elements of w skipped: 0 (0.00%)
* Elements of w processed with special addition: 1 (5.56%)
* Elements of w remaining: 17 (94.44%)
* UVC proof at step 2
* G1 elements in proof: 2
* G2 elements in proof: 1
* Proof size in bits: 1019
* Cached h poly size: 639
* UVC Prove step 3
* Elements of w skipped: 0 (0.00%)
* Elements of w processed with special addition: 1 (5.56%)
* Elements of w remaining: 17 (94.44%)
* Elements of w skipped: 0 (0.00%)
* Elements of w processed with special addition: 1 (10.00%)
* Elements of w remaining: 9 (90.00%)
* Elements of w skipped: 0 (0.00%)
* Elements of w processed with special addition: 1 (5.56%)
* Elements of w remaining: 17 (94.44%)
* UVC proof at step 3
* G1 elements in proof: 2
* G2 elements in proof: 1
* Proof size in bits: 1019
* Cached h poly size: 639
* UVC Prove step 4
* Elements of w skipped: 0 (0.00%)
* Elements of w processed with special addition: 1 (5.56%)
* Elements of w remaining: 17 (94.44%)
* Elements of w skipped: 0 (0.00%)
* Elements of w processed with special addition: 1 (10.00%)
* Elements of w remaining: 9 (90.00%)
* Elements of w skipped: 0 (0.00%)
* Elements of w processed with special addition: 1 (5.56%)
* Elements of w remaining: 17 (94.44%)
* UVC proof at step 4
* G1 elements in proof: 2
* G2 elements in proof: 1
* Proof size in bits: 1019
* Cached h poly size: 639
* UVC Prove step 5
* Elements of w skipped: 0 (0.00%)
* Elements of w processed with special addition: 1 (5.56%)
* Elements of w remaining: 17 (94.44%)
* Elements of w skipped: 0 (0.00%)
* Elements of w processed with special addition: 1 (10.00%)
* Elements of w remaining: 9 (90.00%)
* Elements of w skipped: 0 (0.00%)
* Elements of w processed with special addition: 1 (5.56%)
* Elements of w remaining: 17 (94.44%)
* UVC proof at step 5
* G1 elements in proof: 2
* G2 elements in proof: 1
* Proof size in bits: 1019
* Cached h poly size: 639
* UVC Prove step 6
* Elements of w skipped: 0 (0.00%)
* Elements of w processed with special addition: 1 (5.56%)
* Elements of w remaining: 17 (94.44%)
* Elements of w skipped: 0 (0.00%)
* Elements of w processed with special addition: 1 (10.00%)
* Elements of w remaining: 9 (90.00%)
* Elements of w skipped: 0 (0.00%)
* Elements of w processed with special addition: 1 (5.56%)
* Elements of w remaining: 17 (94.44%)
* UVC proof at step 6
* G1 elements in proof: 2
* G2 elements in proof: 1
* Proof size in bits: 1019
* Cached h poly size: 639
* UVC Prove step 7
* Elements of w skipped: 0 (0.00%)
* Elements of w processed with special addition: 1 (5.56%)
* Elements of w remaining: 17 (94.44%)
* Elements of w skipped: 0 (0.00%)
* Elements of w processed with special addition: 1 (10.00%)
* Elements of w remaining: 9 (90.00%)
* Elements of w skipped: 0 (0.00%)
* Elements of w processed with special addition: 1 (5.56%)
* Elements of w remaining: 17 (94.44%)
* UVC proof at step 7
* G1 elements in proof: 2
* G2 elements in proof: 1
* Proof size in bits: 1019
* Cached h poly size: 639
* UVC Prove step 8
* Elements of w skipped: 0 (0.00%)
* Elements of w processed with special addition: 1 (5.56%)
* Elements of w remaining: 17 (94.44%)
* Elements of w skipped: 0 (0.00%)
* Elements of w processed with special addition: 1 (10.00%)
* Elements of w remaining: 9 (90.00%)
* Elements of w skipped: 0 (0.00%)
* Elements of w processed with special addition: 1 (5.56%)
* Elements of w remaining: 17 (94.44%)
* UVC proof at step 8
* G1 elements in proof: 2
* G2 elements in proof: 1
* Proof size in bits: 1019
* Cached h poly size: 639
* UVC Prove step 9
* Elements of w skipped: 0 (0.00%)
* Elements of w processed with special addition: 1 (5.56%)
* Elements of w remaining: 17 (94.44%)
* Elements of w skipped: 0 (0.00%)
* Elements of w processed with special addition: 1 (10.00%)
* Elements of w remaining: 9 (90.00%)
* Elements of w skipped: 0 (0.00%)
* Elements of w processed with special addition: 1 (5.56%)
* Elements of w remaining: 17 (94.44%)
* UVC proof at step 9
* G1 elements in proof: 2
* G2 elements in proof: 1
* Proof size in bits: 1019
* Cached h poly size: 639
* UVC Prove step 10
* Elements of w skipped: 0 (0.00%)
* Elements of w processed with special addition: 1 (5.56%)
* Elements of w remaining: 17 (94.44%)
* Elements of w skipped: 0 (0.00%)
* Elements of w processed with special addition: 1 (10.00%)
* Elements of w remaining: 9 (90.00%)
* Elements of w skipped: 0 (0.00%)
* Elements of w processed with special addition: 1 (5.56%)
* Elements of w remaining: 17 (94.44%)
* UVC proof at step 10
* G1 elements in proof: 2
* G2 elements in proof: 1
* Proof size in bits: 1019
* Cached h poly size: 639
* UVC Prove step 11
* Elements of w skipped: 0 (0.00%)
* Elements of w processed with special addition: 1 (5.56%)
* Elements of w remaining: 17 (94.44%)
* Elements of w skipped: 0 (0.00%)
* Elements of w processed with special addition: 1 (10.00%)
* Elements of w remaining: 9 (90.00%)
* Elements of w skipped: 0 (0.00%)
* Elements of w processed with special addition: 1 (5.56%)
* Elements of w remaining: 17 (94.44%)
* UVC proof at step 11
* G1 elements in proof: 2
* G2 elements in proof: 1
* Proof size in bits: 1019
* Cached h poly size: 639
* UVC Prove step 12
* Elements of w skipped: 0 (0.00%)
* Elements of w processed with special addition: 1 (5.56%)
* Elements of w remaining: 17 (94.44%)
* Elements of w skipped: 0 (0.00%)
* Elements of w processed with special addition: 1 (10.00%)
* Elements of w remaining: 9 (90.00%)
* Elements of w skipped: 0 (0.00%)
* Elements of w processed with special addition: 1 (5.56%)
* Elements of w remaining: 17 (94.44%)
* UVC proof at step 12
* G1 elements in proof: 2
* G2 elements in proof: 1
* Proof size in bits: 1019
* Cached h poly size: 639
* UVC Prove step 13
* Elements of w skipped: 0 (0.00%)
* Elements of w processed with special addition: 1 (5.56%)
* Elements of w remaining: 17 (94.44%)
* Elements of w skipped: 0 (0.00%)
* Elements of w processed with special addition: 1 (10.00%)
* Elements of w remaining: 9 (90.00%)
* Elements of w skipped: 0 (0.00%)
* Elements of w processed with special addition: 1 (5.56%)
* Elements of w remaining: 17 (94.44%)
* UVC proof at step 13
* G1 elements in proof: 2
* G2 elements in proof: 1
* Proof size in bits: 1019
* Cached h poly size: 639
* UVC Prove step 14
* Elements of w skipped: 0 (0.00%)
* Elements of w processed with special addition: 1 (5.56%)
* Elements of w remaining: 17 (94.44%)
* Elements of w skipped: 0 (0.00%)
* Elements of w processed with special addition: 1 (10.00%)
* Elements of w remaining: 9 (90.00%)
* Elements of w skipped: 0 (0.00%)
* Elements of w processed with special addition: 1 (5.56%)
* Elements of w remaining: 17 (94.44%)
* UVC proof at step 14
* G1 elements in proof: 2
* G2 elements in proof: 1
* Proof size in bits: 1019
* Cached h poly size: 639
* UVC Prove step 15
* Elements of w skipped: 0 (0.00%)
* Elements of w processed with special addition: 1 (5.56%)
* Elements of w remaining: 17 (94.44%)
* Elements of w skipped: 0 (0.00%)
* Elements of w processed with special addition: 1 (10.00%)
* Elements of w remaining: 9 (90.00%)
* Elements of w skipped: 0 (0.00%)
* Elements of w processed with special addition: 1 (5.56%)
* Elements of w remaining: 17 (94.44%)
* UVC proof at step 15
* G1 elements in proof: 2
* G2 elements in proof: 1
* Proof size in bits: 1019
* Cached h poly size: 639
* UVC Prove step 16
* Elements of w skipped: 0 (0.00%)
* Elements of w processed with special addition: 1 (5.56%)
* Elements of w remaining: 17 (94.44%)
* Elements of w skipped: 0 (0.00%)
* Elements of w processed with special addition: 1 (10.00%)
* Elements of w remaining: 9 (90.00%)
* Elements of w skipped: 0 (0.00%)
* Elements of w processed with special addition: 1 (5.56%)
* Elements of w remaining: 17 (94.44%)
* UVC proof at step 16
* G1 elements in proof: 2
* G2 elements in proof: 1
* Proof size in bits: 1019
* Cached h poly size: 639
* UVC Prove step 17
* Elements of w skipped: 0 (0.00%)
* Elements of w processed with special addition: 1 (5.56%)
* Elements of w remaining: 17 (94.44%)
* Elements of w skipped: 0 (0.00%)
* Elements of w processed with special addition: 1 (10.00%)
* Elements of w remaining: 9 (90.00%)
* Elements of w skipped: 0 (0.00%)
* Elements of w processed with special addition: 1 (5.56%)
* Elements of w remaining: 17 (94.44%)
* UVC proof at step 17
* G1 elements in proof: 2
* G2 elements in proof: 1
* Proof size in bits: 1019
* Cached h poly size: 639
* UVC Prove step 18
* Elements of w skipped: 0 (0.00%)
* Elements of w processed with special addition: 1 (5.56%)
* Elements of w remaining: 17 (94.44%)
* Elements of w skipped: 0 (0.00%)
* Elements of w processed with special addition: 1 (10.00%)
* Elements of w remaining: 9 (90.00%)
* Elements of w skipped: 0 (0.00%)
* Elements of w processed with special addition: 1 (5.56%)
* Elements of w remaining: 17 (94.44%)
* UVC proof at step 18
* G1 elements in proof: 2
* G2 elements in proof: 1
* Proof size in bits: 1019
* Cached h poly size: 639
* UVC Prove step 19
* Elements of w skipped: 0 (0.00%)
* Elements of w processed with special addition: 1 (5.56%)
* Elements of w remaining: 17 (94.44%)
* Elements of w skipped: 0 (0.00%)
* Elements of w processed with special addition: 1 (10.00%)
* Elements of w remaining: 9 (90.00%)
* Elements of w skipped: 0 (0.00%)
* Elements of w processed with special addition: 1 (5.56%)
* Elements of w remaining: 17 (94.44%)
* UVC proof at step 19
* G1 elements in proof: 2
* G2 elements in proof: 1
* Proof size in bits: 1019
* Cached h poly size: 639
* UVC Prove step 20
* Elements of w skipped: 0 (0.00%)
* Elements of w processed with special addition: 1 (5.56%)
* Elements of w remaining: 17 (94.44%)
* Elements of w skipped: 0 (0.00%)
* Elements of w processed with special addition: 1 (10.00%)
* Elements of w remaining: 9 (90.00%)
* Elements of w skipped: 0 (0.00%)
* Elements of w processed with special addition: 1 (5.56%)
* Elements of w remaining: 17 (94.44%)
* UVC proof at step 20
* G1 elements in proof: 2
* G2 elements in proof: 1
* Proof size in bits: 1019
* Cached h poly size: 639
* UVC Prove step 21
* Elements of w skipped: 0 (0.00%)
* Elements of w processed with special addition: 1 (5.56%)
* Elements of w remaining: 17 (94.44%)
* Elements of w skipped: 0 (0.00%)
* Elements of w processed with special addition: 1 (10.00%)
* Elements of w remaining: 9 (90.00%)
* Elements of w skipped: 0 (0.00%)
* Elements of w processed with special addition: 1 (5.56%)
* Elements of w remaining: 17 (94.44%)
* UVC proof at step 21
* G1 elements in proof: 2
* G2 elements in proof: 1
* Proof size in bits: 1019
* Cached h poly size: 639
* UVC Prove step 22
* Elements of w skipped: 0 (0.00%)
* Elements of w processed with special addition: 1 (5.56%)
* Elements of w remaining: 17 (94.44%)
* Elements of w skipped: 0 (0.00%)
* Elements of w processed with special addition: 1 (10.00%)
* Elements of w remaining: 9 (90.00%)
* Elements of w skipped: 0 (0.00%)
* Elements of w processed with special addition: 1 (5.56%)
* Elements of w remaining: 17 (94.44%)
* UVC proof at step 22
* G1 elements in proof: 2
* G2 elements in proof: 1
* Proof size in bits: 1019
* Cached h poly size: 639
* UVC Prove step 23
* Elements of w skipped: 0 (0.00%)
* Elements of w processed with special addition: 1 (5.56%)
* Elements of w remaining: 17 (94.44%)
* Elements of w skipped: 0 (0.00%)
* Elements of w processed with special addition: 1 (10.00%)
* Elements of w remaining: 9 (90.00%)
* Elements of w skipped: 0 (0.00%)
* Elements of w processed with special addition: 1 (5.56%)
* Elements of w remaining: 17 (94.44%)
* UVC proof at step 23
* G1 elements in proof: 2
* G2 elements in proof: 1
* Proof size in bits: 1019
* Cached h poly size: 639
* UVC Prove step 24
* Elements of w skipped: 0 (0.00%)
* Elements of w processed with special addition: 1 (5.56%)
* Elements of w remaining: 17 (94.44%)
* Elements of w skipped: 0 (0.00%)
* Elements of w processed with special addition: 1 (10.00%)
* Elements of w remaining: 9 (90.00%)
* Elements of w skipped: 0 (0.00%)
* Elements of w processed with special addition: 1 (5.56%)
* Elements of w remaining: 17 (94.44%)
* UVC proof at step 24
* G1 elements in proof: 2
* G2 elements in proof: 1
* Proof size in bits: 1019
* Cached h poly size: 639
* UVC Prove step 25
* Elements of w skipped: 0 (0.00%)
* Elements of w processed with special addition: 1 (5.56%)
* Elements of w remaining: 17 (94.44%)
* Elements of w skipped: 0 (0.00%)
* Elements of w processed with special addition: 1 (10.00%)
* Elements of w remaining: 9 (90.00%)
* Elements of w skipped: 0 (0.00%)
* Elements of w processed with special addition: 1 (5.56%)
* Elements of w remaining: 17 (94.44%)
* UVC proof at step 25
* G1 elements in proof: 2
* G2 elements in proof: 1
* Proof size in bits: 1019
* Cached h poly size: 639
* UVC Prove step 26
* Elements of w skipped: 0 (0.00%)
* Elements of w processed with special addition: 1 (5.56%)
* Elements of w remaining: 17 (94.44%)
* Elements of w skipped: 0 (0.00%)
* Elements of w processed with special addition: 1 (10.00%)
* Elements of w remaining: 9 (90.00%)
* Elements of w skipped: 0 (0.00%)
* Elements of w processed with special addition: 1 (5.56%)
* Elements of w remaining: 17 (94.44%)
* UVC proof at step 26
* G1 elements in proof: 2
* G2 elements in proof: 1
* Proof size in bits: 1019
* Cached h poly size: 639
* UVC Prove step 27
* Elements of w skipped: 0 (0.00%)
* Elements of w processed with special addition: 1 (5.56%)
* Elements of w remaining: 17 (94.44%)
* Elements of w skipped: 0 (0.00%)
* Elements of w processed with special addition: 1 (10.00%)
* Elements of w remaining: 9 (90.00%)
* Elements of w skipped: 0 (0.00%)
* Elements of w processed with special addition: 1 (5.56%)
* Elements of w remaining: 17 (94.44%)
* UVC proof at step 27
* G1 elements in proof: 2
* G2 elements in proof: 1
* Proof size in bits: 1019
* Cached h poly size: 639
* UVC Prove step 28
* Elements of w skipped: 0 (0.00%)
* Elements of w processed with special addition: 1 (5.56%)
* Elements of w remaining: 17 (94.44%)
* Elements of w skipped: 0 (0.00%)
* Elements of w processed with special addition: 1 (10.00%)
* Elements of w remaining: 9 (90.00%)
* Elements of w skipped: 0 (0.00%)
* Elements of w processed with special addition: 1 (5.56%)
* Elements of w remaining: 17 (94.44%)
* UVC proof at step 28
* G1 elements in proof: 2
* G2 elements in proof: 1
* Proof size in bits: 1019
* Cached h poly size: 639
* UVC Prove step 29
* Elements of w skipped: 0 (0.00%)
* Elements of w processed with special addition: 1 (5.56%)
* Elements of w remaining: 17 (94.44%)
* Elements of w skipped: 0 (0.00%)
* Elements of w processed with special addition: 1 (10.00%)
* Elements of w remaining: 9 (90.00%)
* Elements of w skipped: 0 (0.00%)
* Elements of w processed with special addition: 1 (5.56%)
* Elements of w remaining: 17 (94.44%)
* UVC proof at step 29
* G1 elements in proof: 2
* G2 elements in proof: 1
* Proof size in bits: 1019
* Cached h poly size: 639
* UVC Prove step 30
* Elements of w skipped: 0 (0.00%)
* Elements of w processed with special addition: 1 (5.56%)
* Elements of w remaining: 17 (94.44%)
* Elements of w skipped: 0 (0.00%)
* Elements of w processed with special addition: 1 (10.00%)
* Elements of w remaining: 9 (90.00%)
* Elements of w skipped: 0 (0.00%)
* Elements of w processed with special addition: 1 (5.56%)
* Elements of w remaining: 17 (94.44%)
* UVC proof at step 30
* G1 elements in proof: 2
* G2 elements in proof: 1
* Proof size in bits: 1019
* Cached h poly size: 639
* UVC Prove step 31
* Elements of w skipped: 0 (0.00%)
* Elements of w processed with special addition: 1 (5.56%)
* Elements of w remaining: 17 (94.44%)
* Elements of w skipped: 0 (0.00%)
* Elements of w processed with special addition: 1 (10.00%)
* Elements of w remaining: 9 (90.00%)
* Elements of w skipped: 0 (0.00%)
* Elements of w processed with special addition: 1 (5.56%)
* Elements of w remaining: 17 (94.44%)
* UVC proof at step 31
* G1 elements in proof: 2
* G2 elements in proof: 1
* Proof size in bits: 1019
* Cached h poly size: 639
* UVC Prove step 32
* Elements of w skipped: 0 (0.00%)
* Elements of w processed with special addition: 1 (5.56%)
* Elements of w remaining: 17 (94.44%)
* Elements of w skipped: 0 (0.00%)
* Elements of w processed with special addition: 1 (10.00%)
* Elements of w remaining: 9 (90.00%)
* Elements of w skipped: 0 (0.00%)
* Elements of w processed with special addition: 1 (5.56%)
* Elements of w remaining: 17 (94.44%)
* UVC proof at step 32
* G1 elements in proof: 2
* G2 elements in proof: 1
* Proof size in bits: 1019
* Cached h poly size: 639
* UVC Prove step 33
* Elements of w skipped: 0 (0.00%)
* Elements of w processed with special addition: 1 (5.56%)
* Elements of w remaining: 17 (94.44%)
* Elements of w skipped: 0 (0.00%)
* Elements of w processed with special addition: 1 (10.00%)
* Elements of w remaining: 9 (90.00%)
* Elements of w skipped: 0 (0.00%)
* Elements of w processed with special addition: 1 (5.56%)
* Elements of w remaining: 17 (94.44%)
* UVC proof at step 33
* G1 elements in proof: 2
* G2 elements in proof: 1
* Proof size in bits: 1019
* Cached h poly size: 639
* UVC Prove step 34
* Elements of w skipped: 0 (0.00%)
* Elements of w processed with special addition: 1 (5.56%)
* Elements of w remaining: 17 (94.44%)
* Elements of w skipped: 0 (0.00%)
* Elements of w processed with special addition: 1 (10.00%)
* Elements of w remaining: 9 (90.00%)
* Elements of w skipped: 0 (0.00%)
* Elements of w processed with special addition: 1 (5.56%)
* Elements of w remaining: 17 (94.44%)
* UVC proof at step 34
* G1 elements in proof: 2
* G2 elements in proof: 1
* Proof size in bits: 1019
* Cached h poly size: 639
* UVC Prove step 35
* Elements of w skipped: 0 (0.00%)
* Elements of w processed with special addition: 1 (5.56%)
* Elements of w remaining: 17 (94.44%)
* Elements of w skipped: 0 (0.00%)
* Elements of w processed with special addition: 1 (10.00%)
* Elements of w remaining: 9 (90.00%)
* Elements of w skipped: 0 (0.00%)
* Elements of w processed with special addition: 1 (5.56%)
* Elements of w remaining: 17 (94.44%)
* UVC proof at step 35
* G1 elements in proof: 2
* G2 elements in proof: 1
* Proof size in bits: 1019
* Cached h poly size: 639
* UVC Prove step 36
* Elements of w skipped: 0 (0.00%)
* Elements of w processed with special addition: 1 (5.56%)
* Elements of w remaining: 17 (94.44%)
* Elements of w skipped: 0 (0.00%)
* Elements of w processed with special addition: 1 (10.00%)
* Elements of w remaining: 9 (90.00%)
* Elements of w skipped: 0 (0.00%)
* Elements of w processed with special addition: 1 (5.56%)
* Elements of w remaining: 17 (94.44%)
* UVC proof at step 36
* G1 elements in proof: 2
* G2 elements in proof: 1
* Proof size in bits: 1019
* Cached h poly size: 639
* UVC Prove step 37
* Elements of w skipped: 0 (0.00%)
* Elements of w processed with special addition: 1 (5.56%)
* Elements of w remaining: 17 (94.44%)
* Elements of w skipped: 0 (0.00%)
* Elements of w processed with special addition: 1 (10.00%)
* Elements of w remaining: 9 (90.00%)
* Elements of w skipped: 0 (0.00%)
* Elements of w processed with special addition: 1 (5.56%)
* Elements of w remaining: 17 (94.44%)
* UVC proof at step 37
* G1 elements in proof: 2
* G2 elements in proof: 1
* Proof size in bits: 1019
* Cached h poly size: 639
* UVC Prove step 38
* Elements of w skipped: 0 (0.00%)
* Elements of w processed with special addition: 1 (5.56%)
* Elements of w remaining: 17 (94.44%)
* Elements of w skipped: 0 (0.00%)
* Elements of w processed with special addition: 1 (10.00%)
* Elements of w remaining: 9 (90.00%)
* Elements of w skipped: 0 (0.00%)
* Elements of w processed with special addition: 1 (5.56%)
* Elements of w remaining: 17 (94.44%)
* UVC proof at step 38
* G1 elements in proof: 2
* G2 elements in proof: 1
* Proof size in bits: 1019
* Cached h poly size: 639
* UVC Prove step 39
* Elements of w skipped: 0 (0.00%)
* Elements of w processed with special addition: 1 (5.56%)
* Elements of w remaining: 17 (94.44%)
* Elements of w skipped: 0 (0.00%)
* Elements of w processed with special addition: 1 (10.00%)
* Elements of w remaining: 9 (90.00%)
* Elements of w skipped: 0 (0.00%)
* Elements of w processed with special addition: 1 (5.56%)
* Elements of w remaining: 17 (94.44%)
* UVC proof at step 39
* G1 elements in proof: 2
* G2 elements in proof: 1
* Proof size in bits: 1019
* Cached h poly size: 639
* UVC Prove step 40
* Elements of w skipped: 0 (0.00%)
* Elements of w processed with special addition: 1 (5.56%)
* Elements of w remaining: 17 (94.44%)
* Elements of w skipped: 0 (0.00%)
* Elements of w processed with special addition: 1 (10.00%)
* Elements of w remaining: 9 (90.00%)
* Elements of w skipped: 0 (0.00%)
* Elements of w processed with special addition: 1 (5.56%)
* Elements of w remaining: 17 (94.44%)
* UVC proof at step 40
* G1 elements in proof: 2
* G2 elements in proof: 1
* Proof size in bits: 1019
* Cached h poly size: 639
* UVC Prove step 41
* Elements of w skipped: 0 (0.00%)
* Elements of w processed with special addition: 1 (5.56%)
* Elements of w remaining: 17 (94.44%)
* Elements of w skipped: 0 (0.00%)
* Elements of w processed with special addition: 1 (10.00%)
* Elements of w remaining: 9 (90.00%)
* Elements of w skipped: 0 (0.00%)
* Elements of w processed with special addition: 1 (5.56%)
* Elements of w remaining: 17 (94.44%)
* UVC proof at step 41
* G1 elements in proof: 2
* G2 elements in proof: 1
* Proof size in bits: 1019
* Cached h poly size: 639
* UVC Prove step 42
* Elements of w skipped: 0 (0.00%)
* Elements of w processed with special addition: 1 (5.56%)
* Elements of w remaining: 17 (94.44%)
* Elements of w skipped: 0 (0.00%)
* Elements of w processed with special addition: 1 (10.00%)
* Elements of w remaining: 9 (90.00%)
* Elements of w skipped: 0 (0.00%)
* Elements of w processed with special addition: 1 (5.56%)
* Elements of w remaining: 17 (94.44%)
* UVC proof at step 42
* G1 elements in proof: 2
* G2 elements in proof: 1
* Proof size in bits: 1019
* Cached h poly size: 639
* UVC Prove step 43
* Elements of w skipped: 0 (0.00%)
* Elements of w processed with special addition: 1 (5.56%)
* Elements of w remaining: 17 (94.44%)
* Elements of w skipped: 0 (0.00%)
* Elements of w processed with special addition: 1 (10.00%)
* Elements of w remaining: 9 (90.00%)
* Elements of w skipped: 0 (0.00%)
* Elements of w processed with special addition: 1 (5.56%)
* Elements of w remaining: 17 (94.44%)
* UVC proof at step 43
* G1 elements in proof: 2
* G2 elements in proof: 1
* Proof size in bits: 1019
* Cached h poly size: 639
* UVC Prove step 44
* Elements of w skipped: 0 (0.00%)
* Elements of w processed with special addition: 1 (5.56%)
* Elements of w remaining: 17 (94.44%)
* Elements of w skipped: 0 (0.00%)
* Elements of w processed with special addition: 1 (10.00%)
* Elements of w remaining: 9 (90.00%)
* Elements of w skipped: 0 (0.00%)
* Elements of w processed with special addition: 1 (5.56%)
* Elements of w remaining: 17 (94.44%)
* UVC proof at step 44
* G1 elements in proof: 2
* G2 elements in proof: 1
* Proof size in bits: 1019
* Cached h poly size: 639
* UVC Prove step 45
* Elements of w skipped: 0 (0.00%)
* Elements of w processed with special addition: 1 (5.56%)
* Elements of w remaining: 17 (94.44%)
* Elements of w skipped: 0 (0.00%)
* Elements of w processed with special addition: 1 (10.00%)
* Elements of w remaining: 9 (90.00%)
* Elements of w skipped: 0 (0.00%)
* Elements of w processed with special addition: 1 (5.56%)
* Elements of w remaining: 17 (94.44%)
* UVC proof at step 45
* G1 elements in proof: 2
* G2 elements in proof: 1
* Proof size in bits: 1019
* Cached h poly size: 639
* UVC Prove step 46
* Elements of w skipped: 0 (0.00%)
* Elements of w processed with special addition: 1 (5.56%)
* Elements of w remaining: 17 (94.44%)
* Elements of w skipped: 0 (0.00%)
* Elements of w processed with special addition: 1 (10.00%)
* Elements of w remaining: 9 (90.00%)
* Elements of w skipped: 0 (0.00%)
* Elements of w processed with special addition: 1 (5.56%)
* Elements of w remaining: 17 (94.44%)
* UVC proof at step 46
* G1 elements in proof: 2
* G2 elements in proof: 1
* Proof size in bits: 1019
* Cached h poly size: 639
* UVC Prove step 47
* Elements of w skipped: 0 (0.00%)
* Elements of w processed with special addition: 1 (5.56%)
* Elements of w remaining: 17 (94.44%)
* Elements of w skipped: 0 (0.00%)
* Elements of w processed with special addition: 1 (10.00%)
* Elements of w remaining: 9 (90.00%)
* Elements of w skipped: 0 (0.00%)
* Elements of w processed with special addition: 1 (5.56%)
* Elements of w remaining: 17 (94.44%)
* UVC proof at step 47
* G1 elements in proof: 2
* G2 elements in proof: 1
* Proof size in bits: 1019
* Cached h poly size: 639
* UVC Prove step 48
* Elements of w skipped: 0 (0.00%)
* Elements of w processed with special addition: 1 (5.56%)
* Elements of w remaining: 17 (94.44%)
* Elements of w skipped: 0 (0.00%)
* Elements of w processed with special addition: 1 (10.00%)
* Elements of w remaining: 9 (90.00%)
* Elements of w skipped: 0 (0.00%)
* Elements of w processed with special addition: 1 (5.56%)
* Elements of w remaining: 17 (94.44%)
* UVC proof at step 48
* G1 elements in proof: 2
* G2 elements in proof: 1
* Proof size in bits: 1019
* Cached h poly size: 639
* UVC Prove step 49
* Elements of w skipped: 0 (0.00%)
* Elements of w processed with special addition: 1 (5.56%)
* Elements of w remaining: 17 (94.44%)
* Elements of w skipped: 0 (0.00%)
* Elements of w processed with special addition: 1 (10.00%)
* Elements of w remaining: 9 (90.00%)
* Elements of w skipped: 0 (0.00%)
* Elements of w processed with special addition: 1 (5.56%)
* Elements of w remaining: 17 (94.44%)
* UVC proof at step 49
* G1 elements in proof: 2
* G2 elements in proof: 1
* Proof size in bits: 1019
* Cached h poly size: 639
* UVC Prove step 50
* Elements of w skipped: 0 (0.00%)
* Elements of w processed with special addition: 1 (5.56%)
* Elements of w remaining: 17 (94.44%)
* Elements of w skipped: 0 (0.00%)
* Elements of w processed with special addition: 1 (10.00%)
* Elements of w remaining: 9 (90.00%)
* Elements of w skipped: 0 (0.00%)
* Elements of w processed with special addition: 1 (5.56%)
* Elements of w remaining: 17 (94.44%)
* UVC proof at step 50
* G1 elements in proof: 2
* G2 elements in proof: 1
* Proof size in bits: 1019
* Cached h poly size: 639
* UVC Prove step 51
* Elements of w skipped: 0 (0.00%)
* Elements of w processed with special addition: 1 (5.56%)
* Elements of w remaining: 17 (94.44%)
* Elements of w skipped: 0 (0.00%)
* Elements of w processed with special addition: 1 (10.00%)
* Elements of w remaining: 9 (90.00%)
* Elements of w skipped: 0 (0.00%)
* Elements of w processed with special addition: 1 (5.56%)
* Elements of w remaining: 17 (94.44%)
* UVC proof at step 51
* G1 elements in proof: 2
* G2 elements in proof: 1
* Proof size in bits: 1019
* Cached h poly size: 639
* UVC Prove step 52
* Elements of w skipped: 0 (0.00%)
* Elements of w processed with special addition: 1 (5.56%)
* Elements of w remaining: 17 (94.44%)
* Elements of w skipped: 0 (0.00%)
* Elements of w processed with special addition: 1 (10.00%)
* Elements of w remaining: 9 (90.00%)
* Elements of w skipped: 0 (0.00%)
* Elements of w processed with special addition: 1 (5.56%)
* Elements of w remaining: 17 (94.44%)
* UVC proof at step 52
* G1 elements in proof: 2
* G2 elements in proof: 1
* Proof size in bits: 1019
* Cached h poly size: 639
* UVC Prove step 53
* Elements of w skipped: 0 (0.00%)
* Elements of w processed with special addition: 1 (5.56%)
* Elements of w remaining: 17 (94.44%)
* Elements of w skipped: 0 (0.00%)
* Elements of w processed with special addition: 1 (10.00%)
* Elements of w remaining: 9 (90.00%)
* Elements of w skipped: 0 (0.00%)
* Elements of w processed with special addition: 1 (5.56%)
* Elements of w remaining: 17 (94.44%)
* UVC proof at step 53
* G1 elements in proof: 2
* G2 elements in proof: 1
* Proof size in bits: 1019
* Cached h poly size: 639
* UVC Prove step 54
* Elements of w skipped: 0 (0.00%)
* Elements of w processed with special addition: 1 (5.56%)
* Elements of w remaining: 17 (94.44%)
* Elements of w skipped: 0 (0.00%)
* Elements of w processed with special addition: 1 (10.00%)
* Elements of w remaining: 9 (90.00%)
* Elements of w skipped: 0 (0.00%)
* Elements of w processed with special addition: 1 (5.56%)
* Elements of w remaining: 17 (94.44%)
* UVC proof at step 54
* G1 elements in proof: 2
* G2 elements in proof: 1
* Proof size in bits: 1019
* Cached h poly size: 639
* UVC Prove step 55
* Elements of w skipped: 0 (0.00%)
* Elements of w processed with special addition: 1 (5.56%)
* Elements of w remaining: 17 (94.44%)
* Elements of w skipped: 0 (0.00%)
* Elements of w processed with special addition: 1 (10.00%)
* Elements of w remaining: 9 (90.00%)
* Elements of w skipped: 0 (0.00%)
* Elements of w processed with special addition: 1 (5.56%)
* Elements of w remaining: 17 (94.44%)
* UVC proof at step 55
* G1 elements in proof: 2
* G2 elements in proof: 1
* Proof size in bits: 1019
* Cached h poly size: 639
* UVC Prove step 56
* Elements of w skipped: 0 (0.00%)
* Elements of w processed with special addition: 1 (5.56%)
* Elements of w remaining: 17 (94.44%)
* Elements of w skipped: 0 (0.00%)
* Elements of w processed with special addition: 1 (10.00%)
* Elements of w remaining: 9 (90.00%)
* Elements of w skipped: 0 (0.00%)
* Elements of w processed with special addition: 1 (5.56%)
* Elements of w remaining: 17 (94.44%)
* UVC proof at step 56
* G1 elements in proof: 2
* G2 elements in proof: 1
* Proof size in bits: 1019
* Cached h poly size: 639
* UVC Prove step 57
* Elements of w skipped: 0 (0.00%)
* Elements of w processed with special addition: 1 (5.56%)
* Elements of w remaining: 17 (94.44%)
* Elements of w skipped: 0 (0.00%)
* Elements of w processed with special addition: 1 (10.00%)
* Elements of w remaining: 9 (90.00%)
* Elements of w skipped: 0 (0.00%)
* Elements of w processed with special addition: 1 (5.56%)
* Elements of w remaining: 17 (94.44%)
* UVC proof at step 57
* G1 elements in proof: 2
* G2 elements in proof: 1
* Proof size in bits: 1019
* Cached h poly size: 639
* UVC Prove step 58
* Elements of w skipped: 0 (0.00%)
* Elements of w processed with special addition: 1 (5.56%)
* Elements of w remaining: 17 (94.44%)
* Elements of w skipped: 0 (0.00%)
* Elements of w processed with special addition: 1 (10.00%)
* Elements of w remaining: 9 (90.00%)
* Elements of w skipped: 0 (0.00%)
* Elements of w processed with special addition: 1 (5.56%)
* Elements of w remaining: 17 (94.44%)
* UVC proof at step 58
* G1 elements in proof: 2
* G2 elements in proof: 1
* Proof size in bits: 1019
* Cached h poly size: 639
* UVC Prove step 59
* Elements of w skipped: 0 (0.00%)
* Elements of w processed with special addition: 1 (5.56%)
* Elements of w remaining: 17 (94.44%)
* Elements of w skipped: 0 (0.00%)
* Elements of w processed with special addition: 1 (10.00%)
* Elements of w remaining: 9 (90.00%)
* Elements of w skipped: 0 (0.00%)
* Elements of w processed with special addition: 1 (5.56%)
* Elements of w remaining: 17 (94.44%)
* UVC proof at step 59
* G1 elements in proof: 2
* G2 elements in proof: 1
* Proof size in bits: 1019
* Cached h poly size: 639
* UVC Prove step 60
* Elements of w skipped: 0 (0.00%)
* Elements of w processed with special addition: 1 (5.56%)
* Elements of w remaining: 17 (94.44%)
* Elements of w skipped: 0 (0.00%)
* Elements of w processed with special addition: 1 (10.00%)
* Elements of w remaining: 9 (90.00%)
* Elements of w skipped: 0 (0.00%)
* Elements of w processed with special addition: 1 (5.56%)
* Elements of w remaining: 17 (94.44%)
* UVC proof at step 60
* G1 elements in proof: 2
* G2 elements in proof: 1
* Proof size in bits: 1019
* Cached h poly size: 639
* UVC Prove step 61
* Elements of w skipped: 0 (0.00%)
* Elements of w processed with special addition: 1 (5.56%)
* Elements of w remaining: 17 (94.44%)
* Elements of w skipped: 0 (0.00%)
* Elements of w processed with special addition: 1 (10.00%)
* Elements of w remaining: 9 (90.00%)
* Elements of w skipped: 0 (0.00%)
* Elements of w processed with special addition: 1 (5.56%)
* Elements of w remaining: 17 (94.44%)
* UVC proof at step 61
* G1 elements in proof: 2
* G2 elements in proof: 1
* Proof size in bits: 1019
* Cached h poly size: 639
* UVC Prove step 62
* Elements of w skipped: 0 (0.00%)
* Elements of w processed with special addition: 1 (5.56%)
* Elements of w remaining: 17 (94.44%)
* Elements of w skipped: 0 (0.00%)
* Elements of w processed with special addition: 1 (10.00%)
* Elements of w remaining: 9 (90.00%)
* Elements of w skipped: 0 (0.00%)
* Elements of w processed with special addition: 1 (5.56%)
* Elements of w remaining: 17 (94.44%)
* UVC proof at step 62
* G1 elements in proof: 2
* G2 elements in proof: 1
* Proof size in bits: 1019
* Cached h poly size: 639
* UVC Prove step 63
* Elements of w skipped: 0 (0.00%)
* Elements of w processed with special addition: 1 (5.56%)
* Elements of w remaining: 17 (94.44%)
* Elements of w skipped: 0 (0.00%)
* Elements of w processed with special addition: 1 (10.00%)
* Elements of w remaining: 9 (90.00%)
* Elements of w skipped: 0 (0.00%)
* Elements of w processed with special addition: 1 (5.56%)
* Elements of w remaining: 17 (94.44%)
* UVC proof at step 63
* G1 elements in proof: 2
* G2 elements in proof: 1
* Proof size in bits: 1019
* Cached h poly size: 639
* UVC Prove step 64
* Elements of w skipped: 0 (0.00%)
* Elements of w processed with special addition: 1 (5.56%)
* Elements of w remaining: 17 (94.44%)
* Elements of w skipped: 0 (0.00%)
* Elements of w processed with special addition: 1 (11.11%)
* Elements of w remaining: 8 (88.89%)
* Elements of w skipped: 0 (0.00%)
* Elements of w processed with special addition: 1 (5.56%)
* Elements of w remaining: 17 (94.44%)
* UVC proof at step 64
* G1 elements in proof: 2
* G2 elements in proof: 1
* Proof size in bits: 1019
* Cached h poly size: 639

  Step    Prove (ms)    Verify (ms)   Proof bits    Verified  
  ------  ------------  ------------  ------------  ----------
* UVC Prove step 1
* Elements of w skipped: 1 (5.00%)
* Elements of w processed with special addition: 3 (15.00%)
* Elements of w remaining: 16 (80.00%)
* Elements of w skipped: 1 (9.09%)
* Elements of w processed with special addition: 1 (9.09%)
* Elements of w remaining: 9 (81.82%)
* Elements of w skipped: 0 (0.00%)
* Elements of w processed with special addition: 0 (0.00%)
* Elements of w remaining: 9 (100.00%)
* UVC proof at step 1
* G1 elements in proof: 2
* G2 elements in proof: 1
* Proof size in bits: 1019
* Cached h poly size: 639
* UVC Prove step 1
* Elements of w skipped: 1 (5.00%)
* Elements of w processed with special addition: 3 (15.00%)
* Elements of w remaining: 16 (80.00%)
* Elements of w skipped: 1 (9.09%)
* Elements of w processed with special addition: 1 (9.09%)
* Elements of w remaining: 9 (81.82%)
* Elements of w skipped: 0 (0.00%)
* Elements of w processed with special addition: 0 (0.00%)
* Elements of w remaining: 9 (100.00%)
* UVC proof at step 1
* G1 elements in proof: 2
* G2 elements in proof: 1
* Proof size in bits: 1019
* Cached h poly size: 639
* UVC Prove step 1
* Elements of w skipped: 1 (5.00%)
* Elements of w processed with special addition: 3 (15.00%)
* Elements of w remaining: 16 (80.00%)
* Elements of w skipped: 1 (9.09%)
* Elements of w processed with special addition: 1 (9.09%)
* Elements of w remaining: 9 (81.82%)
* Elements of w skipped: 0 (0.00%)
* Elements of w processed with special addition: 0 (0.00%)
* Elements of w remaining: 9 (100.00%)
* UVC proof at step 1
* G1 elements in proof: 2
* G2 elements in proof: 1
* Proof size in bits: 1019
* Cached h poly size: 639
* UVC Prove step 1
* Elements of w skipped: 1 (5.00%)
* Elements of w processed with special addition: 3 (15.00%)
* Elements of w remaining: 16 (80.00%)
* Elements of w skipped: 1 (9.09%)
* Elements of w processed with special addition: 1 (9.09%)
* Elements of w remaining: 9 (81.82%)
* Elements of w skipped: 0 (0.00%)
* Elements of w processed with special addition: 0 (0.00%)
* Elements of w remaining: 9 (100.00%)
* UVC proof at step 1
* G1 elements in proof: 2
* G2 elements in proof: 1
* Proof size in bits: 1019
* Cached h poly size: 639
* UVC Prove step 1
* Elements of w skipped: 1 (5.00%)
* Elements of w processed with special addition: 3 (15.00%)
* Elements of w remaining: 16 (80.00%)
* Elements of w skipped: 1 (9.09%)
* Elements of w processed with special addition: 1 (9.09%)
* Elements of w remaining: 9 (81.82%)
* Elements of w skipped: 0 (0.00%)
* Elements of w processed with special addition: 0 (0.00%)
* Elements of w remaining: 9 (100.00%)
* UVC proof at step 1
* G1 elements in proof: 2
* G2 elements in proof: 1
* Proof size in bits: 1019
* Cached h poly size: 639
* UVC Prove step 1
* Elements of w skipped: 1 (5.00%)
* Elements of w processed with special addition: 3 (15.00%)
* Elements of w remaining: 16 (80.00%)
* Elements of w skipped: 1 (9.09%)
* Elements of w processed with special addition: 1 (9.09%)
* Elements of w remaining: 9 (81.82%)
* Elements of w skipped: 0 (0.00%)
* Elements of w processed with special addition: 0 (0.00%)
* Elements of w remaining: 9 (100.00%)
* UVC proof at step 1
* G1 elements in proof: 2
* G2 elements in proof: 1
* Proof size in bits: 1019
* Cached h poly size: 639
* UVC Prove step 1
* Elements of w skipped: 1 (5.00%)
* Elements of w processed with special addition: 3 (15.00%)
* Elements of w remaining: 16 (80.00%)
* Elements of w skipped: 1 (9.09%)
* Elements of w processed with special addition: 1 (9.09%)
* Elements of w remaining: 9 (81.82%)
* Elements of w skipped: 0 (0.00%)
* Elements of w processed with special addition: 0 (0.00%)
* Elements of w remaining: 9 (100.00%)
* UVC proof at step 1
* G1 elements in proof: 2
* G2 elements in proof: 1
* Proof size in bits: 1019
* Cached h poly size: 639
* UVC Prove step 1
* Elements of w skipped: 1 (5.00%)
* Elements of w processed with special addition: 3 (15.00%)
* Elements of w remaining: 16 (80.00%)
* Elements of w skipped: 1 (9.09%)
* Elements of w processed with special addition: 1 (9.09%)
* Elements of w remaining: 9 (81.82%)
* Elements of w skipped: 0 (0.00%)
* Elements of w processed with special addition: 0 (0.00%)
* Elements of w remaining: 9 (100.00%)
* UVC proof at step 1
* G1 elements in proof: 2
* G2 elements in proof: 1
* Proof size in bits: 1019
* Cached h poly size: 639
* UVC Prove step 1
* Elements of w skipped: 1 (5.00%)
* Elements of w processed with special addition: 3 (15.00%)
* Elements of w remaining: 16 (80.00%)
* Elements of w skipped: 1 (9.09%)
* Elements of w processed with special addition: 1 (9.09%)
* Elements of w remaining: 9 (81.82%)
* Elements of w skipped: 0 (0.00%)
* Elements of w processed with special addition: 0 (0.00%)
* Elements of w remaining: 9 (100.00%)
* UVC proof at step 1
* G1 elements in proof: 2
* G2 elements in proof: 1
* Proof size in bits: 1019
* Cached h poly size: 639
* UVC Prove step 1
* Elements of w skipped: 1 (5.00%)
* Elements of w processed with special addition: 3 (15.00%)
* Elements of w remaining: 16 (80.00%)
* Elements of w skipped: 1 (9.09%)
* Elements of w processed with special addition: 1 (9.09%)
* Elements of w remaining: 9 (81.82%)
* Elements of w skipped: 0 (0.00%)
* Elements of w processed with special addition: 0 (0.00%)
* Elements of w remaining: 9 (100.00%)
* UVC proof at step 1
* G1 elements in proof: 2
* G2 elements in proof: 1
* Proof size in bits: 1019
* Cached h poly size: 639
* UVC Verify step 1: PASS
* UVC Verify step 1: PASS
* UVC Verify step 1: PASS
* UVC Verify step 1: PASS
* UVC Verify step 1: PASS
* UVC Verify step 1: PASS
* UVC Verify step 1: PASS
* UVC Verify step 1: PASS
* UVC Verify step 1: PASS
* UVC Verify step 1: PASS
  1       24.40         2.73          1019          PASS      
* UVC Prove step 2
* Elements of w skipped: 0 (0.00%)
* Elements of w processed with special addition: 1 (5.56%)
* Elements of w remaining: 17 (94.44%)
* Elements of w skipped: 0 (0.00%)
* Elements of w processed with special addition: 1 (10.00%)
* Elements of w remaining: 9 (90.00%)
* Elements of w skipped: 0 (0.00%)
* Elements of w processed with special addition: 1 (5.56%)
* Elements of w remaining: 17 (94.44%)
* UVC proof at step 2
* G1 elements in proof: 2
* G2 elements in proof: 1
* Proof size in bits: 1019
* Cached h poly size: 639
* UVC Prove step 2
* Elements of w skipped: 0 (0.00%)
* Elements of w processed with special addition: 1 (5.56%)
* Elements of w remaining: 17 (94.44%)
* Elements of w skipped: 0 (0.00%)
* Elements of w processed with special addition: 1 (10.00%)
* Elements of w remaining: 9 (90.00%)
* Elements of w skipped: 0 (0.00%)
* Elements of w processed with special addition: 1 (5.56%)
* Elements of w remaining: 17 (94.44%)
* UVC proof at step 2
* G1 elements in proof: 2
* G2 elements in proof: 1
* Proof size in bits: 1019
* Cached h poly size: 639
* UVC Prove step 2
* Elements of w skipped: 0 (0.00%)
* Elements of w processed with special addition: 1 (5.56%)
* Elements of w remaining: 17 (94.44%)
* Elements of w skipped: 0 (0.00%)
* Elements of w processed with special addition: 1 (10.00%)
* Elements of w remaining: 9 (90.00%)
* Elements of w skipped: 0 (0.00%)
* Elements of w processed with special addition: 1 (5.56%)
* Elements of w remaining: 17 (94.44%)
* UVC proof at step 2
* G1 elements in proof: 2
* G2 elements in proof: 1
* Proof size in bits: 1019
* Cached h poly size: 639
* UVC Prove step 2
* Elements of w skipped: 0 (0.00%)
* Elements of w processed with special addition: 1 (5.56%)
* Elements of w remaining: 17 (94.44%)
* Elements of w skipped: 0 (0.00%)
* Elements of w processed with special addition: 1 (10.00%)
* Elements of w remaining: 9 (90.00%)
* Elements of w skipped: 0 (0.00%)
* Elements of w processed with special addition: 1 (5.56%)
* Elements of w remaining: 17 (94.44%)
* UVC proof at step 2
* G1 elements in proof: 2
* G2 elements in proof: 1
* Proof size in bits: 1019
* Cached h poly size: 639
* UVC Prove step 2
* Elements of w skipped: 0 (0.00%)
* Elements of w processed with special addition: 1 (5.56%)
* Elements of w remaining: 17 (94.44%)
* Elements of w skipped: 0 (0.00%)
* Elements of w processed with special addition: 1 (10.00%)
* Elements of w remaining: 9 (90.00%)
* Elements of w skipped: 0 (0.00%)
* Elements of w processed with special addition: 1 (5.56%)
* Elements of w remaining: 17 (94.44%)
* UVC proof at step 2
* G1 elements in proof: 2
* G2 elements in proof: 1
* Proof size in bits: 1019
* Cached h poly size: 639
* UVC Prove step 2
* Elements of w skipped: 0 (0.00%)
* Elements of w processed with special addition: 1 (5.56%)
* Elements of w remaining: 17 (94.44%)
* Elements of w skipped: 0 (0.00%)
* Elements of w processed with special addition: 1 (10.00%)
* Elements of w remaining: 9 (90.00%)
* Elements of w skipped: 0 (0.00%)
* Elements of w processed with special addition: 1 (5.56%)
* Elements of w remaining: 17 (94.44%)
* UVC proof at step 2
* G1 elements in proof: 2
* G2 elements in proof: 1
* Proof size in bits: 1019
* Cached h poly size: 639
* UVC Prove step 2
* Elements of w skipped: 0 (0.00%)
* Elements of w processed with special addition: 1 (5.56%)
* Elements of w remaining: 17 (94.44%)
* Elements of w skipped: 0 (0.00%)
* Elements of w processed with special addition: 1 (10.00%)
* Elements of w remaining: 9 (90.00%)
* Elements of w skipped: 0 (0.00%)
* Elements of w processed with special addition: 1 (5.56%)
* Elements of w remaining: 17 (94.44%)
* UVC proof at step 2
* G1 elements in proof: 2
* G2 elements in proof: 1
* Proof size in bits: 1019
* Cached h poly size: 639
* UVC Prove step 2
* Elements of w skipped: 0 (0.00%)
* Elements of w processed with special addition: 1 (5.56%)
* Elements of w remaining: 17 (94.44%)
* Elements of w skipped: 0 (0.00%)
* Elements of w processed with special addition: 1 (10.00%)
* Elements of w remaining: 9 (90.00%)
* Elements of w skipped: 0 (0.00%)
* Elements of w processed with special addition: 1 (5.56%)
* Elements of w remaining: 17 (94.44%)
* UVC proof at step 2
* G1 elements in proof: 2
* G2 elements in proof: 1
* Proof size in bits: 1019
* Cached h poly size: 639
* UVC Prove step 2
* Elements of w skipped: 0 (0.00%)
* Elements of w processed with special addition: 1 (5.56%)
* Elements of w remaining: 17 (94.44%)
* Elements of w skipped: 0 (0.00%)
* Elements of w processed with special addition: 1 (10.00%)
* Elements of w remaining: 9 (90.00%)
* Elements of w skipped: 0 (0.00%)
* Elements of w processed with special addition: 1 (5.56%)
* Elements of w remaining: 17 (94.44%)
* UVC proof at step 2
* G1 elements in proof: 2
* G2 elements in proof: 1
* Proof size in bits: 1019
* Cached h poly size: 639
* UVC Prove step 2
* Elements of w skipped: 0 (0.00%)
* Elements of w processed with special addition: 1 (5.56%)
* Elements of w remaining: 17 (94.44%)
* Elements of w skipped: 0 (0.00%)
* Elements of w processed with special addition: 1 (10.00%)
* Elements of w remaining: 9 (90.00%)
* Elements of w skipped: 0 (0.00%)
* Elements of w processed with special addition: 1 (5.56%)
* Elements of w remaining: 17 (94.44%)
* UVC proof at step 2
* G1 elements in proof: 2
* G2 elements in proof: 1
* Proof size in bits: 1019
* Cached h poly size: 639
* UVC Verify step 2: PASS
* UVC Verify step 2: PASS
* UVC Verify step 2: PASS
* UVC Verify step 2: PASS
* UVC Verify step 2: PASS
* UVC Verify step 2: PASS
* UVC Verify step 2: PASS
* UVC Verify step 2: PASS
* UVC Verify step 2: PASS
* UVC Verify step 2: PASS
  2       24.90         2.69          1019          PASS      
* UVC Prove step 4
* Elements of w skipped: 0 (0.00%)
* Elements of w processed with special addition: 1 (5.56%)
* Elements of w remaining: 17 (94.44%)
* Elements of w skipped: 0 (0.00%)
* Elements of w processed with special addition: 1 (10.00%)
* Elements of w remaining: 9 (90.00%)
* Elements of w skipped: 0 (0.00%)
* Elements of w processed with special addition: 1 (5.56%)
* Elements of w remaining: 17 (94.44%)
* UVC proof at step 4
* G1 elements in proof: 2
* G2 elements in proof: 1
* Proof size in bits: 1019
* Cached h poly size: 639
* UVC Prove step 4
* Elements of w skipped: 0 (0.00%)
* Elements of w processed with special addition: 1 (5.56%)
* Elements of w remaining: 17 (94.44%)
* Elements of w skipped: 0 (0.00%)
* Elements of w processed with special addition: 1 (10.00%)
* Elements of w remaining: 9 (90.00%)
* Elements of w skipped: 0 (0.00%)
* Elements of w processed with special addition: 1 (5.56%)
* Elements of w remaining: 17 (94.44%)
* UVC proof at step 4
* G1 elements in proof: 2
* G2 elements in proof: 1
* Proof size in bits: 1019
* Cached h poly size: 639
* UVC Prove step 4
* Elements of w skipped: 0 (0.00%)
* Elements of w processed with special addition: 1 (5.56%)
* Elements of w remaining: 17 (94.44%)
* Elements of w skipped: 0 (0.00%)
* Elements of w processed with special addition: 1 (10.00%)
* Elements of w remaining: 9 (90.00%)
* Elements of w skipped: 0 (0.00%)
* Elements of w processed with special addition: 1 (5.56%)
* Elements of w remaining: 17 (94.44%)
* UVC proof at step 4
* G1 elements in proof: 2
* G2 elements in proof: 1
* Proof size in bits: 1019
* Cached h poly size: 639
* UVC Prove step 4
* Elements of w skipped: 0 (0.00%)
* Elements of w processed with special addition: 1 (5.56%)
* Elements of w remaining: 17 (94.44%)
* Elements of w skipped: 0 (0.00%)
* Elements of w processed with special addition: 1 (10.00%)
* Elements of w remaining: 9 (90.00%)
* Elements of w skipped: 0 (0.00%)
* Elements of w processed with special addition: 1 (5.56%)
* Elements of w remaining: 17 (94.44%)
* UVC proof at step 4
* G1 elements in proof: 2
* G2 elements in proof: 1
* Proof size in bits: 1019
* Cached h poly size: 639
* UVC Prove step 4
* Elements of w skipped: 0 (0.00%)
* Elements of w processed with special addition: 1 (5.56%)
* Elements of w remaining: 17 (94.44%)
* Elements of w skipped: 0 (0.00%)
* Elements of w processed with special addition: 1 (10.00%)
* Elements of w remaining: 9 (90.00%)
* Elements of w skipped: 0 (0.00%)
* Elements of w processed with special addition: 1 (5.56%)
* Elements of w remaining: 17 (94.44%)
* UVC proof at step 4
* G1 elements in proof: 2
* G2 elements in proof: 1
* Proof size in bits: 1019
* Cached h poly size: 639
* UVC Prove step 4
* Elements of w skipped: 0 (0.00%)
* Elements of w processed with special addition: 1 (5.56%)
* Elements of w remaining: 17 (94.44%)
* Elements of w skipped: 0 (0.00%)
* Elements of w processed with special addition: 1 (10.00%)
* Elements of w remaining: 9 (90.00%)
* Elements of w skipped: 0 (0.00%)
* Elements of w processed with special addition: 1 (5.56%)
* Elements of w remaining: 17 (94.44%)
* UVC proof at step 4
* G1 elements in proof: 2
* G2 elements in proof: 1
* Proof size in bits: 1019
* Cached h poly size: 639
* UVC Prove step 4
* Elements of w skipped: 0 (0.00%)
* Elements of w processed with special addition: 1 (5.56%)
* Elements of w remaining: 17 (94.44%)
* Elements of w skipped: 0 (0.00%)
* Elements of w processed with special addition: 1 (10.00%)
* Elements of w remaining: 9 (90.00%)
* Elements of w skipped: 0 (0.00%)
* Elements of w processed with special addition: 1 (5.56%)
* Elements of w remaining: 17 (94.44%)
* UVC proof at step 4
* G1 elements in proof: 2
* G2 elements in proof: 1
* Proof size in bits: 1019
* Cached h poly size: 639
* UVC Prove step 4
* Elements of w skipped: 0 (0.00%)
* Elements of w processed with special addition: 1 (5.56%)
* Elements of w remaining: 17 (94.44%)
* Elements of w skipped: 0 (0.00%)
* Elements of w processed with special addition: 1 (10.00%)
* Elements of w remaining: 9 (90.00%)
* Elements of w skipped: 0 (0.00%)
* Elements of w processed with special addition: 1 (5.56%)
* Elements of w remaining: 17 (94.44%)
* UVC proof at step 4
* G1 elements in proof: 2
* G2 elements in proof: 1
* Proof size in bits: 1019
* Cached h poly size: 639
* UVC Prove step 4
* Elements of w skipped: 0 (0.00%)
* Elements of w processed with special addition: 1 (5.56%)
* Elements of w remaining: 17 (94.44%)
* Elements of w skipped: 0 (0.00%)
* Elements of w processed with special addition: 1 (10.00%)
* Elements of w remaining: 9 (90.00%)
* Elements of w skipped: 0 (0.00%)
* Elements of w processed with special addition: 1 (5.56%)
* Elements of w remaining: 17 (94.44%)
* UVC proof at step 4
* G1 elements in proof: 2
* G2 elements in proof: 1
* Proof size in bits: 1019
* Cached h poly size: 639
* UVC Prove step 4
* Elements of w skipped: 0 (0.00%)
* Elements of w processed with special addition: 1 (5.56%)
* Elements of w remaining: 17 (94.44%)
* Elements of w skipped: 0 (0.00%)
* Elements of w processed with special addition: 1 (10.00%)
* Elements of w remaining: 9 (90.00%)
* Elements of w skipped: 0 (0.00%)
* Elements of w processed with special addition: 1 (5.56%)
* Elements of w remaining: 17 (94.44%)
* UVC proof at step 4
* G1 elements in proof: 2
* G2 elements in proof: 1
* Proof size in bits: 1019
* Cached h poly size: 639
* UVC Verify step 4: PASS
* UVC Verify step 4: PASS
* UVC Verify step 4: PASS
* UVC Verify step 4: PASS
* UVC Verify step 4: PASS
* UVC Verify step 4: PASS
* UVC Verify step 4: PASS
* UVC Verify step 4: PASS
* UVC Verify step 4: PASS
* UVC Verify step 4: PASS
  4       25.09         2.75          1019          PASS      
* UVC Prove step 8
* Elements of w skipped: 0 (0.00%)
* Elements of w processed with special addition: 1 (5.56%)
* Elements of w remaining: 17 (94.44%)
* Elements of w skipped: 0 (0.00%)
* Elements of w processed with special addition: 1 (10.00%)
* Elements of w remaining: 9 (90.00%)
* Elements of w skipped: 0 (0.00%)
* Elements of w processed with special addition: 1 (5.56%)
* Elements of w remaining: 17 (94.44%)
* UVC proof at step 8
* G1 elements in proof: 2
* G2 elements in proof: 1
* Proof size in bits: 1019
* Cached h poly size: 639
* UVC Prove step 8
* Elements of w skipped: 0 (0.00%)
* Elements of w processed with special addition: 1 (5.56%)
* Elements of w remaining: 17 (94.44%)
* Elements of w skipped: 0 (0.00%)
* Elements of w processed with special addition: 1 (10.00%)
* Elements of w remaining: 9 (90.00%)
* Elements of w skipped: 0 (0.00%)
* Elements of w processed with special addition: 1 (5.56%)
* Elements of w remaining: 17 (94.44%)
* UVC proof at step 8
* G1 elements in proof: 2
* G2 elements in proof: 1
* Proof size in bits: 1019
* Cached h poly size: 639
* UVC Prove step 8
* Elements of w skipped: 0 (0.00%)
* Elements of w processed with special addition: 1 (5.56%)
* Elements of w remaining: 17 (94.44%)
* Elements of w skipped: 0 (0.00%)
* Elements of w processed with special addition: 1 (10.00%)
* Elements of w remaining: 9 (90.00%)
* Elements of w skipped: 0 (0.00%)
* Elements of w processed with special addition: 1 (5.56%)
* Elements of w remaining: 17 (94.44%)
* UVC proof at step 8
* G1 elements in proof: 2
* G2 elements in proof: 1
* Proof size in bits: 1019
* Cached h poly size: 639
* UVC Prove step 8
* Elements of w skipped: 0 (0.00%)
* Elements of w processed with special addition: 1 (5.56%)
* Elements of w remaining: 17 (94.44%)
* Elements of w skipped: 0 (0.00%)
* Elements of w processed with special addition: 1 (10.00%)
* Elements of w remaining: 9 (90.00%)
* Elements of w skipped: 0 (0.00%)
* Elements of w processed with special addition: 1 (5.56%)
* Elements of w remaining: 17 (94.44%)
* UVC proof at step 8
* G1 elements in proof: 2
* G2 elements in proof: 1
* Proof size in bits: 1019
* Cached h poly size: 639
* UVC Prove step 8
* Elements of w skipped: 0 (0.00%)
* Elements of w processed with special addition: 1 (5.56%)
* Elements of w remaining: 17 (94.44%)
* Elements of w skipped: 0 (0.00%)
* Elements of w processed with special addition: 1 (10.00%)
* Elements of w remaining: 9 (90.00%)
* Elements of w skipped: 0 (0.00%)
* Elements of w processed with special addition: 1 (5.56%)
* Elements of w remaining: 17 (94.44%)
* UVC proof at step 8
* G1 elements in proof: 2
* G2 elements in proof: 1
* Proof size in bits: 1019
* Cached h poly size: 639
* UVC Prove step 8
* Elements of w skipped: 0 (0.00%)
* Elements of w processed with special addition: 1 (5.56%)
* Elements of w remaining: 17 (94.44%)
* Elements of w skipped: 0 (0.00%)
* Elements of w processed with special addition: 1 (10.00%)
* Elements of w remaining: 9 (90.00%)
* Elements of w skipped: 0 (0.00%)
* Elements of w processed with special addition: 1 (5.56%)
* Elements of w remaining: 17 (94.44%)
* UVC proof at step 8
* G1 elements in proof: 2
* G2 elements in proof: 1
* Proof size in bits: 1019
* Cached h poly size: 639
* UVC Prove step 8
* Elements of w skipped: 0 (0.00%)
* Elements of w processed with special addition: 1 (5.56%)
* Elements of w remaining: 17 (94.44%)
* Elements of w skipped: 0 (0.00%)
* Elements of w processed with special addition: 1 (10.00%)
* Elements of w remaining: 9 (90.00%)
* Elements of w skipped: 0 (0.00%)
* Elements of w processed with special addition: 1 (5.56%)
* Elements of w remaining: 17 (94.44%)
* UVC proof at step 8
* G1 elements in proof: 2
* G2 elements in proof: 1
* Proof size in bits: 1019
* Cached h poly size: 639
* UVC Prove step 8
* Elements of w skipped: 0 (0.00%)
* Elements of w processed with special addition: 1 (5.56%)
* Elements of w remaining: 17 (94.44%)
* Elements of w skipped: 0 (0.00%)
* Elements of w processed with special addition: 1 (10.00%)
* Elements of w remaining: 9 (90.00%)
* Elements of w skipped: 0 (0.00%)
* Elements of w processed with special addition: 1 (5.56%)
* Elements of w remaining: 17 (94.44%)
* UVC proof at step 8
* G1 elements in proof: 2
* G2 elements in proof: 1
* Proof size in bits: 1019
* Cached h poly size: 639
* UVC Prove step 8
* Elements of w skipped: 0 (0.00%)
* Elements of w processed with special addition: 1 (5.56%)
* Elements of w remaining: 17 (94.44%)
* Elements of w skipped: 0 (0.00%)
* Elements of w processed with special addition: 1 (10.00%)
* Elements of w remaining: 9 (90.00%)
* Elements of w skipped: 0 (0.00%)
* Elements of w processed with special addition: 1 (5.56%)
* Elements of w remaining: 17 (94.44%)
* UVC proof at step 8
* G1 elements in proof: 2
* G2 elements in proof: 1
* Proof size in bits: 1019
* Cached h poly size: 639
* UVC Prove step 8
* Elements of w skipped: 0 (0.00%)
* Elements of w processed with special addition: 1 (5.56%)
* Elements of w remaining: 17 (94.44%)
* Elements of w skipped: 0 (0.00%)
* Elements of w processed with special addition: 1 (10.00%)
* Elements of w remaining: 9 (90.00%)
* Elements of w skipped: 0 (0.00%)
* Elements of w processed with special addition: 1 (5.56%)
* Elements of w remaining: 17 (94.44%)
* UVC proof at step 8
* G1 elements in proof: 2
* G2 elements in proof: 1
* Proof size in bits: 1019
* Cached h poly size: 639
* UVC Verify step 8: PASS
* UVC Verify step 8: PASS
* UVC Verify step 8: PASS
* UVC Verify step 8: PASS
* UVC Verify step 8: PASS
* UVC Verify step 8: PASS
* UVC Verify step 8: PASS
* UVC Verify step 8: PASS
* UVC Verify step 8: PASS
* UVC Verify step 8: PASS
  8       25.00         2.72          1019          PASS      
* UVC Prove step 16
* Elements of w skipped: 0 (0.00%)
* Elements of w processed with special addition: 1 (5.56%)
* Elements of w remaining: 17 (94.44%)
* Elements of w skipped: 0 (0.00%)
* Elements of w processed with special addition: 1 (10.00%)
* Elements of w remaining: 9 (90.00%)
* Elements of w skipped: 0 (0.00%)
* Elements of w processed with special addition: 1 (5.56%)
* Elements of w remaining: 17 (94.44%)
* UVC proof at step 16
* G1 elements in proof: 2
* G2 elements in proof: 1
* Proof size in bits: 1019
* Cached h poly size: 639
* UVC Prove step 16
* Elements of w skipped: 0 (0.00%)
* Elements of w processed with special addition: 1 (5.56%)
* Elements of w remaining: 17 (94.44%)
* Elements of w skipped: 0 (0.00%)
* Elements of w processed with special addition: 1 (10.00%)
* Elements of w remaining: 9 (90.00%)
* Elements of w skipped: 0 (0.00%)
* Elements of w processed with special addition: 1 (5.56%)
* Elements of w remaining: 17 (94.44%)
* UVC proof at step 16
* G1 elements in proof: 2
* G2 elements in proof: 1
* Proof size in bits: 1019
* Cached h poly size: 639
* UVC Prove step 16
* Elements of w skipped: 0 (0.00%)
* Elements of w processed with special addition: 1 (5.56%)
* Elements of w remaining: 17 (94.44%)
* Elements of w skipped: 0 (0.00%)
* Elements of w processed with special addition: 1 (10.00%)
* Elements of w remaining: 9 (90.00%)
* Elements of w skipped: 0 (0.00%)
* Elements of w processed with special addition: 1 (5.56%)
* Elements of w remaining: 17 (94.44%)
* UVC proof at step 16
* G1 elements in proof: 2
* G2 elements in proof: 1
* Proof size in bits: 1019
* Cached h poly size: 639
* UVC Prove step 16
* Elements of w skipped: 0 (0.00%)
* Elements of w processed with special addition: 1 (5.56%)
* Elements of w remaining: 17 (94.44%)
* Elements of w skipped: 0 (0.00%)
* Elements of w processed with special addition: 1 (10.00%)
* Elements of w remaining: 9 (90.00%)
* Elements of w skipped: 0 (0.00%)
* Elements of w processed with special addition: 1 (5.56%)
* Elements of w remaining: 17 (94.44%)
* UVC proof at step 16
* G1 elements in proof: 2
* G2 elements in proof: 1
* Proof size in bits: 1019
* Cached h poly size: 639
* UVC Prove step 16
* Elements of w skipped: 0 (0.00%)
* Elements of w processed with special addition: 1 (5.56%)
* Elements of w remaining: 17 (94.44%)
* Elements of w skipped: 0 (0.00%)
* Elements of w processed with special addition: 1 (10.00%)
* Elements of w remaining: 9 (90.00%)
* Elements of w skipped: 0 (0.00%)
* Elements of w processed with special addition: 1 (5.56%)
* Elements of w remaining: 17 (94.44%)
* UVC proof at step 16
* G1 elements in proof: 2
* G2 elements in proof: 1
* Proof size in bits: 1019
* Cached h poly size: 639
* UVC Prove step 16
* Elements of w skipped: 0 (0.00%)
* Elements of w processed with special addition: 1 (5.56%)
* Elements of w remaining: 17 (94.44%)
* Elements of w skipped: 0 (0.00%)
* Elements of w processed with special addition: 1 (10.00%)
* Elements of w remaining: 9 (90.00%)
* Elements of w skipped: 0 (0.00%)
* Elements of w processed with special addition: 1 (5.56%)
* Elements of w remaining: 17 (94.44%)
* UVC proof at step 16
* G1 elements in proof: 2
* G2 elements in proof: 1
* Proof size in bits: 1019
* Cached h poly size: 639
* UVC Prove step 16
* Elements of w skipped: 0 (0.00%)
* Elements of w processed with special addition: 1 (5.56%)
* Elements of w remaining: 17 (94.44%)
* Elements of w skipped: 0 (0.00%)
* Elements of w processed with special addition: 1 (10.00%)
* Elements of w remaining: 9 (90.00%)
* Elements of w skipped: 0 (0.00%)
* Elements of w processed with special addition: 1 (5.56%)
* Elements of w remaining: 17 (94.44%)
* UVC proof at step 16
* G1 elements in proof: 2
* G2 elements in proof: 1
* Proof size in bits: 1019
* Cached h poly size: 639
* UVC Prove step 16
* Elements of w skipped: 0 (0.00%)
* Elements of w processed with special addition: 1 (5.56%)
* Elements of w remaining: 17 (94.44%)
* Elements of w skipped: 0 (0.00%)
* Elements of w processed with special addition: 1 (10.00%)
* Elements of w remaining: 9 (90.00%)
* Elements of w skipped: 0 (0.00%)
* Elements of w processed with special addition: 1 (5.56%)
* Elements of w remaining: 17 (94.44%)
* UVC proof at step 16
* G1 elements in proof: 2
* G2 elements in proof: 1
* Proof size in bits: 1019
* Cached h poly size: 639
* UVC Prove step 16
* Elements of w skipped: 0 (0.00%)
* Elements of w processed with special addition: 1 (5.56%)
* Elements of w remaining: 17 (94.44%)
* Elements of w skipped: 0 (0.00%)
* Elements of w processed with special addition: 1 (10.00%)
* Elements of w remaining: 9 (90.00%)
* Elements of w skipped: 0 (0.00%)
* Elements of w processed with special addition: 1 (5.56%)
* Elements of w remaining: 17 (94.44%)
* UVC proof at step 16
* G1 elements in proof: 2
* G2 elements in proof: 1
* Proof size in bits: 1019
* Cached h poly size: 639
* UVC Prove step 16
* Elements of w skipped: 0 (0.00%)
* Elements of w processed with special addition: 1 (5.56%)
* Elements of w remaining: 17 (94.44%)
* Elements of w skipped: 0 (0.00%)
* Elements of w processed with special addition: 1 (10.00%)
* Elements of w remaining: 9 (90.00%)
* Elements of w skipped: 0 (0.00%)
* Elements of w processed with special addition: 1 (5.56%)
* Elements of w remaining: 17 (94.44%)
* UVC proof at step 16
* G1 elements in proof: 2
* G2 elements in proof: 1
* Proof size in bits: 1019
* Cached h poly size: 639
* UVC Verify step 16: PASS
* UVC Verify step 16: PASS
* UVC Verify step 16: PASS
* UVC Verify step 16: PASS
* UVC Verify step 16: PASS
* UVC Verify step 16: PASS
* UVC Verify step 16: PASS
* UVC Verify step 16: PASS
* UVC Verify step 16: PASS
* UVC Verify step 16: PASS
  16      25.32         2.68          1019          PASS      
* UVC Prove step 32
* Elements of w skipped: 0 (0.00%)
* Elements of w processed with special addition: 1 (5.56%)
* Elements of w remaining: 17 (94.44%)
* Elements of w skipped: 0 (0.00%)
* Elements of w processed with special addition: 1 (10.00%)
* Elements of w remaining: 9 (90.00%)
* Elements of w skipped: 0 (0.00%)
* Elements of w processed with special addition: 1 (5.56%)
* Elements of w remaining: 17 (94.44%)
* UVC proof at step 32
* G1 elements in proof: 2
* G2 elements in proof: 1
* Proof size in bits: 1019
* Cached h poly size: 639
* UVC Prove step 32
* Elements of w skipped: 0 (0.00%)
* Elements of w processed with special addition: 1 (5.56%)
* Elements of w remaining: 17 (94.44%)
* Elements of w skipped: 0 (0.00%)
* Elements of w processed with special addition: 1 (10.00%)
* Elements of w remaining: 9 (90.00%)
* Elements of w skipped: 0 (0.00%)
* Elements of w processed with special addition: 1 (5.56%)
* Elements of w remaining: 17 (94.44%)
* UVC proof at step 32
* G1 elements in proof: 2
* G2 elements in proof: 1
* Proof size in bits: 1019
* Cached h poly size: 639
* UVC Prove step 32
* Elements of w skipped: 0 (0.00%)
* Elements of w processed with special addition: 1 (5.56%)
* Elements of w remaining: 17 (94.44%)
* Elements of w skipped: 0 (0.00%)
* Elements of w processed with special addition: 1 (10.00%)
* Elements of w remaining: 9 (90.00%)
* Elements of w skipped: 0 (0.00%)
* Elements of w processed with special addition: 1 (5.56%)
* Elements of w remaining: 17 (94.44%)
* UVC proof at step 32
* G1 elements in proof: 2
* G2 elements in proof: 1
* Proof size in bits: 1019
* Cached h poly size: 639
* UVC Prove step 32
* Elements of w skipped: 0 (0.00%)
* Elements of w processed with special addition: 1 (5.56%)
* Elements of w remaining: 17 (94.44%)
* Elements of w skipped: 0 (0.00%)
* Elements of w processed with special addition: 1 (10.00%)
* Elements of w remaining: 9 (90.00%)
* Elements of w skipped: 0 (0.00%)
* Elements of w processed with special addition: 1 (5.56%)
* Elements of w remaining: 17 (94.44%)
* UVC proof at step 32
* G1 elements in proof: 2
* G2 elements in proof: 1
* Proof size in bits: 1019
* Cached h poly size: 639
* UVC Prove step 32
* Elements of w skipped: 0 (0.00%)
* Elements of w processed with special addition: 1 (5.56%)
* Elements of w remaining: 17 (94.44%)
* Elements of w skipped: 0 (0.00%)
* Elements of w processed with special addition: 1 (10.00%)
* Elements of w remaining: 9 (90.00%)
* Elements of w skipped: 0 (0.00%)
* Elements of w processed with special addition: 1 (5.56%)
* Elements of w remaining: 17 (94.44%)
* UVC proof at step 32
* G1 elements in proof: 2
* G2 elements in proof: 1
* Proof size in bits: 1019
* Cached h poly size: 639
* UVC Prove step 32
* Elements of w skipped: 0 (0.00%)
* Elements of w processed with special addition: 1 (5.56%)
* Elements of w remaining: 17 (94.44%)
* Elements of w skipped: 0 (0.00%)
* Elements of w processed with special addition: 1 (10.00%)
* Elements of w remaining: 9 (90.00%)
* Elements of w skipped: 0 (0.00%)
* Elements of w processed with special addition: 1 (5.56%)
* Elements of w remaining: 17 (94.44%)
* UVC proof at step 32
* G1 elements in proof: 2
* G2 elements in proof: 1
* Proof size in bits: 1019
* Cached h poly size: 639
* UVC Prove step 32
* Elements of w skipped: 0 (0.00%)
* Elements of w processed with special addition: 1 (5.56%)
* Elements of w remaining: 17 (94.44%)
* Elements of w skipped: 0 (0.00%)
* Elements of w processed with special addition: 1 (10.00%)
* Elements of w remaining: 9 (90.00%)
* Elements of w skipped: 0 (0.00%)
* Elements of w processed with special addition: 1 (5.56%)
* Elements of w remaining: 17 (94.44%)
* UVC proof at step 32
* G1 elements in proof: 2
* G2 elements in proof: 1
* Proof size in bits: 1019
* Cached h poly size: 639
* UVC Prove step 32
* Elements of w skipped: 0 (0.00%)
* Elements of w processed with special addition: 1 (5.56%)
* Elements of w remaining: 17 (94.44%)
* Elements of w skipped: 0 (0.00%)
* Elements of w processed with special addition: 1 (10.00%)
* Elements of w remaining: 9 (90.00%)
* Elements of w skipped: 0 (0.00%)
* Elements of w processed with special addition: 1 (5.56%)
* Elements of w remaining: 17 (94.44%)
* UVC proof at step 32
* G1 elements in proof: 2
* G2 elements in proof: 1
* Proof size in bits: 1019
* Cached h poly size: 639
* UVC Prove step 32
* Elements of w skipped: 0 (0.00%)
* Elements of w processed with special addition: 1 (5.56%)
* Elements of w remaining: 17 (94.44%)
* Elements of w skipped: 0 (0.00%)
* Elements of w processed with special addition: 1 (10.00%)
* Elements of w remaining: 9 (90.00%)
* Elements of w skipped: 0 (0.00%)
* Elements of w processed with special addition: 1 (5.56%)
* Elements of w remaining: 17 (94.44%)
* UVC proof at step 32
* G1 elements in proof: 2
* G2 elements in proof: 1
* Proof size in bits: 1019
* Cached h poly size: 639
* UVC Prove step 32
* Elements of w skipped: 0 (0.00%)
* Elements of w processed with special addition: 1 (5.56%)
* Elements of w remaining: 17 (94.44%)
* Elements of w skipped: 0 (0.00%)
* Elements of w processed with special addition: 1 (10.00%)
* Elements of w remaining: 9 (90.00%)
* Elements of w skipped: 0 (0.00%)
* Elements of w processed with special addition: 1 (5.56%)
* Elements of w remaining: 17 (94.44%)
* UVC proof at step 32
* G1 elements in proof: 2
* G2 elements in proof: 1
* Proof size in bits: 1019
* Cached h poly size: 639
* UVC Verify step 32: PASS
* UVC Verify step 32: PASS
* UVC Verify step 32: PASS
* UVC Verify step 32: PASS
* UVC Verify step 32: PASS
* UVC Verify step 32: PASS
* UVC Verify step 32: PASS
* UVC Verify step 32: PASS
* UVC Verify step 32: PASS
* UVC Verify step 32: PASS
  32      24.96         2.74          1019          PASS      
* UVC Prove step 64
* Elements of w skipped: 0 (0.00%)
* Elements of w processed with special addition: 1 (5.56%)
* Elements of w remaining: 17 (94.44%)
* Elements of w skipped: 0 (0.00%)
* Elements of w processed with special addition: 1 (11.11%)
* Elements of w remaining: 8 (88.89%)
* Elements of w skipped: 0 (0.00%)
* Elements of w processed with special addition: 1 (5.56%)
* Elements of w remaining: 17 (94.44%)
* UVC proof at step 64
* G1 elements in proof: 2
* G2 elements in proof: 1
* Proof size in bits: 1019
* Cached h poly size: 639
* UVC Prove step 64
* Elements of w skipped: 0 (0.00%)
* Elements of w processed with special addition: 1 (5.56%)
* Elements of w remaining: 17 (94.44%)
* Elements of w skipped: 0 (0.00%)
* Elements of w processed with special addition: 1 (11.11%)
* Elements of w remaining: 8 (88.89%)
* Elements of w skipped: 0 (0.00%)
* Elements of w processed with special addition: 1 (5.56%)
* Elements of w remaining: 17 (94.44%)
* UVC proof at step 64
* G1 elements in proof: 2
* G2 elements in proof: 1
* Proof size in bits: 1019
* Cached h poly size: 639
* UVC Prove step 64
* Elements of w skipped: 0 (0.00%)
* Elements of w processed with special addition: 1 (5.56%)
* Elements of w remaining: 17 (94.44%)
* Elements of w skipped: 0 (0.00%)
* Elements of w processed with special addition: 1 (11.11%)
* Elements of w remaining: 8 (88.89%)
* Elements of w skipped: 0 (0.00%)
* Elements of w processed with special addition: 1 (5.56%)
* Elements of w remaining: 17 (94.44%)
* UVC proof at step 64
* G1 elements in proof: 2
* G2 elements in proof: 1
* Proof size in bits: 1019
* Cached h poly size: 639
* UVC Prove step 64
* Elements of w skipped: 0 (0.00%)
* Elements of w processed with special addition: 1 (5.56%)
* Elements of w remaining: 17 (94.44%)
* Elements of w skipped: 0 (0.00%)
* Elements of w processed with special addition: 1 (11.11%)
* Elements of w remaining: 8 (88.89%)
* Elements of w skipped: 0 (0.00%)
* Elements of w processed with special addition: 1 (5.56%)
* Elements of w remaining: 17 (94.44%)
* UVC proof at step 64
* G1 elements in proof: 2
* G2 elements in proof: 1
* Proof size in bits: 1019
* Cached h poly size: 639
* UVC Prove step 64
* Elements of w skipped: 0 (0.00%)
* Elements of w processed with special addition: 1 (5.56%)
* Elements of w remaining: 17 (94.44%)
* Elements of w skipped: 0 (0.00%)
* Elements of w processed with special addition: 1 (11.11%)
* Elements of w remaining: 8 (88.89%)
* Elements of w skipped: 0 (0.00%)
* Elements of w processed with special addition: 1 (5.56%)
* Elements of w remaining: 17 (94.44%)
* UVC proof at step 64
* G1 elements in proof: 2
* G2 elements in proof: 1
* Proof size in bits: 1019
* Cached h poly size: 639
* UVC Prove step 64
* Elements of w skipped: 0 (0.00%)
* Elements of w processed with special addition: 1 (5.56%)
* Elements of w remaining: 17 (94.44%)
* Elements of w skipped: 0 (0.00%)
* Elements of w processed with special addition: 1 (11.11%)
* Elements of w remaining: 8 (88.89%)
* Elements of w skipped: 0 (0.00%)
* Elements of w processed with special addition: 1 (5.56%)
* Elements of w remaining: 17 (94.44%)
* UVC proof at step 64
* G1 elements in proof: 2
* G2 elements in proof: 1
* Proof size in bits: 1019
* Cached h poly size: 639
* UVC Prove step 64
* Elements of w skipped: 0 (0.00%)
* Elements of w processed with special addition: 1 (5.56%)
* Elements of w remaining: 17 (94.44%)
* Elements of w skipped: 0 (0.00%)
* Elements of w processed with special addition: 1 (11.11%)
* Elements of w remaining: 8 (88.89%)
* Elements of w skipped: 0 (0.00%)
* Elements of w processed with special addition: 1 (5.56%)
* Elements of w remaining: 17 (94.44%)
* UVC proof at step 64
* G1 elements in proof: 2
* G2 elements in proof: 1
* Proof size in bits: 1019
* Cached h poly size: 639
* UVC Prove step 64
* Elements of w skipped: 0 (0.00%)
* Elements of w processed with special addition: 1 (5.56%)
* Elements of w remaining: 17 (94.44%)
* Elements of w skipped: 0 (0.00%)
* Elements of w processed with special addition: 1 (11.11%)
* Elements of w remaining: 8 (88.89%)
* Elements of w skipped: 0 (0.00%)
* Elements of w processed with special addition: 1 (5.56%)
* Elements of w remaining: 17 (94.44%)
* UVC proof at step 64
* G1 elements in proof: 2
* G2 elements in proof: 1
* Proof size in bits: 1019
* Cached h poly size: 639
* UVC Prove step 64
* Elements of w skipped: 0 (0.00%)
* Elements of w processed with special addition: 1 (5.56%)
* Elements of w remaining: 17 (94.44%)
* Elements of w skipped: 0 (0.00%)
* Elements of w processed with special addition: 1 (11.11%)
* Elements of w remaining: 8 (88.89%)
* Elements of w skipped: 0 (0.00%)
* Elements of w processed with special addition: 1 (5.56%)
* Elements of w remaining: 17 (94.44%)
* UVC proof at step 64
* G1 elements in proof: 2
* G2 elements in proof: 1
* Proof size in bits: 1019
* Cached h poly size: 639
* UVC Prove step 64
* Elements of w skipped: 0 (0.00%)
* Elements of w processed with special addition: 1 (5.56%)
* Elements of w remaining: 17 (94.44%)
* Elements of w skipped: 0 (0.00%)
* Elements of w processed with special addition: 1 (11.11%)
* Elements of w remaining: 8 (88.89%)
* Elements of w skipped: 0 (0.00%)
* Elements of w processed with special addition: 1 (5.56%)
* Elements of w remaining: 17 (94.44%)
* UVC proof at step 64
* G1 elements in proof: 2
* G2 elements in proof: 1
* Proof size in bits: 1019
* Cached h poly size: 639
* UVC Verify step 64: PASS
* UVC Verify step 64: PASS
* UVC Verify step 64: PASS
* UVC Verify step 64: PASS
* UVC Verify step 64: PASS
* UVC Verify step 64: PASS
* UVC Verify step 64: PASS
* UVC Verify step 64: PASS
* UVC Verify step 64: PASS
* UVC Verify step 64: PASS
  64      23.56         2.71          1019          PASS      

  UVC results written to /Users/heewonchung/Documents/00-Research/active/Updatable Verifiable Computation/Dev/results/2026-03-09_203431_iot/csv/uvc_results.csv

================================================================
Groth16 Benchmark: circuit=sensor_fusion, n=8, B=64
================================================================

  Step    C_j constr  Setup (ms)    Prove (ms)    Verify (ms)   Verified  
  ------  ----------  ------------  ------------  ------------  ----------
* Composed C_1: 9 constraints, 19 variables, 10 inputs
* QAP number of variables: 19
* QAP pre degree: 9
* QAP degree: 20
* QAP number of input variables: 10
* G1 window: 4
* G2 window: 2
* G1 elements in PK: 69
* Non-zero G1 elements in PK: 58
* G2 elements in PK: 21
* Non-zero G2 elements in PK: 10
* PK size in bits: 20456
* G1 elements in VK: 10
* G2 elements in VK: 2
* GT elements in VK: 1
* VK size in bits: 4463
* Elements of w skipped: 1 (5.00%)
* Elements of w processed with special addition: 3 (15.00%)
* Elements of w remaining: 16 (80.00%)
* Elements of w skipped: 0 (0.00%)
* Elements of w processed with special addition: 2 (22.22%)
* Elements of w remaining: 7 (77.78%)
* Elements of w skipped: 0 (0.00%)
* Elements of w processed with special addition: 0 (0.00%)
* Elements of w remaining: 9 (100.00%)
* G1 elements in proof: 2
* G2 elements in proof: 1
* Proof size in bits: 1019
* Elements of w skipped: 1 (5.00%)
* Elements of w processed with special addition: 3 (15.00%)
* Elements of w remaining: 16 (80.00%)
* Elements of w skipped: 0 (0.00%)
* Elements of w processed with special addition: 2 (22.22%)
* Elements of w remaining: 7 (77.78%)
* Elements of w skipped: 0 (0.00%)
* Elements of w processed with special addition: 0 (0.00%)
* Elements of w remaining: 9 (100.00%)
* G1 elements in proof: 2
* G2 elements in proof: 1
* Proof size in bits: 1019
* Elements of w skipped: 1 (5.00%)
* Elements of w processed with special addition: 3 (15.00%)
* Elements of w remaining: 16 (80.00%)
* Elements of w skipped: 0 (0.00%)
* Elements of w processed with special addition: 2 (22.22%)
* Elements of w remaining: 7 (77.78%)
* Elements of w skipped: 0 (0.00%)
* Elements of w processed with special addition: 0 (0.00%)
* Elements of w remaining: 9 (100.00%)
* G1 elements in proof: 2
* G2 elements in proof: 1
* Proof size in bits: 1019
* Elements of w skipped: 1 (5.00%)
* Elements of w processed with special addition: 3 (15.00%)
* Elements of w remaining: 16 (80.00%)
* Elements of w skipped: 0 (0.00%)
* Elements of w processed with special addition: 2 (22.22%)
* Elements of w remaining: 7 (77.78%)
* Elements of w skipped: 0 (0.00%)
* Elements of w processed with special addition: 0 (0.00%)
* Elements of w remaining: 9 (100.00%)
* G1 elements in proof: 2
* G2 elements in proof: 1
* Proof size in bits: 1019
* Elements of w skipped: 1 (5.00%)
* Elements of w processed with special addition: 3 (15.00%)
* Elements of w remaining: 16 (80.00%)
* Elements of w skipped: 0 (0.00%)
* Elements of w processed with special addition: 2 (22.22%)
* Elements of w remaining: 7 (77.78%)
* Elements of w skipped: 0 (0.00%)
* Elements of w processed with special addition: 0 (0.00%)
* Elements of w remaining: 9 (100.00%)
* G1 elements in proof: 2
* G2 elements in proof: 1
* Proof size in bits: 1019
* Elements of w skipped: 1 (5.00%)
* Elements of w processed with special addition: 3 (15.00%)
* Elements of w remaining: 16 (80.00%)
* Elements of w skipped: 0 (0.00%)
* Elements of w processed with special addition: 2 (22.22%)
* Elements of w remaining: 7 (77.78%)
* Elements of w skipped: 0 (0.00%)
* Elements of w processed with special addition: 0 (0.00%)
* Elements of w remaining: 9 (100.00%)
* G1 elements in proof: 2
* G2 elements in proof: 1
* Proof size in bits: 1019
* Elements of w skipped: 1 (5.00%)
* Elements of w processed with special addition: 3 (15.00%)
* Elements of w remaining: 16 (80.00%)
* Elements of w skipped: 0 (0.00%)
* Elements of w processed with special addition: 2 (22.22%)
* Elements of w remaining: 7 (77.78%)
* Elements of w skipped: 0 (0.00%)
* Elements of w processed with special addition: 0 (0.00%)
* Elements of w remaining: 9 (100.00%)
* G1 elements in proof: 2
* G2 elements in proof: 1
* Proof size in bits: 1019
* Elements of w skipped: 1 (5.00%)
* Elements of w processed with special addition: 3 (15.00%)
* Elements of w remaining: 16 (80.00%)
* Elements of w skipped: 0 (0.00%)
* Elements of w processed with special addition: 2 (22.22%)
* Elements of w remaining: 7 (77.78%)
* Elements of w skipped: 0 (0.00%)
* Elements of w processed with special addition: 0 (0.00%)
* Elements of w remaining: 9 (100.00%)
* G1 elements in proof: 2
* G2 elements in proof: 1
* Proof size in bits: 1019
* Elements of w skipped: 1 (5.00%)
* Elements of w processed with special addition: 3 (15.00%)
* Elements of w remaining: 16 (80.00%)
* Elements of w skipped: 0 (0.00%)
* Elements of w processed with special addition: 2 (22.22%)
* Elements of w remaining: 7 (77.78%)
* Elements of w skipped: 0 (0.00%)
* Elements of w processed with special addition: 0 (0.00%)
* Elements of w remaining: 9 (100.00%)
* G1 elements in proof: 2
* G2 elements in proof: 1
* Proof size in bits: 1019
* Elements of w skipped: 1 (5.00%)
* Elements of w processed with special addition: 3 (15.00%)
* Elements of w remaining: 16 (80.00%)
* Elements of w skipped: 0 (0.00%)
* Elements of w processed with special addition: 2 (22.22%)
* Elements of w remaining: 7 (77.78%)
* Elements of w skipped: 0 (0.00%)
* Elements of w processed with special addition: 0 (0.00%)
* Elements of w remaining: 9 (100.00%)
* G1 elements in proof: 2
* G2 elements in proof: 1
* Proof size in bits: 1019
  1       9           12.7          5.02          2.78          PASS      
* Composed C_2: 18 constraints, 37 variables, 10 inputs
* QAP number of variables: 37
* QAP pre degree: 18
* QAP degree: 32
* QAP number of input variables: 10
* G1 window: 5
* G2 window: 3
* G1 elements in PK: 135
* Non-zero G1 elements in PK: 115
* G2 elements in PK: 39
* Non-zero G2 elements in PK: 19
* PK size in bits: 40148
* G1 elements in VK: 10
* G2 elements in VK: 2
* GT elements in VK: 1
* VK size in bits: 4463
* Elements of w skipped: 1 (2.63%)
* Elements of w processed with special addition: 4 (10.53%)
* Elements of w remaining: 33 (86.84%)
* Elements of w skipped: 0 (0.00%)
* Elements of w processed with special addition: 3 (16.67%)
* Elements of w remaining: 15 (83.33%)
* Elements of w skipped: 0 (0.00%)
* Elements of w processed with special addition: 1 (3.70%)
* Elements of w remaining: 26 (96.30%)
* G1 elements in proof: 2
* G2 elements in proof: 1
* Proof size in bits: 1019
* Elements of w skipped: 1 (2.63%)
* Elements of w processed with special addition: 4 (10.53%)
* Elements of w remaining: 33 (86.84%)
* Elements of w skipped: 0 (0.00%)
* Elements of w processed with special addition: 3 (16.67%)
* Elements of w remaining: 15 (83.33%)
* Elements of w skipped: 0 (0.00%)
* Elements of w processed with special addition: 1 (3.70%)
* Elements of w remaining: 26 (96.30%)
* G1 elements in proof: 2
* G2 elements in proof: 1
* Proof size in bits: 1019
* Elements of w skipped: 1 (2.63%)
* Elements of w processed with special addition: 4 (10.53%)
* Elements of w remaining: 33 (86.84%)
* Elements of w skipped: 0 (0.00%)
* Elements of w processed with special addition: 3 (16.67%)
* Elements of w remaining: 15 (83.33%)
* Elements of w skipped: 0 (0.00%)
* Elements of w processed with special addition: 1 (3.70%)
* Elements of w remaining: 26 (96.30%)
* G1 elements in proof: 2
* G2 elements in proof: 1
* Proof size in bits: 1019
* Elements of w skipped: 1 (2.63%)
* Elements of w processed with special addition: 4 (10.53%)
* Elements of w remaining: 33 (86.84%)
* Elements of w skipped: 0 (0.00%)
* Elements of w processed with special addition: 3 (16.67%)
* Elements of w remaining: 15 (83.33%)
* Elements of w skipped: 0 (0.00%)
* Elements of w processed with special addition: 1 (3.70%)
* Elements of w remaining: 26 (96.30%)
* G1 elements in proof: 2
* G2 elements in proof: 1
* Proof size in bits: 1019
* Elements of w skipped: 1 (2.63%)
* Elements of w processed with special addition: 4 (10.53%)
* Elements of w remaining: 33 (86.84%)
* Elements of w skipped: 0 (0.00%)
* Elements of w processed with special addition: 3 (16.67%)
* Elements of w remaining: 15 (83.33%)
* Elements of w skipped: 0 (0.00%)
* Elements of w processed with special addition: 1 (3.70%)
* Elements of w remaining: 26 (96.30%)
* G1 elements in proof: 2
* G2 elements in proof: 1
* Proof size in bits: 1019
* Elements of w skipped: 1 (2.63%)
* Elements of w processed with special addition: 4 (10.53%)
* Elements of w remaining: 33 (86.84%)
* Elements of w skipped: 0 (0.00%)
* Elements of w processed with special addition: 3 (16.67%)
* Elements of w remaining: 15 (83.33%)
* Elements of w skipped: 0 (0.00%)
* Elements of w processed with special addition: 1 (3.70%)
* Elements of w remaining: 26 (96.30%)
* G1 elements in proof: 2
* G2 elements in proof: 1
* Proof size in bits: 1019
* Elements of w skipped: 1 (2.63%)
* Elements of w processed with special addition: 4 (10.53%)
* Elements of w remaining: 33 (86.84%)
* Elements of w skipped: 0 (0.00%)
* Elements of w processed with special addition: 3 (16.67%)
* Elements of w remaining: 15 (83.33%)
* Elements of w skipped: 0 (0.00%)
* Elements of w processed with special addition: 1 (3.70%)
* Elements of w remaining: 26 (96.30%)
* G1 elements in proof: 2
* G2 elements in proof: 1
* Proof size in bits: 1019
* Elements of w skipped: 1 (2.63%)
* Elements of w processed with special addition: 4 (10.53%)
* Elements of w remaining: 33 (86.84%)
* Elements of w skipped: 0 (0.00%)
* Elements of w processed with special addition: 3 (16.67%)
* Elements of w remaining: 15 (83.33%)
* Elements of w skipped: 0 (0.00%)
* Elements of w processed with special addition: 1 (3.70%)
* Elements of w remaining: 26 (96.30%)
* G1 elements in proof: 2
* G2 elements in proof: 1
* Proof size in bits: 1019
* Elements of w skipped: 1 (2.63%)
* Elements of w processed with special addition: 4 (10.53%)
* Elements of w remaining: 33 (86.84%)
* Elements of w skipped: 0 (0.00%)
* Elements of w processed with special addition: 3 (16.67%)
* Elements of w remaining: 15 (83.33%)
* Elements of w skipped: 0 (0.00%)
* Elements of w processed with special addition: 1 (3.70%)
* Elements of w remaining: 26 (96.30%)
* G1 elements in proof: 2
* G2 elements in proof: 1
* Proof size in bits: 1019
* Elements of w skipped: 1 (2.63%)
* Elements of w processed with special addition: 4 (10.53%)
* Elements of w remaining: 33 (86.84%)
* Elements of w skipped: 0 (0.00%)
* Elements of w processed with special addition: 3 (16.67%)
* Elements of w remaining: 15 (83.33%)
* Elements of w skipped: 0 (0.00%)
* Elements of w processed with special addition: 1 (3.70%)
* Elements of w remaining: 26 (96.30%)
* G1 elements in proof: 2
* G2 elements in proof: 1
* Proof size in bits: 1019
  2       18          16.0          6.71          2.75          PASS      
* Composed C_4: 36 constraints, 73 variables, 10 inputs
* QAP number of variables: 73
* QAP pre degree: 36
* QAP degree: 48
* QAP number of input variables: 10
* G1 window: 5
* G2 window: 4
* G1 elements in PK: 259
* Non-zero G1 elements in PK: 221
* G2 elements in PK: 75
* Non-zero G2 elements in PK: 37
* PK size in bits: 77492
* G1 elements in VK: 10
* G2 elements in VK: 2
* GT elements in VK: 1
* VK size in bits: 4463
* Elements of w skipped: 1 (1.35%)
* Elements of w processed with special addition: 6 (8.11%)
* Elements of w remaining: 67 (90.54%)
* Elements of w skipped: 0 (0.00%)
* Elements of w processed with special addition: 5 (13.89%)
* Elements of w remaining: 31 (86.11%)
* Elements of w skipped: 0 (0.00%)
* Elements of w processed with special addition: 3 (4.76%)
* Elements of w remaining: 60 (95.24%)
* G1 elements in proof: 2
* G2 elements in proof: 1
* Proof size in bits: 1019
* Elements of w skipped: 1 (1.35%)
* Elements of w processed with special addition: 6 (8.11%)
* Elements of w remaining: 67 (90.54%)
* Elements of w skipped: 0 (0.00%)
* Elements of w processed with special addition: 5 (13.89%)
* Elements of w remaining: 31 (86.11%)
* Elements of w skipped: 0 (0.00%)
* Elements of w processed with special addition: 3 (4.76%)
* Elements of w remaining: 60 (95.24%)
* G1 elements in proof: 2
* G2 elements in proof: 1
* Proof size in bits: 1019
* Elements of w skipped: 1 (1.35%)
* Elements of w processed with special addition: 6 (8.11%)
* Elements of w remaining: 67 (90.54%)
* Elements of w skipped: 0 (0.00%)
* Elements of w processed with special addition: 5 (13.89%)
* Elements of w remaining: 31 (86.11%)
* Elements of w skipped: 0 (0.00%)
* Elements of w processed with special addition: 3 (4.76%)
* Elements of w remaining: 60 (95.24%)
* G1 elements in proof: 2
* G2 elements in proof: 1
* Proof size in bits: 1019
* Elements of w skipped: 1 (1.35%)
* Elements of w processed with special addition: 6 (8.11%)
* Elements of w remaining: 67 (90.54%)
* Elements of w skipped: 0 (0.00%)
* Elements of w processed with special addition: 5 (13.89%)
* Elements of w remaining: 31 (86.11%)
* Elements of w skipped: 0 (0.00%)
* Elements of w processed with special addition: 3 (4.76%)
* Elements of w remaining: 60 (95.24%)
* G1 elements in proof: 2
* G2 elements in proof: 1
* Proof size in bits: 1019
* Elements of w skipped: 1 (1.35%)
* Elements of w processed with special addition: 6 (8.11%)
* Elements of w remaining: 67 (90.54%)
* Elements of w skipped: 0 (0.00%)
* Elements of w processed with special addition: 5 (13.89%)
* Elements of w remaining: 31 (86.11%)
* Elements of w skipped: 0 (0.00%)
* Elements of w processed with special addition: 3 (4.76%)
* Elements of w remaining: 60 (95.24%)
* G1 elements in proof: 2
* G2 elements in proof: 1
* Proof size in bits: 1019
* Elements of w skipped: 1 (1.35%)
* Elements of w processed with special addition: 6 (8.11%)
* Elements of w remaining: 67 (90.54%)
* Elements of w skipped: 0 (0.00%)
* Elements of w processed with special addition: 5 (13.89%)
* Elements of w remaining: 31 (86.11%)
* Elements of w skipped: 0 (0.00%)
* Elements of w processed with special addition: 3 (4.76%)
* Elements of w remaining: 60 (95.24%)
* G1 elements in proof: 2
* G2 elements in proof: 1
* Proof size in bits: 1019
* Elements of w skipped: 1 (1.35%)
* Elements of w processed with special addition: 6 (8.11%)
* Elements of w remaining: 67 (90.54%)
* Elements of w skipped: 0 (0.00%)
* Elements of w processed with special addition: 5 (13.89%)
* Elements of w remaining: 31 (86.11%)
* Elements of w skipped: 0 (0.00%)
* Elements of w processed with special addition: 3 (4.76%)
* Elements of w remaining: 60 (95.24%)
* G1 elements in proof: 2
* G2 elements in proof: 1
* Proof size in bits: 1019
* Elements of w skipped: 1 (1.35%)
* Elements of w processed with special addition: 6 (8.11%)
* Elements of w remaining: 67 (90.54%)
* Elements of w skipped: 0 (0.00%)
* Elements of w processed with special addition: 5 (13.89%)
* Elements of w remaining: 31 (86.11%)
* Elements of w skipped: 0 (0.00%)
* Elements of w processed with special addition: 3 (4.76%)
* Elements of w remaining: 60 (95.24%)
* G1 elements in proof: 2
* G2 elements in proof: 1
* Proof size in bits: 1019
* Elements of w skipped: 1 (1.35%)
* Elements of w processed with special addition: 6 (8.11%)
* Elements of w remaining: 67 (90.54%)
* Elements of w skipped: 0 (0.00%)
* Elements of w processed with special addition: 5 (13.89%)
* Elements of w remaining: 31 (86.11%)
* Elements of w skipped: 0 (0.00%)
* Elements of w processed with special addition: 3 (4.76%)
* Elements of w remaining: 60 (95.24%)
* G1 elements in proof: 2
* G2 elements in proof: 1
* Proof size in bits: 1019
* Elements of w skipped: 1 (1.35%)
* Elements of w processed with special addition: 6 (8.11%)
* Elements of w remaining: 67 (90.54%)
* Elements of w skipped: 0 (0.00%)
* Elements of w processed with special addition: 5 (13.89%)
* Elements of w remaining: 31 (86.11%)
* Elements of w skipped: 0 (0.00%)
* Elements of w processed with special addition: 3 (4.76%)
* Elements of w remaining: 60 (95.24%)
* G1 elements in proof: 2
* G2 elements in proof: 1
* Proof size in bits: 1019
  4       36          22.2          8.89          2.69          PASS      
* Composed C_8: 72 constraints, 145 variables, 10 inputs
* QAP number of variables: 145
* QAP pre degree: 72
* QAP degree: 96
* QAP number of input variables: 10
* G1 window: 6
* G2 window: 5
* G1 elements in PK: 523
* Non-zero G1 elements in PK: 449
* G2 elements in PK: 147
* Non-zero G2 elements in PK: 73
* PK size in bits: 156260
* G1 elements in VK: 10
* G2 elements in VK: 2
* GT elements in VK: 1
* VK size in bits: 4463
* Elements of w skipped: 1 (0.68%)
* Elements of w processed with special addition: 10 (6.85%)
* Elements of w remaining: 135 (92.47%)
* Elements of w skipped: 0 (0.00%)
* Elements of w processed with special addition: 9 (12.50%)
* Elements of w remaining: 63 (87.50%)
* Elements of w skipped: 0 (0.00%)
* Elements of w processed with special addition: 7 (5.19%)
* Elements of w remaining: 128 (94.81%)
* G1 elements in proof: 2
* G2 elements in proof: 1
* Proof size in bits: 1019
* Elements of w skipped: 1 (0.68%)
* Elements of w processed with special addition: 10 (6.85%)
* Elements of w remaining: 135 (92.47%)
* Elements of w skipped: 0 (0.00%)
* Elements of w processed with special addition: 9 (12.50%)
* Elements of w remaining: 63 (87.50%)
* Elements of w skipped: 0 (0.00%)
* Elements of w processed with special addition: 7 (5.19%)
* Elements of w remaining: 128 (94.81%)
* G1 elements in proof: 2
* G2 elements in proof: 1
* Proof size in bits: 1019
* Elements of w skipped: 1 (0.68%)
* Elements of w processed with special addition: 10 (6.85%)
* Elements of w remaining: 135 (92.47%)
* Elements of w skipped: 0 (0.00%)
* Elements of w processed with special addition: 9 (12.50%)
* Elements of w remaining: 63 (87.50%)
* Elements of w skipped: 0 (0.00%)
* Elements of w processed with special addition: 7 (5.19%)
* Elements of w remaining: 128 (94.81%)
* G1 elements in proof: 2
* G2 elements in proof: 1
* Proof size in bits: 1019
* Elements of w skipped: 1 (0.68%)
* Elements of w processed with special addition: 10 (6.85%)
* Elements of w remaining: 135 (92.47%)
* Elements of w skipped: 0 (0.00%)
* Elements of w processed with special addition: 9 (12.50%)
* Elements of w remaining: 63 (87.50%)
* Elements of w skipped: 0 (0.00%)
* Elements of w processed with special addition: 7 (5.19%)
* Elements of w remaining: 128 (94.81%)
* G1 elements in proof: 2
* G2 elements in proof: 1
* Proof size in bits: 1019
* Elements of w skipped: 1 (0.68%)
* Elements of w processed with special addition: 10 (6.85%)
* Elements of w remaining: 135 (92.47%)
* Elements of w skipped: 0 (0.00%)
* Elements of w processed with special addition: 9 (12.50%)
* Elements of w remaining: 63 (87.50%)
* Elements of w skipped: 0 (0.00%)
* Elements of w processed with special addition: 7 (5.19%)
* Elements of w remaining: 128 (94.81%)
* G1 elements in proof: 2
* G2 elements in proof: 1
* Proof size in bits: 1019
* Elements of w skipped: 1 (0.68%)
* Elements of w processed with special addition: 10 (6.85%)
* Elements of w remaining: 135 (92.47%)
* Elements of w skipped: 0 (0.00%)
* Elements of w processed with special addition: 9 (12.50%)
* Elements of w remaining: 63 (87.50%)
* Elements of w skipped: 0 (0.00%)
* Elements of w processed with special addition: 7 (5.19%)
* Elements of w remaining: 128 (94.81%)
* G1 elements in proof: 2
* G2 elements in proof: 1
* Proof size in bits: 1019
* Elements of w skipped: 1 (0.68%)
* Elements of w processed with special addition: 10 (6.85%)
* Elements of w remaining: 135 (92.47%)
* Elements of w skipped: 0 (0.00%)
* Elements of w processed with special addition: 9 (12.50%)
* Elements of w remaining: 63 (87.50%)
* Elements of w skipped: 0 (0.00%)
* Elements of w processed with special addition: 7 (5.19%)
* Elements of w remaining: 128 (94.81%)
* G1 elements in proof: 2
* G2 elements in proof: 1
* Proof size in bits: 1019
* Elements of w skipped: 1 (0.68%)
* Elements of w processed with special addition: 10 (6.85%)
* Elements of w remaining: 135 (92.47%)
* Elements of w skipped: 0 (0.00%)
* Elements of w processed with special addition: 9 (12.50%)
* Elements of w remaining: 63 (87.50%)
* Elements of w skipped: 0 (0.00%)
* Elements of w processed with special addition: 7 (5.19%)
* Elements of w remaining: 128 (94.81%)
* G1 elements in proof: 2
* G2 elements in proof: 1
* Proof size in bits: 1019
* Elements of w skipped: 1 (0.68%)
* Elements of w processed with special addition: 10 (6.85%)
* Elements of w remaining: 135 (92.47%)
* Elements of w skipped: 0 (0.00%)
* Elements of w processed with special addition: 9 (12.50%)
* Elements of w remaining: 63 (87.50%)
* Elements of w skipped: 0 (0.00%)
* Elements of w processed with special addition: 7 (5.19%)
* Elements of w remaining: 128 (94.81%)
* G1 elements in proof: 2
* G2 elements in proof: 1
* Proof size in bits: 1019
* Elements of w skipped: 1 (0.68%)
* Elements of w processed with special addition: 10 (6.85%)
* Elements of w remaining: 135 (92.47%)
* Elements of w skipped: 0 (0.00%)
* Elements of w processed with special addition: 9 (12.50%)
* Elements of w remaining: 63 (87.50%)
* Elements of w skipped: 0 (0.00%)
* Elements of w processed with special addition: 7 (5.19%)
* Elements of w remaining: 128 (94.81%)
* G1 elements in proof: 2
* G2 elements in proof: 1
* Proof size in bits: 1019
  8       72          35.3          14.56         2.71          PASS      
* Composed C_16: 144 constraints, 289 variables, 10 inputs
* QAP number of variables: 289
* QAP pre degree: 144
* QAP degree: 160
* QAP number of input variables: 10
* G1 window: 7
* G2 window: 5
* G1 elements in PK: 1019
* Non-zero G1 elements in PK: 873
* G2 elements in PK: 291
* Non-zero G2 elements in PK: 145
* PK size in bits: 305636
* G1 elements in VK: 10
* G2 elements in VK: 2
* GT elements in VK: 1
* VK size in bits: 4463
* Elements of w skipped: 1 (0.34%)
* Elements of w processed with special addition: 18 (6.21%)
* Elements of w remaining: 271 (93.45%)
* Elements of w skipped: 0 (0.00%)
* Elements of w processed with special addition: 17 (11.81%)
* Elements of w remaining: 127 (88.19%)
* Elements of w skipped: 0 (0.00%)
* Elements of w processed with special addition: 15 (5.38%)
* Elements of w remaining: 264 (94.62%)
* G1 elements in proof: 2
* G2 elements in proof: 1
* Proof size in bits: 1019
* Elements of w skipped: 1 (0.34%)
* Elements of w processed with special addition: 18 (6.21%)
* Elements of w remaining: 271 (93.45%)
* Elements of w skipped: 0 (0.00%)
* Elements of w processed with special addition: 17 (11.81%)
* Elements of w remaining: 127 (88.19%)
* Elements of w skipped: 0 (0.00%)
* Elements of w processed with special addition: 15 (5.38%)
* Elements of w remaining: 264 (94.62%)
* G1 elements in proof: 2
* G2 elements in proof: 1
* Proof size in bits: 1019
* Elements of w skipped: 1 (0.34%)
* Elements of w processed with special addition: 18 (6.21%)
* Elements of w remaining: 271 (93.45%)
* Elements of w skipped: 0 (0.00%)
* Elements of w processed with special addition: 17 (11.81%)
* Elements of w remaining: 127 (88.19%)
* Elements of w skipped: 0 (0.00%)
* Elements of w processed with special addition: 15 (5.38%)
* Elements of w remaining: 264 (94.62%)
* G1 elements in proof: 2
* G2 elements in proof: 1
* Proof size in bits: 1019
* Elements of w skipped: 1 (0.34%)
* Elements of w processed with special addition: 18 (6.21%)
* Elements of w remaining: 271 (93.45%)
* Elements of w skipped: 0 (0.00%)
* Elements of w processed with special addition: 17 (11.81%)
* Elements of w remaining: 127 (88.19%)
* Elements of w skipped: 0 (0.00%)
* Elements of w processed with special addition: 15 (5.38%)
* Elements of w remaining: 264 (94.62%)
* G1 elements in proof: 2
* G2 elements in proof: 1
* Proof size in bits: 1019
* Elements of w skipped: 1 (0.34%)
* Elements of w processed with special addition: 18 (6.21%)
* Elements of w remaining: 271 (93.45%)
* Elements of w skipped: 0 (0.00%)
* Elements of w processed with special addition: 17 (11.81%)
* Elements of w remaining: 127 (88.19%)
* Elements of w skipped: 0 (0.00%)
* Elements of w processed with special addition: 15 (5.38%)
* Elements of w remaining: 264 (94.62%)
* G1 elements in proof: 2
* G2 elements in proof: 1
* Proof size in bits: 1019
* Elements of w skipped: 1 (0.34%)
* Elements of w processed with special addition: 18 (6.21%)
* Elements of w remaining: 271 (93.45%)
* Elements of w skipped: 0 (0.00%)
* Elements of w processed with special addition: 17 (11.81%)
* Elements of w remaining: 127 (88.19%)
* Elements of w skipped: 0 (0.00%)
* Elements of w processed with special addition: 15 (5.38%)
* Elements of w remaining: 264 (94.62%)
* G1 elements in proof: 2
* G2 elements in proof: 1
* Proof size in bits: 1019
* Elements of w skipped: 1 (0.34%)
* Elements of w processed with special addition: 18 (6.21%)
* Elements of w remaining: 271 (93.45%)
* Elements of w skipped: 0 (0.00%)
* Elements of w processed with special addition: 17 (11.81%)
* Elements of w remaining: 127 (88.19%)
* Elements of w skipped: 0 (0.00%)
* Elements of w processed with special addition: 15 (5.38%)
* Elements of w remaining: 264 (94.62%)
* G1 elements in proof: 2
* G2 elements in proof: 1
* Proof size in bits: 1019
* Elements of w skipped: 1 (0.34%)
* Elements of w processed with special addition: 18 (6.21%)
* Elements of w remaining: 271 (93.45%)
* Elements of w skipped: 0 (0.00%)
* Elements of w processed with special addition: 17 (11.81%)
* Elements of w remaining: 127 (88.19%)
* Elements of w skipped: 0 (0.00%)
* Elements of w processed with special addition: 15 (5.38%)
* Elements of w remaining: 264 (94.62%)
* G1 elements in proof: 2
* G2 elements in proof: 1
* Proof size in bits: 1019
* Elements of w skipped: 1 (0.34%)
* Elements of w processed with special addition: 18 (6.21%)
* Elements of w remaining: 271 (93.45%)
* Elements of w skipped: 0 (0.00%)
* Elements of w processed with special addition: 17 (11.81%)
* Elements of w remaining: 127 (88.19%)
* Elements of w skipped: 0 (0.00%)
* Elements of w processed with special addition: 15 (5.38%)
* Elements of w remaining: 264 (94.62%)
* G1 elements in proof: 2
* G2 elements in proof: 1
* Proof size in bits: 1019
* Elements of w skipped: 1 (0.34%)
* Elements of w processed with special addition: 18 (6.21%)
* Elements of w remaining: 271 (93.45%)
* Elements of w skipped: 0 (0.00%)
* Elements of w processed with special addition: 17 (11.81%)
* Elements of w remaining: 127 (88.19%)
* Elements of w skipped: 0 (0.00%)
* Elements of w processed with special addition: 15 (5.38%)
* Elements of w remaining: 264 (94.62%)
* G1 elements in proof: 2
* G2 elements in proof: 1
* Proof size in bits: 1019
  16      144         59.0          21.42         2.74          PASS      
* Composed C_32: 288 constraints, 577 variables, 10 inputs
* QAP number of variables: 577
* QAP pre degree: 288
* QAP degree: 320
* QAP number of input variables: 10
* G1 window: 8
* G2 window: 6
* G1 elements in PK: 2043
* Non-zero G1 elements in PK: 1753
* G2 elements in PK: 579
* Non-zero G2 elements in PK: 289
* PK size in bits: 612548
* G1 elements in VK: 10
* G2 elements in VK: 2
* GT elements in VK: 1
* VK size in bits: 4463
* Elements of w skipped: 1 (0.17%)
* Elements of w processed with special addition: 34 (5.88%)
* Elements of w remaining: 543 (93.94%)
* Elements of w skipped: 0 (0.00%)
* Elements of w processed with special addition: 33 (11.46%)
* Elements of w remaining: 255 (88.54%)
* Elements of w skipped: 0 (0.00%)
* Elements of w processed with special addition: 31 (5.47%)
* Elements of w remaining: 536 (94.53%)
* G1 elements in proof: 2
* G2 elements in proof: 1
* Proof size in bits: 1019
* Elements of w skipped: 1 (0.17%)
* Elements of w processed with special addition: 34 (5.88%)
* Elements of w remaining: 543 (93.94%)
* Elements of w skipped: 0 (0.00%)
* Elements of w processed with special addition: 33 (11.46%)
* Elements of w remaining: 255 (88.54%)
* Elements of w skipped: 0 (0.00%)
* Elements of w processed with special addition: 31 (5.47%)
* Elements of w remaining: 536 (94.53%)
* G1 elements in proof: 2
* G2 elements in proof: 1
* Proof size in bits: 1019
* Elements of w skipped: 1 (0.17%)
* Elements of w processed with special addition: 34 (5.88%)
* Elements of w remaining: 543 (93.94%)
* Elements of w skipped: 0 (0.00%)
* Elements of w processed with special addition: 33 (11.46%)
* Elements of w remaining: 255 (88.54%)
* Elements of w skipped: 0 (0.00%)
* Elements of w processed with special addition: 31 (5.47%)
* Elements of w remaining: 536 (94.53%)
* G1 elements in proof: 2
* G2 elements in proof: 1
* Proof size in bits: 1019
* Elements of w skipped: 1 (0.17%)
* Elements of w processed with special addition: 34 (5.88%)
* Elements of w remaining: 543 (93.94%)
* Elements of w skipped: 0 (0.00%)
* Elements of w processed with special addition: 33 (11.46%)
* Elements of w remaining: 255 (88.54%)
* Elements of w skipped: 0 (0.00%)
* Elements of w processed with special addition: 31 (5.47%)
* Elements of w remaining: 536 (94.53%)
* G1 elements in proof: 2
* G2 elements in proof: 1
* Proof size in bits: 1019
* Elements of w skipped: 1 (0.17%)
* Elements of w processed with special addition: 34 (5.88%)
* Elements of w remaining: 543 (93.94%)
* Elements of w skipped: 0 (0.00%)
* Elements of w processed with special addition: 33 (11.46%)
* Elements of w remaining: 255 (88.54%)
* Elements of w skipped: 0 (0.00%)
* Elements of w processed with special addition: 31 (5.47%)
* Elements of w remaining: 536 (94.53%)
* G1 elements in proof: 2
* G2 elements in proof: 1
* Proof size in bits: 1019
* Elements of w skipped: 1 (0.17%)
* Elements of w processed with special addition: 34 (5.88%)
* Elements of w remaining: 543 (93.94%)
* Elements of w skipped: 0 (0.00%)
* Elements of w processed with special addition: 33 (11.46%)
* Elements of w remaining: 255 (88.54%)
* Elements of w skipped: 0 (0.00%)
* Elements of w processed with special addition: 31 (5.47%)
* Elements of w remaining: 536 (94.53%)
* G1 elements in proof: 2
* G2 elements in proof: 1
* Proof size in bits: 1019
* Elements of w skipped: 1 (0.17%)
* Elements of w processed with special addition: 34 (5.88%)
* Elements of w remaining: 543 (93.94%)
* Elements of w skipped: 0 (0.00%)
* Elements of w processed with special addition: 33 (11.46%)
* Elements of w remaining: 255 (88.54%)
* Elements of w skipped: 0 (0.00%)
* Elements of w processed with special addition: 31 (5.47%)
* Elements of w remaining: 536 (94.53%)
* G1 elements in proof: 2
* G2 elements in proof: 1
* Proof size in bits: 1019
* Elements of w skipped: 1 (0.17%)
* Elements of w processed with special addition: 34 (5.88%)
* Elements of w remaining: 543 (93.94%)
* Elements of w skipped: 0 (0.00%)
* Elements of w processed with special addition: 33 (11.46%)
* Elements of w remaining: 255 (88.54%)
* Elements of w skipped: 0 (0.00%)
* Elements of w processed with special addition: 31 (5.47%)
* Elements of w remaining: 536 (94.53%)
* G1 elements in proof: 2
* G2 elements in proof: 1
* Proof size in bits: 1019
* Elements of w skipped: 1 (0.17%)
* Elements of w processed with special addition: 34 (5.88%)
* Elements of w remaining: 543 (93.94%)
* Elements of w skipped: 0 (0.00%)
* Elements of w processed with special addition: 33 (11.46%)
* Elements of w remaining: 255 (88.54%)
* Elements of w skipped: 0 (0.00%)
* Elements of w processed with special addition: 31 (5.47%)
* Elements of w remaining: 536 (94.53%)
* G1 elements in proof: 2
* G2 elements in proof: 1
* Proof size in bits: 1019
* Elements of w skipped: 1 (0.17%)
* Elements of w processed with special addition: 34 (5.88%)
* Elements of w remaining: 543 (93.94%)
* Elements of w skipped: 0 (0.00%)
* Elements of w processed with special addition: 33 (11.46%)
* Elements of w remaining: 255 (88.54%)
* Elements of w skipped: 0 (0.00%)
* Elements of w processed with special addition: 31 (5.47%)
* Elements of w remaining: 536 (94.53%)
* G1 elements in proof: 2
* G2 elements in proof: 1
* Proof size in bits: 1019
  32      288         91.7          35.31         2.78          PASS      
* Composed C_64: 576 constraints, 1153 variables, 10 inputs
* QAP number of variables: 1153
* QAP pre degree: 576
* QAP degree: 640
* QAP number of input variables: 10
* G1 window: 9
* G2 window: 7
* G1 elements in PK: 4091
* Non-zero G1 elements in PK: 3513
* G2 elements in PK: 1155
* Non-zero G2 elements in PK: 577
* PK size in bits: 1226372
* G1 elements in VK: 10
* G2 elements in VK: 2
* GT elements in VK: 1
* VK size in bits: 4463
* Elements of w skipped: 1 (0.09%)
* Elements of w processed with special addition: 66 (5.72%)
* Elements of w remaining: 1087 (94.19%)
* Elements of w skipped: 0 (0.00%)
* Elements of w processed with special addition: 65 (11.28%)
* Elements of w remaining: 511 (88.72%)
* Elements of w skipped: 0 (0.00%)
* Elements of w processed with special addition: 63 (5.51%)
* Elements of w remaining: 1080 (94.49%)
* G1 elements in proof: 2
* G2 elements in proof: 1
* Proof size in bits: 1019
* Elements of w skipped: 1 (0.09%)
* Elements of w processed with special addition: 66 (5.72%)
* Elements of w remaining: 1087 (94.19%)
* Elements of w skipped: 0 (0.00%)
* Elements of w processed with special addition: 65 (11.28%)
* Elements of w remaining: 511 (88.72%)
* Elements of w skipped: 0 (0.00%)
* Elements of w processed with special addition: 63 (5.51%)
* Elements of w remaining: 1080 (94.49%)
* G1 elements in proof: 2
* G2 elements in proof: 1
* Proof size in bits: 1019
* Elements of w skipped: 1 (0.09%)
* Elements of w processed with special addition: 66 (5.72%)
* Elements of w remaining: 1087 (94.19%)
* Elements of w skipped: 0 (0.00%)
* Elements of w processed with special addition: 65 (11.28%)
* Elements of w remaining: 511 (88.72%)
* Elements of w skipped: 0 (0.00%)
* Elements of w processed with special addition: 63 (5.51%)
* Elements of w remaining: 1080 (94.49%)
* G1 elements in proof: 2
* G2 elements in proof: 1
* Proof size in bits: 1019
* Elements of w skipped: 1 (0.09%)
* Elements of w processed with special addition: 66 (5.72%)
* Elements of w remaining: 1087 (94.19%)
* Elements of w skipped: 0 (0.00%)
* Elements of w processed with special addition: 65 (11.28%)
* Elements of w remaining: 511 (88.72%)
* Elements of w skipped: 0 (0.00%)
* Elements of w processed with special addition: 63 (5.51%)
* Elements of w remaining: 1080 (94.49%)
* G1 elements in proof: 2
* G2 elements in proof: 1
* Proof size in bits: 1019
* Elements of w skipped: 1 (0.09%)
* Elements of w processed with special addition: 66 (5.72%)
* Elements of w remaining: 1087 (94.19%)
* Elements of w skipped: 0 (0.00%)
* Elements of w processed with special addition: 65 (11.28%)
* Elements of w remaining: 511 (88.72%)
* Elements of w skipped: 0 (0.00%)
* Elements of w processed with special addition: 63 (5.51%)
* Elements of w remaining: 1080 (94.49%)
* G1 elements in proof: 2
* G2 elements in proof: 1
* Proof size in bits: 1019
* Elements of w skipped: 1 (0.09%)
* Elements of w processed with special addition: 66 (5.72%)
* Elements of w remaining: 1087 (94.19%)
* Elements of w skipped: 0 (0.00%)
* Elements of w processed with special addition: 65 (11.28%)
* Elements of w remaining: 511 (88.72%)
* Elements of w skipped: 0 (0.00%)
* Elements of w processed with special addition: 63 (5.51%)
* Elements of w remaining: 1080 (94.49%)
* G1 elements in proof: 2
* G2 elements in proof: 1
* Proof size in bits: 1019
* Elements of w skipped: 1 (0.09%)
* Elements of w processed with special addition: 66 (5.72%)
* Elements of w remaining: 1087 (94.19%)
* Elements of w skipped: 0 (0.00%)
* Elements of w processed with special addition: 65 (11.28%)
* Elements of w remaining: 511 (88.72%)
* Elements of w skipped: 0 (0.00%)
* Elements of w processed with special addition: 63 (5.51%)
* Elements of w remaining: 1080 (94.49%)
* G1 elements in proof: 2
* G2 elements in proof: 1
* Proof size in bits: 1019
* Elements of w skipped: 1 (0.09%)
* Elements of w processed with special addition: 66 (5.72%)
* Elements of w remaining: 1087 (94.19%)
* Elements of w skipped: 0 (0.00%)
* Elements of w processed with special addition: 65 (11.28%)
* Elements of w remaining: 511 (88.72%)
* Elements of w skipped: 0 (0.00%)
* Elements of w processed with special addition: 63 (5.51%)
* Elements of w remaining: 1080 (94.49%)
* G1 elements in proof: 2
* G2 elements in proof: 1
* Proof size in bits: 1019
* Elements of w skipped: 1 (0.09%)
* Elements of w processed with special addition: 66 (5.72%)
* Elements of w remaining: 1087 (94.19%)
* Elements of w skipped: 0 (0.00%)
* Elements of w processed with special addition: 65 (11.28%)
* Elements of w remaining: 511 (88.72%)
* Elements of w skipped: 0 (0.00%)
* Elements of w processed with special addition: 63 (5.51%)
* Elements of w remaining: 1080 (94.49%)
* G1 elements in proof: 2
* G2 elements in proof: 1
* Proof size in bits: 1019
* Elements of w skipped: 1 (0.09%)
* Elements of w processed with special addition: 66 (5.72%)
* Elements of w remaining: 1087 (94.19%)
* Elements of w skipped: 0 (0.00%)
* Elements of w processed with special addition: 65 (11.28%)
* Elements of w remaining: 511 (88.72%)
* Elements of w skipped: 0 (0.00%)
* Elements of w processed with special addition: 63 (5.51%)
* Elements of w remaining: 1080 (94.49%)
* G1 elements in proof: 2
* G2 elements in proof: 1
* Proof size in bits: 1019
  64      576         157.1         62.31         2.69          PASS      

  Groth16 results written to /Users/heewonchung/Documents/00-Research/active/Updatable Verifiable Computation/Dev/results/2026-03-09_203431_iot/csv/groth16_results.csv

================================================================
All benchmarks complete.
================================================================
  Done in 6s

------------------------------------------------------------
  Running: [5/10] sensor_fusion K=16 B=16
  Command: bench_comparative --circuit sensor_fusion --n 16 --B 16 --output-dir /Users/heewonchung/Documents/00-Research/active/Updatable Verifiable Computation/Dev/results/2026-03-09_203431_iot/csv --reps 10
------------------------------------------------------------
================================================================
Comparative Benchmark: UVC vs Groth16
================================================================
  Circuit: sensor_fusion, n=16, B=16, reps=10
  Output: /Users/heewonchung/Documents/00-Research/active/Updatable Verifiable Computation/Dev/results/2026-03-09_203431_iot/csv/

================================================================
UVC Benchmark: circuit=sensor_fusion, n=16, B=16
================================================================
  Circuit: 17 constraints, 35 vars, state=1, transition=17

  [Setup] Generating CRS for B=16...
* UVC Setup: B=16, n=35, state=1, transition=17
* Composed C_16: 272 constraints, 545 variables, 18 inputs
* QAP (C_B) variables: 545, degree: 320, inputs: 18
* UVC max compositions (B): 16
* G1 elements in PK: 1939
* G2 elements in PK: 547
* PK size in bits: 594188
* H_query_full size: 319
* Step 2: 34 new wires (0 io, 34 wt)
* Step 3: 34 new wires (0 io, 34 wt)
* Step 4: 34 new wires (0 io, 34 wt)
* Step 5: 34 new wires (0 io, 34 wt)
* Step 6: 34 new wires (0 io, 34 wt)
* Step 7: 34 new wires (0 io, 34 wt)
* Step 8: 34 new wires (0 io, 34 wt)
* Step 9: 34 new wires (0 io, 34 wt)
* Step 10: 34 new wires (0 io, 34 wt)
* Step 11: 34 new wires (0 io, 34 wt)
* Step 12: 34 new wires (0 io, 34 wt)
* Step 13: 34 new wires (0 io, 34 wt)
* Step 14: 34 new wires (0 io, 34 wt)
* Step 15: 34 new wires (0 io, 34 wt)
* Step 16: 34 new wires (0 io, 34 wt)
* UVC VK: 16 max steps
* G2 elements in VK: 2
* GT elements in VK: 1
* gamma_ABC size: 18
  Setup: 106.0 ms, CRS: 2414 G1 + 1058 G2
  Building proof chain (steps 1..16)...
* UVC Prove step 1
* Elements of w skipped: 1 (2.78%)
* Elements of w processed with special addition: 3 (8.33%)
* Elements of w remaining: 32 (88.89%)
* Elements of w skipped: 1 (5.26%)
* Elements of w processed with special addition: 1 (5.26%)
* Elements of w remaining: 17 (89.47%)
* Elements of w skipped: 0 (0.00%)
* Elements of w processed with special addition: 0 (0.00%)
* Elements of w remaining: 17 (100.00%)
* UVC proof at step 1
* G1 elements in proof: 2
* G2 elements in proof: 1
* Proof size in bits: 1019
* Cached h poly size: 319
* UVC Prove step 2
* Elements of w skipped: 0 (0.00%)
* Elements of w processed with special addition: 1 (2.94%)
* Elements of w remaining: 33 (97.06%)
* Elements of w skipped: 0 (0.00%)
* Elements of w processed with special addition: 1 (5.56%)
* Elements of w remaining: 17 (94.44%)
* Elements of w skipped: 0 (0.00%)
* Elements of w processed with special addition: 1 (2.94%)
* Elements of w remaining: 33 (97.06%)
* UVC proof at step 2
* G1 elements in proof: 2
* G2 elements in proof: 1
* Proof size in bits: 1019
* Cached h poly size: 319
* UVC Prove step 3
* Elements of w skipped: 0 (0.00%)
* Elements of w processed with special addition: 1 (2.94%)
* Elements of w remaining: 33 (97.06%)
* Elements of w skipped: 0 (0.00%)
* Elements of w processed with special addition: 1 (5.56%)
* Elements of w remaining: 17 (94.44%)
* Elements of w skipped: 0 (0.00%)
* Elements of w processed with special addition: 1 (2.94%)
* Elements of w remaining: 33 (97.06%)
* UVC proof at step 3
* G1 elements in proof: 2
* G2 elements in proof: 1
* Proof size in bits: 1019
* Cached h poly size: 319
* UVC Prove step 4
* Elements of w skipped: 0 (0.00%)
* Elements of w processed with special addition: 1 (2.94%)
* Elements of w remaining: 33 (97.06%)
* Elements of w skipped: 0 (0.00%)
* Elements of w processed with special addition: 1 (5.56%)
* Elements of w remaining: 17 (94.44%)
* Elements of w skipped: 0 (0.00%)
* Elements of w processed with special addition: 1 (2.94%)
* Elements of w remaining: 33 (97.06%)
* UVC proof at step 4
* G1 elements in proof: 2
* G2 elements in proof: 1
* Proof size in bits: 1019
* Cached h poly size: 319
* UVC Prove step 5
* Elements of w skipped: 0 (0.00%)
* Elements of w processed with special addition: 1 (2.94%)
* Elements of w remaining: 33 (97.06%)
* Elements of w skipped: 0 (0.00%)
* Elements of w processed with special addition: 1 (5.56%)
* Elements of w remaining: 17 (94.44%)
* Elements of w skipped: 0 (0.00%)
* Elements of w processed with special addition: 1 (2.94%)
* Elements of w remaining: 33 (97.06%)
* UVC proof at step 5
* G1 elements in proof: 2
* G2 elements in proof: 1
* Proof size in bits: 1019
* Cached h poly size: 319
* UVC Prove step 6
* Elements of w skipped: 0 (0.00%)
* Elements of w processed with special addition: 1 (2.94%)
* Elements of w remaining: 33 (97.06%)
* Elements of w skipped: 0 (0.00%)
* Elements of w processed with special addition: 1 (5.56%)
* Elements of w remaining: 17 (94.44%)
* Elements of w skipped: 0 (0.00%)
* Elements of w processed with special addition: 1 (2.94%)
* Elements of w remaining: 33 (97.06%)
* UVC proof at step 6
* G1 elements in proof: 2
* G2 elements in proof: 1
* Proof size in bits: 1019
* Cached h poly size: 319
* UVC Prove step 7
* Elements of w skipped: 0 (0.00%)
* Elements of w processed with special addition: 1 (2.94%)
* Elements of w remaining: 33 (97.06%)
* Elements of w skipped: 0 (0.00%)
* Elements of w processed with special addition: 1 (5.56%)
* Elements of w remaining: 17 (94.44%)
* Elements of w skipped: 0 (0.00%)
* Elements of w processed with special addition: 1 (2.94%)
* Elements of w remaining: 33 (97.06%)
* UVC proof at step 7
* G1 elements in proof: 2
* G2 elements in proof: 1
* Proof size in bits: 1019
* Cached h poly size: 319
* UVC Prove step 8
* Elements of w skipped: 0 (0.00%)
* Elements of w processed with special addition: 1 (2.94%)
* Elements of w remaining: 33 (97.06%)
* Elements of w skipped: 0 (0.00%)
* Elements of w processed with special addition: 1 (5.56%)
* Elements of w remaining: 17 (94.44%)
* Elements of w skipped: 0 (0.00%)
* Elements of w processed with special addition: 1 (2.94%)
* Elements of w remaining: 33 (97.06%)
* UVC proof at step 8
* G1 elements in proof: 2
* G2 elements in proof: 1
* Proof size in bits: 1019
* Cached h poly size: 319
* UVC Prove step 9
* Elements of w skipped: 0 (0.00%)
* Elements of w processed with special addition: 1 (2.94%)
* Elements of w remaining: 33 (97.06%)
* Elements of w skipped: 0 (0.00%)
* Elements of w processed with special addition: 1 (5.56%)
* Elements of w remaining: 17 (94.44%)
* Elements of w skipped: 0 (0.00%)
* Elements of w processed with special addition: 1 (2.94%)
* Elements of w remaining: 33 (97.06%)
* UVC proof at step 9
* G1 elements in proof: 2
* G2 elements in proof: 1
* Proof size in bits: 1019
* Cached h poly size: 319
* UVC Prove step 10
* Elements of w skipped: 0 (0.00%)
* Elements of w processed with special addition: 1 (2.94%)
* Elements of w remaining: 33 (97.06%)
* Elements of w skipped: 0 (0.00%)
* Elements of w processed with special addition: 1 (5.56%)
* Elements of w remaining: 17 (94.44%)
* Elements of w skipped: 0 (0.00%)
* Elements of w processed with special addition: 1 (2.94%)
* Elements of w remaining: 33 (97.06%)
* UVC proof at step 10
* G1 elements in proof: 2
* G2 elements in proof: 1
* Proof size in bits: 1019
* Cached h poly size: 319
* UVC Prove step 11
* Elements of w skipped: 0 (0.00%)
* Elements of w processed with special addition: 1 (2.94%)
* Elements of w remaining: 33 (97.06%)
* Elements of w skipped: 0 (0.00%)
* Elements of w processed with special addition: 1 (5.56%)
* Elements of w remaining: 17 (94.44%)
* Elements of w skipped: 0 (0.00%)
* Elements of w processed with special addition: 1 (2.94%)
* Elements of w remaining: 33 (97.06%)
* UVC proof at step 11
* G1 elements in proof: 2
* G2 elements in proof: 1
* Proof size in bits: 1019
* Cached h poly size: 319
* UVC Prove step 12
* Elements of w skipped: 0 (0.00%)
* Elements of w processed with special addition: 1 (2.94%)
* Elements of w remaining: 33 (97.06%)
* Elements of w skipped: 0 (0.00%)
* Elements of w processed with special addition: 1 (5.56%)
* Elements of w remaining: 17 (94.44%)
* Elements of w skipped: 0 (0.00%)
* Elements of w processed with special addition: 1 (2.94%)
* Elements of w remaining: 33 (97.06%)
* UVC proof at step 12
* G1 elements in proof: 2
* G2 elements in proof: 1
* Proof size in bits: 1019
* Cached h poly size: 319
* UVC Prove step 13
* Elements of w skipped: 0 (0.00%)
* Elements of w processed with special addition: 1 (2.94%)
* Elements of w remaining: 33 (97.06%)
* Elements of w skipped: 0 (0.00%)
* Elements of w processed with special addition: 1 (5.56%)
* Elements of w remaining: 17 (94.44%)
* Elements of w skipped: 0 (0.00%)
* Elements of w processed with special addition: 1 (2.94%)
* Elements of w remaining: 33 (97.06%)
* UVC proof at step 13
* G1 elements in proof: 2
* G2 elements in proof: 1
* Proof size in bits: 1019
* Cached h poly size: 319
* UVC Prove step 14
* Elements of w skipped: 0 (0.00%)
* Elements of w processed with special addition: 1 (2.94%)
* Elements of w remaining: 33 (97.06%)
* Elements of w skipped: 0 (0.00%)
* Elements of w processed with special addition: 1 (5.56%)
* Elements of w remaining: 17 (94.44%)
* Elements of w skipped: 0 (0.00%)
* Elements of w processed with special addition: 1 (2.94%)
* Elements of w remaining: 33 (97.06%)
* UVC proof at step 14
* G1 elements in proof: 2
* G2 elements in proof: 1
* Proof size in bits: 1019
* Cached h poly size: 319
* UVC Prove step 15
* Elements of w skipped: 0 (0.00%)
* Elements of w processed with special addition: 1 (2.94%)
* Elements of w remaining: 33 (97.06%)
* Elements of w skipped: 0 (0.00%)
* Elements of w processed with special addition: 1 (5.56%)
* Elements of w remaining: 17 (94.44%)
* Elements of w skipped: 0 (0.00%)
* Elements of w processed with special addition: 1 (2.94%)
* Elements of w remaining: 33 (97.06%)
* UVC proof at step 15
* G1 elements in proof: 2
* G2 elements in proof: 1
* Proof size in bits: 1019
* Cached h poly size: 319
* UVC Prove step 16
* Elements of w skipped: 0 (0.00%)
* Elements of w processed with special addition: 1 (2.94%)
* Elements of w remaining: 33 (97.06%)
* Elements of w skipped: 0 (0.00%)
* Elements of w processed with special addition: 1 (5.88%)
* Elements of w remaining: 16 (94.12%)
* Elements of w skipped: 0 (0.00%)
* Elements of w processed with special addition: 1 (2.94%)
* Elements of w remaining: 33 (97.06%)
* UVC proof at step 16
* G1 elements in proof: 2
* G2 elements in proof: 1
* Proof size in bits: 1019
* Cached h poly size: 319

  Step    Prove (ms)    Verify (ms)   Proof bits    Verified  
  ------  ------------  ------------  ------------  ----------
* UVC Prove step 1
* Elements of w skipped: 1 (2.78%)
* Elements of w processed with special addition: 3 (8.33%)
* Elements of w remaining: 32 (88.89%)
* Elements of w skipped: 1 (5.26%)
* Elements of w processed with special addition: 1 (5.26%)
* Elements of w remaining: 17 (89.47%)
* Elements of w skipped: 0 (0.00%)
* Elements of w processed with special addition: 0 (0.00%)
* Elements of w remaining: 17 (100.00%)
* UVC proof at step 1
* G1 elements in proof: 2
* G2 elements in proof: 1
* Proof size in bits: 1019
* Cached h poly size: 319
* UVC Prove step 1
* Elements of w skipped: 1 (2.78%)
* Elements of w processed with special addition: 3 (8.33%)
* Elements of w remaining: 32 (88.89%)
* Elements of w skipped: 1 (5.26%)
* Elements of w processed with special addition: 1 (5.26%)
* Elements of w remaining: 17 (89.47%)
* Elements of w skipped: 0 (0.00%)
* Elements of w processed with special addition: 0 (0.00%)
* Elements of w remaining: 17 (100.00%)
* UVC proof at step 1
* G1 elements in proof: 2
* G2 elements in proof: 1
* Proof size in bits: 1019
* Cached h poly size: 319
* UVC Prove step 1
* Elements of w skipped: 1 (2.78%)
* Elements of w processed with special addition: 3 (8.33%)
* Elements of w remaining: 32 (88.89%)
* Elements of w skipped: 1 (5.26%)
* Elements of w processed with special addition: 1 (5.26%)
* Elements of w remaining: 17 (89.47%)
* Elements of w skipped: 0 (0.00%)
* Elements of w processed with special addition: 0 (0.00%)
* Elements of w remaining: 17 (100.00%)
* UVC proof at step 1
* G1 elements in proof: 2
* G2 elements in proof: 1
* Proof size in bits: 1019
* Cached h poly size: 319
* UVC Prove step 1
* Elements of w skipped: 1 (2.78%)
* Elements of w processed with special addition: 3 (8.33%)
* Elements of w remaining: 32 (88.89%)
* Elements of w skipped: 1 (5.26%)
* Elements of w processed with special addition: 1 (5.26%)
* Elements of w remaining: 17 (89.47%)
* Elements of w skipped: 0 (0.00%)
* Elements of w processed with special addition: 0 (0.00%)
* Elements of w remaining: 17 (100.00%)
* UVC proof at step 1
* G1 elements in proof: 2
* G2 elements in proof: 1
* Proof size in bits: 1019
* Cached h poly size: 319
* UVC Prove step 1
* Elements of w skipped: 1 (2.78%)
* Elements of w processed with special addition: 3 (8.33%)
* Elements of w remaining: 32 (88.89%)
* Elements of w skipped: 1 (5.26%)
* Elements of w processed with special addition: 1 (5.26%)
* Elements of w remaining: 17 (89.47%)
* Elements of w skipped: 0 (0.00%)
* Elements of w processed with special addition: 0 (0.00%)
* Elements of w remaining: 17 (100.00%)
* UVC proof at step 1
* G1 elements in proof: 2
* G2 elements in proof: 1
* Proof size in bits: 1019
* Cached h poly size: 319
* UVC Prove step 1
* Elements of w skipped: 1 (2.78%)
* Elements of w processed with special addition: 3 (8.33%)
* Elements of w remaining: 32 (88.89%)
* Elements of w skipped: 1 (5.26%)
* Elements of w processed with special addition: 1 (5.26%)
* Elements of w remaining: 17 (89.47%)
* Elements of w skipped: 0 (0.00%)
* Elements of w processed with special addition: 0 (0.00%)
* Elements of w remaining: 17 (100.00%)
* UVC proof at step 1
* G1 elements in proof: 2
* G2 elements in proof: 1
* Proof size in bits: 1019
* Cached h poly size: 319
* UVC Prove step 1
* Elements of w skipped: 1 (2.78%)
* Elements of w processed with special addition: 3 (8.33%)
* Elements of w remaining: 32 (88.89%)
* Elements of w skipped: 1 (5.26%)
* Elements of w processed with special addition: 1 (5.26%)
* Elements of w remaining: 17 (89.47%)
* Elements of w skipped: 0 (0.00%)
* Elements of w processed with special addition: 0 (0.00%)
* Elements of w remaining: 17 (100.00%)
* UVC proof at step 1
* G1 elements in proof: 2
* G2 elements in proof: 1
* Proof size in bits: 1019
* Cached h poly size: 319
* UVC Prove step 1
* Elements of w skipped: 1 (2.78%)
* Elements of w processed with special addition: 3 (8.33%)
* Elements of w remaining: 32 (88.89%)
* Elements of w skipped: 1 (5.26%)
* Elements of w processed with special addition: 1 (5.26%)
* Elements of w remaining: 17 (89.47%)
* Elements of w skipped: 0 (0.00%)
* Elements of w processed with special addition: 0 (0.00%)
* Elements of w remaining: 17 (100.00%)
* UVC proof at step 1
* G1 elements in proof: 2
* G2 elements in proof: 1
* Proof size in bits: 1019
* Cached h poly size: 319
* UVC Prove step 1
* Elements of w skipped: 1 (2.78%)
* Elements of w processed with special addition: 3 (8.33%)
* Elements of w remaining: 32 (88.89%)
* Elements of w skipped: 1 (5.26%)
* Elements of w processed with special addition: 1 (5.26%)
* Elements of w remaining: 17 (89.47%)
* Elements of w skipped: 0 (0.00%)
* Elements of w processed with special addition: 0 (0.00%)
* Elements of w remaining: 17 (100.00%)
* UVC proof at step 1
* G1 elements in proof: 2
* G2 elements in proof: 1
* Proof size in bits: 1019
* Cached h poly size: 319
* UVC Prove step 1
* Elements of w skipped: 1 (2.78%)
* Elements of w processed with special addition: 3 (8.33%)
* Elements of w remaining: 32 (88.89%)
* Elements of w skipped: 1 (5.26%)
* Elements of w processed with special addition: 1 (5.26%)
* Elements of w remaining: 17 (89.47%)
* Elements of w skipped: 0 (0.00%)
* Elements of w processed with special addition: 0 (0.00%)
* Elements of w remaining: 17 (100.00%)
* UVC proof at step 1
* G1 elements in proof: 2
* G2 elements in proof: 1
* Proof size in bits: 1019
* Cached h poly size: 319
* UVC Verify step 1: PASS
* UVC Verify step 1: PASS
* UVC Verify step 1: PASS
* UVC Verify step 1: PASS
* UVC Verify step 1: PASS
* UVC Verify step 1: PASS
* UVC Verify step 1: PASS
* UVC Verify step 1: PASS
* UVC Verify step 1: PASS
* UVC Verify step 1: PASS
  1       20.94         2.75          1019          PASS      
* UVC Prove step 2
* Elements of w skipped: 0 (0.00%)
* Elements of w processed with special addition: 1 (2.94%)
* Elements of w remaining: 33 (97.06%)
* Elements of w skipped: 0 (0.00%)
* Elements of w processed with special addition: 1 (5.56%)
* Elements of w remaining: 17 (94.44%)
* Elements of w skipped: 0 (0.00%)
* Elements of w processed with special addition: 1 (2.94%)
* Elements of w remaining: 33 (97.06%)
* UVC proof at step 2
* G1 elements in proof: 2
* G2 elements in proof: 1
* Proof size in bits: 1019
* Cached h poly size: 319
* UVC Prove step 2
* Elements of w skipped: 0 (0.00%)
* Elements of w processed with special addition: 1 (2.94%)
* Elements of w remaining: 33 (97.06%)
* Elements of w skipped: 0 (0.00%)
* Elements of w processed with special addition: 1 (5.56%)
* Elements of w remaining: 17 (94.44%)
* Elements of w skipped: 0 (0.00%)
* Elements of w processed with special addition: 1 (2.94%)
* Elements of w remaining: 33 (97.06%)
* UVC proof at step 2
* G1 elements in proof: 2
* G2 elements in proof: 1
* Proof size in bits: 1019
* Cached h poly size: 319
* UVC Prove step 2
* Elements of w skipped: 0 (0.00%)
* Elements of w processed with special addition: 1 (2.94%)
* Elements of w remaining: 33 (97.06%)
* Elements of w skipped: 0 (0.00%)
* Elements of w processed with special addition: 1 (5.56%)
* Elements of w remaining: 17 (94.44%)
* Elements of w skipped: 0 (0.00%)
* Elements of w processed with special addition: 1 (2.94%)
* Elements of w remaining: 33 (97.06%)
* UVC proof at step 2
* G1 elements in proof: 2
* G2 elements in proof: 1
* Proof size in bits: 1019
* Cached h poly size: 319
* UVC Prove step 2
* Elements of w skipped: 0 (0.00%)
* Elements of w processed with special addition: 1 (2.94%)
* Elements of w remaining: 33 (97.06%)
* Elements of w skipped: 0 (0.00%)
* Elements of w processed with special addition: 1 (5.56%)
* Elements of w remaining: 17 (94.44%)
* Elements of w skipped: 0 (0.00%)
* Elements of w processed with special addition: 1 (2.94%)
* Elements of w remaining: 33 (97.06%)
* UVC proof at step 2
* G1 elements in proof: 2
* G2 elements in proof: 1
* Proof size in bits: 1019
* Cached h poly size: 319
* UVC Prove step 2
* Elements of w skipped: 0 (0.00%)
* Elements of w processed with special addition: 1 (2.94%)
* Elements of w remaining: 33 (97.06%)
* Elements of w skipped: 0 (0.00%)
* Elements of w processed with special addition: 1 (5.56%)
* Elements of w remaining: 17 (94.44%)
* Elements of w skipped: 0 (0.00%)
* Elements of w processed with special addition: 1 (2.94%)
* Elements of w remaining: 33 (97.06%)
* UVC proof at step 2
* G1 elements in proof: 2
* G2 elements in proof: 1
* Proof size in bits: 1019
* Cached h poly size: 319
* UVC Prove step 2
* Elements of w skipped: 0 (0.00%)
* Elements of w processed with special addition: 1 (2.94%)
* Elements of w remaining: 33 (97.06%)
* Elements of w skipped: 0 (0.00%)
* Elements of w processed with special addition: 1 (5.56%)
* Elements of w remaining: 17 (94.44%)
* Elements of w skipped: 0 (0.00%)
* Elements of w processed with special addition: 1 (2.94%)
* Elements of w remaining: 33 (97.06%)
* UVC proof at step 2
* G1 elements in proof: 2
* G2 elements in proof: 1
* Proof size in bits: 1019
* Cached h poly size: 319
* UVC Prove step 2
* Elements of w skipped: 0 (0.00%)
* Elements of w processed with special addition: 1 (2.94%)
* Elements of w remaining: 33 (97.06%)
* Elements of w skipped: 0 (0.00%)
* Elements of w processed with special addition: 1 (5.56%)
* Elements of w remaining: 17 (94.44%)
* Elements of w skipped: 0 (0.00%)
* Elements of w processed with special addition: 1 (2.94%)
* Elements of w remaining: 33 (97.06%)
* UVC proof at step 2
* G1 elements in proof: 2
* G2 elements in proof: 1
* Proof size in bits: 1019
* Cached h poly size: 319
* UVC Prove step 2
* Elements of w skipped: 0 (0.00%)
* Elements of w processed with special addition: 1 (2.94%)
* Elements of w remaining: 33 (97.06%)
* Elements of w skipped: 0 (0.00%)
* Elements of w processed with special addition: 1 (5.56%)
* Elements of w remaining: 17 (94.44%)
* Elements of w skipped: 0 (0.00%)
* Elements of w processed with special addition: 1 (2.94%)
* Elements of w remaining: 33 (97.06%)
* UVC proof at step 2
* G1 elements in proof: 2
* G2 elements in proof: 1
* Proof size in bits: 1019
* Cached h poly size: 319
* UVC Prove step 2
* Elements of w skipped: 0 (0.00%)
* Elements of w processed with special addition: 1 (2.94%)
* Elements of w remaining: 33 (97.06%)
* Elements of w skipped: 0 (0.00%)
* Elements of w processed with special addition: 1 (5.56%)
* Elements of w remaining: 17 (94.44%)
* Elements of w skipped: 0 (0.00%)
* Elements of w processed with special addition: 1 (2.94%)
* Elements of w remaining: 33 (97.06%)
* UVC proof at step 2
* G1 elements in proof: 2
* G2 elements in proof: 1
* Proof size in bits: 1019
* Cached h poly size: 319
* UVC Prove step 2
* Elements of w skipped: 0 (0.00%)
* Elements of w processed with special addition: 1 (2.94%)
* Elements of w remaining: 33 (97.06%)
* Elements of w skipped: 0 (0.00%)
* Elements of w processed with special addition: 1 (5.56%)
* Elements of w remaining: 17 (94.44%)
* Elements of w skipped: 0 (0.00%)
* Elements of w processed with special addition: 1 (2.94%)
* Elements of w remaining: 33 (97.06%)
* UVC proof at step 2
* G1 elements in proof: 2
* G2 elements in proof: 1
* Proof size in bits: 1019
* Cached h poly size: 319
* UVC Verify step 2: PASS
* UVC Verify step 2: PASS
* UVC Verify step 2: PASS
* UVC Verify step 2: PASS
* UVC Verify step 2: PASS
* UVC Verify step 2: PASS
* UVC Verify step 2: PASS
* UVC Verify step 2: PASS
* UVC Verify step 2: PASS
* UVC Verify step 2: PASS
  2       20.86         2.78          1019          PASS      
* UVC Prove step 4
* Elements of w skipped: 0 (0.00%)
* Elements of w processed with special addition: 1 (2.94%)
* Elements of w remaining: 33 (97.06%)
* Elements of w skipped: 0 (0.00%)
* Elements of w processed with special addition: 1 (5.56%)
* Elements of w remaining: 17 (94.44%)
* Elements of w skipped: 0 (0.00%)
* Elements of w processed with special addition: 1 (2.94%)
* Elements of w remaining: 33 (97.06%)
* UVC proof at step 4
* G1 elements in proof: 2
* G2 elements in proof: 1
* Proof size in bits: 1019
* Cached h poly size: 319
* UVC Prove step 4
* Elements of w skipped: 0 (0.00%)
* Elements of w processed with special addition: 1 (2.94%)
* Elements of w remaining: 33 (97.06%)
* Elements of w skipped: 0 (0.00%)
* Elements of w processed with special addition: 1 (5.56%)
* Elements of w remaining: 17 (94.44%)
* Elements of w skipped: 0 (0.00%)
* Elements of w processed with special addition: 1 (2.94%)
* Elements of w remaining: 33 (97.06%)
* UVC proof at step 4
* G1 elements in proof: 2
* G2 elements in proof: 1
* Proof size in bits: 1019
* Cached h poly size: 319
* UVC Prove step 4
* Elements of w skipped: 0 (0.00%)
* Elements of w processed with special addition: 1 (2.94%)
* Elements of w remaining: 33 (97.06%)
* Elements of w skipped: 0 (0.00%)
* Elements of w processed with special addition: 1 (5.56%)
* Elements of w remaining: 17 (94.44%)
* Elements of w skipped: 0 (0.00%)
* Elements of w processed with special addition: 1 (2.94%)
* Elements of w remaining: 33 (97.06%)
* UVC proof at step 4
* G1 elements in proof: 2
* G2 elements in proof: 1
* Proof size in bits: 1019
* Cached h poly size: 319
* UVC Prove step 4
* Elements of w skipped: 0 (0.00%)
* Elements of w processed with special addition: 1 (2.94%)
* Elements of w remaining: 33 (97.06%)
* Elements of w skipped: 0 (0.00%)
* Elements of w processed with special addition: 1 (5.56%)
* Elements of w remaining: 17 (94.44%)
* Elements of w skipped: 0 (0.00%)
* Elements of w processed with special addition: 1 (2.94%)
* Elements of w remaining: 33 (97.06%)
* UVC proof at step 4
* G1 elements in proof: 2
* G2 elements in proof: 1
* Proof size in bits: 1019
* Cached h poly size: 319
* UVC Prove step 4
* Elements of w skipped: 0 (0.00%)
* Elements of w processed with special addition: 1 (2.94%)
* Elements of w remaining: 33 (97.06%)
* Elements of w skipped: 0 (0.00%)
* Elements of w processed with special addition: 1 (5.56%)
* Elements of w remaining: 17 (94.44%)
* Elements of w skipped: 0 (0.00%)
* Elements of w processed with special addition: 1 (2.94%)
* Elements of w remaining: 33 (97.06%)
* UVC proof at step 4
* G1 elements in proof: 2
* G2 elements in proof: 1
* Proof size in bits: 1019
* Cached h poly size: 319
* UVC Prove step 4
* Elements of w skipped: 0 (0.00%)
* Elements of w processed with special addition: 1 (2.94%)
* Elements of w remaining: 33 (97.06%)
* Elements of w skipped: 0 (0.00%)
* Elements of w processed with special addition: 1 (5.56%)
* Elements of w remaining: 17 (94.44%)
* Elements of w skipped: 0 (0.00%)
* Elements of w processed with special addition: 1 (2.94%)
* Elements of w remaining: 33 (97.06%)
* UVC proof at step 4
* G1 elements in proof: 2
* G2 elements in proof: 1
* Proof size in bits: 1019
* Cached h poly size: 319
* UVC Prove step 4
* Elements of w skipped: 0 (0.00%)
* Elements of w processed with special addition: 1 (2.94%)
* Elements of w remaining: 33 (97.06%)
* Elements of w skipped: 0 (0.00%)
* Elements of w processed with special addition: 1 (5.56%)
* Elements of w remaining: 17 (94.44%)
* Elements of w skipped: 0 (0.00%)
* Elements of w processed with special addition: 1 (2.94%)
* Elements of w remaining: 33 (97.06%)
* UVC proof at step 4
* G1 elements in proof: 2
* G2 elements in proof: 1
* Proof size in bits: 1019
* Cached h poly size: 319
* UVC Prove step 4
* Elements of w skipped: 0 (0.00%)
* Elements of w processed with special addition: 1 (2.94%)
* Elements of w remaining: 33 (97.06%)
* Elements of w skipped: 0 (0.00%)
* Elements of w processed with special addition: 1 (5.56%)
* Elements of w remaining: 17 (94.44%)
* Elements of w skipped: 0 (0.00%)
* Elements of w processed with special addition: 1 (2.94%)
* Elements of w remaining: 33 (97.06%)
* UVC proof at step 4
* G1 elements in proof: 2
* G2 elements in proof: 1
* Proof size in bits: 1019
* Cached h poly size: 319
* UVC Prove step 4
* Elements of w skipped: 0 (0.00%)
* Elements of w processed with special addition: 1 (2.94%)
* Elements of w remaining: 33 (97.06%)
* Elements of w skipped: 0 (0.00%)
* Elements of w processed with special addition: 1 (5.56%)
* Elements of w remaining: 17 (94.44%)
* Elements of w skipped: 0 (0.00%)
* Elements of w processed with special addition: 1 (2.94%)
* Elements of w remaining: 33 (97.06%)
* UVC proof at step 4
* G1 elements in proof: 2
* G2 elements in proof: 1
* Proof size in bits: 1019
* Cached h poly size: 319
* UVC Prove step 4
* Elements of w skipped: 0 (0.00%)
* Elements of w processed with special addition: 1 (2.94%)
* Elements of w remaining: 33 (97.06%)
* Elements of w skipped: 0 (0.00%)
* Elements of w processed with special addition: 1 (5.56%)
* Elements of w remaining: 17 (94.44%)
* Elements of w skipped: 0 (0.00%)
* Elements of w processed with special addition: 1 (2.94%)
* Elements of w remaining: 33 (97.06%)
* UVC proof at step 4
* G1 elements in proof: 2
* G2 elements in proof: 1
* Proof size in bits: 1019
* Cached h poly size: 319
* UVC Verify step 4: PASS
* UVC Verify step 4: PASS
* UVC Verify step 4: PASS
* UVC Verify step 4: PASS
* UVC Verify step 4: PASS
* UVC Verify step 4: PASS
* UVC Verify step 4: PASS
* UVC Verify step 4: PASS
* UVC Verify step 4: PASS
* UVC Verify step 4: PASS
  4       20.73         2.66          1019          PASS      
* UVC Prove step 8
* Elements of w skipped: 0 (0.00%)
* Elements of w processed with special addition: 1 (2.94%)
* Elements of w remaining: 33 (97.06%)
* Elements of w skipped: 0 (0.00%)
* Elements of w processed with special addition: 1 (5.56%)
* Elements of w remaining: 17 (94.44%)
* Elements of w skipped: 0 (0.00%)
* Elements of w processed with special addition: 1 (2.94%)
* Elements of w remaining: 33 (97.06%)
* UVC proof at step 8
* G1 elements in proof: 2
* G2 elements in proof: 1
* Proof size in bits: 1019
* Cached h poly size: 319
* UVC Prove step 8
* Elements of w skipped: 0 (0.00%)
* Elements of w processed with special addition: 1 (2.94%)
* Elements of w remaining: 33 (97.06%)
* Elements of w skipped: 0 (0.00%)
* Elements of w processed with special addition: 1 (5.56%)
* Elements of w remaining: 17 (94.44%)
* Elements of w skipped: 0 (0.00%)
* Elements of w processed with special addition: 1 (2.94%)
* Elements of w remaining: 33 (97.06%)
* UVC proof at step 8
* G1 elements in proof: 2
* G2 elements in proof: 1
* Proof size in bits: 1019
* Cached h poly size: 319
* UVC Prove step 8
* Elements of w skipped: 0 (0.00%)
* Elements of w processed with special addition: 1 (2.94%)
* Elements of w remaining: 33 (97.06%)
* Elements of w skipped: 0 (0.00%)
* Elements of w processed with special addition: 1 (5.56%)
* Elements of w remaining: 17 (94.44%)
* Elements of w skipped: 0 (0.00%)
* Elements of w processed with special addition: 1 (2.94%)
* Elements of w remaining: 33 (97.06%)
* UVC proof at step 8
* G1 elements in proof: 2
* G2 elements in proof: 1
* Proof size in bits: 1019
* Cached h poly size: 319
* UVC Prove step 8
* Elements of w skipped: 0 (0.00%)
* Elements of w processed with special addition: 1 (2.94%)
* Elements of w remaining: 33 (97.06%)
* Elements of w skipped: 0 (0.00%)
* Elements of w processed with special addition: 1 (5.56%)
* Elements of w remaining: 17 (94.44%)
* Elements of w skipped: 0 (0.00%)
* Elements of w processed with special addition: 1 (2.94%)
* Elements of w remaining: 33 (97.06%)
* UVC proof at step 8
* G1 elements in proof: 2
* G2 elements in proof: 1
* Proof size in bits: 1019
* Cached h poly size: 319
* UVC Prove step 8
* Elements of w skipped: 0 (0.00%)
* Elements of w processed with special addition: 1 (2.94%)
* Elements of w remaining: 33 (97.06%)
* Elements of w skipped: 0 (0.00%)
* Elements of w processed with special addition: 1 (5.56%)
* Elements of w remaining: 17 (94.44%)
* Elements of w skipped: 0 (0.00%)
* Elements of w processed with special addition: 1 (2.94%)
* Elements of w remaining: 33 (97.06%)
* UVC proof at step 8
* G1 elements in proof: 2
* G2 elements in proof: 1
* Proof size in bits: 1019
* Cached h poly size: 319
* UVC Prove step 8
* Elements of w skipped: 0 (0.00%)
* Elements of w processed with special addition: 1 (2.94%)
* Elements of w remaining: 33 (97.06%)
* Elements of w skipped: 0 (0.00%)
* Elements of w processed with special addition: 1 (5.56%)
* Elements of w remaining: 17 (94.44%)
* Elements of w skipped: 0 (0.00%)
* Elements of w processed with special addition: 1 (2.94%)
* Elements of w remaining: 33 (97.06%)
* UVC proof at step 8
* G1 elements in proof: 2
* G2 elements in proof: 1
* Proof size in bits: 1019
* Cached h poly size: 319
* UVC Prove step 8
* Elements of w skipped: 0 (0.00%)
* Elements of w processed with special addition: 1 (2.94%)
* Elements of w remaining: 33 (97.06%)
* Elements of w skipped: 0 (0.00%)
* Elements of w processed with special addition: 1 (5.56%)
* Elements of w remaining: 17 (94.44%)
* Elements of w skipped: 0 (0.00%)
* Elements of w processed with special addition: 1 (2.94%)
* Elements of w remaining: 33 (97.06%)
* UVC proof at step 8
* G1 elements in proof: 2
* G2 elements in proof: 1
* Proof size in bits: 1019
* Cached h poly size: 319
* UVC Prove step 8
* Elements of w skipped: 0 (0.00%)
* Elements of w processed with special addition: 1 (2.94%)
* Elements of w remaining: 33 (97.06%)
* Elements of w skipped: 0 (0.00%)
* Elements of w processed with special addition: 1 (5.56%)
* Elements of w remaining: 17 (94.44%)
* Elements of w skipped: 0 (0.00%)
* Elements of w processed with special addition: 1 (2.94%)
* Elements of w remaining: 33 (97.06%)
* UVC proof at step 8
* G1 elements in proof: 2
* G2 elements in proof: 1
* Proof size in bits: 1019
* Cached h poly size: 319
* UVC Prove step 8
* Elements of w skipped: 0 (0.00%)
* Elements of w processed with special addition: 1 (2.94%)
* Elements of w remaining: 33 (97.06%)
* Elements of w skipped: 0 (0.00%)
* Elements of w processed with special addition: 1 (5.56%)
* Elements of w remaining: 17 (94.44%)
* Elements of w skipped: 0 (0.00%)
* Elements of w processed with special addition: 1 (2.94%)
* Elements of w remaining: 33 (97.06%)
* UVC proof at step 8
* G1 elements in proof: 2
* G2 elements in proof: 1
* Proof size in bits: 1019
* Cached h poly size: 319
* UVC Prove step 8
* Elements of w skipped: 0 (0.00%)
* Elements of w processed with special addition: 1 (2.94%)
* Elements of w remaining: 33 (97.06%)
* Elements of w skipped: 0 (0.00%)
* Elements of w processed with special addition: 1 (5.56%)
* Elements of w remaining: 17 (94.44%)
* Elements of w skipped: 0 (0.00%)
* Elements of w processed with special addition: 1 (2.94%)
* Elements of w remaining: 33 (97.06%)
* UVC proof at step 8
* G1 elements in proof: 2
* G2 elements in proof: 1
* Proof size in bits: 1019
* Cached h poly size: 319
* UVC Verify step 8: PASS
* UVC Verify step 8: PASS
* UVC Verify step 8: PASS
* UVC Verify step 8: PASS
* UVC Verify step 8: PASS
* UVC Verify step 8: PASS
* UVC Verify step 8: PASS
* UVC Verify step 8: PASS
* UVC Verify step 8: PASS
* UVC Verify step 8: PASS
  8       21.07         2.67          1019          PASS      
* UVC Prove step 16
* Elements of w skipped: 0 (0.00%)
* Elements of w processed with special addition: 1 (2.94%)
* Elements of w remaining: 33 (97.06%)
* Elements of w skipped: 0 (0.00%)
* Elements of w processed with special addition: 1 (5.88%)
* Elements of w remaining: 16 (94.12%)
* Elements of w skipped: 0 (0.00%)
* Elements of w processed with special addition: 1 (2.94%)
* Elements of w remaining: 33 (97.06%)
* UVC proof at step 16
* G1 elements in proof: 2
* G2 elements in proof: 1
* Proof size in bits: 1019
* Cached h poly size: 319
* UVC Prove step 16
* Elements of w skipped: 0 (0.00%)
* Elements of w processed with special addition: 1 (2.94%)
* Elements of w remaining: 33 (97.06%)
* Elements of w skipped: 0 (0.00%)
* Elements of w processed with special addition: 1 (5.88%)
* Elements of w remaining: 16 (94.12%)
* Elements of w skipped: 0 (0.00%)
* Elements of w processed with special addition: 1 (2.94%)
* Elements of w remaining: 33 (97.06%)
* UVC proof at step 16
* G1 elements in proof: 2
* G2 elements in proof: 1
* Proof size in bits: 1019
* Cached h poly size: 319
* UVC Prove step 16
* Elements of w skipped: 0 (0.00%)
* Elements of w processed with special addition: 1 (2.94%)
* Elements of w remaining: 33 (97.06%)
* Elements of w skipped: 0 (0.00%)
* Elements of w processed with special addition: 1 (5.88%)
* Elements of w remaining: 16 (94.12%)
* Elements of w skipped: 0 (0.00%)
* Elements of w processed with special addition: 1 (2.94%)
* Elements of w remaining: 33 (97.06%)
* UVC proof at step 16
* G1 elements in proof: 2
* G2 elements in proof: 1
* Proof size in bits: 1019
* Cached h poly size: 319
* UVC Prove step 16
* Elements of w skipped: 0 (0.00%)
* Elements of w processed with special addition: 1 (2.94%)
* Elements of w remaining: 33 (97.06%)
* Elements of w skipped: 0 (0.00%)
* Elements of w processed with special addition: 1 (5.88%)
* Elements of w remaining: 16 (94.12%)
* Elements of w skipped: 0 (0.00%)
* Elements of w processed with special addition: 1 (2.94%)
* Elements of w remaining: 33 (97.06%)
* UVC proof at step 16
* G1 elements in proof: 2
* G2 elements in proof: 1
* Proof size in bits: 1019
* Cached h poly size: 319
* UVC Prove step 16
* Elements of w skipped: 0 (0.00%)
* Elements of w processed with special addition: 1 (2.94%)
* Elements of w remaining: 33 (97.06%)
* Elements of w skipped: 0 (0.00%)
* Elements of w processed with special addition: 1 (5.88%)
* Elements of w remaining: 16 (94.12%)
* Elements of w skipped: 0 (0.00%)
* Elements of w processed with special addition: 1 (2.94%)
* Elements of w remaining: 33 (97.06%)
* UVC proof at step 16
* G1 elements in proof: 2
* G2 elements in proof: 1
* Proof size in bits: 1019
* Cached h poly size: 319
* UVC Prove step 16
* Elements of w skipped: 0 (0.00%)
* Elements of w processed with special addition: 1 (2.94%)
* Elements of w remaining: 33 (97.06%)
* Elements of w skipped: 0 (0.00%)
* Elements of w processed with special addition: 1 (5.88%)
* Elements of w remaining: 16 (94.12%)
* Elements of w skipped: 0 (0.00%)
* Elements of w processed with special addition: 1 (2.94%)
* Elements of w remaining: 33 (97.06%)
* UVC proof at step 16
* G1 elements in proof: 2
* G2 elements in proof: 1
* Proof size in bits: 1019
* Cached h poly size: 319
* UVC Prove step 16
* Elements of w skipped: 0 (0.00%)
* Elements of w processed with special addition: 1 (2.94%)
* Elements of w remaining: 33 (97.06%)
* Elements of w skipped: 0 (0.00%)
* Elements of w processed with special addition: 1 (5.88%)
* Elements of w remaining: 16 (94.12%)
* Elements of w skipped: 0 (0.00%)
* Elements of w processed with special addition: 1 (2.94%)
* Elements of w remaining: 33 (97.06%)
* UVC proof at step 16
* G1 elements in proof: 2
* G2 elements in proof: 1
* Proof size in bits: 1019
* Cached h poly size: 319
* UVC Prove step 16
* Elements of w skipped: 0 (0.00%)
* Elements of w processed with special addition: 1 (2.94%)
* Elements of w remaining: 33 (97.06%)
* Elements of w skipped: 0 (0.00%)
* Elements of w processed with special addition: 1 (5.88%)
* Elements of w remaining: 16 (94.12%)
* Elements of w skipped: 0 (0.00%)
* Elements of w processed with special addition: 1 (2.94%)
* Elements of w remaining: 33 (97.06%)
* UVC proof at step 16
* G1 elements in proof: 2
* G2 elements in proof: 1
* Proof size in bits: 1019
* Cached h poly size: 319
* UVC Prove step 16
* Elements of w skipped: 0 (0.00%)
* Elements of w processed with special addition: 1 (2.94%)
* Elements of w remaining: 33 (97.06%)
* Elements of w skipped: 0 (0.00%)
* Elements of w processed with special addition: 1 (5.88%)
* Elements of w remaining: 16 (94.12%)
* Elements of w skipped: 0 (0.00%)
* Elements of w processed with special addition: 1 (2.94%)
* Elements of w remaining: 33 (97.06%)
* UVC proof at step 16
* G1 elements in proof: 2
* G2 elements in proof: 1
* Proof size in bits: 1019
* Cached h poly size: 319
* UVC Prove step 16
* Elements of w skipped: 0 (0.00%)
* Elements of w processed with special addition: 1 (2.94%)
* Elements of w remaining: 33 (97.06%)
* Elements of w skipped: 0 (0.00%)
* Elements of w processed with special addition: 1 (5.88%)
* Elements of w remaining: 16 (94.12%)
* Elements of w skipped: 0 (0.00%)
* Elements of w processed with special addition: 1 (2.94%)
* Elements of w remaining: 33 (97.06%)
* UVC proof at step 16
* G1 elements in proof: 2
* G2 elements in proof: 1
* Proof size in bits: 1019
* Cached h poly size: 319
* UVC Verify step 16: PASS
* UVC Verify step 16: PASS
* UVC Verify step 16: PASS
* UVC Verify step 16: PASS
* UVC Verify step 16: PASS
* UVC Verify step 16: PASS
* UVC Verify step 16: PASS
* UVC Verify step 16: PASS
* UVC Verify step 16: PASS
* UVC Verify step 16: PASS
  16      18.30         2.72          1019          PASS      

  UVC results written to /Users/heewonchung/Documents/00-Research/active/Updatable Verifiable Computation/Dev/results/2026-03-09_203431_iot/csv/uvc_results.csv

================================================================
Groth16 Benchmark: circuit=sensor_fusion, n=16, B=16
================================================================

  Step    C_j constr  Setup (ms)    Prove (ms)    Verify (ms)   Verified  
  ------  ----------  ------------  ------------  ------------  ----------
* Composed C_1: 17 constraints, 35 variables, 18 inputs
* QAP number of variables: 35
* QAP pre degree: 17
* QAP degree: 36
* QAP number of input variables: 18
* G1 window: 5
* G2 window: 3
* G1 elements in PK: 125
* Non-zero G1 elements in PK: 106
* G2 elements in PK: 37
* Non-zero G2 elements in PK: 18
* PK size in bits: 37280
* G1 elements in VK: 18
* G2 elements in VK: 2
* GT elements in VK: 1
* VK size in bits: 7015
* Elements of w skipped: 1 (2.78%)
* Elements of w processed with special addition: 3 (8.33%)
* Elements of w remaining: 32 (88.89%)
* Elements of w skipped: 0 (0.00%)
* Elements of w processed with special addition: 2 (11.76%)
* Elements of w remaining: 15 (88.24%)
* Elements of w skipped: 0 (0.00%)
* Elements of w processed with special addition: 0 (0.00%)
* Elements of w remaining: 17 (100.00%)
* G1 elements in proof: 2
* G2 elements in proof: 1
* Proof size in bits: 1019
* Elements of w skipped: 1 (2.78%)
* Elements of w processed with special addition: 3 (8.33%)
* Elements of w remaining: 32 (88.89%)
* Elements of w skipped: 0 (0.00%)
* Elements of w processed with special addition: 2 (11.76%)
* Elements of w remaining: 15 (88.24%)
* Elements of w skipped: 0 (0.00%)
* Elements of w processed with special addition: 0 (0.00%)
* Elements of w remaining: 17 (100.00%)
* G1 elements in proof: 2
* G2 elements in proof: 1
* Proof size in bits: 1019
* Elements of w skipped: 1 (2.78%)
* Elements of w processed with special addition: 3 (8.33%)
* Elements of w remaining: 32 (88.89%)
* Elements of w skipped: 0 (0.00%)
* Elements of w processed with special addition: 2 (11.76%)
* Elements of w remaining: 15 (88.24%)
* Elements of w skipped: 0 (0.00%)
* Elements of w processed with special addition: 0 (0.00%)
* Elements of w remaining: 17 (100.00%)
* G1 elements in proof: 2
* G2 elements in proof: 1
* Proof size in bits: 1019
* Elements of w skipped: 1 (2.78%)
* Elements of w processed with special addition: 3 (8.33%)
* Elements of w remaining: 32 (88.89%)
* Elements of w skipped: 0 (0.00%)
* Elements of w processed with special addition: 2 (11.76%)
* Elements of w remaining: 15 (88.24%)
* Elements of w skipped: 0 (0.00%)
* Elements of w processed with special addition: 0 (0.00%)
* Elements of w remaining: 17 (100.00%)
* G1 elements in proof: 2
* G2 elements in proof: 1
* Proof size in bits: 1019
* Elements of w skipped: 1 (2.78%)
* Elements of w processed with special addition: 3 (8.33%)
* Elements of w remaining: 32 (88.89%)
* Elements of w skipped: 0 (0.00%)
* Elements of w processed with special addition: 2 (11.76%)
* Elements of w remaining: 15 (88.24%)
* Elements of w skipped: 0 (0.00%)
* Elements of w processed with special addition: 0 (0.00%)
* Elements of w remaining: 17 (100.00%)
* G1 elements in proof: 2
* G2 elements in proof: 1
* Proof size in bits: 1019
* Elements of w skipped: 1 (2.78%)
* Elements of w processed with special addition: 3 (8.33%)
* Elements of w remaining: 32 (88.89%)
* Elements of w skipped: 0 (0.00%)
* Elements of w processed with special addition: 2 (11.76%)
* Elements of w remaining: 15 (88.24%)
* Elements of w skipped: 0 (0.00%)
* Elements of w processed with special addition: 0 (0.00%)
* Elements of w remaining: 17 (100.00%)
* G1 elements in proof: 2
* G2 elements in proof: 1
* Proof size in bits: 1019
* Elements of w skipped: 1 (2.78%)
* Elements of w processed with special addition: 3 (8.33%)
* Elements of w remaining: 32 (88.89%)
* Elements of w skipped: 0 (0.00%)
* Elements of w processed with special addition: 2 (11.76%)
* Elements of w remaining: 15 (88.24%)
* Elements of w skipped: 0 (0.00%)
* Elements of w processed with special addition: 0 (0.00%)
* Elements of w remaining: 17 (100.00%)
* G1 elements in proof: 2
* G2 elements in proof: 1
* Proof size in bits: 1019
* Elements of w skipped: 1 (2.78%)
* Elements of w processed with special addition: 3 (8.33%)
* Elements of w remaining: 32 (88.89%)
* Elements of w skipped: 0 (0.00%)
* Elements of w processed with special addition: 2 (11.76%)
* Elements of w remaining: 15 (88.24%)
* Elements of w skipped: 0 (0.00%)
* Elements of w processed with special addition: 0 (0.00%)
* Elements of w remaining: 17 (100.00%)
* G1 elements in proof: 2
* G2 elements in proof: 1
* Proof size in bits: 1019
* Elements of w skipped: 1 (2.78%)
* Elements of w processed with special addition: 3 (8.33%)
* Elements of w remaining: 32 (88.89%)
* Elements of w skipped: 0 (0.00%)
* Elements of w processed with special addition: 2 (11.76%)
* Elements of w remaining: 15 (88.24%)
* Elements of w skipped: 0 (0.00%)
* Elements of w processed with special addition: 0 (0.00%)
* Elements of w remaining: 17 (100.00%)
* G1 elements in proof: 2
* G2 elements in proof: 1
* Proof size in bits: 1019
* Elements of w skipped: 1 (2.78%)
* Elements of w processed with special addition: 3 (8.33%)
* Elements of w remaining: 32 (88.89%)
* Elements of w skipped: 0 (0.00%)
* Elements of w processed with special addition: 2 (11.76%)
* Elements of w remaining: 15 (88.24%)
* Elements of w skipped: 0 (0.00%)
* Elements of w processed with special addition: 0 (0.00%)
* Elements of w remaining: 17 (100.00%)
* G1 elements in proof: 2
* G2 elements in proof: 1
* Proof size in bits: 1019
  1       17          16.0          6.65          2.68          PASS      
* Composed C_2: 34 constraints, 69 variables, 18 inputs
* QAP number of variables: 69
* QAP pre degree: 34
* QAP degree: 64
* QAP number of input variables: 18
* G1 window: 5
* G2 window: 4
* G1 elements in PK: 255
* Non-zero G1 elements in PK: 219
* G2 elements in PK: 71
* Non-zero G2 elements in PK: 35
* PK size in bits: 75836
* G1 elements in VK: 18
* G2 elements in VK: 2
* GT elements in VK: 1
* VK size in bits: 7015
* Elements of w skipped: 1 (1.43%)
* Elements of w processed with special addition: 4 (5.71%)
* Elements of w remaining: 65 (92.86%)
* Elements of w skipped: 0 (0.00%)
* Elements of w processed with special addition: 3 (8.82%)
* Elements of w remaining: 31 (91.18%)
* Elements of w skipped: 0 (0.00%)
* Elements of w processed with special addition: 1 (1.96%)
* Elements of w remaining: 50 (98.04%)
* G1 elements in proof: 2
* G2 elements in proof: 1
* Proof size in bits: 1019
* Elements of w skipped: 1 (1.43%)
* Elements of w processed with special addition: 4 (5.71%)
* Elements of w remaining: 65 (92.86%)
* Elements of w skipped: 0 (0.00%)
* Elements of w processed with special addition: 3 (8.82%)
* Elements of w remaining: 31 (91.18%)
* Elements of w skipped: 0 (0.00%)
* Elements of w processed with special addition: 1 (1.96%)
* Elements of w remaining: 50 (98.04%)
* G1 elements in proof: 2
* G2 elements in proof: 1
* Proof size in bits: 1019
* Elements of w skipped: 1 (1.43%)
* Elements of w processed with special addition: 4 (5.71%)
* Elements of w remaining: 65 (92.86%)
* Elements of w skipped: 0 (0.00%)
* Elements of w processed with special addition: 3 (8.82%)
* Elements of w remaining: 31 (91.18%)
* Elements of w skipped: 0 (0.00%)
* Elements of w processed with special addition: 1 (1.96%)
* Elements of w remaining: 50 (98.04%)
* G1 elements in proof: 2
* G2 elements in proof: 1
* Proof size in bits: 1019
* Elements of w skipped: 1 (1.43%)
* Elements of w processed with special addition: 4 (5.71%)
* Elements of w remaining: 65 (92.86%)
* Elements of w skipped: 0 (0.00%)
* Elements of w processed with special addition: 3 (8.82%)
* Elements of w remaining: 31 (91.18%)
* Elements of w skipped: 0 (0.00%)
* Elements of w processed with special addition: 1 (1.96%)
* Elements of w remaining: 50 (98.04%)
* G1 elements in proof: 2
* G2 elements in proof: 1
* Proof size in bits: 1019
* Elements of w skipped: 1 (1.43%)
* Elements of w processed with special addition: 4 (5.71%)
* Elements of w remaining: 65 (92.86%)
* Elements of w skipped: 0 (0.00%)
* Elements of w processed with special addition: 3 (8.82%)
* Elements of w remaining: 31 (91.18%)
* Elements of w skipped: 0 (0.00%)
* Elements of w processed with special addition: 1 (1.96%)
* Elements of w remaining: 50 (98.04%)
* G1 elements in proof: 2
* G2 elements in proof: 1
* Proof size in bits: 1019
* Elements of w skipped: 1 (1.43%)
* Elements of w processed with special addition: 4 (5.71%)
* Elements of w remaining: 65 (92.86%)
* Elements of w skipped: 0 (0.00%)
* Elements of w processed with special addition: 3 (8.82%)
* Elements of w remaining: 31 (91.18%)
* Elements of w skipped: 0 (0.00%)
* Elements of w processed with special addition: 1 (1.96%)
* Elements of w remaining: 50 (98.04%)
* G1 elements in proof: 2
* G2 elements in proof: 1
* Proof size in bits: 1019
* Elements of w skipped: 1 (1.43%)
* Elements of w processed with special addition: 4 (5.71%)
* Elements of w remaining: 65 (92.86%)
* Elements of w skipped: 0 (0.00%)
* Elements of w processed with special addition: 3 (8.82%)
* Elements of w remaining: 31 (91.18%)
* Elements of w skipped: 0 (0.00%)
* Elements of w processed with special addition: 1 (1.96%)
* Elements of w remaining: 50 (98.04%)
* G1 elements in proof: 2
* G2 elements in proof: 1
* Proof size in bits: 1019
* Elements of w skipped: 1 (1.43%)
* Elements of w processed with special addition: 4 (5.71%)
* Elements of w remaining: 65 (92.86%)
* Elements of w skipped: 0 (0.00%)
* Elements of w processed with special addition: 3 (8.82%)
* Elements of w remaining: 31 (91.18%)
* Elements of w skipped: 0 (0.00%)
* Elements of w processed with special addition: 1 (1.96%)
* Elements of w remaining: 50 (98.04%)
* G1 elements in proof: 2
* G2 elements in proof: 1
* Proof size in bits: 1019
* Elements of w skipped: 1 (1.43%)
* Elements of w processed with special addition: 4 (5.71%)
* Elements of w remaining: 65 (92.86%)
* Elements of w skipped: 0 (0.00%)
* Elements of w processed with special addition: 3 (8.82%)
* Elements of w remaining: 31 (91.18%)
* Elements of w skipped: 0 (0.00%)
* Elements of w processed with special addition: 1 (1.96%)
* Elements of w remaining: 50 (98.04%)
* G1 elements in proof: 2
* G2 elements in proof: 1
* Proof size in bits: 1019
* Elements of w skipped: 1 (1.43%)
* Elements of w processed with special addition: 4 (5.71%)
* Elements of w remaining: 65 (92.86%)
* Elements of w skipped: 0 (0.00%)
* Elements of w processed with special addition: 3 (8.82%)
* Elements of w remaining: 31 (91.18%)
* Elements of w skipped: 0 (0.00%)
* Elements of w processed with special addition: 1 (1.96%)
* Elements of w remaining: 50 (98.04%)
* G1 elements in proof: 2
* G2 elements in proof: 1
* Proof size in bits: 1019
  2       34          22.9          9.07          2.74          PASS      
* Composed C_4: 68 constraints, 137 variables, 18 inputs
* QAP number of variables: 137
* QAP pre degree: 68
* QAP degree: 96
* QAP number of input variables: 18
* G1 window: 6
* G2 window: 5
* G1 elements in PK: 491
* Non-zero G1 elements in PK: 421
* G2 elements in PK: 139
* Non-zero G2 elements in PK: 69
* PK size in bits: 146828
* G1 elements in VK: 18
* G2 elements in VK: 2
* GT elements in VK: 1
* VK size in bits: 7015
* Elements of w skipped: 1 (0.72%)
* Elements of w processed with special addition: 6 (4.35%)
* Elements of w remaining: 131 (94.93%)
* Elements of w skipped: 0 (0.00%)
* Elements of w processed with special addition: 5 (7.35%)
* Elements of w remaining: 63 (92.65%)
* Elements of w skipped: 0 (0.00%)
* Elements of w processed with special addition: 3 (2.52%)
* Elements of w remaining: 116 (97.48%)
* G1 elements in proof: 2
* G2 elements in proof: 1
* Proof size in bits: 1019
* Elements of w skipped: 1 (0.72%)
* Elements of w processed with special addition: 6 (4.35%)
* Elements of w remaining: 131 (94.93%)
* Elements of w skipped: 0 (0.00%)
* Elements of w processed with special addition: 5 (7.35%)
* Elements of w remaining: 63 (92.65%)
* Elements of w skipped: 0 (0.00%)
* Elements of w processed with special addition: 3 (2.52%)
* Elements of w remaining: 116 (97.48%)
* G1 elements in proof: 2
* G2 elements in proof: 1
* Proof size in bits: 1019
* Elements of w skipped: 1 (0.72%)
* Elements of w processed with special addition: 6 (4.35%)
* Elements of w remaining: 131 (94.93%)
* Elements of w skipped: 0 (0.00%)
* Elements of w processed with special addition: 5 (7.35%)
* Elements of w remaining: 63 (92.65%)
* Elements of w skipped: 0 (0.00%)
* Elements of w processed with special addition: 3 (2.52%)
* Elements of w remaining: 116 (97.48%)
* G1 elements in proof: 2
* G2 elements in proof: 1
* Proof size in bits: 1019
* Elements of w skipped: 1 (0.72%)
* Elements of w processed with special addition: 6 (4.35%)
* Elements of w remaining: 131 (94.93%)
* Elements of w skipped: 0 (0.00%)
* Elements of w processed with special addition: 5 (7.35%)
* Elements of w remaining: 63 (92.65%)
* Elements of w skipped: 0 (0.00%)
* Elements of w processed with special addition: 3 (2.52%)
* Elements of w remaining: 116 (97.48%)
* G1 elements in proof: 2
* G2 elements in proof: 1
* Proof size in bits: 1019
* Elements of w skipped: 1 (0.72%)
* Elements of w processed with special addition: 6 (4.35%)
* Elements of w remaining: 131 (94.93%)
* Elements of w skipped: 0 (0.00%)
* Elements of w processed with special addition: 5 (7.35%)
* Elements of w remaining: 63 (92.65%)
* Elements of w skipped: 0 (0.00%)
* Elements of w processed with special addition: 3 (2.52%)
* Elements of w remaining: 116 (97.48%)
* G1 elements in proof: 2
* G2 elements in proof: 1
* Proof size in bits: 1019
* Elements of w skipped: 1 (0.72%)
* Elements of w processed with special addition: 6 (4.35%)
* Elements of w remaining: 131 (94.93%)
* Elements of w skipped: 0 (0.00%)
* Elements of w processed with special addition: 5 (7.35%)
* Elements of w remaining: 63 (92.65%)
* Elements of w skipped: 0 (0.00%)
* Elements of w processed with special addition: 3 (2.52%)
* Elements of w remaining: 116 (97.48%)
* G1 elements in proof: 2
* G2 elements in proof: 1
* Proof size in bits: 1019
* Elements of w skipped: 1 (0.72%)
* Elements of w processed with special addition: 6 (4.35%)
* Elements of w remaining: 131 (94.93%)
* Elements of w skipped: 0 (0.00%)
* Elements of w processed with special addition: 5 (7.35%)
* Elements of w remaining: 63 (92.65%)
* Elements of w skipped: 0 (0.00%)
* Elements of w processed with special addition: 3 (2.52%)
* Elements of w remaining: 116 (97.48%)
* G1 elements in proof: 2
* G2 elements in proof: 1
* Proof size in bits: 1019
* Elements of w skipped: 1 (0.72%)
* Elements of w processed with special addition: 6 (4.35%)
* Elements of w remaining: 131 (94.93%)
* Elements of w skipped: 0 (0.00%)
* Elements of w processed with special addition: 5 (7.35%)
* Elements of w remaining: 63 (92.65%)
* Elements of w skipped: 0 (0.00%)
* Elements of w processed with special addition: 3 (2.52%)
* Elements of w remaining: 116 (97.48%)
* G1 elements in proof: 2
* G2 elements in proof: 1
* Proof size in bits: 1019
* Elements of w skipped: 1 (0.72%)
* Elements of w processed with special addition: 6 (4.35%)
* Elements of w remaining: 131 (94.93%)
* Elements of w skipped: 0 (0.00%)
* Elements of w processed with special addition: 5 (7.35%)
* Elements of w remaining: 63 (92.65%)
* Elements of w skipped: 0 (0.00%)
* Elements of w processed with special addition: 3 (2.52%)
* Elements of w remaining: 116 (97.48%)
* G1 elements in proof: 2
* G2 elements in proof: 1
* Proof size in bits: 1019
* Elements of w skipped: 1 (0.72%)
* Elements of w processed with special addition: 6 (4.35%)
* Elements of w remaining: 131 (94.93%)
* Elements of w skipped: 0 (0.00%)
* Elements of w processed with special addition: 5 (7.35%)
* Elements of w remaining: 63 (92.65%)
* Elements of w skipped: 0 (0.00%)
* Elements of w processed with special addition: 3 (2.52%)
* Elements of w remaining: 116 (97.48%)
* G1 elements in proof: 2
* G2 elements in proof: 1
* Proof size in bits: 1019
  4       68          33.0          14.22         2.64          PASS      
* Composed C_8: 136 constraints, 273 variables, 18 inputs
* QAP number of variables: 273
* QAP pre degree: 136
* QAP degree: 160
* QAP number of input variables: 18
* G1 window: 7
* G2 window: 5
* G1 elements in PK: 963
* Non-zero G1 elements in PK: 825
* G2 elements in PK: 275
* Non-zero G2 elements in PK: 137
* PK size in bits: 288812
* G1 elements in VK: 18
* G2 elements in VK: 2
* GT elements in VK: 1
* VK size in bits: 7015
* Elements of w skipped: 1 (0.36%)
* Elements of w processed with special addition: 10 (3.65%)
* Elements of w remaining: 263 (95.99%)
* Elements of w skipped: 0 (0.00%)
* Elements of w processed with special addition: 9 (6.62%)
* Elements of w remaining: 127 (93.38%)
* Elements of w skipped: 0 (0.00%)
* Elements of w processed with special addition: 7 (2.75%)
* Elements of w remaining: 248 (97.25%)
* G1 elements in proof: 2
* G2 elements in proof: 1
* Proof size in bits: 1019
* Elements of w skipped: 1 (0.36%)
* Elements of w processed with special addition: 10 (3.65%)
* Elements of w remaining: 263 (95.99%)
* Elements of w skipped: 0 (0.00%)
* Elements of w processed with special addition: 9 (6.62%)
* Elements of w remaining: 127 (93.38%)
* Elements of w skipped: 0 (0.00%)
* Elements of w processed with special addition: 7 (2.75%)
* Elements of w remaining: 248 (97.25%)
* G1 elements in proof: 2
* G2 elements in proof: 1
* Proof size in bits: 1019
* Elements of w skipped: 1 (0.36%)
* Elements of w processed with special addition: 10 (3.65%)
* Elements of w remaining: 263 (95.99%)
* Elements of w skipped: 0 (0.00%)
* Elements of w processed with special addition: 9 (6.62%)
* Elements of w remaining: 127 (93.38%)
* Elements of w skipped: 0 (0.00%)
* Elements of w processed with special addition: 7 (2.75%)
* Elements of w remaining: 248 (97.25%)
* G1 elements in proof: 2
* G2 elements in proof: 1
* Proof size in bits: 1019
* Elements of w skipped: 1 (0.36%)
* Elements of w processed with special addition: 10 (3.65%)
* Elements of w remaining: 263 (95.99%)
* Elements of w skipped: 0 (0.00%)
* Elements of w processed with special addition: 9 (6.62%)
* Elements of w remaining: 127 (93.38%)
* Elements of w skipped: 0 (0.00%)
* Elements of w processed with special addition: 7 (2.75%)
* Elements of w remaining: 248 (97.25%)
* G1 elements in proof: 2
* G2 elements in proof: 1
* Proof size in bits: 1019
* Elements of w skipped: 1 (0.36%)
* Elements of w processed with special addition: 10 (3.65%)
* Elements of w remaining: 263 (95.99%)
* Elements of w skipped: 0 (0.00%)
* Elements of w processed with special addition: 9 (6.62%)
* Elements of w remaining: 127 (93.38%)
* Elements of w skipped: 0 (0.00%)
* Elements of w processed with special addition: 7 (2.75%)
* Elements of w remaining: 248 (97.25%)
* G1 elements in proof: 2
* G2 elements in proof: 1
* Proof size in bits: 1019
* Elements of w skipped: 1 (0.36%)
* Elements of w processed with special addition: 10 (3.65%)
* Elements of w remaining: 263 (95.99%)
* Elements of w skipped: 0 (0.00%)
* Elements of w processed with special addition: 9 (6.62%)
* Elements of w remaining: 127 (93.38%)
* Elements of w skipped: 0 (0.00%)
* Elements of w processed with special addition: 7 (2.75%)
* Elements of w remaining: 248 (97.25%)
* G1 elements in proof: 2
* G2 elements in proof: 1
* Proof size in bits: 1019
* Elements of w skipped: 1 (0.36%)
* Elements of w processed with special addition: 10 (3.65%)
* Elements of w remaining: 263 (95.99%)
* Elements of w skipped: 0 (0.00%)
* Elements of w processed with special addition: 9 (6.62%)
* Elements of w remaining: 127 (93.38%)
* Elements of w skipped: 0 (0.00%)
* Elements of w processed with special addition: 7 (2.75%)
* Elements of w remaining: 248 (97.25%)
* G1 elements in proof: 2
* G2 elements in proof: 1
* Proof size in bits: 1019
* Elements of w skipped: 1 (0.36%)
* Elements of w processed with special addition: 10 (3.65%)
* Elements of w remaining: 263 (95.99%)
* Elements of w skipped: 0 (0.00%)
* Elements of w processed with special addition: 9 (6.62%)
* Elements of w remaining: 127 (93.38%)
* Elements of w skipped: 0 (0.00%)
* Elements of w processed with special addition: 7 (2.75%)
* Elements of w remaining: 248 (97.25%)
* G1 elements in proof: 2
* G2 elements in proof: 1
* Proof size in bits: 1019
* Elements of w skipped: 1 (0.36%)
* Elements of w processed with special addition: 10 (3.65%)
* Elements of w remaining: 263 (95.99%)
* Elements of w skipped: 0 (0.00%)
* Elements of w processed with special addition: 9 (6.62%)
* Elements of w remaining: 127 (93.38%)
* Elements of w skipped: 0 (0.00%)
* Elements of w processed with special addition: 7 (2.75%)
* Elements of w remaining: 248 (97.25%)
* G1 elements in proof: 2
* G2 elements in proof: 1
* Proof size in bits: 1019
* Elements of w skipped: 1 (0.36%)
* Elements of w processed with special addition: 10 (3.65%)
* Elements of w remaining: 263 (95.99%)
* Elements of w skipped: 0 (0.00%)
* Elements of w processed with special addition: 9 (6.62%)
* Elements of w remaining: 127 (93.38%)
* Elements of w skipped: 0 (0.00%)
* Elements of w processed with special addition: 7 (2.75%)
* Elements of w remaining: 248 (97.25%)
* G1 elements in proof: 2
* G2 elements in proof: 1
* Proof size in bits: 1019
  8       136         53.3          20.89         2.73          PASS      
* Composed C_16: 272 constraints, 545 variables, 18 inputs
* QAP number of variables: 545
* QAP pre degree: 272
* QAP degree: 320
* QAP number of input variables: 18
* G1 window: 8
* G2 window: 6
* G1 elements in PK: 1939
* Non-zero G1 elements in PK: 1665
* G2 elements in PK: 547
* Non-zero G2 elements in PK: 273
* PK size in bits: 580940
* G1 elements in VK: 18
* G2 elements in VK: 2
* GT elements in VK: 1
* VK size in bits: 7015
* Elements of w skipped: 1 (0.18%)
* Elements of w processed with special addition: 18 (3.30%)
* Elements of w remaining: 527 (96.52%)
* Elements of w skipped: 0 (0.00%)
* Elements of w processed with special addition: 17 (6.25%)
* Elements of w remaining: 255 (93.75%)
* Elements of w skipped: 0 (0.00%)
* Elements of w processed with special addition: 15 (2.85%)
* Elements of w remaining: 512 (97.15%)
* G1 elements in proof: 2
* G2 elements in proof: 1
* Proof size in bits: 1019
* Elements of w skipped: 1 (0.18%)
* Elements of w processed with special addition: 18 (3.30%)
* Elements of w remaining: 527 (96.52%)
* Elements of w skipped: 0 (0.00%)
* Elements of w processed with special addition: 17 (6.25%)
* Elements of w remaining: 255 (93.75%)
* Elements of w skipped: 0 (0.00%)
* Elements of w processed with special addition: 15 (2.85%)
* Elements of w remaining: 512 (97.15%)
* G1 elements in proof: 2
* G2 elements in proof: 1
* Proof size in bits: 1019
* Elements of w skipped: 1 (0.18%)
* Elements of w processed with special addition: 18 (3.30%)
* Elements of w remaining: 527 (96.52%)
* Elements of w skipped: 0 (0.00%)
* Elements of w processed with special addition: 17 (6.25%)
* Elements of w remaining: 255 (93.75%)
* Elements of w skipped: 0 (0.00%)
* Elements of w processed with special addition: 15 (2.85%)
* Elements of w remaining: 512 (97.15%)
* G1 elements in proof: 2
* G2 elements in proof: 1
* Proof size in bits: 1019
* Elements of w skipped: 1 (0.18%)
* Elements of w processed with special addition: 18 (3.30%)
* Elements of w remaining: 527 (96.52%)
* Elements of w skipped: 0 (0.00%)
* Elements of w processed with special addition: 17 (6.25%)
* Elements of w remaining: 255 (93.75%)
* Elements of w skipped: 0 (0.00%)
* Elements of w processed with special addition: 15 (2.85%)
* Elements of w remaining: 512 (97.15%)
* G1 elements in proof: 2
* G2 elements in proof: 1
* Proof size in bits: 1019
* Elements of w skipped: 1 (0.18%)
* Elements of w processed with special addition: 18 (3.30%)
* Elements of w remaining: 527 (96.52%)
* Elements of w skipped: 0 (0.00%)
* Elements of w processed with special addition: 17 (6.25%)
* Elements of w remaining: 255 (93.75%)
* Elements of w skipped: 0 (0.00%)
* Elements of w processed with special addition: 15 (2.85%)
* Elements of w remaining: 512 (97.15%)
* G1 elements in proof: 2
* G2 elements in proof: 1
* Proof size in bits: 1019
* Elements of w skipped: 1 (0.18%)
* Elements of w processed with special addition: 18 (3.30%)
* Elements of w remaining: 527 (96.52%)
* Elements of w skipped: 0 (0.00%)
* Elements of w processed with special addition: 17 (6.25%)
* Elements of w remaining: 255 (93.75%)
* Elements of w skipped: 0 (0.00%)
* Elements of w processed with special addition: 15 (2.85%)
* Elements of w remaining: 512 (97.15%)
* G1 elements in proof: 2
* G2 elements in proof: 1
* Proof size in bits: 1019
* Elements of w skipped: 1 (0.18%)
* Elements of w processed with special addition: 18 (3.30%)
* Elements of w remaining: 527 (96.52%)
* Elements of w skipped: 0 (0.00%)
* Elements of w processed with special addition: 17 (6.25%)
* Elements of w remaining: 255 (93.75%)
* Elements of w skipped: 0 (0.00%)
* Elements of w processed with special addition: 15 (2.85%)
* Elements of w remaining: 512 (97.15%)
* G1 elements in proof: 2
* G2 elements in proof: 1
* Proof size in bits: 1019
* Elements of w skipped: 1 (0.18%)
* Elements of w processed with special addition: 18 (3.30%)
* Elements of w remaining: 527 (96.52%)
* Elements of w skipped: 0 (0.00%)
* Elements of w processed with special addition: 17 (6.25%)
* Elements of w remaining: 255 (93.75%)
* Elements of w skipped: 0 (0.00%)
* Elements of w processed with special addition: 15 (2.85%)
* Elements of w remaining: 512 (97.15%)
* G1 elements in proof: 2
* G2 elements in proof: 1
* Proof size in bits: 1019
* Elements of w skipped: 1 (0.18%)
* Elements of w processed with special addition: 18 (3.30%)
* Elements of w remaining: 527 (96.52%)
* Elements of w skipped: 0 (0.00%)
* Elements of w processed with special addition: 17 (6.25%)
* Elements of w remaining: 255 (93.75%)
* Elements of w skipped: 0 (0.00%)
* Elements of w processed with special addition: 15 (2.85%)
* Elements of w remaining: 512 (97.15%)
* G1 elements in proof: 2
* G2 elements in proof: 1
* Proof size in bits: 1019
* Elements of w skipped: 1 (0.18%)
* Elements of w processed with special addition: 18 (3.30%)
* Elements of w remaining: 527 (96.52%)
* Elements of w skipped: 0 (0.00%)
* Elements of w processed with special addition: 17 (6.25%)
* Elements of w remaining: 255 (93.75%)
* Elements of w skipped: 0 (0.00%)
* Elements of w processed with special addition: 15 (2.85%)
* Elements of w remaining: 512 (97.15%)
* G1 elements in proof: 2
* G2 elements in proof: 1
* Proof size in bits: 1019
  16      272         86.0          31.85         2.69          PASS      

  Groth16 results written to /Users/heewonchung/Documents/00-Research/active/Updatable Verifiable Computation/Dev/results/2026-03-09_203431_iot/csv/groth16_results.csv

================================================================
All benchmarks complete.
================================================================
  Done in 3s

------------------------------------------------------------
  Running: [6/10] sensor_fusion K=16 B=64
  Command: bench_comparative --circuit sensor_fusion --n 16 --B 64 --output-dir /Users/heewonchung/Documents/00-Research/active/Updatable Verifiable Computation/Dev/results/2026-03-09_203431_iot/csv --reps 10
------------------------------------------------------------
================================================================
Comparative Benchmark: UVC vs Groth16
================================================================
  Circuit: sensor_fusion, n=16, B=64, reps=10
  Output: /Users/heewonchung/Documents/00-Research/active/Updatable Verifiable Computation/Dev/results/2026-03-09_203431_iot/csv/

================================================================
UVC Benchmark: circuit=sensor_fusion, n=16, B=64
================================================================
  Circuit: 17 constraints, 35 vars, state=1, transition=17

  [Setup] Generating CRS for B=64...
* UVC Setup: B=64, n=35, state=1, transition=17
* Composed C_64: 1088 constraints, 2177 variables, 18 inputs
* QAP (C_B) variables: 2177, degree: 1152, inputs: 18
* UVC max compositions (B): 64
* G1 elements in PK: 7667
* G2 elements in PK: 2179
* PK size in bits: 2354060
* H_query_full size: 1151
* Step 2: 34 new wires (0 io, 34 wt)
* Step 3: 34 new wires (0 io, 34 wt)
* Step 4: 34 new wires (0 io, 34 wt)
* Step 5: 34 new wires (0 io, 34 wt)
* Step 6: 34 new wires (0 io, 34 wt)
* Step 7: 34 new wires (0 io, 34 wt)
* Step 8: 34 new wires (0 io, 34 wt)
* Step 9: 34 new wires (0 io, 34 wt)
* Step 10: 34 new wires (0 io, 34 wt)
* Step 11: 34 new wires (0 io, 34 wt)
* Step 12: 34 new wires (0 io, 34 wt)
* Step 13: 34 new wires (0 io, 34 wt)
* Step 14: 34 new wires (0 io, 34 wt)
* Step 15: 34 new wires (0 io, 34 wt)
* Step 16: 34 new wires (0 io, 34 wt)
* Step 17: 34 new wires (0 io, 34 wt)
* Step 18: 34 new wires (0 io, 34 wt)
* Step 19: 34 new wires (0 io, 34 wt)
* Step 20: 34 new wires (0 io, 34 wt)
* Step 21: 34 new wires (0 io, 34 wt)
* Step 22: 34 new wires (0 io, 34 wt)
* Step 23: 34 new wires (0 io, 34 wt)
* Step 24: 34 new wires (0 io, 34 wt)
* Step 25: 34 new wires (0 io, 34 wt)
* Step 26: 34 new wires (0 io, 34 wt)
* Step 27: 34 new wires (0 io, 34 wt)
* Step 28: 34 new wires (0 io, 34 wt)
* Step 29: 34 new wires (0 io, 34 wt)
* Step 30: 34 new wires (0 io, 34 wt)
* Step 31: 34 new wires (0 io, 34 wt)
* Step 32: 34 new wires (0 io, 34 wt)
* Step 33: 34 new wires (0 io, 34 wt)
* Step 34: 34 new wires (0 io, 34 wt)
* Step 35: 34 new wires (0 io, 34 wt)
* Step 36: 34 new wires (0 io, 34 wt)
* Step 37: 34 new wires (0 io, 34 wt)
* Step 38: 34 new wires (0 io, 34 wt)
* Step 39: 34 new wires (0 io, 34 wt)
* Step 40: 34 new wires (0 io, 34 wt)
* Step 41: 34 new wires (0 io, 34 wt)
* Step 42: 34 new wires (0 io, 34 wt)
* Step 43: 34 new wires (0 io, 34 wt)
* Step 44: 34 new wires (0 io, 34 wt)
* Step 45: 34 new wires (0 io, 34 wt)
* Step 46: 34 new wires (0 io, 34 wt)
* Step 47: 34 new wires (0 io, 34 wt)
* Step 48: 34 new wires (0 io, 34 wt)
* Step 49: 34 new wires (0 io, 34 wt)
* Step 50: 34 new wires (0 io, 34 wt)
* Step 51: 34 new wires (0 io, 34 wt)
* Step 52: 34 new wires (0 io, 34 wt)
* Step 53: 34 new wires (0 io, 34 wt)
* Step 54: 34 new wires (0 io, 34 wt)
* Step 55: 34 new wires (0 io, 34 wt)
* Step 56: 34 new wires (0 io, 34 wt)
* Step 57: 34 new wires (0 io, 34 wt)
* Step 58: 34 new wires (0 io, 34 wt)
* Step 59: 34 new wires (0 io, 34 wt)
* Step 60: 34 new wires (0 io, 34 wt)
* Step 61: 34 new wires (0 io, 34 wt)
* Step 62: 34 new wires (0 io, 34 wt)
* Step 63: 34 new wires (0 io, 34 wt)
* Step 64: 34 new wires (0 io, 34 wt)
* UVC VK: 64 max steps
* G2 elements in VK: 2
* GT elements in VK: 1
* gamma_ABC size: 18
  Setup: 329.6 ms, CRS: 9774 G1 + 4322 G2
  Building proof chain (steps 1..64)...
* UVC Prove step 1
* Elements of w skipped: 1 (2.78%)
* Elements of w processed with special addition: 3 (8.33%)
* Elements of w remaining: 32 (88.89%)
* Elements of w skipped: 1 (5.26%)
* Elements of w processed with special addition: 1 (5.26%)
* Elements of w remaining: 17 (89.47%)
* Elements of w skipped: 0 (0.00%)
* Elements of w processed with special addition: 0 (0.00%)
* Elements of w remaining: 17 (100.00%)
* UVC proof at step 1
* G1 elements in proof: 2
* G2 elements in proof: 1
* Proof size in bits: 1019
* Cached h poly size: 1151
* UVC Prove step 2
* Elements of w skipped: 0 (0.00%)
* Elements of w processed with special addition: 1 (2.94%)
* Elements of w remaining: 33 (97.06%)
* Elements of w skipped: 0 (0.00%)
* Elements of w processed with special addition: 1 (5.56%)
* Elements of w remaining: 17 (94.44%)
* Elements of w skipped: 0 (0.00%)
* Elements of w processed with special addition: 1 (2.94%)
* Elements of w remaining: 33 (97.06%)
* UVC proof at step 2
* G1 elements in proof: 2
* G2 elements in proof: 1
* Proof size in bits: 1019
* Cached h poly size: 1151
* UVC Prove step 3
* Elements of w skipped: 0 (0.00%)
* Elements of w processed with special addition: 1 (2.94%)
* Elements of w remaining: 33 (97.06%)
* Elements of w skipped: 0 (0.00%)
* Elements of w processed with special addition: 1 (5.56%)
* Elements of w remaining: 17 (94.44%)
* Elements of w skipped: 0 (0.00%)
* Elements of w processed with special addition: 1 (2.94%)
* Elements of w remaining: 33 (97.06%)
* UVC proof at step 3
* G1 elements in proof: 2
* G2 elements in proof: 1
* Proof size in bits: 1019
* Cached h poly size: 1151
* UVC Prove step 4
* Elements of w skipped: 0 (0.00%)
* Elements of w processed with special addition: 1 (2.94%)
* Elements of w remaining: 33 (97.06%)
* Elements of w skipped: 0 (0.00%)
* Elements of w processed with special addition: 1 (5.56%)
* Elements of w remaining: 17 (94.44%)
* Elements of w skipped: 0 (0.00%)
* Elements of w processed with special addition: 1 (2.94%)
* Elements of w remaining: 33 (97.06%)
* UVC proof at step 4
* G1 elements in proof: 2
* G2 elements in proof: 1
* Proof size in bits: 1019
* Cached h poly size: 1151
* UVC Prove step 5
* Elements of w skipped: 0 (0.00%)
* Elements of w processed with special addition: 1 (2.94%)
* Elements of w remaining: 33 (97.06%)
* Elements of w skipped: 0 (0.00%)
* Elements of w processed with special addition: 1 (5.56%)
* Elements of w remaining: 17 (94.44%)
* Elements of w skipped: 0 (0.00%)
* Elements of w processed with special addition: 1 (2.94%)
* Elements of w remaining: 33 (97.06%)
* UVC proof at step 5
* G1 elements in proof: 2
* G2 elements in proof: 1
* Proof size in bits: 1019
* Cached h poly size: 1151
* UVC Prove step 6
* Elements of w skipped: 0 (0.00%)
* Elements of w processed with special addition: 1 (2.94%)
* Elements of w remaining: 33 (97.06%)
* Elements of w skipped: 0 (0.00%)
* Elements of w processed with special addition: 1 (5.56%)
* Elements of w remaining: 17 (94.44%)
* Elements of w skipped: 0 (0.00%)
* Elements of w processed with special addition: 1 (2.94%)
* Elements of w remaining: 33 (97.06%)
* UVC proof at step 6
* G1 elements in proof: 2
* G2 elements in proof: 1
* Proof size in bits: 1019
* Cached h poly size: 1151
* UVC Prove step 7
* Elements of w skipped: 0 (0.00%)
* Elements of w processed with special addition: 1 (2.94%)
* Elements of w remaining: 33 (97.06%)
* Elements of w skipped: 0 (0.00%)
* Elements of w processed with special addition: 1 (5.56%)
* Elements of w remaining: 17 (94.44%)
* Elements of w skipped: 0 (0.00%)
* Elements of w processed with special addition: 1 (2.94%)
* Elements of w remaining: 33 (97.06%)
* UVC proof at step 7
* G1 elements in proof: 2
* G2 elements in proof: 1
* Proof size in bits: 1019
* Cached h poly size: 1151
* UVC Prove step 8
* Elements of w skipped: 0 (0.00%)
* Elements of w processed with special addition: 1 (2.94%)
* Elements of w remaining: 33 (97.06%)
* Elements of w skipped: 0 (0.00%)
* Elements of w processed with special addition: 1 (5.56%)
* Elements of w remaining: 17 (94.44%)
* Elements of w skipped: 0 (0.00%)
* Elements of w processed with special addition: 1 (2.94%)
* Elements of w remaining: 33 (97.06%)
* UVC proof at step 8
* G1 elements in proof: 2
* G2 elements in proof: 1
* Proof size in bits: 1019
* Cached h poly size: 1151
* UVC Prove step 9
* Elements of w skipped: 0 (0.00%)
* Elements of w processed with special addition: 1 (2.94%)
* Elements of w remaining: 33 (97.06%)
* Elements of w skipped: 0 (0.00%)
* Elements of w processed with special addition: 1 (5.56%)
* Elements of w remaining: 17 (94.44%)
* Elements of w skipped: 0 (0.00%)
* Elements of w processed with special addition: 1 (2.94%)
* Elements of w remaining: 33 (97.06%)
* UVC proof at step 9
* G1 elements in proof: 2
* G2 elements in proof: 1
* Proof size in bits: 1019
* Cached h poly size: 1151
* UVC Prove step 10
* Elements of w skipped: 0 (0.00%)
* Elements of w processed with special addition: 1 (2.94%)
* Elements of w remaining: 33 (97.06%)
* Elements of w skipped: 0 (0.00%)
* Elements of w processed with special addition: 1 (5.56%)
* Elements of w remaining: 17 (94.44%)
* Elements of w skipped: 0 (0.00%)
* Elements of w processed with special addition: 1 (2.94%)
* Elements of w remaining: 33 (97.06%)
* UVC proof at step 10
* G1 elements in proof: 2
* G2 elements in proof: 1
* Proof size in bits: 1019
* Cached h poly size: 1151
* UVC Prove step 11
* Elements of w skipped: 0 (0.00%)
* Elements of w processed with special addition: 1 (2.94%)
* Elements of w remaining: 33 (97.06%)
* Elements of w skipped: 0 (0.00%)
* Elements of w processed with special addition: 1 (5.56%)
* Elements of w remaining: 17 (94.44%)
* Elements of w skipped: 0 (0.00%)
* Elements of w processed with special addition: 1 (2.94%)
* Elements of w remaining: 33 (97.06%)
* UVC proof at step 11
* G1 elements in proof: 2
* G2 elements in proof: 1
* Proof size in bits: 1019
* Cached h poly size: 1151
* UVC Prove step 12
* Elements of w skipped: 0 (0.00%)
* Elements of w processed with special addition: 1 (2.94%)
* Elements of w remaining: 33 (97.06%)
* Elements of w skipped: 0 (0.00%)
* Elements of w processed with special addition: 1 (5.56%)
* Elements of w remaining: 17 (94.44%)
* Elements of w skipped: 0 (0.00%)
* Elements of w processed with special addition: 1 (2.94%)
* Elements of w remaining: 33 (97.06%)
* UVC proof at step 12
* G1 elements in proof: 2
* G2 elements in proof: 1
* Proof size in bits: 1019
* Cached h poly size: 1151
* UVC Prove step 13
* Elements of w skipped: 0 (0.00%)
* Elements of w processed with special addition: 1 (2.94%)
* Elements of w remaining: 33 (97.06%)
* Elements of w skipped: 0 (0.00%)
* Elements of w processed with special addition: 1 (5.56%)
* Elements of w remaining: 17 (94.44%)
* Elements of w skipped: 0 (0.00%)
* Elements of w processed with special addition: 1 (2.94%)
* Elements of w remaining: 33 (97.06%)
* UVC proof at step 13
* G1 elements in proof: 2
* G2 elements in proof: 1
* Proof size in bits: 1019
* Cached h poly size: 1151
* UVC Prove step 14
* Elements of w skipped: 0 (0.00%)
* Elements of w processed with special addition: 1 (2.94%)
* Elements of w remaining: 33 (97.06%)
* Elements of w skipped: 0 (0.00%)
* Elements of w processed with special addition: 1 (5.56%)
* Elements of w remaining: 17 (94.44%)
* Elements of w skipped: 0 (0.00%)
* Elements of w processed with special addition: 1 (2.94%)
* Elements of w remaining: 33 (97.06%)
* UVC proof at step 14
* G1 elements in proof: 2
* G2 elements in proof: 1
* Proof size in bits: 1019
* Cached h poly size: 1151
* UVC Prove step 15
* Elements of w skipped: 0 (0.00%)
* Elements of w processed with special addition: 1 (2.94%)
* Elements of w remaining: 33 (97.06%)
* Elements of w skipped: 0 (0.00%)
* Elements of w processed with special addition: 1 (5.56%)
* Elements of w remaining: 17 (94.44%)
* Elements of w skipped: 0 (0.00%)
* Elements of w processed with special addition: 1 (2.94%)
* Elements of w remaining: 33 (97.06%)
* UVC proof at step 15
* G1 elements in proof: 2
* G2 elements in proof: 1
* Proof size in bits: 1019
* Cached h poly size: 1151
* UVC Prove step 16
* Elements of w skipped: 0 (0.00%)
* Elements of w processed with special addition: 1 (2.94%)
* Elements of w remaining: 33 (97.06%)
* Elements of w skipped: 0 (0.00%)
* Elements of w processed with special addition: 1 (5.56%)
* Elements of w remaining: 17 (94.44%)
* Elements of w skipped: 0 (0.00%)
* Elements of w processed with special addition: 1 (2.94%)
* Elements of w remaining: 33 (97.06%)
* UVC proof at step 16
* G1 elements in proof: 2
* G2 elements in proof: 1
* Proof size in bits: 1019
* Cached h poly size: 1151
* UVC Prove step 17
* Elements of w skipped: 0 (0.00%)
* Elements of w processed with special addition: 1 (2.94%)
* Elements of w remaining: 33 (97.06%)
* Elements of w skipped: 0 (0.00%)
* Elements of w processed with special addition: 1 (5.56%)
* Elements of w remaining: 17 (94.44%)
* Elements of w skipped: 0 (0.00%)
* Elements of w processed with special addition: 1 (2.94%)
* Elements of w remaining: 33 (97.06%)
* UVC proof at step 17
* G1 elements in proof: 2
* G2 elements in proof: 1
* Proof size in bits: 1019
* Cached h poly size: 1151
* UVC Prove step 18
* Elements of w skipped: 0 (0.00%)
* Elements of w processed with special addition: 1 (2.94%)
* Elements of w remaining: 33 (97.06%)
* Elements of w skipped: 0 (0.00%)
* Elements of w processed with special addition: 1 (5.56%)
* Elements of w remaining: 17 (94.44%)
* Elements of w skipped: 0 (0.00%)
* Elements of w processed with special addition: 1 (2.94%)
* Elements of w remaining: 33 (97.06%)
* UVC proof at step 18
* G1 elements in proof: 2
* G2 elements in proof: 1
* Proof size in bits: 1019
* Cached h poly size: 1151
* UVC Prove step 19
* Elements of w skipped: 0 (0.00%)
* Elements of w processed with special addition: 1 (2.94%)
* Elements of w remaining: 33 (97.06%)
* Elements of w skipped: 0 (0.00%)
* Elements of w processed with special addition: 1 (5.56%)
* Elements of w remaining: 17 (94.44%)
* Elements of w skipped: 0 (0.00%)
* Elements of w processed with special addition: 1 (2.94%)
* Elements of w remaining: 33 (97.06%)
* UVC proof at step 19
* G1 elements in proof: 2
* G2 elements in proof: 1
* Proof size in bits: 1019
* Cached h poly size: 1151
* UVC Prove step 20
* Elements of w skipped: 0 (0.00%)
* Elements of w processed with special addition: 1 (2.94%)
* Elements of w remaining: 33 (97.06%)
* Elements of w skipped: 0 (0.00%)
* Elements of w processed with special addition: 1 (5.56%)
* Elements of w remaining: 17 (94.44%)
* Elements of w skipped: 0 (0.00%)
* Elements of w processed with special addition: 1 (2.94%)
* Elements of w remaining: 33 (97.06%)
* UVC proof at step 20
* G1 elements in proof: 2
* G2 elements in proof: 1
* Proof size in bits: 1019
* Cached h poly size: 1151
* UVC Prove step 21
* Elements of w skipped: 0 (0.00%)
* Elements of w processed with special addition: 1 (2.94%)
* Elements of w remaining: 33 (97.06%)
* Elements of w skipped: 0 (0.00%)
* Elements of w processed with special addition: 1 (5.56%)
* Elements of w remaining: 17 (94.44%)
* Elements of w skipped: 0 (0.00%)
* Elements of w processed with special addition: 1 (2.94%)
* Elements of w remaining: 33 (97.06%)
* UVC proof at step 21
* G1 elements in proof: 2
* G2 elements in proof: 1
* Proof size in bits: 1019
* Cached h poly size: 1151
* UVC Prove step 22
* Elements of w skipped: 0 (0.00%)
* Elements of w processed with special addition: 1 (2.94%)
* Elements of w remaining: 33 (97.06%)
* Elements of w skipped: 0 (0.00%)
* Elements of w processed with special addition: 1 (5.56%)
* Elements of w remaining: 17 (94.44%)
* Elements of w skipped: 0 (0.00%)
* Elements of w processed with special addition: 1 (2.94%)
* Elements of w remaining: 33 (97.06%)
* UVC proof at step 22
* G1 elements in proof: 2
* G2 elements in proof: 1
* Proof size in bits: 1019
* Cached h poly size: 1151
* UVC Prove step 23
* Elements of w skipped: 0 (0.00%)
* Elements of w processed with special addition: 1 (2.94%)
* Elements of w remaining: 33 (97.06%)
* Elements of w skipped: 0 (0.00%)
* Elements of w processed with special addition: 1 (5.56%)
* Elements of w remaining: 17 (94.44%)
* Elements of w skipped: 0 (0.00%)
* Elements of w processed with special addition: 1 (2.94%)
* Elements of w remaining: 33 (97.06%)
* UVC proof at step 23
* G1 elements in proof: 2
* G2 elements in proof: 1
* Proof size in bits: 1019
* Cached h poly size: 1151
* UVC Prove step 24
* Elements of w skipped: 0 (0.00%)
* Elements of w processed with special addition: 1 (2.94%)
* Elements of w remaining: 33 (97.06%)
* Elements of w skipped: 0 (0.00%)
* Elements of w processed with special addition: 1 (5.56%)
* Elements of w remaining: 17 (94.44%)
* Elements of w skipped: 0 (0.00%)
* Elements of w processed with special addition: 1 (2.94%)
* Elements of w remaining: 33 (97.06%)
* UVC proof at step 24
* G1 elements in proof: 2
* G2 elements in proof: 1
* Proof size in bits: 1019
* Cached h poly size: 1151
* UVC Prove step 25
* Elements of w skipped: 0 (0.00%)
* Elements of w processed with special addition: 1 (2.94%)
* Elements of w remaining: 33 (97.06%)
* Elements of w skipped: 0 (0.00%)
* Elements of w processed with special addition: 1 (5.56%)
* Elements of w remaining: 17 (94.44%)
* Elements of w skipped: 0 (0.00%)
* Elements of w processed with special addition: 1 (2.94%)
* Elements of w remaining: 33 (97.06%)
* UVC proof at step 25
* G1 elements in proof: 2
* G2 elements in proof: 1
* Proof size in bits: 1019
* Cached h poly size: 1151
* UVC Prove step 26
* Elements of w skipped: 0 (0.00%)
* Elements of w processed with special addition: 1 (2.94%)
* Elements of w remaining: 33 (97.06%)
* Elements of w skipped: 0 (0.00%)
* Elements of w processed with special addition: 1 (5.56%)
* Elements of w remaining: 17 (94.44%)
* Elements of w skipped: 0 (0.00%)
* Elements of w processed with special addition: 1 (2.94%)
* Elements of w remaining: 33 (97.06%)
* UVC proof at step 26
* G1 elements in proof: 2
* G2 elements in proof: 1
* Proof size in bits: 1019
* Cached h poly size: 1151
* UVC Prove step 27
* Elements of w skipped: 0 (0.00%)
* Elements of w processed with special addition: 1 (2.94%)
* Elements of w remaining: 33 (97.06%)
* Elements of w skipped: 0 (0.00%)
* Elements of w processed with special addition: 1 (5.56%)
* Elements of w remaining: 17 (94.44%)
* Elements of w skipped: 0 (0.00%)
* Elements of w processed with special addition: 1 (2.94%)
* Elements of w remaining: 33 (97.06%)
* UVC proof at step 27
* G1 elements in proof: 2
* G2 elements in proof: 1
* Proof size in bits: 1019
* Cached h poly size: 1151
* UVC Prove step 28
* Elements of w skipped: 0 (0.00%)
* Elements of w processed with special addition: 1 (2.94%)
* Elements of w remaining: 33 (97.06%)
* Elements of w skipped: 0 (0.00%)
* Elements of w processed with special addition: 1 (5.56%)
* Elements of w remaining: 17 (94.44%)
* Elements of w skipped: 0 (0.00%)
* Elements of w processed with special addition: 1 (2.94%)
* Elements of w remaining: 33 (97.06%)
* UVC proof at step 28
* G1 elements in proof: 2
* G2 elements in proof: 1
* Proof size in bits: 1019
* Cached h poly size: 1151
* UVC Prove step 29
* Elements of w skipped: 0 (0.00%)
* Elements of w processed with special addition: 1 (2.94%)
* Elements of w remaining: 33 (97.06%)
* Elements of w skipped: 0 (0.00%)
* Elements of w processed with special addition: 1 (5.56%)
* Elements of w remaining: 17 (94.44%)
* Elements of w skipped: 0 (0.00%)
* Elements of w processed with special addition: 1 (2.94%)
* Elements of w remaining: 33 (97.06%)
* UVC proof at step 29
* G1 elements in proof: 2
* G2 elements in proof: 1
* Proof size in bits: 1019
* Cached h poly size: 1151
* UVC Prove step 30
* Elements of w skipped: 0 (0.00%)
* Elements of w processed with special addition: 1 (2.94%)
* Elements of w remaining: 33 (97.06%)
* Elements of w skipped: 0 (0.00%)
* Elements of w processed with special addition: 1 (5.56%)
* Elements of w remaining: 17 (94.44%)
* Elements of w skipped: 0 (0.00%)
* Elements of w processed with special addition: 1 (2.94%)
* Elements of w remaining: 33 (97.06%)
* UVC proof at step 30
* G1 elements in proof: 2
* G2 elements in proof: 1
* Proof size in bits: 1019
* Cached h poly size: 1151
* UVC Prove step 31
* Elements of w skipped: 0 (0.00%)
* Elements of w processed with special addition: 1 (2.94%)
* Elements of w remaining: 33 (97.06%)
* Elements of w skipped: 0 (0.00%)
* Elements of w processed with special addition: 1 (5.56%)
* Elements of w remaining: 17 (94.44%)
* Elements of w skipped: 0 (0.00%)
* Elements of w processed with special addition: 1 (2.94%)
* Elements of w remaining: 33 (97.06%)
* UVC proof at step 31
* G1 elements in proof: 2
* G2 elements in proof: 1
* Proof size in bits: 1019
* Cached h poly size: 1151
* UVC Prove step 32
* Elements of w skipped: 0 (0.00%)
* Elements of w processed with special addition: 1 (2.94%)
* Elements of w remaining: 33 (97.06%)
* Elements of w skipped: 0 (0.00%)
* Elements of w processed with special addition: 1 (5.56%)
* Elements of w remaining: 17 (94.44%)
* Elements of w skipped: 0 (0.00%)
* Elements of w processed with special addition: 1 (2.94%)
* Elements of w remaining: 33 (97.06%)
* UVC proof at step 32
* G1 elements in proof: 2
* G2 elements in proof: 1
* Proof size in bits: 1019
* Cached h poly size: 1151
* UVC Prove step 33
* Elements of w skipped: 0 (0.00%)
* Elements of w processed with special addition: 1 (2.94%)
* Elements of w remaining: 33 (97.06%)
* Elements of w skipped: 0 (0.00%)
* Elements of w processed with special addition: 1 (5.56%)
* Elements of w remaining: 17 (94.44%)
* Elements of w skipped: 0 (0.00%)
* Elements of w processed with special addition: 1 (2.94%)
* Elements of w remaining: 33 (97.06%)
* UVC proof at step 33
* G1 elements in proof: 2
* G2 elements in proof: 1
* Proof size in bits: 1019
* Cached h poly size: 1151
* UVC Prove step 34
* Elements of w skipped: 0 (0.00%)
* Elements of w processed with special addition: 1 (2.94%)
* Elements of w remaining: 33 (97.06%)
* Elements of w skipped: 0 (0.00%)
* Elements of w processed with special addition: 1 (5.56%)
* Elements of w remaining: 17 (94.44%)
* Elements of w skipped: 0 (0.00%)
* Elements of w processed with special addition: 1 (2.94%)
* Elements of w remaining: 33 (97.06%)
* UVC proof at step 34
* G1 elements in proof: 2
* G2 elements in proof: 1
* Proof size in bits: 1019
* Cached h poly size: 1151
* UVC Prove step 35
* Elements of w skipped: 0 (0.00%)
* Elements of w processed with special addition: 1 (2.94%)
* Elements of w remaining: 33 (97.06%)
* Elements of w skipped: 0 (0.00%)
* Elements of w processed with special addition: 1 (5.56%)
* Elements of w remaining: 17 (94.44%)
* Elements of w skipped: 0 (0.00%)
* Elements of w processed with special addition: 1 (2.94%)
* Elements of w remaining: 33 (97.06%)
* UVC proof at step 35
* G1 elements in proof: 2
* G2 elements in proof: 1
* Proof size in bits: 1019
* Cached h poly size: 1151
* UVC Prove step 36
* Elements of w skipped: 0 (0.00%)
* Elements of w processed with special addition: 1 (2.94%)
* Elements of w remaining: 33 (97.06%)
* Elements of w skipped: 0 (0.00%)
* Elements of w processed with special addition: 1 (5.56%)
* Elements of w remaining: 17 (94.44%)
* Elements of w skipped: 0 (0.00%)
* Elements of w processed with special addition: 1 (2.94%)
* Elements of w remaining: 33 (97.06%)
* UVC proof at step 36
* G1 elements in proof: 2
* G2 elements in proof: 1
* Proof size in bits: 1019
* Cached h poly size: 1151
* UVC Prove step 37
* Elements of w skipped: 0 (0.00%)
* Elements of w processed with special addition: 1 (2.94%)
* Elements of w remaining: 33 (97.06%)
* Elements of w skipped: 0 (0.00%)
* Elements of w processed with special addition: 1 (5.56%)
* Elements of w remaining: 17 (94.44%)
* Elements of w skipped: 0 (0.00%)
* Elements of w processed with special addition: 1 (2.94%)
* Elements of w remaining: 33 (97.06%)
* UVC proof at step 37
* G1 elements in proof: 2
* G2 elements in proof: 1
* Proof size in bits: 1019
* Cached h poly size: 1151
* UVC Prove step 38
* Elements of w skipped: 0 (0.00%)
* Elements of w processed with special addition: 1 (2.94%)
* Elements of w remaining: 33 (97.06%)
* Elements of w skipped: 0 (0.00%)
* Elements of w processed with special addition: 1 (5.56%)
* Elements of w remaining: 17 (94.44%)
* Elements of w skipped: 0 (0.00%)
* Elements of w processed with special addition: 1 (2.94%)
* Elements of w remaining: 33 (97.06%)
* UVC proof at step 38
* G1 elements in proof: 2
* G2 elements in proof: 1
* Proof size in bits: 1019
* Cached h poly size: 1151
* UVC Prove step 39
* Elements of w skipped: 0 (0.00%)
* Elements of w processed with special addition: 1 (2.94%)
* Elements of w remaining: 33 (97.06%)
* Elements of w skipped: 0 (0.00%)
* Elements of w processed with special addition: 1 (5.56%)
* Elements of w remaining: 17 (94.44%)
* Elements of w skipped: 0 (0.00%)
* Elements of w processed with special addition: 1 (2.94%)
* Elements of w remaining: 33 (97.06%)
* UVC proof at step 39
* G1 elements in proof: 2
* G2 elements in proof: 1
* Proof size in bits: 1019
* Cached h poly size: 1151
* UVC Prove step 40
* Elements of w skipped: 0 (0.00%)
* Elements of w processed with special addition: 1 (2.94%)
* Elements of w remaining: 33 (97.06%)
* Elements of w skipped: 0 (0.00%)
* Elements of w processed with special addition: 1 (5.56%)
* Elements of w remaining: 17 (94.44%)
* Elements of w skipped: 0 (0.00%)
* Elements of w processed with special addition: 1 (2.94%)
* Elements of w remaining: 33 (97.06%)
* UVC proof at step 40
* G1 elements in proof: 2
* G2 elements in proof: 1
* Proof size in bits: 1019
* Cached h poly size: 1151
* UVC Prove step 41
* Elements of w skipped: 0 (0.00%)
* Elements of w processed with special addition: 1 (2.94%)
* Elements of w remaining: 33 (97.06%)
* Elements of w skipped: 0 (0.00%)
* Elements of w processed with special addition: 1 (5.56%)
* Elements of w remaining: 17 (94.44%)
* Elements of w skipped: 0 (0.00%)
* Elements of w processed with special addition: 1 (2.94%)
* Elements of w remaining: 33 (97.06%)
* UVC proof at step 41
* G1 elements in proof: 2
* G2 elements in proof: 1
* Proof size in bits: 1019
* Cached h poly size: 1151
* UVC Prove step 42
* Elements of w skipped: 0 (0.00%)
* Elements of w processed with special addition: 1 (2.94%)
* Elements of w remaining: 33 (97.06%)
* Elements of w skipped: 0 (0.00%)
* Elements of w processed with special addition: 1 (5.56%)
* Elements of w remaining: 17 (94.44%)
* Elements of w skipped: 0 (0.00%)
* Elements of w processed with special addition: 1 (2.94%)
* Elements of w remaining: 33 (97.06%)
* UVC proof at step 42
* G1 elements in proof: 2
* G2 elements in proof: 1
* Proof size in bits: 1019
* Cached h poly size: 1151
* UVC Prove step 43
* Elements of w skipped: 0 (0.00%)
* Elements of w processed with special addition: 1 (2.94%)
* Elements of w remaining: 33 (97.06%)
* Elements of w skipped: 0 (0.00%)
* Elements of w processed with special addition: 1 (5.56%)
* Elements of w remaining: 17 (94.44%)
* Elements of w skipped: 0 (0.00%)
* Elements of w processed with special addition: 1 (2.94%)
* Elements of w remaining: 33 (97.06%)
* UVC proof at step 43
* G1 elements in proof: 2
* G2 elements in proof: 1
* Proof size in bits: 1019
* Cached h poly size: 1151
* UVC Prove step 44
* Elements of w skipped: 0 (0.00%)
* Elements of w processed with special addition: 1 (2.94%)
* Elements of w remaining: 33 (97.06%)
* Elements of w skipped: 0 (0.00%)
* Elements of w processed with special addition: 1 (5.56%)
* Elements of w remaining: 17 (94.44%)
* Elements of w skipped: 0 (0.00%)
* Elements of w processed with special addition: 1 (2.94%)
* Elements of w remaining: 33 (97.06%)
* UVC proof at step 44
* G1 elements in proof: 2
* G2 elements in proof: 1
* Proof size in bits: 1019
* Cached h poly size: 1151
* UVC Prove step 45
* Elements of w skipped: 0 (0.00%)
* Elements of w processed with special addition: 1 (2.94%)
* Elements of w remaining: 33 (97.06%)
* Elements of w skipped: 0 (0.00%)
* Elements of w processed with special addition: 1 (5.56%)
* Elements of w remaining: 17 (94.44%)
* Elements of w skipped: 0 (0.00%)
* Elements of w processed with special addition: 1 (2.94%)
* Elements of w remaining: 33 (97.06%)
* UVC proof at step 45
* G1 elements in proof: 2
* G2 elements in proof: 1
* Proof size in bits: 1019
* Cached h poly size: 1151
* UVC Prove step 46
* Elements of w skipped: 0 (0.00%)
* Elements of w processed with special addition: 1 (2.94%)
* Elements of w remaining: 33 (97.06%)
* Elements of w skipped: 0 (0.00%)
* Elements of w processed with special addition: 1 (5.56%)
* Elements of w remaining: 17 (94.44%)
* Elements of w skipped: 0 (0.00%)
* Elements of w processed with special addition: 1 (2.94%)
* Elements of w remaining: 33 (97.06%)
* UVC proof at step 46
* G1 elements in proof: 2
* G2 elements in proof: 1
* Proof size in bits: 1019
* Cached h poly size: 1151
* UVC Prove step 47
* Elements of w skipped: 0 (0.00%)
* Elements of w processed with special addition: 1 (2.94%)
* Elements of w remaining: 33 (97.06%)
* Elements of w skipped: 0 (0.00%)
* Elements of w processed with special addition: 1 (5.56%)
* Elements of w remaining: 17 (94.44%)
* Elements of w skipped: 0 (0.00%)
* Elements of w processed with special addition: 1 (2.94%)
* Elements of w remaining: 33 (97.06%)
* UVC proof at step 47
* G1 elements in proof: 2
* G2 elements in proof: 1
* Proof size in bits: 1019
* Cached h poly size: 1151
* UVC Prove step 48
* Elements of w skipped: 0 (0.00%)
* Elements of w processed with special addition: 1 (2.94%)
* Elements of w remaining: 33 (97.06%)
* Elements of w skipped: 0 (0.00%)
* Elements of w processed with special addition: 1 (5.56%)
* Elements of w remaining: 17 (94.44%)
* Elements of w skipped: 0 (0.00%)
* Elements of w processed with special addition: 1 (2.94%)
* Elements of w remaining: 33 (97.06%)
* UVC proof at step 48
* G1 elements in proof: 2
* G2 elements in proof: 1
* Proof size in bits: 1019
* Cached h poly size: 1151
* UVC Prove step 49
* Elements of w skipped: 0 (0.00%)
* Elements of w processed with special addition: 1 (2.94%)
* Elements of w remaining: 33 (97.06%)
* Elements of w skipped: 0 (0.00%)
* Elements of w processed with special addition: 1 (5.56%)
* Elements of w remaining: 17 (94.44%)
* Elements of w skipped: 0 (0.00%)
* Elements of w processed with special addition: 1 (2.94%)
* Elements of w remaining: 33 (97.06%)
* UVC proof at step 49
* G1 elements in proof: 2
* G2 elements in proof: 1
* Proof size in bits: 1019
* Cached h poly size: 1151
* UVC Prove step 50
* Elements of w skipped: 0 (0.00%)
* Elements of w processed with special addition: 1 (2.94%)
* Elements of w remaining: 33 (97.06%)
* Elements of w skipped: 0 (0.00%)
* Elements of w processed with special addition: 1 (5.56%)
* Elements of w remaining: 17 (94.44%)
* Elements of w skipped: 0 (0.00%)
* Elements of w processed with special addition: 1 (2.94%)
* Elements of w remaining: 33 (97.06%)
* UVC proof at step 50
* G1 elements in proof: 2
* G2 elements in proof: 1
* Proof size in bits: 1019
* Cached h poly size: 1151
* UVC Prove step 51
* Elements of w skipped: 0 (0.00%)
* Elements of w processed with special addition: 1 (2.94%)
* Elements of w remaining: 33 (97.06%)
* Elements of w skipped: 0 (0.00%)
* Elements of w processed with special addition: 1 (5.56%)
* Elements of w remaining: 17 (94.44%)
* Elements of w skipped: 0 (0.00%)
* Elements of w processed with special addition: 1 (2.94%)
* Elements of w remaining: 33 (97.06%)
* UVC proof at step 51
* G1 elements in proof: 2
* G2 elements in proof: 1
* Proof size in bits: 1019
* Cached h poly size: 1151
* UVC Prove step 52
* Elements of w skipped: 0 (0.00%)
* Elements of w processed with special addition: 1 (2.94%)
* Elements of w remaining: 33 (97.06%)
* Elements of w skipped: 0 (0.00%)
* Elements of w processed with special addition: 1 (5.56%)
* Elements of w remaining: 17 (94.44%)
* Elements of w skipped: 0 (0.00%)
* Elements of w processed with special addition: 1 (2.94%)
* Elements of w remaining: 33 (97.06%)
* UVC proof at step 52
* G1 elements in proof: 2
* G2 elements in proof: 1
* Proof size in bits: 1019
* Cached h poly size: 1151
* UVC Prove step 53
* Elements of w skipped: 0 (0.00%)
* Elements of w processed with special addition: 1 (2.94%)
* Elements of w remaining: 33 (97.06%)
* Elements of w skipped: 0 (0.00%)
* Elements of w processed with special addition: 1 (5.56%)
* Elements of w remaining: 17 (94.44%)
* Elements of w skipped: 0 (0.00%)
* Elements of w processed with special addition: 1 (2.94%)
* Elements of w remaining: 33 (97.06%)
* UVC proof at step 53
* G1 elements in proof: 2
* G2 elements in proof: 1
* Proof size in bits: 1019
* Cached h poly size: 1151
* UVC Prove step 54
* Elements of w skipped: 0 (0.00%)
* Elements of w processed with special addition: 1 (2.94%)
* Elements of w remaining: 33 (97.06%)
* Elements of w skipped: 0 (0.00%)
* Elements of w processed with special addition: 1 (5.56%)
* Elements of w remaining: 17 (94.44%)
* Elements of w skipped: 0 (0.00%)
* Elements of w processed with special addition: 1 (2.94%)
* Elements of w remaining: 33 (97.06%)
* UVC proof at step 54
* G1 elements in proof: 2
* G2 elements in proof: 1
* Proof size in bits: 1019
* Cached h poly size: 1151
* UVC Prove step 55
* Elements of w skipped: 0 (0.00%)
* Elements of w processed with special addition: 1 (2.94%)
* Elements of w remaining: 33 (97.06%)
* Elements of w skipped: 0 (0.00%)
* Elements of w processed with special addition: 1 (5.56%)
* Elements of w remaining: 17 (94.44%)
* Elements of w skipped: 0 (0.00%)
* Elements of w processed with special addition: 1 (2.94%)
* Elements of w remaining: 33 (97.06%)
* UVC proof at step 55
* G1 elements in proof: 2
* G2 elements in proof: 1
* Proof size in bits: 1019
* Cached h poly size: 1151
* UVC Prove step 56
* Elements of w skipped: 0 (0.00%)
* Elements of w processed with special addition: 1 (2.94%)
* Elements of w remaining: 33 (97.06%)
* Elements of w skipped: 0 (0.00%)
* Elements of w processed with special addition: 1 (5.56%)
* Elements of w remaining: 17 (94.44%)
* Elements of w skipped: 0 (0.00%)
* Elements of w processed with special addition: 1 (2.94%)
* Elements of w remaining: 33 (97.06%)
* UVC proof at step 56
* G1 elements in proof: 2
* G2 elements in proof: 1
* Proof size in bits: 1019
* Cached h poly size: 1151
* UVC Prove step 57
* Elements of w skipped: 0 (0.00%)
* Elements of w processed with special addition: 1 (2.94%)
* Elements of w remaining: 33 (97.06%)
* Elements of w skipped: 0 (0.00%)
* Elements of w processed with special addition: 1 (5.56%)
* Elements of w remaining: 17 (94.44%)
* Elements of w skipped: 0 (0.00%)
* Elements of w processed with special addition: 1 (2.94%)
* Elements of w remaining: 33 (97.06%)
* UVC proof at step 57
* G1 elements in proof: 2
* G2 elements in proof: 1
* Proof size in bits: 1019
* Cached h poly size: 1151
* UVC Prove step 58
* Elements of w skipped: 0 (0.00%)
* Elements of w processed with special addition: 1 (2.94%)
* Elements of w remaining: 33 (97.06%)
* Elements of w skipped: 0 (0.00%)
* Elements of w processed with special addition: 1 (5.56%)
* Elements of w remaining: 17 (94.44%)
* Elements of w skipped: 0 (0.00%)
* Elements of w processed with special addition: 1 (2.94%)
* Elements of w remaining: 33 (97.06%)
* UVC proof at step 58
* G1 elements in proof: 2
* G2 elements in proof: 1
* Proof size in bits: 1019
* Cached h poly size: 1151
* UVC Prove step 59
* Elements of w skipped: 0 (0.00%)
* Elements of w processed with special addition: 1 (2.94%)
* Elements of w remaining: 33 (97.06%)
* Elements of w skipped: 0 (0.00%)
* Elements of w processed with special addition: 1 (5.56%)
* Elements of w remaining: 17 (94.44%)
* Elements of w skipped: 0 (0.00%)
* Elements of w processed with special addition: 1 (2.94%)
* Elements of w remaining: 33 (97.06%)
* UVC proof at step 59
* G1 elements in proof: 2
* G2 elements in proof: 1
* Proof size in bits: 1019
* Cached h poly size: 1151
* UVC Prove step 60
* Elements of w skipped: 0 (0.00%)
* Elements of w processed with special addition: 1 (2.94%)
* Elements of w remaining: 33 (97.06%)
* Elements of w skipped: 0 (0.00%)
* Elements of w processed with special addition: 1 (5.56%)
* Elements of w remaining: 17 (94.44%)
* Elements of w skipped: 0 (0.00%)
* Elements of w processed with special addition: 1 (2.94%)
* Elements of w remaining: 33 (97.06%)
* UVC proof at step 60
* G1 elements in proof: 2
* G2 elements in proof: 1
* Proof size in bits: 1019
* Cached h poly size: 1151
* UVC Prove step 61
* Elements of w skipped: 0 (0.00%)
* Elements of w processed with special addition: 1 (2.94%)
* Elements of w remaining: 33 (97.06%)
* Elements of w skipped: 0 (0.00%)
* Elements of w processed with special addition: 1 (5.56%)
* Elements of w remaining: 17 (94.44%)
* Elements of w skipped: 0 (0.00%)
* Elements of w processed with special addition: 1 (2.94%)
* Elements of w remaining: 33 (97.06%)
* UVC proof at step 61
* G1 elements in proof: 2
* G2 elements in proof: 1
* Proof size in bits: 1019
* Cached h poly size: 1151
* UVC Prove step 62
* Elements of w skipped: 0 (0.00%)
* Elements of w processed with special addition: 1 (2.94%)
* Elements of w remaining: 33 (97.06%)
* Elements of w skipped: 0 (0.00%)
* Elements of w processed with special addition: 1 (5.56%)
* Elements of w remaining: 17 (94.44%)
* Elements of w skipped: 0 (0.00%)
* Elements of w processed with special addition: 1 (2.94%)
* Elements of w remaining: 33 (97.06%)
* UVC proof at step 62
* G1 elements in proof: 2
* G2 elements in proof: 1
* Proof size in bits: 1019
* Cached h poly size: 1151
* UVC Prove step 63
* Elements of w skipped: 0 (0.00%)
* Elements of w processed with special addition: 1 (2.94%)
* Elements of w remaining: 33 (97.06%)
* Elements of w skipped: 0 (0.00%)
* Elements of w processed with special addition: 1 (5.56%)
* Elements of w remaining: 17 (94.44%)
* Elements of w skipped: 0 (0.00%)
* Elements of w processed with special addition: 1 (2.94%)
* Elements of w remaining: 33 (97.06%)
* UVC proof at step 63
* G1 elements in proof: 2
* G2 elements in proof: 1
* Proof size in bits: 1019
* Cached h poly size: 1151
* UVC Prove step 64
* Elements of w skipped: 0 (0.00%)
* Elements of w processed with special addition: 1 (2.94%)
* Elements of w remaining: 33 (97.06%)
* Elements of w skipped: 0 (0.00%)
* Elements of w processed with special addition: 1 (5.88%)
* Elements of w remaining: 16 (94.12%)
* Elements of w skipped: 0 (0.00%)
* Elements of w processed with special addition: 1 (2.94%)
* Elements of w remaining: 33 (97.06%)
* UVC proof at step 64
* G1 elements in proof: 2
* G2 elements in proof: 1
* Proof size in bits: 1019
* Cached h poly size: 1151

  Step    Prove (ms)    Verify (ms)   Proof bits    Verified  
  ------  ------------  ------------  ------------  ----------
* UVC Prove step 1
* Elements of w skipped: 1 (2.78%)
* Elements of w processed with special addition: 3 (8.33%)
* Elements of w remaining: 32 (88.89%)
* Elements of w skipped: 1 (5.26%)
* Elements of w processed with special addition: 1 (5.26%)
* Elements of w remaining: 17 (89.47%)
* Elements of w skipped: 0 (0.00%)
* Elements of w processed with special addition: 0 (0.00%)
* Elements of w remaining: 17 (100.00%)
* UVC proof at step 1
* G1 elements in proof: 2
* G2 elements in proof: 1
* Proof size in bits: 1019
* Cached h poly size: 1151
* UVC Prove step 1
* Elements of w skipped: 1 (2.78%)
* Elements of w processed with special addition: 3 (8.33%)
* Elements of w remaining: 32 (88.89%)
* Elements of w skipped: 1 (5.26%)
* Elements of w processed with special addition: 1 (5.26%)
* Elements of w remaining: 17 (89.47%)
* Elements of w skipped: 0 (0.00%)
* Elements of w processed with special addition: 0 (0.00%)
* Elements of w remaining: 17 (100.00%)
* UVC proof at step 1
* G1 elements in proof: 2
* G2 elements in proof: 1
* Proof size in bits: 1019
* Cached h poly size: 1151
* UVC Prove step 1
* Elements of w skipped: 1 (2.78%)
* Elements of w processed with special addition: 3 (8.33%)
* Elements of w remaining: 32 (88.89%)
* Elements of w skipped: 1 (5.26%)
* Elements of w processed with special addition: 1 (5.26%)
* Elements of w remaining: 17 (89.47%)
* Elements of w skipped: 0 (0.00%)
* Elements of w processed with special addition: 0 (0.00%)
* Elements of w remaining: 17 (100.00%)
* UVC proof at step 1
* G1 elements in proof: 2
* G2 elements in proof: 1
* Proof size in bits: 1019
* Cached h poly size: 1151
* UVC Prove step 1
* Elements of w skipped: 1 (2.78%)
* Elements of w processed with special addition: 3 (8.33%)
* Elements of w remaining: 32 (88.89%)
* Elements of w skipped: 1 (5.26%)
* Elements of w processed with special addition: 1 (5.26%)
* Elements of w remaining: 17 (89.47%)
* Elements of w skipped: 0 (0.00%)
* Elements of w processed with special addition: 0 (0.00%)
* Elements of w remaining: 17 (100.00%)
* UVC proof at step 1
* G1 elements in proof: 2
* G2 elements in proof: 1
* Proof size in bits: 1019
* Cached h poly size: 1151
* UVC Prove step 1
* Elements of w skipped: 1 (2.78%)
* Elements of w processed with special addition: 3 (8.33%)
* Elements of w remaining: 32 (88.89%)
* Elements of w skipped: 1 (5.26%)
* Elements of w processed with special addition: 1 (5.26%)
* Elements of w remaining: 17 (89.47%)
* Elements of w skipped: 0 (0.00%)
* Elements of w processed with special addition: 0 (0.00%)
* Elements of w remaining: 17 (100.00%)
* UVC proof at step 1
* G1 elements in proof: 2
* G2 elements in proof: 1
* Proof size in bits: 1019
* Cached h poly size: 1151
* UVC Prove step 1
* Elements of w skipped: 1 (2.78%)
* Elements of w processed with special addition: 3 (8.33%)
* Elements of w remaining: 32 (88.89%)
* Elements of w skipped: 1 (5.26%)
* Elements of w processed with special addition: 1 (5.26%)
* Elements of w remaining: 17 (89.47%)
* Elements of w skipped: 0 (0.00%)
* Elements of w processed with special addition: 0 (0.00%)
* Elements of w remaining: 17 (100.00%)
* UVC proof at step 1
* G1 elements in proof: 2
* G2 elements in proof: 1
* Proof size in bits: 1019
* Cached h poly size: 1151
* UVC Prove step 1
* Elements of w skipped: 1 (2.78%)
* Elements of w processed with special addition: 3 (8.33%)
* Elements of w remaining: 32 (88.89%)
* Elements of w skipped: 1 (5.26%)
* Elements of w processed with special addition: 1 (5.26%)
* Elements of w remaining: 17 (89.47%)
* Elements of w skipped: 0 (0.00%)
* Elements of w processed with special addition: 0 (0.00%)
* Elements of w remaining: 17 (100.00%)
* UVC proof at step 1
* G1 elements in proof: 2
* G2 elements in proof: 1
* Proof size in bits: 1019
* Cached h poly size: 1151
* UVC Prove step 1
* Elements of w skipped: 1 (2.78%)
* Elements of w processed with special addition: 3 (8.33%)
* Elements of w remaining: 32 (88.89%)
* Elements of w skipped: 1 (5.26%)
* Elements of w processed with special addition: 1 (5.26%)
* Elements of w remaining: 17 (89.47%)
* Elements of w skipped: 0 (0.00%)
* Elements of w processed with special addition: 0 (0.00%)
* Elements of w remaining: 17 (100.00%)
* UVC proof at step 1
* G1 elements in proof: 2
* G2 elements in proof: 1
* Proof size in bits: 1019
* Cached h poly size: 1151
* UVC Prove step 1
* Elements of w skipped: 1 (2.78%)
* Elements of w processed with special addition: 3 (8.33%)
* Elements of w remaining: 32 (88.89%)
* Elements of w skipped: 1 (5.26%)
* Elements of w processed with special addition: 1 (5.26%)
* Elements of w remaining: 17 (89.47%)
* Elements of w skipped: 0 (0.00%)
* Elements of w processed with special addition: 0 (0.00%)
* Elements of w remaining: 17 (100.00%)
* UVC proof at step 1
* G1 elements in proof: 2
* G2 elements in proof: 1
* Proof size in bits: 1019
* Cached h poly size: 1151
* UVC Prove step 1
* Elements of w skipped: 1 (2.78%)
* Elements of w processed with special addition: 3 (8.33%)
* Elements of w remaining: 32 (88.89%)
* Elements of w skipped: 1 (5.26%)
* Elements of w processed with special addition: 1 (5.26%)
* Elements of w remaining: 17 (89.47%)
* Elements of w skipped: 0 (0.00%)
* Elements of w processed with special addition: 0 (0.00%)
* Elements of w remaining: 17 (100.00%)
* UVC proof at step 1
* G1 elements in proof: 2
* G2 elements in proof: 1
* Proof size in bits: 1019
* Cached h poly size: 1151
* UVC Verify step 1: PASS
* UVC Verify step 1: PASS
* UVC Verify step 1: PASS
* UVC Verify step 1: PASS
* UVC Verify step 1: PASS
* UVC Verify step 1: PASS
* UVC Verify step 1: PASS
* UVC Verify step 1: PASS
* UVC Verify step 1: PASS
* UVC Verify step 1: PASS
  1       42.66         2.79          1019          PASS      
* UVC Prove step 2
* Elements of w skipped: 0 (0.00%)
* Elements of w processed with special addition: 1 (2.94%)
* Elements of w remaining: 33 (97.06%)
* Elements of w skipped: 0 (0.00%)
* Elements of w processed with special addition: 1 (5.56%)
* Elements of w remaining: 17 (94.44%)
* Elements of w skipped: 0 (0.00%)
* Elements of w processed with special addition: 1 (2.94%)
* Elements of w remaining: 33 (97.06%)
* UVC proof at step 2
* G1 elements in proof: 2
* G2 elements in proof: 1
* Proof size in bits: 1019
* Cached h poly size: 1151
* UVC Prove step 2
* Elements of w skipped: 0 (0.00%)
* Elements of w processed with special addition: 1 (2.94%)
* Elements of w remaining: 33 (97.06%)
* Elements of w skipped: 0 (0.00%)
* Elements of w processed with special addition: 1 (5.56%)
* Elements of w remaining: 17 (94.44%)
* Elements of w skipped: 0 (0.00%)
* Elements of w processed with special addition: 1 (2.94%)
* Elements of w remaining: 33 (97.06%)
* UVC proof at step 2
* G1 elements in proof: 2
* G2 elements in proof: 1
* Proof size in bits: 1019
* Cached h poly size: 1151
* UVC Prove step 2
* Elements of w skipped: 0 (0.00%)
* Elements of w processed with special addition: 1 (2.94%)
* Elements of w remaining: 33 (97.06%)
* Elements of w skipped: 0 (0.00%)
* Elements of w processed with special addition: 1 (5.56%)
* Elements of w remaining: 17 (94.44%)
* Elements of w skipped: 0 (0.00%)
* Elements of w processed with special addition: 1 (2.94%)
* Elements of w remaining: 33 (97.06%)
* UVC proof at step 2
* G1 elements in proof: 2
* G2 elements in proof: 1
* Proof size in bits: 1019
* Cached h poly size: 1151
* UVC Prove step 2
* Elements of w skipped: 0 (0.00%)
* Elements of w processed with special addition: 1 (2.94%)
* Elements of w remaining: 33 (97.06%)
* Elements of w skipped: 0 (0.00%)
* Elements of w processed with special addition: 1 (5.56%)
* Elements of w remaining: 17 (94.44%)
* Elements of w skipped: 0 (0.00%)
* Elements of w processed with special addition: 1 (2.94%)
* Elements of w remaining: 33 (97.06%)
* UVC proof at step 2
* G1 elements in proof: 2
* G2 elements in proof: 1
* Proof size in bits: 1019
* Cached h poly size: 1151
* UVC Prove step 2
* Elements of w skipped: 0 (0.00%)
* Elements of w processed with special addition: 1 (2.94%)
* Elements of w remaining: 33 (97.06%)
* Elements of w skipped: 0 (0.00%)
* Elements of w processed with special addition: 1 (5.56%)
* Elements of w remaining: 17 (94.44%)
* Elements of w skipped: 0 (0.00%)
* Elements of w processed with special addition: 1 (2.94%)
* Elements of w remaining: 33 (97.06%)
* UVC proof at step 2
* G1 elements in proof: 2
* G2 elements in proof: 1
* Proof size in bits: 1019
* Cached h poly size: 1151
* UVC Prove step 2
* Elements of w skipped: 0 (0.00%)
* Elements of w processed with special addition: 1 (2.94%)
* Elements of w remaining: 33 (97.06%)
* Elements of w skipped: 0 (0.00%)
* Elements of w processed with special addition: 1 (5.56%)
* Elements of w remaining: 17 (94.44%)
* Elements of w skipped: 0 (0.00%)
* Elements of w processed with special addition: 1 (2.94%)
* Elements of w remaining: 33 (97.06%)
* UVC proof at step 2
* G1 elements in proof: 2
* G2 elements in proof: 1
* Proof size in bits: 1019
* Cached h poly size: 1151
* UVC Prove step 2
* Elements of w skipped: 0 (0.00%)
* Elements of w processed with special addition: 1 (2.94%)
* Elements of w remaining: 33 (97.06%)
* Elements of w skipped: 0 (0.00%)
* Elements of w processed with special addition: 1 (5.56%)
* Elements of w remaining: 17 (94.44%)
* Elements of w skipped: 0 (0.00%)
* Elements of w processed with special addition: 1 (2.94%)
* Elements of w remaining: 33 (97.06%)
* UVC proof at step 2
* G1 elements in proof: 2
* G2 elements in proof: 1
* Proof size in bits: 1019
* Cached h poly size: 1151
* UVC Prove step 2
* Elements of w skipped: 0 (0.00%)
* Elements of w processed with special addition: 1 (2.94%)
* Elements of w remaining: 33 (97.06%)
* Elements of w skipped: 0 (0.00%)
* Elements of w processed with special addition: 1 (5.56%)
* Elements of w remaining: 17 (94.44%)
* Elements of w skipped: 0 (0.00%)
* Elements of w processed with special addition: 1 (2.94%)
* Elements of w remaining: 33 (97.06%)
* UVC proof at step 2
* G1 elements in proof: 2
* G2 elements in proof: 1
* Proof size in bits: 1019
* Cached h poly size: 1151
* UVC Prove step 2
* Elements of w skipped: 0 (0.00%)
* Elements of w processed with special addition: 1 (2.94%)
* Elements of w remaining: 33 (97.06%)
* Elements of w skipped: 0 (0.00%)
* Elements of w processed with special addition: 1 (5.56%)
* Elements of w remaining: 17 (94.44%)
* Elements of w skipped: 0 (0.00%)
* Elements of w processed with special addition: 1 (2.94%)
* Elements of w remaining: 33 (97.06%)
* UVC proof at step 2
* G1 elements in proof: 2
* G2 elements in proof: 1
* Proof size in bits: 1019
* Cached h poly size: 1151
* UVC Prove step 2
* Elements of w skipped: 0 (0.00%)
* Elements of w processed with special addition: 1 (2.94%)
* Elements of w remaining: 33 (97.06%)
* Elements of w skipped: 0 (0.00%)
* Elements of w processed with special addition: 1 (5.56%)
* Elements of w remaining: 17 (94.44%)
* Elements of w skipped: 0 (0.00%)
* Elements of w processed with special addition: 1 (2.94%)
* Elements of w remaining: 33 (97.06%)
* UVC proof at step 2
* G1 elements in proof: 2
* G2 elements in proof: 1
* Proof size in bits: 1019
* Cached h poly size: 1151
* UVC Verify step 2: PASS
* UVC Verify step 2: PASS
* UVC Verify step 2: PASS
* UVC Verify step 2: PASS
* UVC Verify step 2: PASS
* UVC Verify step 2: PASS
* UVC Verify step 2: PASS
* UVC Verify step 2: PASS
* UVC Verify step 2: PASS
* UVC Verify step 2: PASS
  2       42.31         2.76          1019          PASS      
* UVC Prove step 4
* Elements of w skipped: 0 (0.00%)
* Elements of w processed with special addition: 1 (2.94%)
* Elements of w remaining: 33 (97.06%)
* Elements of w skipped: 0 (0.00%)
* Elements of w processed with special addition: 1 (5.56%)
* Elements of w remaining: 17 (94.44%)
* Elements of w skipped: 0 (0.00%)
* Elements of w processed with special addition: 1 (2.94%)
* Elements of w remaining: 33 (97.06%)
* UVC proof at step 4
* G1 elements in proof: 2
* G2 elements in proof: 1
* Proof size in bits: 1019
* Cached h poly size: 1151
* UVC Prove step 4
* Elements of w skipped: 0 (0.00%)
* Elements of w processed with special addition: 1 (2.94%)
* Elements of w remaining: 33 (97.06%)
* Elements of w skipped: 0 (0.00%)
* Elements of w processed with special addition: 1 (5.56%)
* Elements of w remaining: 17 (94.44%)
* Elements of w skipped: 0 (0.00%)
* Elements of w processed with special addition: 1 (2.94%)
* Elements of w remaining: 33 (97.06%)
* UVC proof at step 4
* G1 elements in proof: 2
* G2 elements in proof: 1
* Proof size in bits: 1019
* Cached h poly size: 1151
* UVC Prove step 4
* Elements of w skipped: 0 (0.00%)
* Elements of w processed with special addition: 1 (2.94%)
* Elements of w remaining: 33 (97.06%)
* Elements of w skipped: 0 (0.00%)
* Elements of w processed with special addition: 1 (5.56%)
* Elements of w remaining: 17 (94.44%)
* Elements of w skipped: 0 (0.00%)
* Elements of w processed with special addition: 1 (2.94%)
* Elements of w remaining: 33 (97.06%)
* UVC proof at step 4
* G1 elements in proof: 2
* G2 elements in proof: 1
* Proof size in bits: 1019
* Cached h poly size: 1151
* UVC Prove step 4
* Elements of w skipped: 0 (0.00%)
* Elements of w processed with special addition: 1 (2.94%)
* Elements of w remaining: 33 (97.06%)
* Elements of w skipped: 0 (0.00%)
* Elements of w processed with special addition: 1 (5.56%)
* Elements of w remaining: 17 (94.44%)
* Elements of w skipped: 0 (0.00%)
* Elements of w processed with special addition: 1 (2.94%)
* Elements of w remaining: 33 (97.06%)
* UVC proof at step 4
* G1 elements in proof: 2
* G2 elements in proof: 1
* Proof size in bits: 1019
* Cached h poly size: 1151
* UVC Prove step 4
* Elements of w skipped: 0 (0.00%)
* Elements of w processed with special addition: 1 (2.94%)
* Elements of w remaining: 33 (97.06%)
* Elements of w skipped: 0 (0.00%)
* Elements of w processed with special addition: 1 (5.56%)
* Elements of w remaining: 17 (94.44%)
* Elements of w skipped: 0 (0.00%)
* Elements of w processed with special addition: 1 (2.94%)
* Elements of w remaining: 33 (97.06%)
* UVC proof at step 4
* G1 elements in proof: 2
* G2 elements in proof: 1
* Proof size in bits: 1019
* Cached h poly size: 1151
* UVC Prove step 4
* Elements of w skipped: 0 (0.00%)
* Elements of w processed with special addition: 1 (2.94%)
* Elements of w remaining: 33 (97.06%)
* Elements of w skipped: 0 (0.00%)
* Elements of w processed with special addition: 1 (5.56%)
* Elements of w remaining: 17 (94.44%)
* Elements of w skipped: 0 (0.00%)
* Elements of w processed with special addition: 1 (2.94%)
* Elements of w remaining: 33 (97.06%)
* UVC proof at step 4
* G1 elements in proof: 2
* G2 elements in proof: 1
* Proof size in bits: 1019
* Cached h poly size: 1151
* UVC Prove step 4
* Elements of w skipped: 0 (0.00%)
* Elements of w processed with special addition: 1 (2.94%)
* Elements of w remaining: 33 (97.06%)
* Elements of w skipped: 0 (0.00%)
* Elements of w processed with special addition: 1 (5.56%)
* Elements of w remaining: 17 (94.44%)
* Elements of w skipped: 0 (0.00%)
* Elements of w processed with special addition: 1 (2.94%)
* Elements of w remaining: 33 (97.06%)
* UVC proof at step 4
* G1 elements in proof: 2
* G2 elements in proof: 1
* Proof size in bits: 1019
* Cached h poly size: 1151
* UVC Prove step 4
* Elements of w skipped: 0 (0.00%)
* Elements of w processed with special addition: 1 (2.94%)
* Elements of w remaining: 33 (97.06%)
* Elements of w skipped: 0 (0.00%)
* Elements of w processed with special addition: 1 (5.56%)
* Elements of w remaining: 17 (94.44%)
* Elements of w skipped: 0 (0.00%)
* Elements of w processed with special addition: 1 (2.94%)
* Elements of w remaining: 33 (97.06%)
* UVC proof at step 4
* G1 elements in proof: 2
* G2 elements in proof: 1
* Proof size in bits: 1019
* Cached h poly size: 1151
* UVC Prove step 4
* Elements of w skipped: 0 (0.00%)
* Elements of w processed with special addition: 1 (2.94%)
* Elements of w remaining: 33 (97.06%)
* Elements of w skipped: 0 (0.00%)
* Elements of w processed with special addition: 1 (5.56%)
* Elements of w remaining: 17 (94.44%)
* Elements of w skipped: 0 (0.00%)
* Elements of w processed with special addition: 1 (2.94%)
* Elements of w remaining: 33 (97.06%)
* UVC proof at step 4
* G1 elements in proof: 2
* G2 elements in proof: 1
* Proof size in bits: 1019
* Cached h poly size: 1151
* UVC Prove step 4
* Elements of w skipped: 0 (0.00%)
* Elements of w processed with special addition: 1 (2.94%)
* Elements of w remaining: 33 (97.06%)
* Elements of w skipped: 0 (0.00%)
* Elements of w processed with special addition: 1 (5.56%)
* Elements of w remaining: 17 (94.44%)
* Elements of w skipped: 0 (0.00%)
* Elements of w processed with special addition: 1 (2.94%)
* Elements of w remaining: 33 (97.06%)
* UVC proof at step 4
* G1 elements in proof: 2
* G2 elements in proof: 1
* Proof size in bits: 1019
* Cached h poly size: 1151
* UVC Verify step 4: PASS
* UVC Verify step 4: PASS
* UVC Verify step 4: PASS
* UVC Verify step 4: PASS
* UVC Verify step 4: PASS
* UVC Verify step 4: PASS
* UVC Verify step 4: PASS
* UVC Verify step 4: PASS
* UVC Verify step 4: PASS
* UVC Verify step 4: PASS
  4       42.45         2.71          1019          PASS      
* UVC Prove step 8
* Elements of w skipped: 0 (0.00%)
* Elements of w processed with special addition: 1 (2.94%)
* Elements of w remaining: 33 (97.06%)
* Elements of w skipped: 0 (0.00%)
* Elements of w processed with special addition: 1 (5.56%)
* Elements of w remaining: 17 (94.44%)
* Elements of w skipped: 0 (0.00%)
* Elements of w processed with special addition: 1 (2.94%)
* Elements of w remaining: 33 (97.06%)
* UVC proof at step 8
* G1 elements in proof: 2
* G2 elements in proof: 1
* Proof size in bits: 1019
* Cached h poly size: 1151
* UVC Prove step 8
* Elements of w skipped: 0 (0.00%)
* Elements of w processed with special addition: 1 (2.94%)
* Elements of w remaining: 33 (97.06%)
* Elements of w skipped: 0 (0.00%)
* Elements of w processed with special addition: 1 (5.56%)
* Elements of w remaining: 17 (94.44%)
* Elements of w skipped: 0 (0.00%)
* Elements of w processed with special addition: 1 (2.94%)
* Elements of w remaining: 33 (97.06%)
* UVC proof at step 8
* G1 elements in proof: 2
* G2 elements in proof: 1
* Proof size in bits: 1019
* Cached h poly size: 1151
* UVC Prove step 8
* Elements of w skipped: 0 (0.00%)
* Elements of w processed with special addition: 1 (2.94%)
* Elements of w remaining: 33 (97.06%)
* Elements of w skipped: 0 (0.00%)
* Elements of w processed with special addition: 1 (5.56%)
* Elements of w remaining: 17 (94.44%)
* Elements of w skipped: 0 (0.00%)
* Elements of w processed with special addition: 1 (2.94%)
* Elements of w remaining: 33 (97.06%)
* UVC proof at step 8
* G1 elements in proof: 2
* G2 elements in proof: 1
* Proof size in bits: 1019
* Cached h poly size: 1151
* UVC Prove step 8
* Elements of w skipped: 0 (0.00%)
* Elements of w processed with special addition: 1 (2.94%)
* Elements of w remaining: 33 (97.06%)
* Elements of w skipped: 0 (0.00%)
* Elements of w processed with special addition: 1 (5.56%)
* Elements of w remaining: 17 (94.44%)
* Elements of w skipped: 0 (0.00%)
* Elements of w processed with special addition: 1 (2.94%)
* Elements of w remaining: 33 (97.06%)
* UVC proof at step 8
* G1 elements in proof: 2
* G2 elements in proof: 1
* Proof size in bits: 1019
* Cached h poly size: 1151
* UVC Prove step 8
* Elements of w skipped: 0 (0.00%)
* Elements of w processed with special addition: 1 (2.94%)
* Elements of w remaining: 33 (97.06%)
* Elements of w skipped: 0 (0.00%)
* Elements of w processed with special addition: 1 (5.56%)
* Elements of w remaining: 17 (94.44%)
* Elements of w skipped: 0 (0.00%)
* Elements of w processed with special addition: 1 (2.94%)
* Elements of w remaining: 33 (97.06%)
* UVC proof at step 8
* G1 elements in proof: 2
* G2 elements in proof: 1
* Proof size in bits: 1019
* Cached h poly size: 1151
* UVC Prove step 8
* Elements of w skipped: 0 (0.00%)
* Elements of w processed with special addition: 1 (2.94%)
* Elements of w remaining: 33 (97.06%)
* Elements of w skipped: 0 (0.00%)
* Elements of w processed with special addition: 1 (5.56%)
* Elements of w remaining: 17 (94.44%)
* Elements of w skipped: 0 (0.00%)
* Elements of w processed with special addition: 1 (2.94%)
* Elements of w remaining: 33 (97.06%)
* UVC proof at step 8
* G1 elements in proof: 2
* G2 elements in proof: 1
* Proof size in bits: 1019
* Cached h poly size: 1151
* UVC Prove step 8
* Elements of w skipped: 0 (0.00%)
* Elements of w processed with special addition: 1 (2.94%)
* Elements of w remaining: 33 (97.06%)
* Elements of w skipped: 0 (0.00%)
* Elements of w processed with special addition: 1 (5.56%)
* Elements of w remaining: 17 (94.44%)
* Elements of w skipped: 0 (0.00%)
* Elements of w processed with special addition: 1 (2.94%)
* Elements of w remaining: 33 (97.06%)
* UVC proof at step 8
* G1 elements in proof: 2
* G2 elements in proof: 1
* Proof size in bits: 1019
* Cached h poly size: 1151
* UVC Prove step 8
* Elements of w skipped: 0 (0.00%)
* Elements of w processed with special addition: 1 (2.94%)
* Elements of w remaining: 33 (97.06%)
* Elements of w skipped: 0 (0.00%)
* Elements of w processed with special addition: 1 (5.56%)
* Elements of w remaining: 17 (94.44%)
* Elements of w skipped: 0 (0.00%)
* Elements of w processed with special addition: 1 (2.94%)
* Elements of w remaining: 33 (97.06%)
* UVC proof at step 8
* G1 elements in proof: 2
* G2 elements in proof: 1
* Proof size in bits: 1019
* Cached h poly size: 1151
* UVC Prove step 8
* Elements of w skipped: 0 (0.00%)
* Elements of w processed with special addition: 1 (2.94%)
* Elements of w remaining: 33 (97.06%)
* Elements of w skipped: 0 (0.00%)
* Elements of w processed with special addition: 1 (5.56%)
* Elements of w remaining: 17 (94.44%)
* Elements of w skipped: 0 (0.00%)
* Elements of w processed with special addition: 1 (2.94%)
* Elements of w remaining: 33 (97.06%)
* UVC proof at step 8
* G1 elements in proof: 2
* G2 elements in proof: 1
* Proof size in bits: 1019
* Cached h poly size: 1151
* UVC Prove step 8
* Elements of w skipped: 0 (0.00%)
* Elements of w processed with special addition: 1 (2.94%)
* Elements of w remaining: 33 (97.06%)
* Elements of w skipped: 0 (0.00%)
* Elements of w processed with special addition: 1 (5.56%)
* Elements of w remaining: 17 (94.44%)
* Elements of w skipped: 0 (0.00%)
* Elements of w processed with special addition: 1 (2.94%)
* Elements of w remaining: 33 (97.06%)
* UVC proof at step 8
* G1 elements in proof: 2
* G2 elements in proof: 1
* Proof size in bits: 1019
* Cached h poly size: 1151
* UVC Verify step 8: PASS
* UVC Verify step 8: PASS
* UVC Verify step 8: PASS
* UVC Verify step 8: PASS
* UVC Verify step 8: PASS
* UVC Verify step 8: PASS
* UVC Verify step 8: PASS
* UVC Verify step 8: PASS
* UVC Verify step 8: PASS
* UVC Verify step 8: PASS
  8       42.74         2.74          1019          PASS      
* UVC Prove step 16
* Elements of w skipped: 0 (0.00%)
* Elements of w processed with special addition: 1 (2.94%)
* Elements of w remaining: 33 (97.06%)
* Elements of w skipped: 0 (0.00%)
* Elements of w processed with special addition: 1 (5.56%)
* Elements of w remaining: 17 (94.44%)
* Elements of w skipped: 0 (0.00%)
* Elements of w processed with special addition: 1 (2.94%)
* Elements of w remaining: 33 (97.06%)
* UVC proof at step 16
* G1 elements in proof: 2
* G2 elements in proof: 1
* Proof size in bits: 1019
* Cached h poly size: 1151
* UVC Prove step 16
* Elements of w skipped: 0 (0.00%)
* Elements of w processed with special addition: 1 (2.94%)
* Elements of w remaining: 33 (97.06%)
* Elements of w skipped: 0 (0.00%)
* Elements of w processed with special addition: 1 (5.56%)
* Elements of w remaining: 17 (94.44%)
* Elements of w skipped: 0 (0.00%)
* Elements of w processed with special addition: 1 (2.94%)
* Elements of w remaining: 33 (97.06%)
* UVC proof at step 16
* G1 elements in proof: 2
* G2 elements in proof: 1
* Proof size in bits: 1019
* Cached h poly size: 1151
* UVC Prove step 16
* Elements of w skipped: 0 (0.00%)
* Elements of w processed with special addition: 1 (2.94%)
* Elements of w remaining: 33 (97.06%)
* Elements of w skipped: 0 (0.00%)
* Elements of w processed with special addition: 1 (5.56%)
* Elements of w remaining: 17 (94.44%)
* Elements of w skipped: 0 (0.00%)
* Elements of w processed with special addition: 1 (2.94%)
* Elements of w remaining: 33 (97.06%)
* UVC proof at step 16
* G1 elements in proof: 2
* G2 elements in proof: 1
* Proof size in bits: 1019
* Cached h poly size: 1151
* UVC Prove step 16
* Elements of w skipped: 0 (0.00%)
* Elements of w processed with special addition: 1 (2.94%)
* Elements of w remaining: 33 (97.06%)
* Elements of w skipped: 0 (0.00%)
* Elements of w processed with special addition: 1 (5.56%)
* Elements of w remaining: 17 (94.44%)
* Elements of w skipped: 0 (0.00%)
* Elements of w processed with special addition: 1 (2.94%)
* Elements of w remaining: 33 (97.06%)
* UVC proof at step 16
* G1 elements in proof: 2
* G2 elements in proof: 1
* Proof size in bits: 1019
* Cached h poly size: 1151
* UVC Prove step 16
* Elements of w skipped: 0 (0.00%)
* Elements of w processed with special addition: 1 (2.94%)
* Elements of w remaining: 33 (97.06%)
* Elements of w skipped: 0 (0.00%)
* Elements of w processed with special addition: 1 (5.56%)
* Elements of w remaining: 17 (94.44%)
* Elements of w skipped: 0 (0.00%)
* Elements of w processed with special addition: 1 (2.94%)
* Elements of w remaining: 33 (97.06%)
* UVC proof at step 16
* G1 elements in proof: 2
* G2 elements in proof: 1
* Proof size in bits: 1019
* Cached h poly size: 1151
* UVC Prove step 16
* Elements of w skipped: 0 (0.00%)
* Elements of w processed with special addition: 1 (2.94%)
* Elements of w remaining: 33 (97.06%)
* Elements of w skipped: 0 (0.00%)
* Elements of w processed with special addition: 1 (5.56%)
* Elements of w remaining: 17 (94.44%)
* Elements of w skipped: 0 (0.00%)
* Elements of w processed with special addition: 1 (2.94%)
* Elements of w remaining: 33 (97.06%)
* UVC proof at step 16
* G1 elements in proof: 2
* G2 elements in proof: 1
* Proof size in bits: 1019
* Cached h poly size: 1151
* UVC Prove step 16
* Elements of w skipped: 0 (0.00%)
* Elements of w processed with special addition: 1 (2.94%)
* Elements of w remaining: 33 (97.06%)
* Elements of w skipped: 0 (0.00%)
* Elements of w processed with special addition: 1 (5.56%)
* Elements of w remaining: 17 (94.44%)
* Elements of w skipped: 0 (0.00%)
* Elements of w processed with special addition: 1 (2.94%)
* Elements of w remaining: 33 (97.06%)
* UVC proof at step 16
* G1 elements in proof: 2
* G2 elements in proof: 1
* Proof size in bits: 1019
* Cached h poly size: 1151
* UVC Prove step 16
* Elements of w skipped: 0 (0.00%)
* Elements of w processed with special addition: 1 (2.94%)
* Elements of w remaining: 33 (97.06%)
* Elements of w skipped: 0 (0.00%)
* Elements of w processed with special addition: 1 (5.56%)
* Elements of w remaining: 17 (94.44%)
* Elements of w skipped: 0 (0.00%)
* Elements of w processed with special addition: 1 (2.94%)
* Elements of w remaining: 33 (97.06%)
* UVC proof at step 16
* G1 elements in proof: 2
* G2 elements in proof: 1
* Proof size in bits: 1019
* Cached h poly size: 1151
* UVC Prove step 16
* Elements of w skipped: 0 (0.00%)
* Elements of w processed with special addition: 1 (2.94%)
* Elements of w remaining: 33 (97.06%)
* Elements of w skipped: 0 (0.00%)
* Elements of w processed with special addition: 1 (5.56%)
* Elements of w remaining: 17 (94.44%)
* Elements of w skipped: 0 (0.00%)
* Elements of w processed with special addition: 1 (2.94%)
* Elements of w remaining: 33 (97.06%)
* UVC proof at step 16
* G1 elements in proof: 2
* G2 elements in proof: 1
* Proof size in bits: 1019
* Cached h poly size: 1151
* UVC Prove step 16
* Elements of w skipped: 0 (0.00%)
* Elements of w processed with special addition: 1 (2.94%)
* Elements of w remaining: 33 (97.06%)
* Elements of w skipped: 0 (0.00%)
* Elements of w processed with special addition: 1 (5.56%)
* Elements of w remaining: 17 (94.44%)
* Elements of w skipped: 0 (0.00%)
* Elements of w processed with special addition: 1 (2.94%)
* Elements of w remaining: 33 (97.06%)
* UVC proof at step 16
* G1 elements in proof: 2
* G2 elements in proof: 1
* Proof size in bits: 1019
* Cached h poly size: 1151
* UVC Verify step 16: PASS
* UVC Verify step 16: PASS
* UVC Verify step 16: PASS
* UVC Verify step 16: PASS
* UVC Verify step 16: PASS
* UVC Verify step 16: PASS
* UVC Verify step 16: PASS
* UVC Verify step 16: PASS
* UVC Verify step 16: PASS
* UVC Verify step 16: PASS
  16      42.40         2.74          1019          PASS      
* UVC Prove step 32
* Elements of w skipped: 0 (0.00%)
* Elements of w processed with special addition: 1 (2.94%)
* Elements of w remaining: 33 (97.06%)
* Elements of w skipped: 0 (0.00%)
* Elements of w processed with special addition: 1 (5.56%)
* Elements of w remaining: 17 (94.44%)
* Elements of w skipped: 0 (0.00%)
* Elements of w processed with special addition: 1 (2.94%)
* Elements of w remaining: 33 (97.06%)
* UVC proof at step 32
* G1 elements in proof: 2
* G2 elements in proof: 1
* Proof size in bits: 1019
* Cached h poly size: 1151
* UVC Prove step 32
* Elements of w skipped: 0 (0.00%)
* Elements of w processed with special addition: 1 (2.94%)
* Elements of w remaining: 33 (97.06%)
* Elements of w skipped: 0 (0.00%)
* Elements of w processed with special addition: 1 (5.56%)
* Elements of w remaining: 17 (94.44%)
* Elements of w skipped: 0 (0.00%)
* Elements of w processed with special addition: 1 (2.94%)
* Elements of w remaining: 33 (97.06%)
* UVC proof at step 32
* G1 elements in proof: 2
* G2 elements in proof: 1
* Proof size in bits: 1019
* Cached h poly size: 1151
* UVC Prove step 32
* Elements of w skipped: 0 (0.00%)
* Elements of w processed with special addition: 1 (2.94%)
* Elements of w remaining: 33 (97.06%)
* Elements of w skipped: 0 (0.00%)
* Elements of w processed with special addition: 1 (5.56%)
* Elements of w remaining: 17 (94.44%)
* Elements of w skipped: 0 (0.00%)
* Elements of w processed with special addition: 1 (2.94%)
* Elements of w remaining: 33 (97.06%)
* UVC proof at step 32
* G1 elements in proof: 2
* G2 elements in proof: 1
* Proof size in bits: 1019
* Cached h poly size: 1151
* UVC Prove step 32
* Elements of w skipped: 0 (0.00%)
* Elements of w processed with special addition: 1 (2.94%)
* Elements of w remaining: 33 (97.06%)
* Elements of w skipped: 0 (0.00%)
* Elements of w processed with special addition: 1 (5.56%)
* Elements of w remaining: 17 (94.44%)
* Elements of w skipped: 0 (0.00%)
* Elements of w processed with special addition: 1 (2.94%)
* Elements of w remaining: 33 (97.06%)
* UVC proof at step 32
* G1 elements in proof: 2
* G2 elements in proof: 1
* Proof size in bits: 1019
* Cached h poly size: 1151
* UVC Prove step 32
* Elements of w skipped: 0 (0.00%)
* Elements of w processed with special addition: 1 (2.94%)
* Elements of w remaining: 33 (97.06%)
* Elements of w skipped: 0 (0.00%)
* Elements of w processed with special addition: 1 (5.56%)
* Elements of w remaining: 17 (94.44%)
* Elements of w skipped: 0 (0.00%)
* Elements of w processed with special addition: 1 (2.94%)
* Elements of w remaining: 33 (97.06%)
* UVC proof at step 32
* G1 elements in proof: 2
* G2 elements in proof: 1
* Proof size in bits: 1019
* Cached h poly size: 1151
* UVC Prove step 32
* Elements of w skipped: 0 (0.00%)
* Elements of w processed with special addition: 1 (2.94%)
* Elements of w remaining: 33 (97.06%)
* Elements of w skipped: 0 (0.00%)
* Elements of w processed with special addition: 1 (5.56%)
* Elements of w remaining: 17 (94.44%)
* Elements of w skipped: 0 (0.00%)
* Elements of w processed with special addition: 1 (2.94%)
* Elements of w remaining: 33 (97.06%)
* UVC proof at step 32
* G1 elements in proof: 2
* G2 elements in proof: 1
* Proof size in bits: 1019
* Cached h poly size: 1151
* UVC Prove step 32
* Elements of w skipped: 0 (0.00%)
* Elements of w processed with special addition: 1 (2.94%)
* Elements of w remaining: 33 (97.06%)
* Elements of w skipped: 0 (0.00%)
* Elements of w processed with special addition: 1 (5.56%)
* Elements of w remaining: 17 (94.44%)
* Elements of w skipped: 0 (0.00%)
* Elements of w processed with special addition: 1 (2.94%)
* Elements of w remaining: 33 (97.06%)
* UVC proof at step 32
* G1 elements in proof: 2
* G2 elements in proof: 1
* Proof size in bits: 1019
* Cached h poly size: 1151
* UVC Prove step 32
* Elements of w skipped: 0 (0.00%)
* Elements of w processed with special addition: 1 (2.94%)
* Elements of w remaining: 33 (97.06%)
* Elements of w skipped: 0 (0.00%)
* Elements of w processed with special addition: 1 (5.56%)
* Elements of w remaining: 17 (94.44%)
* Elements of w skipped: 0 (0.00%)
* Elements of w processed with special addition: 1 (2.94%)
* Elements of w remaining: 33 (97.06%)
* UVC proof at step 32
* G1 elements in proof: 2
* G2 elements in proof: 1
* Proof size in bits: 1019
* Cached h poly size: 1151
* UVC Prove step 32
* Elements of w skipped: 0 (0.00%)
* Elements of w processed with special addition: 1 (2.94%)
* Elements of w remaining: 33 (97.06%)
* Elements of w skipped: 0 (0.00%)
* Elements of w processed with special addition: 1 (5.56%)
* Elements of w remaining: 17 (94.44%)
* Elements of w skipped: 0 (0.00%)
* Elements of w processed with special addition: 1 (2.94%)
* Elements of w remaining: 33 (97.06%)
* UVC proof at step 32
* G1 elements in proof: 2
* G2 elements in proof: 1
* Proof size in bits: 1019
* Cached h poly size: 1151
* UVC Prove step 32
* Elements of w skipped: 0 (0.00%)
* Elements of w processed with special addition: 1 (2.94%)
* Elements of w remaining: 33 (97.06%)
* Elements of w skipped: 0 (0.00%)
* Elements of w processed with special addition: 1 (5.56%)
* Elements of w remaining: 17 (94.44%)
* Elements of w skipped: 0 (0.00%)
* Elements of w processed with special addition: 1 (2.94%)
* Elements of w remaining: 33 (97.06%)
* UVC proof at step 32
* G1 elements in proof: 2
* G2 elements in proof: 1
* Proof size in bits: 1019
* Cached h poly size: 1151
* UVC Verify step 32: PASS
* UVC Verify step 32: PASS
* UVC Verify step 32: PASS
* UVC Verify step 32: PASS
* UVC Verify step 32: PASS
* UVC Verify step 32: PASS
* UVC Verify step 32: PASS
* UVC Verify step 32: PASS
* UVC Verify step 32: PASS
* UVC Verify step 32: PASS
  32      43.68         2.76          1019          PASS      
* UVC Prove step 64
* Elements of w skipped: 0 (0.00%)
* Elements of w processed with special addition: 1 (2.94%)
* Elements of w remaining: 33 (97.06%)
* Elements of w skipped: 0 (0.00%)
* Elements of w processed with special addition: 1 (5.88%)
* Elements of w remaining: 16 (94.12%)
* Elements of w skipped: 0 (0.00%)
* Elements of w processed with special addition: 1 (2.94%)
* Elements of w remaining: 33 (97.06%)
* UVC proof at step 64
* G1 elements in proof: 2
* G2 elements in proof: 1
* Proof size in bits: 1019
* Cached h poly size: 1151
* UVC Prove step 64
* Elements of w skipped: 0 (0.00%)
* Elements of w processed with special addition: 1 (2.94%)
* Elements of w remaining: 33 (97.06%)
* Elements of w skipped: 0 (0.00%)
* Elements of w processed with special addition: 1 (5.88%)
* Elements of w remaining: 16 (94.12%)
* Elements of w skipped: 0 (0.00%)
* Elements of w processed with special addition: 1 (2.94%)
* Elements of w remaining: 33 (97.06%)
* UVC proof at step 64
* G1 elements in proof: 2
* G2 elements in proof: 1
* Proof size in bits: 1019
* Cached h poly size: 1151
* UVC Prove step 64
* Elements of w skipped: 0 (0.00%)
* Elements of w processed with special addition: 1 (2.94%)
* Elements of w remaining: 33 (97.06%)
* Elements of w skipped: 0 (0.00%)
* Elements of w processed with special addition: 1 (5.88%)
* Elements of w remaining: 16 (94.12%)
* Elements of w skipped: 0 (0.00%)
* Elements of w processed with special addition: 1 (2.94%)
* Elements of w remaining: 33 (97.06%)
* UVC proof at step 64
* G1 elements in proof: 2
* G2 elements in proof: 1
* Proof size in bits: 1019
* Cached h poly size: 1151
* UVC Prove step 64
* Elements of w skipped: 0 (0.00%)
* Elements of w processed with special addition: 1 (2.94%)
* Elements of w remaining: 33 (97.06%)
* Elements of w skipped: 0 (0.00%)
* Elements of w processed with special addition: 1 (5.88%)
* Elements of w remaining: 16 (94.12%)
* Elements of w skipped: 0 (0.00%)
* Elements of w processed with special addition: 1 (2.94%)
* Elements of w remaining: 33 (97.06%)
* UVC proof at step 64
* G1 elements in proof: 2
* G2 elements in proof: 1
* Proof size in bits: 1019
* Cached h poly size: 1151
* UVC Prove step 64
* Elements of w skipped: 0 (0.00%)
* Elements of w processed with special addition: 1 (2.94%)
* Elements of w remaining: 33 (97.06%)
* Elements of w skipped: 0 (0.00%)
* Elements of w processed with special addition: 1 (5.88%)
* Elements of w remaining: 16 (94.12%)
* Elements of w skipped: 0 (0.00%)
* Elements of w processed with special addition: 1 (2.94%)
* Elements of w remaining: 33 (97.06%)
* UVC proof at step 64
* G1 elements in proof: 2
* G2 elements in proof: 1
* Proof size in bits: 1019
* Cached h poly size: 1151
* UVC Prove step 64
* Elements of w skipped: 0 (0.00%)
* Elements of w processed with special addition: 1 (2.94%)
* Elements of w remaining: 33 (97.06%)
* Elements of w skipped: 0 (0.00%)
* Elements of w processed with special addition: 1 (5.88%)
* Elements of w remaining: 16 (94.12%)
* Elements of w skipped: 0 (0.00%)
* Elements of w processed with special addition: 1 (2.94%)
* Elements of w remaining: 33 (97.06%)
* UVC proof at step 64
* G1 elements in proof: 2
* G2 elements in proof: 1
* Proof size in bits: 1019
* Cached h poly size: 1151
* UVC Prove step 64
* Elements of w skipped: 0 (0.00%)
* Elements of w processed with special addition: 1 (2.94%)
* Elements of w remaining: 33 (97.06%)
* Elements of w skipped: 0 (0.00%)
* Elements of w processed with special addition: 1 (5.88%)
* Elements of w remaining: 16 (94.12%)
* Elements of w skipped: 0 (0.00%)
* Elements of w processed with special addition: 1 (2.94%)
* Elements of w remaining: 33 (97.06%)
* UVC proof at step 64
* G1 elements in proof: 2
* G2 elements in proof: 1
* Proof size in bits: 1019
* Cached h poly size: 1151
* UVC Prove step 64
* Elements of w skipped: 0 (0.00%)
* Elements of w processed with special addition: 1 (2.94%)
* Elements of w remaining: 33 (97.06%)
* Elements of w skipped: 0 (0.00%)
* Elements of w processed with special addition: 1 (5.88%)
* Elements of w remaining: 16 (94.12%)
* Elements of w skipped: 0 (0.00%)
* Elements of w processed with special addition: 1 (2.94%)
* Elements of w remaining: 33 (97.06%)
* UVC proof at step 64
* G1 elements in proof: 2
* G2 elements in proof: 1
* Proof size in bits: 1019
* Cached h poly size: 1151
* UVC Prove step 64
* Elements of w skipped: 0 (0.00%)
* Elements of w processed with special addition: 1 (2.94%)
* Elements of w remaining: 33 (97.06%)
* Elements of w skipped: 0 (0.00%)
* Elements of w processed with special addition: 1 (5.88%)
* Elements of w remaining: 16 (94.12%)
* Elements of w skipped: 0 (0.00%)
* Elements of w processed with special addition: 1 (2.94%)
* Elements of w remaining: 33 (97.06%)
* UVC proof at step 64
* G1 elements in proof: 2
* G2 elements in proof: 1
* Proof size in bits: 1019
* Cached h poly size: 1151
* UVC Prove step 64
* Elements of w skipped: 0 (0.00%)
* Elements of w processed with special addition: 1 (2.94%)
* Elements of w remaining: 33 (97.06%)
* Elements of w skipped: 0 (0.00%)
* Elements of w processed with special addition: 1 (5.88%)
* Elements of w remaining: 16 (94.12%)
* Elements of w skipped: 0 (0.00%)
* Elements of w processed with special addition: 1 (2.94%)
* Elements of w remaining: 33 (97.06%)
* UVC proof at step 64
* G1 elements in proof: 2
* G2 elements in proof: 1
* Proof size in bits: 1019
* Cached h poly size: 1151
* UVC Verify step 64: PASS
* UVC Verify step 64: PASS
* UVC Verify step 64: PASS
* UVC Verify step 64: PASS
* UVC Verify step 64: PASS
* UVC Verify step 64: PASS
* UVC Verify step 64: PASS
* UVC Verify step 64: PASS
* UVC Verify step 64: PASS
* UVC Verify step 64: PASS
  64      40.01         2.75          1019          PASS      

  UVC results written to /Users/heewonchung/Documents/00-Research/active/Updatable Verifiable Computation/Dev/results/2026-03-09_203431_iot/csv/uvc_results.csv

================================================================
Groth16 Benchmark: circuit=sensor_fusion, n=16, B=64
================================================================

  Step    C_j constr  Setup (ms)    Prove (ms)    Verify (ms)   Verified  
  ------  ----------  ------------  ------------  ------------  ----------
* Composed C_1: 17 constraints, 35 variables, 18 inputs
* QAP number of variables: 35
* QAP pre degree: 17
* QAP degree: 36
* QAP number of input variables: 18
* G1 window: 5
* G2 window: 3
* G1 elements in PK: 125
* Non-zero G1 elements in PK: 106
* G2 elements in PK: 37
* Non-zero G2 elements in PK: 18
* PK size in bits: 37280
* G1 elements in VK: 18
* G2 elements in VK: 2
* GT elements in VK: 1
* VK size in bits: 7015
* Elements of w skipped: 1 (2.78%)
* Elements of w processed with special addition: 3 (8.33%)
* Elements of w remaining: 32 (88.89%)
* Elements of w skipped: 0 (0.00%)
* Elements of w processed with special addition: 2 (11.76%)
* Elements of w remaining: 15 (88.24%)
* Elements of w skipped: 0 (0.00%)
* Elements of w processed with special addition: 0 (0.00%)
* Elements of w remaining: 17 (100.00%)
* G1 elements in proof: 2
* G2 elements in proof: 1
* Proof size in bits: 1019
* Elements of w skipped: 1 (2.78%)
* Elements of w processed with special addition: 3 (8.33%)
* Elements of w remaining: 32 (88.89%)
* Elements of w skipped: 0 (0.00%)
* Elements of w processed with special addition: 2 (11.76%)
* Elements of w remaining: 15 (88.24%)
* Elements of w skipped: 0 (0.00%)
* Elements of w processed with special addition: 0 (0.00%)
* Elements of w remaining: 17 (100.00%)
* G1 elements in proof: 2
* G2 elements in proof: 1
* Proof size in bits: 1019
* Elements of w skipped: 1 (2.78%)
* Elements of w processed with special addition: 3 (8.33%)
* Elements of w remaining: 32 (88.89%)
* Elements of w skipped: 0 (0.00%)
* Elements of w processed with special addition: 2 (11.76%)
* Elements of w remaining: 15 (88.24%)
* Elements of w skipped: 0 (0.00%)
* Elements of w processed with special addition: 0 (0.00%)
* Elements of w remaining: 17 (100.00%)
* G1 elements in proof: 2
* G2 elements in proof: 1
* Proof size in bits: 1019
* Elements of w skipped: 1 (2.78%)
* Elements of w processed with special addition: 3 (8.33%)
* Elements of w remaining: 32 (88.89%)
* Elements of w skipped: 0 (0.00%)
* Elements of w processed with special addition: 2 (11.76%)
* Elements of w remaining: 15 (88.24%)
* Elements of w skipped: 0 (0.00%)
* Elements of w processed with special addition: 0 (0.00%)
* Elements of w remaining: 17 (100.00%)
* G1 elements in proof: 2
* G2 elements in proof: 1
* Proof size in bits: 1019
* Elements of w skipped: 1 (2.78%)
* Elements of w processed with special addition: 3 (8.33%)
* Elements of w remaining: 32 (88.89%)
* Elements of w skipped: 0 (0.00%)
* Elements of w processed with special addition: 2 (11.76%)
* Elements of w remaining: 15 (88.24%)
* Elements of w skipped: 0 (0.00%)
* Elements of w processed with special addition: 0 (0.00%)
* Elements of w remaining: 17 (100.00%)
* G1 elements in proof: 2
* G2 elements in proof: 1
* Proof size in bits: 1019
* Elements of w skipped: 1 (2.78%)
* Elements of w processed with special addition: 3 (8.33%)
* Elements of w remaining: 32 (88.89%)
* Elements of w skipped: 0 (0.00%)
* Elements of w processed with special addition: 2 (11.76%)
* Elements of w remaining: 15 (88.24%)
* Elements of w skipped: 0 (0.00%)
* Elements of w processed with special addition: 0 (0.00%)
* Elements of w remaining: 17 (100.00%)
* G1 elements in proof: 2
* G2 elements in proof: 1
* Proof size in bits: 1019
* Elements of w skipped: 1 (2.78%)
* Elements of w processed with special addition: 3 (8.33%)
* Elements of w remaining: 32 (88.89%)
* Elements of w skipped: 0 (0.00%)
* Elements of w processed with special addition: 2 (11.76%)
* Elements of w remaining: 15 (88.24%)
* Elements of w skipped: 0 (0.00%)
* Elements of w processed with special addition: 0 (0.00%)
* Elements of w remaining: 17 (100.00%)
* G1 elements in proof: 2
* G2 elements in proof: 1
* Proof size in bits: 1019
* Elements of w skipped: 1 (2.78%)
* Elements of w processed with special addition: 3 (8.33%)
* Elements of w remaining: 32 (88.89%)
* Elements of w skipped: 0 (0.00%)
* Elements of w processed with special addition: 2 (11.76%)
* Elements of w remaining: 15 (88.24%)
* Elements of w skipped: 0 (0.00%)
* Elements of w processed with special addition: 0 (0.00%)
* Elements of w remaining: 17 (100.00%)
* G1 elements in proof: 2
* G2 elements in proof: 1
* Proof size in bits: 1019
* Elements of w skipped: 1 (2.78%)
* Elements of w processed with special addition: 3 (8.33%)
* Elements of w remaining: 32 (88.89%)
* Elements of w skipped: 0 (0.00%)
* Elements of w processed with special addition: 2 (11.76%)
* Elements of w remaining: 15 (88.24%)
* Elements of w skipped: 0 (0.00%)
* Elements of w processed with special addition: 0 (0.00%)
* Elements of w remaining: 17 (100.00%)
* G1 elements in proof: 2
* G2 elements in proof: 1
* Proof size in bits: 1019
* Elements of w skipped: 1 (2.78%)
* Elements of w processed with special addition: 3 (8.33%)
* Elements of w remaining: 32 (88.89%)
* Elements of w skipped: 0 (0.00%)
* Elements of w processed with special addition: 2 (11.76%)
* Elements of w remaining: 15 (88.24%)
* Elements of w skipped: 0 (0.00%)
* Elements of w processed with special addition: 0 (0.00%)
* Elements of w remaining: 17 (100.00%)
* G1 elements in proof: 2
* G2 elements in proof: 1
* Proof size in bits: 1019
  1       17          16.4          6.82          2.71          PASS      
* Composed C_2: 34 constraints, 69 variables, 18 inputs
* QAP number of variables: 69
* QAP pre degree: 34
* QAP degree: 64
* QAP number of input variables: 18
* G1 window: 5
* G2 window: 4
* G1 elements in PK: 255
* Non-zero G1 elements in PK: 219
* G2 elements in PK: 71
* Non-zero G2 elements in PK: 35
* PK size in bits: 75836
* G1 elements in VK: 18
* G2 elements in VK: 2
* GT elements in VK: 1
* VK size in bits: 7015
* Elements of w skipped: 1 (1.43%)
* Elements of w processed with special addition: 4 (5.71%)
* Elements of w remaining: 65 (92.86%)
* Elements of w skipped: 0 (0.00%)
* Elements of w processed with special addition: 3 (8.82%)
* Elements of w remaining: 31 (91.18%)
* Elements of w skipped: 0 (0.00%)
* Elements of w processed with special addition: 1 (1.96%)
* Elements of w remaining: 50 (98.04%)
* G1 elements in proof: 2
* G2 elements in proof: 1
* Proof size in bits: 1019
* Elements of w skipped: 1 (1.43%)
* Elements of w processed with special addition: 4 (5.71%)
* Elements of w remaining: 65 (92.86%)
* Elements of w skipped: 0 (0.00%)
* Elements of w processed with special addition: 3 (8.82%)
* Elements of w remaining: 31 (91.18%)
* Elements of w skipped: 0 (0.00%)
* Elements of w processed with special addition: 1 (1.96%)
* Elements of w remaining: 50 (98.04%)
* G1 elements in proof: 2
* G2 elements in proof: 1
* Proof size in bits: 1019
* Elements of w skipped: 1 (1.43%)
* Elements of w processed with special addition: 4 (5.71%)
* Elements of w remaining: 65 (92.86%)
* Elements of w skipped: 0 (0.00%)
* Elements of w processed with special addition: 3 (8.82%)
* Elements of w remaining: 31 (91.18%)
* Elements of w skipped: 0 (0.00%)
* Elements of w processed with special addition: 1 (1.96%)
* Elements of w remaining: 50 (98.04%)
* G1 elements in proof: 2
* G2 elements in proof: 1
* Proof size in bits: 1019
* Elements of w skipped: 1 (1.43%)
* Elements of w processed with special addition: 4 (5.71%)
* Elements of w remaining: 65 (92.86%)
* Elements of w skipped: 0 (0.00%)
* Elements of w processed with special addition: 3 (8.82%)
* Elements of w remaining: 31 (91.18%)
* Elements of w skipped: 0 (0.00%)
* Elements of w processed with special addition: 1 (1.96%)
* Elements of w remaining: 50 (98.04%)
* G1 elements in proof: 2
* G2 elements in proof: 1
* Proof size in bits: 1019
* Elements of w skipped: 1 (1.43%)
* Elements of w processed with special addition: 4 (5.71%)
* Elements of w remaining: 65 (92.86%)
* Elements of w skipped: 0 (0.00%)
* Elements of w processed with special addition: 3 (8.82%)
* Elements of w remaining: 31 (91.18%)
* Elements of w skipped: 0 (0.00%)
* Elements of w processed with special addition: 1 (1.96%)
* Elements of w remaining: 50 (98.04%)
* G1 elements in proof: 2
* G2 elements in proof: 1
* Proof size in bits: 1019
* Elements of w skipped: 1 (1.43%)
* Elements of w processed with special addition: 4 (5.71%)
* Elements of w remaining: 65 (92.86%)
* Elements of w skipped: 0 (0.00%)
* Elements of w processed with special addition: 3 (8.82%)
* Elements of w remaining: 31 (91.18%)
* Elements of w skipped: 0 (0.00%)
* Elements of w processed with special addition: 1 (1.96%)
* Elements of w remaining: 50 (98.04%)
* G1 elements in proof: 2
* G2 elements in proof: 1
* Proof size in bits: 1019
* Elements of w skipped: 1 (1.43%)
* Elements of w processed with special addition: 4 (5.71%)
* Elements of w remaining: 65 (92.86%)
* Elements of w skipped: 0 (0.00%)
* Elements of w processed with special addition: 3 (8.82%)
* Elements of w remaining: 31 (91.18%)
* Elements of w skipped: 0 (0.00%)
* Elements of w processed with special addition: 1 (1.96%)
* Elements of w remaining: 50 (98.04%)
* G1 elements in proof: 2
* G2 elements in proof: 1
* Proof size in bits: 1019
* Elements of w skipped: 1 (1.43%)
* Elements of w processed with special addition: 4 (5.71%)
* Elements of w remaining: 65 (92.86%)
* Elements of w skipped: 0 (0.00%)
* Elements of w processed with special addition: 3 (8.82%)
* Elements of w remaining: 31 (91.18%)
* Elements of w skipped: 0 (0.00%)
* Elements of w processed with special addition: 1 (1.96%)
* Elements of w remaining: 50 (98.04%)
* G1 elements in proof: 2
* G2 elements in proof: 1
* Proof size in bits: 1019
* Elements of w skipped: 1 (1.43%)
* Elements of w processed with special addition: 4 (5.71%)
* Elements of w remaining: 65 (92.86%)
* Elements of w skipped: 0 (0.00%)
* Elements of w processed with special addition: 3 (8.82%)
* Elements of w remaining: 31 (91.18%)
* Elements of w skipped: 0 (0.00%)
* Elements of w processed with special addition: 1 (1.96%)
* Elements of w remaining: 50 (98.04%)
* G1 elements in proof: 2
* G2 elements in proof: 1
* Proof size in bits: 1019
* Elements of w skipped: 1 (1.43%)
* Elements of w processed with special addition: 4 (5.71%)
* Elements of w remaining: 65 (92.86%)
* Elements of w skipped: 0 (0.00%)
* Elements of w processed with special addition: 3 (8.82%)
* Elements of w remaining: 31 (91.18%)
* Elements of w skipped: 0 (0.00%)
* Elements of w processed with special addition: 1 (1.96%)
* Elements of w remaining: 50 (98.04%)
* G1 elements in proof: 2
* G2 elements in proof: 1
* Proof size in bits: 1019
  2       34          22.5          8.99          2.74          PASS      
* Composed C_4: 68 constraints, 137 variables, 18 inputs
* QAP number of variables: 137
* QAP pre degree: 68
* QAP degree: 96
* QAP number of input variables: 18
* G1 window: 6
* G2 window: 5
* G1 elements in PK: 491
* Non-zero G1 elements in PK: 421
* G2 elements in PK: 139
* Non-zero G2 elements in PK: 69
* PK size in bits: 146828
* G1 elements in VK: 18
* G2 elements in VK: 2
* GT elements in VK: 1
* VK size in bits: 7015
* Elements of w skipped: 1 (0.72%)
* Elements of w processed with special addition: 6 (4.35%)
* Elements of w remaining: 131 (94.93%)
* Elements of w skipped: 0 (0.00%)
* Elements of w processed with special addition: 5 (7.35%)
* Elements of w remaining: 63 (92.65%)
* Elements of w skipped: 0 (0.00%)
* Elements of w processed with special addition: 3 (2.52%)
* Elements of w remaining: 116 (97.48%)
* G1 elements in proof: 2
* G2 elements in proof: 1
* Proof size in bits: 1019
* Elements of w skipped: 1 (0.72%)
* Elements of w processed with special addition: 6 (4.35%)
* Elements of w remaining: 131 (94.93%)
* Elements of w skipped: 0 (0.00%)
* Elements of w processed with special addition: 5 (7.35%)
* Elements of w remaining: 63 (92.65%)
* Elements of w skipped: 0 (0.00%)
* Elements of w processed with special addition: 3 (2.52%)
* Elements of w remaining: 116 (97.48%)
* G1 elements in proof: 2
* G2 elements in proof: 1
* Proof size in bits: 1019
* Elements of w skipped: 1 (0.72%)
* Elements of w processed with special addition: 6 (4.35%)
* Elements of w remaining: 131 (94.93%)
* Elements of w skipped: 0 (0.00%)
* Elements of w processed with special addition: 5 (7.35%)
* Elements of w remaining: 63 (92.65%)
* Elements of w skipped: 0 (0.00%)
* Elements of w processed with special addition: 3 (2.52%)
* Elements of w remaining: 116 (97.48%)
* G1 elements in proof: 2
* G2 elements in proof: 1
* Proof size in bits: 1019
* Elements of w skipped: 1 (0.72%)
* Elements of w processed with special addition: 6 (4.35%)
* Elements of w remaining: 131 (94.93%)
* Elements of w skipped: 0 (0.00%)
* Elements of w processed with special addition: 5 (7.35%)
* Elements of w remaining: 63 (92.65%)
* Elements of w skipped: 0 (0.00%)
* Elements of w processed with special addition: 3 (2.52%)
* Elements of w remaining: 116 (97.48%)
* G1 elements in proof: 2
* G2 elements in proof: 1
* Proof size in bits: 1019
* Elements of w skipped: 1 (0.72%)
* Elements of w processed with special addition: 6 (4.35%)
* Elements of w remaining: 131 (94.93%)
* Elements of w skipped: 0 (0.00%)
* Elements of w processed with special addition: 5 (7.35%)
* Elements of w remaining: 63 (92.65%)
* Elements of w skipped: 0 (0.00%)
* Elements of w processed with special addition: 3 (2.52%)
* Elements of w remaining: 116 (97.48%)
* G1 elements in proof: 2
* G2 elements in proof: 1
* Proof size in bits: 1019
* Elements of w skipped: 1 (0.72%)
* Elements of w processed with special addition: 6 (4.35%)
* Elements of w remaining: 131 (94.93%)
* Elements of w skipped: 0 (0.00%)
* Elements of w processed with special addition: 5 (7.35%)
* Elements of w remaining: 63 (92.65%)
* Elements of w skipped: 0 (0.00%)
* Elements of w processed with special addition: 3 (2.52%)
* Elements of w remaining: 116 (97.48%)
* G1 elements in proof: 2
* G2 elements in proof: 1
* Proof size in bits: 1019
* Elements of w skipped: 1 (0.72%)
* Elements of w processed with special addition: 6 (4.35%)
* Elements of w remaining: 131 (94.93%)
* Elements of w skipped: 0 (0.00%)
* Elements of w processed with special addition: 5 (7.35%)
* Elements of w remaining: 63 (92.65%)
* Elements of w skipped: 0 (0.00%)
* Elements of w processed with special addition: 3 (2.52%)
* Elements of w remaining: 116 (97.48%)
* G1 elements in proof: 2
* G2 elements in proof: 1
* Proof size in bits: 1019
* Elements of w skipped: 1 (0.72%)
* Elements of w processed with special addition: 6 (4.35%)
* Elements of w remaining: 131 (94.93%)
* Elements of w skipped: 0 (0.00%)
* Elements of w processed with special addition: 5 (7.35%)
* Elements of w remaining: 63 (92.65%)
* Elements of w skipped: 0 (0.00%)
* Elements of w processed with special addition: 3 (2.52%)
* Elements of w remaining: 116 (97.48%)
* G1 elements in proof: 2
* G2 elements in proof: 1
* Proof size in bits: 1019
* Elements of w skipped: 1 (0.72%)
* Elements of w processed with special addition: 6 (4.35%)
* Elements of w remaining: 131 (94.93%)
* Elements of w skipped: 0 (0.00%)
* Elements of w processed with special addition: 5 (7.35%)
* Elements of w remaining: 63 (92.65%)
* Elements of w skipped: 0 (0.00%)
* Elements of w processed with special addition: 3 (2.52%)
* Elements of w remaining: 116 (97.48%)
* G1 elements in proof: 2
* G2 elements in proof: 1
* Proof size in bits: 1019
* Elements of w skipped: 1 (0.72%)
* Elements of w processed with special addition: 6 (4.35%)
* Elements of w remaining: 131 (94.93%)
* Elements of w skipped: 0 (0.00%)
* Elements of w processed with special addition: 5 (7.35%)
* Elements of w remaining: 63 (92.65%)
* Elements of w skipped: 0 (0.00%)
* Elements of w processed with special addition: 3 (2.52%)
* Elements of w remaining: 116 (97.48%)
* G1 elements in proof: 2
* G2 elements in proof: 1
* Proof size in bits: 1019
  4       68          33.1          14.38         2.69          PASS      
* Composed C_8: 136 constraints, 273 variables, 18 inputs
* QAP number of variables: 273
* QAP pre degree: 136
* QAP degree: 160
* QAP number of input variables: 18
* G1 window: 7
* G2 window: 5
* G1 elements in PK: 963
* Non-zero G1 elements in PK: 825
* G2 elements in PK: 275
* Non-zero G2 elements in PK: 137
* PK size in bits: 288812
* G1 elements in VK: 18
* G2 elements in VK: 2
* GT elements in VK: 1
* VK size in bits: 7015
* Elements of w skipped: 1 (0.36%)
* Elements of w processed with special addition: 10 (3.65%)
* Elements of w remaining: 263 (95.99%)
* Elements of w skipped: 0 (0.00%)
* Elements of w processed with special addition: 9 (6.62%)
* Elements of w remaining: 127 (93.38%)
* Elements of w skipped: 0 (0.00%)
* Elements of w processed with special addition: 7 (2.75%)
* Elements of w remaining: 248 (97.25%)
* G1 elements in proof: 2
* G2 elements in proof: 1
* Proof size in bits: 1019
* Elements of w skipped: 1 (0.36%)
* Elements of w processed with special addition: 10 (3.65%)
* Elements of w remaining: 263 (95.99%)
* Elements of w skipped: 0 (0.00%)
* Elements of w processed with special addition: 9 (6.62%)
* Elements of w remaining: 127 (93.38%)
* Elements of w skipped: 0 (0.00%)
* Elements of w processed with special addition: 7 (2.75%)
* Elements of w remaining: 248 (97.25%)
* G1 elements in proof: 2
* G2 elements in proof: 1
* Proof size in bits: 1019
* Elements of w skipped: 1 (0.36%)
* Elements of w processed with special addition: 10 (3.65%)
* Elements of w remaining: 263 (95.99%)
* Elements of w skipped: 0 (0.00%)
* Elements of w processed with special addition: 9 (6.62%)
* Elements of w remaining: 127 (93.38%)
* Elements of w skipped: 0 (0.00%)
* Elements of w processed with special addition: 7 (2.75%)
* Elements of w remaining: 248 (97.25%)
* G1 elements in proof: 2
* G2 elements in proof: 1
* Proof size in bits: 1019
* Elements of w skipped: 1 (0.36%)
* Elements of w processed with special addition: 10 (3.65%)
* Elements of w remaining: 263 (95.99%)
* Elements of w skipped: 0 (0.00%)
* Elements of w processed with special addition: 9 (6.62%)
* Elements of w remaining: 127 (93.38%)
* Elements of w skipped: 0 (0.00%)
* Elements of w processed with special addition: 7 (2.75%)
* Elements of w remaining: 248 (97.25%)
* G1 elements in proof: 2
* G2 elements in proof: 1
* Proof size in bits: 1019
* Elements of w skipped: 1 (0.36%)
* Elements of w processed with special addition: 10 (3.65%)
* Elements of w remaining: 263 (95.99%)
* Elements of w skipped: 0 (0.00%)
* Elements of w processed with special addition: 9 (6.62%)
* Elements of w remaining: 127 (93.38%)
* Elements of w skipped: 0 (0.00%)
* Elements of w processed with special addition: 7 (2.75%)
* Elements of w remaining: 248 (97.25%)
* G1 elements in proof: 2
* G2 elements in proof: 1
* Proof size in bits: 1019
* Elements of w skipped: 1 (0.36%)
* Elements of w processed with special addition: 10 (3.65%)
* Elements of w remaining: 263 (95.99%)
* Elements of w skipped: 0 (0.00%)
* Elements of w processed with special addition: 9 (6.62%)
* Elements of w remaining: 127 (93.38%)
* Elements of w skipped: 0 (0.00%)
* Elements of w processed with special addition: 7 (2.75%)
* Elements of w remaining: 248 (97.25%)
* G1 elements in proof: 2
* G2 elements in proof: 1
* Proof size in bits: 1019
* Elements of w skipped: 1 (0.36%)
* Elements of w processed with special addition: 10 (3.65%)
* Elements of w remaining: 263 (95.99%)
* Elements of w skipped: 0 (0.00%)
* Elements of w processed with special addition: 9 (6.62%)
* Elements of w remaining: 127 (93.38%)
* Elements of w skipped: 0 (0.00%)
* Elements of w processed with special addition: 7 (2.75%)
* Elements of w remaining: 248 (97.25%)
* G1 elements in proof: 2
* G2 elements in proof: 1
* Proof size in bits: 1019
* Elements of w skipped: 1 (0.36%)
* Elements of w processed with special addition: 10 (3.65%)
* Elements of w remaining: 263 (95.99%)
* Elements of w skipped: 0 (0.00%)
* Elements of w processed with special addition: 9 (6.62%)
* Elements of w remaining: 127 (93.38%)
* Elements of w skipped: 0 (0.00%)
* Elements of w processed with special addition: 7 (2.75%)
* Elements of w remaining: 248 (97.25%)
* G1 elements in proof: 2
* G2 elements in proof: 1
* Proof size in bits: 1019
* Elements of w skipped: 1 (0.36%)
* Elements of w processed with special addition: 10 (3.65%)
* Elements of w remaining: 263 (95.99%)
* Elements of w skipped: 0 (0.00%)
* Elements of w processed with special addition: 9 (6.62%)
* Elements of w remaining: 127 (93.38%)
* Elements of w skipped: 0 (0.00%)
* Elements of w processed with special addition: 7 (2.75%)
* Elements of w remaining: 248 (97.25%)
* G1 elements in proof: 2
* G2 elements in proof: 1
* Proof size in bits: 1019
* Elements of w skipped: 1 (0.36%)
* Elements of w processed with special addition: 10 (3.65%)
* Elements of w remaining: 263 (95.99%)
* Elements of w skipped: 0 (0.00%)
* Elements of w processed with special addition: 9 (6.62%)
* Elements of w remaining: 127 (93.38%)
* Elements of w skipped: 0 (0.00%)
* Elements of w processed with special addition: 7 (2.75%)
* Elements of w remaining: 248 (97.25%)
* G1 elements in proof: 2
* G2 elements in proof: 1
* Proof size in bits: 1019
  8       136         53.1          20.95         2.85          PASS      
* Composed C_16: 272 constraints, 545 variables, 18 inputs
* QAP number of variables: 545
* QAP pre degree: 272
* QAP degree: 320
* QAP number of input variables: 18
* G1 window: 8
* G2 window: 6
* G1 elements in PK: 1939
* Non-zero G1 elements in PK: 1665
* G2 elements in PK: 547
* Non-zero G2 elements in PK: 273
* PK size in bits: 580940
* G1 elements in VK: 18
* G2 elements in VK: 2
* GT elements in VK: 1
* VK size in bits: 7015
* Elements of w skipped: 1 (0.18%)
* Elements of w processed with special addition: 18 (3.30%)
* Elements of w remaining: 527 (96.52%)
* Elements of w skipped: 0 (0.00%)
* Elements of w processed with special addition: 17 (6.25%)
* Elements of w remaining: 255 (93.75%)
* Elements of w skipped: 0 (0.00%)
* Elements of w processed with special addition: 15 (2.85%)
* Elements of w remaining: 512 (97.15%)
* G1 elements in proof: 2
* G2 elements in proof: 1
* Proof size in bits: 1019
* Elements of w skipped: 1 (0.18%)
* Elements of w processed with special addition: 18 (3.30%)
* Elements of w remaining: 527 (96.52%)
* Elements of w skipped: 0 (0.00%)
* Elements of w processed with special addition: 17 (6.25%)
* Elements of w remaining: 255 (93.75%)
* Elements of w skipped: 0 (0.00%)
* Elements of w processed with special addition: 15 (2.85%)
* Elements of w remaining: 512 (97.15%)
* G1 elements in proof: 2
* G2 elements in proof: 1
* Proof size in bits: 1019
* Elements of w skipped: 1 (0.18%)
* Elements of w processed with special addition: 18 (3.30%)
* Elements of w remaining: 527 (96.52%)
* Elements of w skipped: 0 (0.00%)
* Elements of w processed with special addition: 17 (6.25%)
* Elements of w remaining: 255 (93.75%)
* Elements of w skipped: 0 (0.00%)
* Elements of w processed with special addition: 15 (2.85%)
* Elements of w remaining: 512 (97.15%)
* G1 elements in proof: 2
* G2 elements in proof: 1
* Proof size in bits: 1019
* Elements of w skipped: 1 (0.18%)
* Elements of w processed with special addition: 18 (3.30%)
* Elements of w remaining: 527 (96.52%)
* Elements of w skipped: 0 (0.00%)
* Elements of w processed with special addition: 17 (6.25%)
* Elements of w remaining: 255 (93.75%)
* Elements of w skipped: 0 (0.00%)
* Elements of w processed with special addition: 15 (2.85%)
* Elements of w remaining: 512 (97.15%)
* G1 elements in proof: 2
* G2 elements in proof: 1
* Proof size in bits: 1019
* Elements of w skipped: 1 (0.18%)
* Elements of w processed with special addition: 18 (3.30%)
* Elements of w remaining: 527 (96.52%)
* Elements of w skipped: 0 (0.00%)
* Elements of w processed with special addition: 17 (6.25%)
* Elements of w remaining: 255 (93.75%)
* Elements of w skipped: 0 (0.00%)
* Elements of w processed with special addition: 15 (2.85%)
* Elements of w remaining: 512 (97.15%)
* G1 elements in proof: 2
* G2 elements in proof: 1
* Proof size in bits: 1019
* Elements of w skipped: 1 (0.18%)
* Elements of w processed with special addition: 18 (3.30%)
* Elements of w remaining: 527 (96.52%)
* Elements of w skipped: 0 (0.00%)
* Elements of w processed with special addition: 17 (6.25%)
* Elements of w remaining: 255 (93.75%)
* Elements of w skipped: 0 (0.00%)
* Elements of w processed with special addition: 15 (2.85%)
* Elements of w remaining: 512 (97.15%)
* G1 elements in proof: 2
* G2 elements in proof: 1
* Proof size in bits: 1019
* Elements of w skipped: 1 (0.18%)
* Elements of w processed with special addition: 18 (3.30%)
* Elements of w remaining: 527 (96.52%)
* Elements of w skipped: 0 (0.00%)
* Elements of w processed with special addition: 17 (6.25%)
* Elements of w remaining: 255 (93.75%)
* Elements of w skipped: 0 (0.00%)
* Elements of w processed with special addition: 15 (2.85%)
* Elements of w remaining: 512 (97.15%)
* G1 elements in proof: 2
* G2 elements in proof: 1
* Proof size in bits: 1019
* Elements of w skipped: 1 (0.18%)
* Elements of w processed with special addition: 18 (3.30%)
* Elements of w remaining: 527 (96.52%)
* Elements of w skipped: 0 (0.00%)
* Elements of w processed with special addition: 17 (6.25%)
* Elements of w remaining: 255 (93.75%)
* Elements of w skipped: 0 (0.00%)
* Elements of w processed with special addition: 15 (2.85%)
* Elements of w remaining: 512 (97.15%)
* G1 elements in proof: 2
* G2 elements in proof: 1
* Proof size in bits: 1019
* Elements of w skipped: 1 (0.18%)
* Elements of w processed with special addition: 18 (3.30%)
* Elements of w remaining: 527 (96.52%)
* Elements of w skipped: 0 (0.00%)
* Elements of w processed with special addition: 17 (6.25%)
* Elements of w remaining: 255 (93.75%)
* Elements of w skipped: 0 (0.00%)
* Elements of w processed with special addition: 15 (2.85%)
* Elements of w remaining: 512 (97.15%)
* G1 elements in proof: 2
* G2 elements in proof: 1
* Proof size in bits: 1019
* Elements of w skipped: 1 (0.18%)
* Elements of w processed with special addition: 18 (3.30%)
* Elements of w remaining: 527 (96.52%)
* Elements of w skipped: 0 (0.00%)
* Elements of w processed with special addition: 17 (6.25%)
* Elements of w remaining: 255 (93.75%)
* Elements of w skipped: 0 (0.00%)
* Elements of w processed with special addition: 15 (2.85%)
* Elements of w remaining: 512 (97.15%)
* G1 elements in proof: 2
* G2 elements in proof: 1
* Proof size in bits: 1019
  16      272         91.0          31.58         2.75          PASS      
* Composed C_32: 544 constraints, 1089 variables, 18 inputs
* QAP number of variables: 1089
* QAP pre degree: 544
* QAP degree: 576
* QAP number of input variables: 18
* G1 window: 8
* G2 window: 7
* G1 elements in PK: 3827
* Non-zero G1 elements in PK: 3281
* G2 elements in PK: 1091
* Non-zero G2 elements in PK: 545
* PK size in bits: 1148876
* G1 elements in VK: 18
* G2 elements in VK: 2
* GT elements in VK: 1
* VK size in bits: 7015
* Elements of w skipped: 1 (0.09%)
* Elements of w processed with special addition: 34 (3.12%)
* Elements of w remaining: 1055 (96.79%)
* Elements of w skipped: 0 (0.00%)
* Elements of w processed with special addition: 33 (6.07%)
* Elements of w remaining: 511 (93.93%)
* Elements of w skipped: 0 (0.00%)
* Elements of w processed with special addition: 31 (2.89%)
* Elements of w remaining: 1040 (97.11%)
* G1 elements in proof: 2
* G2 elements in proof: 1
* Proof size in bits: 1019
* Elements of w skipped: 1 (0.09%)
* Elements of w processed with special addition: 34 (3.12%)
* Elements of w remaining: 1055 (96.79%)
* Elements of w skipped: 0 (0.00%)
* Elements of w processed with special addition: 33 (6.07%)
* Elements of w remaining: 511 (93.93%)
* Elements of w skipped: 0 (0.00%)
* Elements of w processed with special addition: 31 (2.89%)
* Elements of w remaining: 1040 (97.11%)
* G1 elements in proof: 2
* G2 elements in proof: 1
* Proof size in bits: 1019
* Elements of w skipped: 1 (0.09%)
* Elements of w processed with special addition: 34 (3.12%)
* Elements of w remaining: 1055 (96.79%)
* Elements of w skipped: 0 (0.00%)
* Elements of w processed with special addition: 33 (6.07%)
* Elements of w remaining: 511 (93.93%)
* Elements of w skipped: 0 (0.00%)
* Elements of w processed with special addition: 31 (2.89%)
* Elements of w remaining: 1040 (97.11%)
* G1 elements in proof: 2
* G2 elements in proof: 1
* Proof size in bits: 1019
* Elements of w skipped: 1 (0.09%)
* Elements of w processed with special addition: 34 (3.12%)
* Elements of w remaining: 1055 (96.79%)
* Elements of w skipped: 0 (0.00%)
* Elements of w processed with special addition: 33 (6.07%)
* Elements of w remaining: 511 (93.93%)
* Elements of w skipped: 0 (0.00%)
* Elements of w processed with special addition: 31 (2.89%)
* Elements of w remaining: 1040 (97.11%)
* G1 elements in proof: 2
* G2 elements in proof: 1
* Proof size in bits: 1019
* Elements of w skipped: 1 (0.09%)
* Elements of w processed with special addition: 34 (3.12%)
* Elements of w remaining: 1055 (96.79%)
* Elements of w skipped: 0 (0.00%)
* Elements of w processed with special addition: 33 (6.07%)
* Elements of w remaining: 511 (93.93%)
* Elements of w skipped: 0 (0.00%)
* Elements of w processed with special addition: 31 (2.89%)
* Elements of w remaining: 1040 (97.11%)
* G1 elements in proof: 2
* G2 elements in proof: 1
* Proof size in bits: 1019
* Elements of w skipped: 1 (0.09%)
* Elements of w processed with special addition: 34 (3.12%)
* Elements of w remaining: 1055 (96.79%)
* Elements of w skipped: 0 (0.00%)
* Elements of w processed with special addition: 33 (6.07%)
* Elements of w remaining: 511 (93.93%)
* Elements of w skipped: 0 (0.00%)
* Elements of w processed with special addition: 31 (2.89%)
* Elements of w remaining: 1040 (97.11%)
* G1 elements in proof: 2
* G2 elements in proof: 1
* Proof size in bits: 1019
* Elements of w skipped: 1 (0.09%)
* Elements of w processed with special addition: 34 (3.12%)
* Elements of w remaining: 1055 (96.79%)
* Elements of w skipped: 0 (0.00%)
* Elements of w processed with special addition: 33 (6.07%)
* Elements of w remaining: 511 (93.93%)
* Elements of w skipped: 0 (0.00%)
* Elements of w processed with special addition: 31 (2.89%)
* Elements of w remaining: 1040 (97.11%)
* G1 elements in proof: 2
* G2 elements in proof: 1
* Proof size in bits: 1019
* Elements of w skipped: 1 (0.09%)
* Elements of w processed with special addition: 34 (3.12%)
* Elements of w remaining: 1055 (96.79%)
* Elements of w skipped: 0 (0.00%)
* Elements of w processed with special addition: 33 (6.07%)
* Elements of w remaining: 511 (93.93%)
* Elements of w skipped: 0 (0.00%)
* Elements of w processed with special addition: 31 (2.89%)
* Elements of w remaining: 1040 (97.11%)
* G1 elements in proof: 2
* G2 elements in proof: 1
* Proof size in bits: 1019
* Elements of w skipped: 1 (0.09%)
* Elements of w processed with special addition: 34 (3.12%)
* Elements of w remaining: 1055 (96.79%)
* Elements of w skipped: 0 (0.00%)
* Elements of w processed with special addition: 33 (6.07%)
* Elements of w remaining: 511 (93.93%)
* Elements of w skipped: 0 (0.00%)
* Elements of w processed with special addition: 31 (2.89%)
* Elements of w remaining: 1040 (97.11%)
* G1 elements in proof: 2
* G2 elements in proof: 1
* Proof size in bits: 1019
* Elements of w skipped: 1 (0.09%)
* Elements of w processed with special addition: 34 (3.12%)
* Elements of w remaining: 1055 (96.79%)
* Elements of w skipped: 0 (0.00%)
* Elements of w processed with special addition: 33 (6.07%)
* Elements of w remaining: 511 (93.93%)
* Elements of w skipped: 0 (0.00%)
* Elements of w processed with special addition: 31 (2.89%)
* Elements of w remaining: 1040 (97.11%)
* G1 elements in proof: 2
* G2 elements in proof: 1
* Proof size in bits: 1019
  32      544         148.3         60.10         2.74          PASS      
* Composed C_64: 1088 constraints, 2177 variables, 18 inputs
* QAP number of variables: 2177
* QAP pre degree: 1088
* QAP degree: 1152
* QAP number of input variables: 18
* G1 window: 9
* G2 window: 8
* G1 elements in PK: 7667
* Non-zero G1 elements in PK: 6577
* G2 elements in PK: 2179
* Non-zero G2 elements in PK: 1089
* PK size in bits: 2301068
* G1 elements in VK: 18
* G2 elements in VK: 2
* GT elements in VK: 1
* VK size in bits: 7015
* Elements of w skipped: 1 (0.05%)
* Elements of w processed with special addition: 66 (3.03%)
* Elements of w remaining: 2111 (96.92%)
* Elements of w skipped: 0 (0.00%)
* Elements of w processed with special addition: 65 (5.97%)
* Elements of w remaining: 1023 (94.03%)
* Elements of w skipped: 0 (0.00%)
* Elements of w processed with special addition: 63 (2.92%)
* Elements of w remaining: 2096 (97.08%)
* G1 elements in proof: 2
* G2 elements in proof: 1
* Proof size in bits: 1019
* Elements of w skipped: 1 (0.05%)
* Elements of w processed with special addition: 66 (3.03%)
* Elements of w remaining: 2111 (96.92%)
* Elements of w skipped: 0 (0.00%)
* Elements of w processed with special addition: 65 (5.97%)
* Elements of w remaining: 1023 (94.03%)
* Elements of w skipped: 0 (0.00%)
* Elements of w processed with special addition: 63 (2.92%)
* Elements of w remaining: 2096 (97.08%)
* G1 elements in proof: 2
* G2 elements in proof: 1
* Proof size in bits: 1019
* Elements of w skipped: 1 (0.05%)
* Elements of w processed with special addition: 66 (3.03%)
* Elements of w remaining: 2111 (96.92%)
* Elements of w skipped: 0 (0.00%)
* Elements of w processed with special addition: 65 (5.97%)
* Elements of w remaining: 1023 (94.03%)
* Elements of w skipped: 0 (0.00%)
* Elements of w processed with special addition: 63 (2.92%)
* Elements of w remaining: 2096 (97.08%)
* G1 elements in proof: 2
* G2 elements in proof: 1
* Proof size in bits: 1019
* Elements of w skipped: 1 (0.05%)
* Elements of w processed with special addition: 66 (3.03%)
* Elements of w remaining: 2111 (96.92%)
* Elements of w skipped: 0 (0.00%)
* Elements of w processed with special addition: 65 (5.97%)
* Elements of w remaining: 1023 (94.03%)
* Elements of w skipped: 0 (0.00%)
* Elements of w processed with special addition: 63 (2.92%)
* Elements of w remaining: 2096 (97.08%)
* G1 elements in proof: 2
* G2 elements in proof: 1
* Proof size in bits: 1019
* Elements of w skipped: 1 (0.05%)
* Elements of w processed with special addition: 66 (3.03%)
* Elements of w remaining: 2111 (96.92%)
* Elements of w skipped: 0 (0.00%)
* Elements of w processed with special addition: 65 (5.97%)
* Elements of w remaining: 1023 (94.03%)
* Elements of w skipped: 0 (0.00%)
* Elements of w processed with special addition: 63 (2.92%)
* Elements of w remaining: 2096 (97.08%)
* G1 elements in proof: 2
* G2 elements in proof: 1
* Proof size in bits: 1019
* Elements of w skipped: 1 (0.05%)
* Elements of w processed with special addition: 66 (3.03%)
* Elements of w remaining: 2111 (96.92%)
* Elements of w skipped: 0 (0.00%)
* Elements of w processed with special addition: 65 (5.97%)
* Elements of w remaining: 1023 (94.03%)
* Elements of w skipped: 0 (0.00%)
* Elements of w processed with special addition: 63 (2.92%)
* Elements of w remaining: 2096 (97.08%)
* G1 elements in proof: 2
* G2 elements in proof: 1
* Proof size in bits: 1019
* Elements of w skipped: 1 (0.05%)
* Elements of w processed with special addition: 66 (3.03%)
* Elements of w remaining: 2111 (96.92%)
* Elements of w skipped: 0 (0.00%)
* Elements of w processed with special addition: 65 (5.97%)
* Elements of w remaining: 1023 (94.03%)
* Elements of w skipped: 0 (0.00%)
* Elements of w processed with special addition: 63 (2.92%)
* Elements of w remaining: 2096 (97.08%)
* G1 elements in proof: 2
* G2 elements in proof: 1
* Proof size in bits: 1019
* Elements of w skipped: 1 (0.05%)
* Elements of w processed with special addition: 66 (3.03%)
* Elements of w remaining: 2111 (96.92%)
* Elements of w skipped: 0 (0.00%)
* Elements of w processed with special addition: 65 (5.97%)
* Elements of w remaining: 1023 (94.03%)
* Elements of w skipped: 0 (0.00%)
* Elements of w processed with special addition: 63 (2.92%)
* Elements of w remaining: 2096 (97.08%)
* G1 elements in proof: 2
* G2 elements in proof: 1
* Proof size in bits: 1019
* Elements of w skipped: 1 (0.05%)
* Elements of w processed with special addition: 66 (3.03%)
* Elements of w remaining: 2111 (96.92%)
* Elements of w skipped: 0 (0.00%)
* Elements of w processed with special addition: 65 (5.97%)
* Elements of w remaining: 1023 (94.03%)
* Elements of w skipped: 0 (0.00%)
* Elements of w processed with special addition: 63 (2.92%)
* Elements of w remaining: 2096 (97.08%)
* G1 elements in proof: 2
* G2 elements in proof: 1
* Proof size in bits: 1019
* Elements of w skipped: 1 (0.05%)
* Elements of w processed with special addition: 66 (3.03%)
* Elements of w remaining: 2111 (96.92%)
* Elements of w skipped: 0 (0.00%)
* Elements of w processed with special addition: 65 (5.97%)
* Elements of w remaining: 1023 (94.03%)
* Elements of w skipped: 0 (0.00%)
* Elements of w processed with special addition: 63 (2.92%)
* Elements of w remaining: 2096 (97.08%)
* G1 elements in proof: 2
* G2 elements in proof: 1
* Proof size in bits: 1019
  64      1088        255.6         91.32         2.75          PASS      

  Groth16 results written to /Users/heewonchung/Documents/00-Research/active/Updatable Verifiable Computation/Dev/results/2026-03-09_203431_iot/csv/groth16_results.csv

================================================================
All benchmarks complete.
================================================================
  Done in 9s

------------------------------------------------------------
  Running: [7/10] sensor_fusion K=32 B=16
  Command: bench_comparative --circuit sensor_fusion --n 32 --B 16 --output-dir /Users/heewonchung/Documents/00-Research/active/Updatable Verifiable Computation/Dev/results/2026-03-09_203431_iot/csv --reps 10
------------------------------------------------------------
================================================================
Comparative Benchmark: UVC vs Groth16
================================================================
  Circuit: sensor_fusion, n=32, B=16, reps=10
  Output: /Users/heewonchung/Documents/00-Research/active/Updatable Verifiable Computation/Dev/results/2026-03-09_203431_iot/csv/

================================================================
UVC Benchmark: circuit=sensor_fusion, n=32, B=16
================================================================
  Circuit: 33 constraints, 67 vars, state=1, transition=33

  [Setup] Generating CRS for B=16...
* UVC Setup: B=16, n=67, state=1, transition=33
* Composed C_16: 528 constraints, 1057 variables, 34 inputs
* QAP (C_B) variables: 1057, degree: 576, inputs: 34
* UVC max compositions (B): 16
* G1 elements in PK: 3715
* G2 elements in PK: 1059
* PK size in bits: 1128476
* H_query_full size: 575
* Step 2: 66 new wires (0 io, 66 wt)
* Step 3: 66 new wires (0 io, 66 wt)
* Step 4: 66 new wires (0 io, 66 wt)
* Step 5: 66 new wires (0 io, 66 wt)
* Step 6: 66 new wires (0 io, 66 wt)
* Step 7: 66 new wires (0 io, 66 wt)
* Step 8: 66 new wires (0 io, 66 wt)
* Step 9: 66 new wires (0 io, 66 wt)
* Step 10: 66 new wires (0 io, 66 wt)
* Step 11: 66 new wires (0 io, 66 wt)
* Step 12: 66 new wires (0 io, 66 wt)
* Step 13: 66 new wires (0 io, 66 wt)
* Step 14: 66 new wires (0 io, 66 wt)
* Step 15: 66 new wires (0 io, 66 wt)
* Step 16: 66 new wires (0 io, 66 wt)
* UVC VK: 16 max steps
* G2 elements in VK: 2
* GT elements in VK: 1
* gamma_ABC size: 34
  Setup: 177.5 ms, CRS: 4638 G1 + 2050 G2
  Building proof chain (steps 1..16)...
* UVC Prove step 1
* Elements of w skipped: 1 (1.47%)
* Elements of w processed with special addition: 3 (4.41%)
* Elements of w remaining: 64 (94.12%)
* Elements of w skipped: 1 (2.86%)
* Elements of w processed with special addition: 1 (2.86%)
* Elements of w remaining: 33 (94.29%)
* Elements of w skipped: 0 (0.00%)
* Elements of w processed with special addition: 0 (0.00%)
* Elements of w remaining: 33 (100.00%)
* UVC proof at step 1
* G1 elements in proof: 2
* G2 elements in proof: 1
* Proof size in bits: 1019
* Cached h poly size: 575
* UVC Prove step 2
* Elements of w skipped: 0 (0.00%)
* Elements of w processed with special addition: 1 (1.52%)
* Elements of w remaining: 65 (98.48%)
* Elements of w skipped: 0 (0.00%)
* Elements of w processed with special addition: 1 (2.94%)
* Elements of w remaining: 33 (97.06%)
* Elements of w skipped: 0 (0.00%)
* Elements of w processed with special addition: 1 (1.52%)
* Elements of w remaining: 65 (98.48%)
* UVC proof at step 2
* G1 elements in proof: 2
* G2 elements in proof: 1
* Proof size in bits: 1019
* Cached h poly size: 575
* UVC Prove step 3
* Elements of w skipped: 0 (0.00%)
* Elements of w processed with special addition: 1 (1.52%)
* Elements of w remaining: 65 (98.48%)
* Elements of w skipped: 0 (0.00%)
* Elements of w processed with special addition: 1 (2.94%)
* Elements of w remaining: 33 (97.06%)
* Elements of w skipped: 0 (0.00%)
* Elements of w processed with special addition: 1 (1.52%)
* Elements of w remaining: 65 (98.48%)
* UVC proof at step 3
* G1 elements in proof: 2
* G2 elements in proof: 1
* Proof size in bits: 1019
* Cached h poly size: 575
* UVC Prove step 4
* Elements of w skipped: 0 (0.00%)
* Elements of w processed with special addition: 1 (1.52%)
* Elements of w remaining: 65 (98.48%)
* Elements of w skipped: 0 (0.00%)
* Elements of w processed with special addition: 1 (2.94%)
* Elements of w remaining: 33 (97.06%)
* Elements of w skipped: 0 (0.00%)
* Elements of w processed with special addition: 1 (1.52%)
* Elements of w remaining: 65 (98.48%)
* UVC proof at step 4
* G1 elements in proof: 2
* G2 elements in proof: 1
* Proof size in bits: 1019
* Cached h poly size: 575
* UVC Prove step 5
* Elements of w skipped: 0 (0.00%)
* Elements of w processed with special addition: 1 (1.52%)
* Elements of w remaining: 65 (98.48%)
* Elements of w skipped: 0 (0.00%)
* Elements of w processed with special addition: 1 (2.94%)
* Elements of w remaining: 33 (97.06%)
* Elements of w skipped: 0 (0.00%)
* Elements of w processed with special addition: 1 (1.52%)
* Elements of w remaining: 65 (98.48%)
* UVC proof at step 5
* G1 elements in proof: 2
* G2 elements in proof: 1
* Proof size in bits: 1019
* Cached h poly size: 575
* UVC Prove step 6
* Elements of w skipped: 0 (0.00%)
* Elements of w processed with special addition: 1 (1.52%)
* Elements of w remaining: 65 (98.48%)
* Elements of w skipped: 0 (0.00%)
* Elements of w processed with special addition: 1 (2.94%)
* Elements of w remaining: 33 (97.06%)
* Elements of w skipped: 0 (0.00%)
* Elements of w processed with special addition: 1 (1.52%)
* Elements of w remaining: 65 (98.48%)
* UVC proof at step 6
* G1 elements in proof: 2
* G2 elements in proof: 1
* Proof size in bits: 1019
* Cached h poly size: 575
* UVC Prove step 7
* Elements of w skipped: 0 (0.00%)
* Elements of w processed with special addition: 1 (1.52%)
* Elements of w remaining: 65 (98.48%)
* Elements of w skipped: 0 (0.00%)
* Elements of w processed with special addition: 1 (2.94%)
* Elements of w remaining: 33 (97.06%)
* Elements of w skipped: 0 (0.00%)
* Elements of w processed with special addition: 1 (1.52%)
* Elements of w remaining: 65 (98.48%)
* UVC proof at step 7
* G1 elements in proof: 2
* G2 elements in proof: 1
* Proof size in bits: 1019
* Cached h poly size: 575
* UVC Prove step 8
* Elements of w skipped: 0 (0.00%)
* Elements of w processed with special addition: 1 (1.52%)
* Elements of w remaining: 65 (98.48%)
* Elements of w skipped: 0 (0.00%)
* Elements of w processed with special addition: 1 (2.94%)
* Elements of w remaining: 33 (97.06%)
* Elements of w skipped: 0 (0.00%)
* Elements of w processed with special addition: 1 (1.52%)
* Elements of w remaining: 65 (98.48%)
* UVC proof at step 8
* G1 elements in proof: 2
* G2 elements in proof: 1
* Proof size in bits: 1019
* Cached h poly size: 575
* UVC Prove step 9
* Elements of w skipped: 0 (0.00%)
* Elements of w processed with special addition: 1 (1.52%)
* Elements of w remaining: 65 (98.48%)
* Elements of w skipped: 0 (0.00%)
* Elements of w processed with special addition: 1 (2.94%)
* Elements of w remaining: 33 (97.06%)
* Elements of w skipped: 0 (0.00%)
* Elements of w processed with special addition: 1 (1.52%)
* Elements of w remaining: 65 (98.48%)
* UVC proof at step 9
* G1 elements in proof: 2
* G2 elements in proof: 1
* Proof size in bits: 1019
* Cached h poly size: 575
* UVC Prove step 10
* Elements of w skipped: 0 (0.00%)
* Elements of w processed with special addition: 1 (1.52%)
* Elements of w remaining: 65 (98.48%)
* Elements of w skipped: 0 (0.00%)
* Elements of w processed with special addition: 1 (2.94%)
* Elements of w remaining: 33 (97.06%)
* Elements of w skipped: 0 (0.00%)
* Elements of w processed with special addition: 1 (1.52%)
* Elements of w remaining: 65 (98.48%)
* UVC proof at step 10
* G1 elements in proof: 2
* G2 elements in proof: 1
* Proof size in bits: 1019
* Cached h poly size: 575
* UVC Prove step 11
* Elements of w skipped: 0 (0.00%)
* Elements of w processed with special addition: 1 (1.52%)
* Elements of w remaining: 65 (98.48%)
* Elements of w skipped: 0 (0.00%)
* Elements of w processed with special addition: 1 (2.94%)
* Elements of w remaining: 33 (97.06%)
* Elements of w skipped: 0 (0.00%)
* Elements of w processed with special addition: 1 (1.52%)
* Elements of w remaining: 65 (98.48%)
* UVC proof at step 11
* G1 elements in proof: 2
* G2 elements in proof: 1
* Proof size in bits: 1019
* Cached h poly size: 575
* UVC Prove step 12
* Elements of w skipped: 0 (0.00%)
* Elements of w processed with special addition: 1 (1.52%)
* Elements of w remaining: 65 (98.48%)
* Elements of w skipped: 0 (0.00%)
* Elements of w processed with special addition: 1 (2.94%)
* Elements of w remaining: 33 (97.06%)
* Elements of w skipped: 0 (0.00%)
* Elements of w processed with special addition: 1 (1.52%)
* Elements of w remaining: 65 (98.48%)
* UVC proof at step 12
* G1 elements in proof: 2
* G2 elements in proof: 1
* Proof size in bits: 1019
* Cached h poly size: 575
* UVC Prove step 13
* Elements of w skipped: 0 (0.00%)
* Elements of w processed with special addition: 1 (1.52%)
* Elements of w remaining: 65 (98.48%)
* Elements of w skipped: 0 (0.00%)
* Elements of w processed with special addition: 1 (2.94%)
* Elements of w remaining: 33 (97.06%)
* Elements of w skipped: 0 (0.00%)
* Elements of w processed with special addition: 1 (1.52%)
* Elements of w remaining: 65 (98.48%)
* UVC proof at step 13
* G1 elements in proof: 2
* G2 elements in proof: 1
* Proof size in bits: 1019
* Cached h poly size: 575
* UVC Prove step 14
* Elements of w skipped: 0 (0.00%)
* Elements of w processed with special addition: 1 (1.52%)
* Elements of w remaining: 65 (98.48%)
* Elements of w skipped: 0 (0.00%)
* Elements of w processed with special addition: 1 (2.94%)
* Elements of w remaining: 33 (97.06%)
* Elements of w skipped: 0 (0.00%)
* Elements of w processed with special addition: 1 (1.52%)
* Elements of w remaining: 65 (98.48%)
* UVC proof at step 14
* G1 elements in proof: 2
* G2 elements in proof: 1
* Proof size in bits: 1019
* Cached h poly size: 575
* UVC Prove step 15
* Elements of w skipped: 0 (0.00%)
* Elements of w processed with special addition: 1 (1.52%)
* Elements of w remaining: 65 (98.48%)
* Elements of w skipped: 0 (0.00%)
* Elements of w processed with special addition: 1 (2.94%)
* Elements of w remaining: 33 (97.06%)
* Elements of w skipped: 0 (0.00%)
* Elements of w processed with special addition: 1 (1.52%)
* Elements of w remaining: 65 (98.48%)
* UVC proof at step 15
* G1 elements in proof: 2
* G2 elements in proof: 1
* Proof size in bits: 1019
* Cached h poly size: 575
* UVC Prove step 16
* Elements of w skipped: 0 (0.00%)
* Elements of w processed with special addition: 1 (1.52%)
* Elements of w remaining: 65 (98.48%)
* Elements of w skipped: 0 (0.00%)
* Elements of w processed with special addition: 1 (3.03%)
* Elements of w remaining: 32 (96.97%)
* Elements of w skipped: 0 (0.00%)
* Elements of w processed with special addition: 1 (1.52%)
* Elements of w remaining: 65 (98.48%)
* UVC proof at step 16
* G1 elements in proof: 2
* G2 elements in proof: 1
* Proof size in bits: 1019
* Cached h poly size: 575

  Step    Prove (ms)    Verify (ms)   Proof bits    Verified  
  ------  ------------  ------------  ------------  ----------
* UVC Prove step 1
* Elements of w skipped: 1 (1.47%)
* Elements of w processed with special addition: 3 (4.41%)
* Elements of w remaining: 64 (94.12%)
* Elements of w skipped: 1 (2.86%)
* Elements of w processed with special addition: 1 (2.86%)
* Elements of w remaining: 33 (94.29%)
* Elements of w skipped: 0 (0.00%)
* Elements of w processed with special addition: 0 (0.00%)
* Elements of w remaining: 33 (100.00%)
* UVC proof at step 1
* G1 elements in proof: 2
* G2 elements in proof: 1
* Proof size in bits: 1019
* Cached h poly size: 575
* UVC Prove step 1
* Elements of w skipped: 1 (1.47%)
* Elements of w processed with special addition: 3 (4.41%)
* Elements of w remaining: 64 (94.12%)
* Elements of w skipped: 1 (2.86%)
* Elements of w processed with special addition: 1 (2.86%)
* Elements of w remaining: 33 (94.29%)
* Elements of w skipped: 0 (0.00%)
* Elements of w processed with special addition: 0 (0.00%)
* Elements of w remaining: 33 (100.00%)
* UVC proof at step 1
* G1 elements in proof: 2
* G2 elements in proof: 1
* Proof size in bits: 1019
* Cached h poly size: 575
* UVC Prove step 1
* Elements of w skipped: 1 (1.47%)
* Elements of w processed with special addition: 3 (4.41%)
* Elements of w remaining: 64 (94.12%)
* Elements of w skipped: 1 (2.86%)
* Elements of w processed with special addition: 1 (2.86%)
* Elements of w remaining: 33 (94.29%)
* Elements of w skipped: 0 (0.00%)
* Elements of w processed with special addition: 0 (0.00%)
* Elements of w remaining: 33 (100.00%)
* UVC proof at step 1
* G1 elements in proof: 2
* G2 elements in proof: 1
* Proof size in bits: 1019
* Cached h poly size: 575
* UVC Prove step 1
* Elements of w skipped: 1 (1.47%)
* Elements of w processed with special addition: 3 (4.41%)
* Elements of w remaining: 64 (94.12%)
* Elements of w skipped: 1 (2.86%)
* Elements of w processed with special addition: 1 (2.86%)
* Elements of w remaining: 33 (94.29%)
* Elements of w skipped: 0 (0.00%)
* Elements of w processed with special addition: 0 (0.00%)
* Elements of w remaining: 33 (100.00%)
* UVC proof at step 1
* G1 elements in proof: 2
* G2 elements in proof: 1
* Proof size in bits: 1019
* Cached h poly size: 575
* UVC Prove step 1
* Elements of w skipped: 1 (1.47%)
* Elements of w processed with special addition: 3 (4.41%)
* Elements of w remaining: 64 (94.12%)
* Elements of w skipped: 1 (2.86%)
* Elements of w processed with special addition: 1 (2.86%)
* Elements of w remaining: 33 (94.29%)
* Elements of w skipped: 0 (0.00%)
* Elements of w processed with special addition: 0 (0.00%)
* Elements of w remaining: 33 (100.00%)
* UVC proof at step 1
* G1 elements in proof: 2
* G2 elements in proof: 1
* Proof size in bits: 1019
* Cached h poly size: 575
* UVC Prove step 1
* Elements of w skipped: 1 (1.47%)
* Elements of w processed with special addition: 3 (4.41%)
* Elements of w remaining: 64 (94.12%)
* Elements of w skipped: 1 (2.86%)
* Elements of w processed with special addition: 1 (2.86%)
* Elements of w remaining: 33 (94.29%)
* Elements of w skipped: 0 (0.00%)
* Elements of w processed with special addition: 0 (0.00%)
* Elements of w remaining: 33 (100.00%)
* UVC proof at step 1
* G1 elements in proof: 2
* G2 elements in proof: 1
* Proof size in bits: 1019
* Cached h poly size: 575
* UVC Prove step 1
* Elements of w skipped: 1 (1.47%)
* Elements of w processed with special addition: 3 (4.41%)
* Elements of w remaining: 64 (94.12%)
* Elements of w skipped: 1 (2.86%)
* Elements of w processed with special addition: 1 (2.86%)
* Elements of w remaining: 33 (94.29%)
* Elements of w skipped: 0 (0.00%)
* Elements of w processed with special addition: 0 (0.00%)
* Elements of w remaining: 33 (100.00%)
* UVC proof at step 1
* G1 elements in proof: 2
* G2 elements in proof: 1
* Proof size in bits: 1019
* Cached h poly size: 575
* UVC Prove step 1
* Elements of w skipped: 1 (1.47%)
* Elements of w processed with special addition: 3 (4.41%)
* Elements of w remaining: 64 (94.12%)
* Elements of w skipped: 1 (2.86%)
* Elements of w processed with special addition: 1 (2.86%)
* Elements of w remaining: 33 (94.29%)
* Elements of w skipped: 0 (0.00%)
* Elements of w processed with special addition: 0 (0.00%)
* Elements of w remaining: 33 (100.00%)
* UVC proof at step 1
* G1 elements in proof: 2
* G2 elements in proof: 1
* Proof size in bits: 1019
* Cached h poly size: 575
* UVC Prove step 1
* Elements of w skipped: 1 (1.47%)
* Elements of w processed with special addition: 3 (4.41%)
* Elements of w remaining: 64 (94.12%)
* Elements of w skipped: 1 (2.86%)
* Elements of w processed with special addition: 1 (2.86%)
* Elements of w remaining: 33 (94.29%)
* Elements of w skipped: 0 (0.00%)
* Elements of w processed with special addition: 0 (0.00%)
* Elements of w remaining: 33 (100.00%)
* UVC proof at step 1
* G1 elements in proof: 2
* G2 elements in proof: 1
* Proof size in bits: 1019
* Cached h poly size: 575
* UVC Prove step 1
* Elements of w skipped: 1 (1.47%)
* Elements of w processed with special addition: 3 (4.41%)
* Elements of w remaining: 64 (94.12%)
* Elements of w skipped: 1 (2.86%)
* Elements of w processed with special addition: 1 (2.86%)
* Elements of w remaining: 33 (94.29%)
* Elements of w skipped: 0 (0.00%)
* Elements of w processed with special addition: 0 (0.00%)
* Elements of w remaining: 33 (100.00%)
* UVC proof at step 1
* G1 elements in proof: 2
* G2 elements in proof: 1
* Proof size in bits: 1019
* Cached h poly size: 575
* UVC Verify step 1: PASS
* UVC Verify step 1: PASS
* UVC Verify step 1: PASS
* UVC Verify step 1: PASS
* UVC Verify step 1: PASS
* UVC Verify step 1: PASS
* UVC Verify step 1: PASS
* UVC Verify step 1: PASS
* UVC Verify step 1: PASS
* UVC Verify step 1: PASS
  1       30.31         2.67          1019          PASS      
* UVC Prove step 2
* Elements of w skipped: 0 (0.00%)
* Elements of w processed with special addition: 1 (1.52%)
* Elements of w remaining: 65 (98.48%)
* Elements of w skipped: 0 (0.00%)
* Elements of w processed with special addition: 1 (2.94%)
* Elements of w remaining: 33 (97.06%)
* Elements of w skipped: 0 (0.00%)
* Elements of w processed with special addition: 1 (1.52%)
* Elements of w remaining: 65 (98.48%)
* UVC proof at step 2
* G1 elements in proof: 2
* G2 elements in proof: 1
* Proof size in bits: 1019
* Cached h poly size: 575
* UVC Prove step 2
* Elements of w skipped: 0 (0.00%)
* Elements of w processed with special addition: 1 (1.52%)
* Elements of w remaining: 65 (98.48%)
* Elements of w skipped: 0 (0.00%)
* Elements of w processed with special addition: 1 (2.94%)
* Elements of w remaining: 33 (97.06%)
* Elements of w skipped: 0 (0.00%)
* Elements of w processed with special addition: 1 (1.52%)
* Elements of w remaining: 65 (98.48%)
* UVC proof at step 2
* G1 elements in proof: 2
* G2 elements in proof: 1
* Proof size in bits: 1019
* Cached h poly size: 575
* UVC Prove step 2
* Elements of w skipped: 0 (0.00%)
* Elements of w processed with special addition: 1 (1.52%)
* Elements of w remaining: 65 (98.48%)
* Elements of w skipped: 0 (0.00%)
* Elements of w processed with special addition: 1 (2.94%)
* Elements of w remaining: 33 (97.06%)
* Elements of w skipped: 0 (0.00%)
* Elements of w processed with special addition: 1 (1.52%)
* Elements of w remaining: 65 (98.48%)
* UVC proof at step 2
* G1 elements in proof: 2
* G2 elements in proof: 1
* Proof size in bits: 1019
* Cached h poly size: 575
* UVC Prove step 2
* Elements of w skipped: 0 (0.00%)
* Elements of w processed with special addition: 1 (1.52%)
* Elements of w remaining: 65 (98.48%)
* Elements of w skipped: 0 (0.00%)
* Elements of w processed with special addition: 1 (2.94%)
* Elements of w remaining: 33 (97.06%)
* Elements of w skipped: 0 (0.00%)
* Elements of w processed with special addition: 1 (1.52%)
* Elements of w remaining: 65 (98.48%)
* UVC proof at step 2
* G1 elements in proof: 2
* G2 elements in proof: 1
* Proof size in bits: 1019
* Cached h poly size: 575
* UVC Prove step 2
* Elements of w skipped: 0 (0.00%)
* Elements of w processed with special addition: 1 (1.52%)
* Elements of w remaining: 65 (98.48%)
* Elements of w skipped: 0 (0.00%)
* Elements of w processed with special addition: 1 (2.94%)
* Elements of w remaining: 33 (97.06%)
* Elements of w skipped: 0 (0.00%)
* Elements of w processed with special addition: 1 (1.52%)
* Elements of w remaining: 65 (98.48%)
* UVC proof at step 2
* G1 elements in proof: 2
* G2 elements in proof: 1
* Proof size in bits: 1019
* Cached h poly size: 575
* UVC Prove step 2
* Elements of w skipped: 0 (0.00%)
* Elements of w processed with special addition: 1 (1.52%)
* Elements of w remaining: 65 (98.48%)
* Elements of w skipped: 0 (0.00%)
* Elements of w processed with special addition: 1 (2.94%)
* Elements of w remaining: 33 (97.06%)
* Elements of w skipped: 0 (0.00%)
* Elements of w processed with special addition: 1 (1.52%)
* Elements of w remaining: 65 (98.48%)
* UVC proof at step 2
* G1 elements in proof: 2
* G2 elements in proof: 1
* Proof size in bits: 1019
* Cached h poly size: 575
* UVC Prove step 2
* Elements of w skipped: 0 (0.00%)
* Elements of w processed with special addition: 1 (1.52%)
* Elements of w remaining: 65 (98.48%)
* Elements of w skipped: 0 (0.00%)
* Elements of w processed with special addition: 1 (2.94%)
* Elements of w remaining: 33 (97.06%)
* Elements of w skipped: 0 (0.00%)
* Elements of w processed with special addition: 1 (1.52%)
* Elements of w remaining: 65 (98.48%)
* UVC proof at step 2
* G1 elements in proof: 2
* G2 elements in proof: 1
* Proof size in bits: 1019
* Cached h poly size: 575
* UVC Prove step 2
* Elements of w skipped: 0 (0.00%)
* Elements of w processed with special addition: 1 (1.52%)
* Elements of w remaining: 65 (98.48%)
* Elements of w skipped: 0 (0.00%)
* Elements of w processed with special addition: 1 (2.94%)
* Elements of w remaining: 33 (97.06%)
* Elements of w skipped: 0 (0.00%)
* Elements of w processed with special addition: 1 (1.52%)
* Elements of w remaining: 65 (98.48%)
* UVC proof at step 2
* G1 elements in proof: 2
* G2 elements in proof: 1
* Proof size in bits: 1019
* Cached h poly size: 575
* UVC Prove step 2
* Elements of w skipped: 0 (0.00%)
* Elements of w processed with special addition: 1 (1.52%)
* Elements of w remaining: 65 (98.48%)
* Elements of w skipped: 0 (0.00%)
* Elements of w processed with special addition: 1 (2.94%)
* Elements of w remaining: 33 (97.06%)
* Elements of w skipped: 0 (0.00%)
* Elements of w processed with special addition: 1 (1.52%)
* Elements of w remaining: 65 (98.48%)
* UVC proof at step 2
* G1 elements in proof: 2
* G2 elements in proof: 1
* Proof size in bits: 1019
* Cached h poly size: 575
* UVC Prove step 2
* Elements of w skipped: 0 (0.00%)
* Elements of w processed with special addition: 1 (1.52%)
* Elements of w remaining: 65 (98.48%)
* Elements of w skipped: 0 (0.00%)
* Elements of w processed with special addition: 1 (2.94%)
* Elements of w remaining: 33 (97.06%)
* Elements of w skipped: 0 (0.00%)
* Elements of w processed with special addition: 1 (1.52%)
* Elements of w remaining: 65 (98.48%)
* UVC proof at step 2
* G1 elements in proof: 2
* G2 elements in proof: 1
* Proof size in bits: 1019
* Cached h poly size: 575
* UVC Verify step 2: PASS
* UVC Verify step 2: PASS
* UVC Verify step 2: PASS
* UVC Verify step 2: PASS
* UVC Verify step 2: PASS
* UVC Verify step 2: PASS
* UVC Verify step 2: PASS
* UVC Verify step 2: PASS
* UVC Verify step 2: PASS
* UVC Verify step 2: PASS
  2       31.08         2.76          1019          PASS      
* UVC Prove step 4
* Elements of w skipped: 0 (0.00%)
* Elements of w processed with special addition: 1 (1.52%)
* Elements of w remaining: 65 (98.48%)
* Elements of w skipped: 0 (0.00%)
* Elements of w processed with special addition: 1 (2.94%)
* Elements of w remaining: 33 (97.06%)
* Elements of w skipped: 0 (0.00%)
* Elements of w processed with special addition: 1 (1.52%)
* Elements of w remaining: 65 (98.48%)
* UVC proof at step 4
* G1 elements in proof: 2
* G2 elements in proof: 1
* Proof size in bits: 1019
* Cached h poly size: 575
* UVC Prove step 4
* Elements of w skipped: 0 (0.00%)
* Elements of w processed with special addition: 1 (1.52%)
* Elements of w remaining: 65 (98.48%)
* Elements of w skipped: 0 (0.00%)
* Elements of w processed with special addition: 1 (2.94%)
* Elements of w remaining: 33 (97.06%)
* Elements of w skipped: 0 (0.00%)
* Elements of w processed with special addition: 1 (1.52%)
* Elements of w remaining: 65 (98.48%)
* UVC proof at step 4
* G1 elements in proof: 2
* G2 elements in proof: 1
* Proof size in bits: 1019
* Cached h poly size: 575
* UVC Prove step 4
* Elements of w skipped: 0 (0.00%)
* Elements of w processed with special addition: 1 (1.52%)
* Elements of w remaining: 65 (98.48%)
* Elements of w skipped: 0 (0.00%)
* Elements of w processed with special addition: 1 (2.94%)
* Elements of w remaining: 33 (97.06%)
* Elements of w skipped: 0 (0.00%)
* Elements of w processed with special addition: 1 (1.52%)
* Elements of w remaining: 65 (98.48%)
* UVC proof at step 4
* G1 elements in proof: 2
* G2 elements in proof: 1
* Proof size in bits: 1019
* Cached h poly size: 575
* UVC Prove step 4
* Elements of w skipped: 0 (0.00%)
* Elements of w processed with special addition: 1 (1.52%)
* Elements of w remaining: 65 (98.48%)
* Elements of w skipped: 0 (0.00%)
* Elements of w processed with special addition: 1 (2.94%)
* Elements of w remaining: 33 (97.06%)
* Elements of w skipped: 0 (0.00%)
* Elements of w processed with special addition: 1 (1.52%)
* Elements of w remaining: 65 (98.48%)
* UVC proof at step 4
* G1 elements in proof: 2
* G2 elements in proof: 1
* Proof size in bits: 1019
* Cached h poly size: 575
* UVC Prove step 4
* Elements of w skipped: 0 (0.00%)
* Elements of w processed with special addition: 1 (1.52%)
* Elements of w remaining: 65 (98.48%)
* Elements of w skipped: 0 (0.00%)
* Elements of w processed with special addition: 1 (2.94%)
* Elements of w remaining: 33 (97.06%)
* Elements of w skipped: 0 (0.00%)
* Elements of w processed with special addition: 1 (1.52%)
* Elements of w remaining: 65 (98.48%)
* UVC proof at step 4
* G1 elements in proof: 2
* G2 elements in proof: 1
* Proof size in bits: 1019
* Cached h poly size: 575
* UVC Prove step 4
* Elements of w skipped: 0 (0.00%)
* Elements of w processed with special addition: 1 (1.52%)
* Elements of w remaining: 65 (98.48%)
* Elements of w skipped: 0 (0.00%)
* Elements of w processed with special addition: 1 (2.94%)
* Elements of w remaining: 33 (97.06%)
* Elements of w skipped: 0 (0.00%)
* Elements of w processed with special addition: 1 (1.52%)
* Elements of w remaining: 65 (98.48%)
* UVC proof at step 4
* G1 elements in proof: 2
* G2 elements in proof: 1
* Proof size in bits: 1019
* Cached h poly size: 575
* UVC Prove step 4
* Elements of w skipped: 0 (0.00%)
* Elements of w processed with special addition: 1 (1.52%)
* Elements of w remaining: 65 (98.48%)
* Elements of w skipped: 0 (0.00%)
* Elements of w processed with special addition: 1 (2.94%)
* Elements of w remaining: 33 (97.06%)
* Elements of w skipped: 0 (0.00%)
* Elements of w processed with special addition: 1 (1.52%)
* Elements of w remaining: 65 (98.48%)
* UVC proof at step 4
* G1 elements in proof: 2
* G2 elements in proof: 1
* Proof size in bits: 1019
* Cached h poly size: 575
* UVC Prove step 4
* Elements of w skipped: 0 (0.00%)
* Elements of w processed with special addition: 1 (1.52%)
* Elements of w remaining: 65 (98.48%)
* Elements of w skipped: 0 (0.00%)
* Elements of w processed with special addition: 1 (2.94%)
* Elements of w remaining: 33 (97.06%)
* Elements of w skipped: 0 (0.00%)
* Elements of w processed with special addition: 1 (1.52%)
* Elements of w remaining: 65 (98.48%)
* UVC proof at step 4
* G1 elements in proof: 2
* G2 elements in proof: 1
* Proof size in bits: 1019
* Cached h poly size: 575
* UVC Prove step 4
* Elements of w skipped: 0 (0.00%)
* Elements of w processed with special addition: 1 (1.52%)
* Elements of w remaining: 65 (98.48%)
* Elements of w skipped: 0 (0.00%)
* Elements of w processed with special addition: 1 (2.94%)
* Elements of w remaining: 33 (97.06%)
* Elements of w skipped: 0 (0.00%)
* Elements of w processed with special addition: 1 (1.52%)
* Elements of w remaining: 65 (98.48%)
* UVC proof at step 4
* G1 elements in proof: 2
* G2 elements in proof: 1
* Proof size in bits: 1019
* Cached h poly size: 575
* UVC Prove step 4
* Elements of w skipped: 0 (0.00%)
* Elements of w processed with special addition: 1 (1.52%)
* Elements of w remaining: 65 (98.48%)
* Elements of w skipped: 0 (0.00%)
* Elements of w processed with special addition: 1 (2.94%)
* Elements of w remaining: 33 (97.06%)
* Elements of w skipped: 0 (0.00%)
* Elements of w processed with special addition: 1 (1.52%)
* Elements of w remaining: 65 (98.48%)
* UVC proof at step 4
* G1 elements in proof: 2
* G2 elements in proof: 1
* Proof size in bits: 1019
* Cached h poly size: 575
* UVC Verify step 4: PASS
* UVC Verify step 4: PASS
* UVC Verify step 4: PASS
* UVC Verify step 4: PASS
* UVC Verify step 4: PASS
* UVC Verify step 4: PASS
* UVC Verify step 4: PASS
* UVC Verify step 4: PASS
* UVC Verify step 4: PASS
* UVC Verify step 4: PASS
  4       31.19         2.76          1019          PASS      
* UVC Prove step 8
* Elements of w skipped: 0 (0.00%)
* Elements of w processed with special addition: 1 (1.52%)
* Elements of w remaining: 65 (98.48%)
* Elements of w skipped: 0 (0.00%)
* Elements of w processed with special addition: 1 (2.94%)
* Elements of w remaining: 33 (97.06%)
* Elements of w skipped: 0 (0.00%)
* Elements of w processed with special addition: 1 (1.52%)
* Elements of w remaining: 65 (98.48%)
* UVC proof at step 8
* G1 elements in proof: 2
* G2 elements in proof: 1
* Proof size in bits: 1019
* Cached h poly size: 575
* UVC Prove step 8
* Elements of w skipped: 0 (0.00%)
* Elements of w processed with special addition: 1 (1.52%)
* Elements of w remaining: 65 (98.48%)
* Elements of w skipped: 0 (0.00%)
* Elements of w processed with special addition: 1 (2.94%)
* Elements of w remaining: 33 (97.06%)
* Elements of w skipped: 0 (0.00%)
* Elements of w processed with special addition: 1 (1.52%)
* Elements of w remaining: 65 (98.48%)
* UVC proof at step 8
* G1 elements in proof: 2
* G2 elements in proof: 1
* Proof size in bits: 1019
* Cached h poly size: 575
* UVC Prove step 8
* Elements of w skipped: 0 (0.00%)
* Elements of w processed with special addition: 1 (1.52%)
* Elements of w remaining: 65 (98.48%)
* Elements of w skipped: 0 (0.00%)
* Elements of w processed with special addition: 1 (2.94%)
* Elements of w remaining: 33 (97.06%)
* Elements of w skipped: 0 (0.00%)
* Elements of w processed with special addition: 1 (1.52%)
* Elements of w remaining: 65 (98.48%)
* UVC proof at step 8
* G1 elements in proof: 2
* G2 elements in proof: 1
* Proof size in bits: 1019
* Cached h poly size: 575
* UVC Prove step 8
* Elements of w skipped: 0 (0.00%)
* Elements of w processed with special addition: 1 (1.52%)
* Elements of w remaining: 65 (98.48%)
* Elements of w skipped: 0 (0.00%)
* Elements of w processed with special addition: 1 (2.94%)
* Elements of w remaining: 33 (97.06%)
* Elements of w skipped: 0 (0.00%)
* Elements of w processed with special addition: 1 (1.52%)
* Elements of w remaining: 65 (98.48%)
* UVC proof at step 8
* G1 elements in proof: 2
* G2 elements in proof: 1
* Proof size in bits: 1019
* Cached h poly size: 575
* UVC Prove step 8
* Elements of w skipped: 0 (0.00%)
* Elements of w processed with special addition: 1 (1.52%)
* Elements of w remaining: 65 (98.48%)
* Elements of w skipped: 0 (0.00%)
* Elements of w processed with special addition: 1 (2.94%)
* Elements of w remaining: 33 (97.06%)
* Elements of w skipped: 0 (0.00%)
* Elements of w processed with special addition: 1 (1.52%)
* Elements of w remaining: 65 (98.48%)
* UVC proof at step 8
* G1 elements in proof: 2
* G2 elements in proof: 1
* Proof size in bits: 1019
* Cached h poly size: 575
* UVC Prove step 8
* Elements of w skipped: 0 (0.00%)
* Elements of w processed with special addition: 1 (1.52%)
* Elements of w remaining: 65 (98.48%)
* Elements of w skipped: 0 (0.00%)
* Elements of w processed with special addition: 1 (2.94%)
* Elements of w remaining: 33 (97.06%)
* Elements of w skipped: 0 (0.00%)
* Elements of w processed with special addition: 1 (1.52%)
* Elements of w remaining: 65 (98.48%)
* UVC proof at step 8
* G1 elements in proof: 2
* G2 elements in proof: 1
* Proof size in bits: 1019
* Cached h poly size: 575
* UVC Prove step 8
* Elements of w skipped: 0 (0.00%)
* Elements of w processed with special addition: 1 (1.52%)
* Elements of w remaining: 65 (98.48%)
* Elements of w skipped: 0 (0.00%)
* Elements of w processed with special addition: 1 (2.94%)
* Elements of w remaining: 33 (97.06%)
* Elements of w skipped: 0 (0.00%)
* Elements of w processed with special addition: 1 (1.52%)
* Elements of w remaining: 65 (98.48%)
* UVC proof at step 8
* G1 elements in proof: 2
* G2 elements in proof: 1
* Proof size in bits: 1019
* Cached h poly size: 575
* UVC Prove step 8
* Elements of w skipped: 0 (0.00%)
* Elements of w processed with special addition: 1 (1.52%)
* Elements of w remaining: 65 (98.48%)
* Elements of w skipped: 0 (0.00%)
* Elements of w processed with special addition: 1 (2.94%)
* Elements of w remaining: 33 (97.06%)
* Elements of w skipped: 0 (0.00%)
* Elements of w processed with special addition: 1 (1.52%)
* Elements of w remaining: 65 (98.48%)
* UVC proof at step 8
* G1 elements in proof: 2
* G2 elements in proof: 1
* Proof size in bits: 1019
* Cached h poly size: 575
* UVC Prove step 8
* Elements of w skipped: 0 (0.00%)
* Elements of w processed with special addition: 1 (1.52%)
* Elements of w remaining: 65 (98.48%)
* Elements of w skipped: 0 (0.00%)
* Elements of w processed with special addition: 1 (2.94%)
* Elements of w remaining: 33 (97.06%)
* Elements of w skipped: 0 (0.00%)
* Elements of w processed with special addition: 1 (1.52%)
* Elements of w remaining: 65 (98.48%)
* UVC proof at step 8
* G1 elements in proof: 2
* G2 elements in proof: 1
* Proof size in bits: 1019
* Cached h poly size: 575
* UVC Prove step 8
* Elements of w skipped: 0 (0.00%)
* Elements of w processed with special addition: 1 (1.52%)
* Elements of w remaining: 65 (98.48%)
* Elements of w skipped: 0 (0.00%)
* Elements of w processed with special addition: 1 (2.94%)
* Elements of w remaining: 33 (97.06%)
* Elements of w skipped: 0 (0.00%)
* Elements of w processed with special addition: 1 (1.52%)
* Elements of w remaining: 65 (98.48%)
* UVC proof at step 8
* G1 elements in proof: 2
* G2 elements in proof: 1
* Proof size in bits: 1019
* Cached h poly size: 575
* UVC Verify step 8: PASS
* UVC Verify step 8: PASS
* UVC Verify step 8: PASS
* UVC Verify step 8: PASS
* UVC Verify step 8: PASS
* UVC Verify step 8: PASS
* UVC Verify step 8: PASS
* UVC Verify step 8: PASS
* UVC Verify step 8: PASS
* UVC Verify step 8: PASS
  8       31.18         2.69          1019          PASS      
* UVC Prove step 16
* Elements of w skipped: 0 (0.00%)
* Elements of w processed with special addition: 1 (1.52%)
* Elements of w remaining: 65 (98.48%)
* Elements of w skipped: 0 (0.00%)
* Elements of w processed with special addition: 1 (3.03%)
* Elements of w remaining: 32 (96.97%)
* Elements of w skipped: 0 (0.00%)
* Elements of w processed with special addition: 1 (1.52%)
* Elements of w remaining: 65 (98.48%)
* UVC proof at step 16
* G1 elements in proof: 2
* G2 elements in proof: 1
* Proof size in bits: 1019
* Cached h poly size: 575
* UVC Prove step 16
* Elements of w skipped: 0 (0.00%)
* Elements of w processed with special addition: 1 (1.52%)
* Elements of w remaining: 65 (98.48%)
* Elements of w skipped: 0 (0.00%)
* Elements of w processed with special addition: 1 (3.03%)
* Elements of w remaining: 32 (96.97%)
* Elements of w skipped: 0 (0.00%)
* Elements of w processed with special addition: 1 (1.52%)
* Elements of w remaining: 65 (98.48%)
* UVC proof at step 16
* G1 elements in proof: 2
* G2 elements in proof: 1
* Proof size in bits: 1019
* Cached h poly size: 575
* UVC Prove step 16
* Elements of w skipped: 0 (0.00%)
* Elements of w processed with special addition: 1 (1.52%)
* Elements of w remaining: 65 (98.48%)
* Elements of w skipped: 0 (0.00%)
* Elements of w processed with special addition: 1 (3.03%)
* Elements of w remaining: 32 (96.97%)
* Elements of w skipped: 0 (0.00%)
* Elements of w processed with special addition: 1 (1.52%)
* Elements of w remaining: 65 (98.48%)
* UVC proof at step 16
* G1 elements in proof: 2
* G2 elements in proof: 1
* Proof size in bits: 1019
* Cached h poly size: 575
* UVC Prove step 16
* Elements of w skipped: 0 (0.00%)
* Elements of w processed with special addition: 1 (1.52%)
* Elements of w remaining: 65 (98.48%)
* Elements of w skipped: 0 (0.00%)
* Elements of w processed with special addition: 1 (3.03%)
* Elements of w remaining: 32 (96.97%)
* Elements of w skipped: 0 (0.00%)
* Elements of w processed with special addition: 1 (1.52%)
* Elements of w remaining: 65 (98.48%)
* UVC proof at step 16
* G1 elements in proof: 2
* G2 elements in proof: 1
* Proof size in bits: 1019
* Cached h poly size: 575
* UVC Prove step 16
* Elements of w skipped: 0 (0.00%)
* Elements of w processed with special addition: 1 (1.52%)
* Elements of w remaining: 65 (98.48%)
* Elements of w skipped: 0 (0.00%)
* Elements of w processed with special addition: 1 (3.03%)
* Elements of w remaining: 32 (96.97%)
* Elements of w skipped: 0 (0.00%)
* Elements of w processed with special addition: 1 (1.52%)
* Elements of w remaining: 65 (98.48%)
* UVC proof at step 16
* G1 elements in proof: 2
* G2 elements in proof: 1
* Proof size in bits: 1019
* Cached h poly size: 575
* UVC Prove step 16
* Elements of w skipped: 0 (0.00%)
* Elements of w processed with special addition: 1 (1.52%)
* Elements of w remaining: 65 (98.48%)
* Elements of w skipped: 0 (0.00%)
* Elements of w processed with special addition: 1 (3.03%)
* Elements of w remaining: 32 (96.97%)
* Elements of w skipped: 0 (0.00%)
* Elements of w processed with special addition: 1 (1.52%)
* Elements of w remaining: 65 (98.48%)
* UVC proof at step 16
* G1 elements in proof: 2
* G2 elements in proof: 1
* Proof size in bits: 1019
* Cached h poly size: 575
* UVC Prove step 16
* Elements of w skipped: 0 (0.00%)
* Elements of w processed with special addition: 1 (1.52%)
* Elements of w remaining: 65 (98.48%)
* Elements of w skipped: 0 (0.00%)
* Elements of w processed with special addition: 1 (3.03%)
* Elements of w remaining: 32 (96.97%)
* Elements of w skipped: 0 (0.00%)
* Elements of w processed with special addition: 1 (1.52%)
* Elements of w remaining: 65 (98.48%)
* UVC proof at step 16
* G1 elements in proof: 2
* G2 elements in proof: 1
* Proof size in bits: 1019
* Cached h poly size: 575
* UVC Prove step 16
* Elements of w skipped: 0 (0.00%)
* Elements of w processed with special addition: 1 (1.52%)
* Elements of w remaining: 65 (98.48%)
* Elements of w skipped: 0 (0.00%)
* Elements of w processed with special addition: 1 (3.03%)
* Elements of w remaining: 32 (96.97%)
* Elements of w skipped: 0 (0.00%)
* Elements of w processed with special addition: 1 (1.52%)
* Elements of w remaining: 65 (98.48%)
* UVC proof at step 16
* G1 elements in proof: 2
* G2 elements in proof: 1
* Proof size in bits: 1019
* Cached h poly size: 575
* UVC Prove step 16
* Elements of w skipped: 0 (0.00%)
* Elements of w processed with special addition: 1 (1.52%)
* Elements of w remaining: 65 (98.48%)
* Elements of w skipped: 0 (0.00%)
* Elements of w processed with special addition: 1 (3.03%)
* Elements of w remaining: 32 (96.97%)
* Elements of w skipped: 0 (0.00%)
* Elements of w processed with special addition: 1 (1.52%)
* Elements of w remaining: 65 (98.48%)
* UVC proof at step 16
* G1 elements in proof: 2
* G2 elements in proof: 1
* Proof size in bits: 1019
* Cached h poly size: 575
* UVC Prove step 16
* Elements of w skipped: 0 (0.00%)
* Elements of w processed with special addition: 1 (1.52%)
* Elements of w remaining: 65 (98.48%)
* Elements of w skipped: 0 (0.00%)
* Elements of w processed with special addition: 1 (3.03%)
* Elements of w remaining: 32 (96.97%)
* Elements of w skipped: 0 (0.00%)
* Elements of w processed with special addition: 1 (1.52%)
* Elements of w remaining: 65 (98.48%)
* UVC proof at step 16
* G1 elements in proof: 2
* G2 elements in proof: 1
* Proof size in bits: 1019
* Cached h poly size: 575
* UVC Verify step 16: PASS
* UVC Verify step 16: PASS
* UVC Verify step 16: PASS
* UVC Verify step 16: PASS
* UVC Verify step 16: PASS
* UVC Verify step 16: PASS
* UVC Verify step 16: PASS
* UVC Verify step 16: PASS
* UVC Verify step 16: PASS
* UVC Verify step 16: PASS
  16      31.29         2.75          1019          PASS      

  UVC results written to /Users/heewonchung/Documents/00-Research/active/Updatable Verifiable Computation/Dev/results/2026-03-09_203431_iot/csv/uvc_results.csv

================================================================
Groth16 Benchmark: circuit=sensor_fusion, n=32, B=16
================================================================

  Step    C_j constr  Setup (ms)    Prove (ms)    Verify (ms)   Verified  
  ------  ----------  ------------  ------------  ------------  ----------
* Composed C_1: 33 constraints, 67 variables, 34 inputs
* QAP number of variables: 67
* QAP pre degree: 33
* QAP degree: 68
* QAP number of input variables: 34
* G1 window: 6
* G2 window: 4
* G1 elements in PK: 237
* Non-zero G1 elements in PK: 202
* G2 elements in PK: 69
* Non-zero G2 elements in PK: 34
* PK size in bits: 70928
* G1 elements in VK: 34
* G2 elements in VK: 2
* GT elements in VK: 1
* VK size in bits: 12119
* Elements of w skipped: 1 (1.47%)
* Elements of w processed with special addition: 3 (4.41%)
* Elements of w remaining: 64 (94.12%)
* Elements of w skipped: 0 (0.00%)
* Elements of w processed with special addition: 2 (6.06%)
* Elements of w remaining: 31 (93.94%)
* Elements of w skipped: 0 (0.00%)
* Elements of w processed with special addition: 0 (0.00%)
* Elements of w remaining: 33 (100.00%)
* G1 elements in proof: 2
* G2 elements in proof: 1
* Proof size in bits: 1019
* Elements of w skipped: 1 (1.47%)
* Elements of w processed with special addition: 3 (4.41%)
* Elements of w remaining: 64 (94.12%)
* Elements of w skipped: 0 (0.00%)
* Elements of w processed with special addition: 2 (6.06%)
* Elements of w remaining: 31 (93.94%)
* Elements of w skipped: 0 (0.00%)
* Elements of w processed with special addition: 0 (0.00%)
* Elements of w remaining: 33 (100.00%)
* G1 elements in proof: 2
* G2 elements in proof: 1
* Proof size in bits: 1019
* Elements of w skipped: 1 (1.47%)
* Elements of w processed with special addition: 3 (4.41%)
* Elements of w remaining: 64 (94.12%)
* Elements of w skipped: 0 (0.00%)
* Elements of w processed with special addition: 2 (6.06%)
* Elements of w remaining: 31 (93.94%)
* Elements of w skipped: 0 (0.00%)
* Elements of w processed with special addition: 0 (0.00%)
* Elements of w remaining: 33 (100.00%)
* G1 elements in proof: 2
* G2 elements in proof: 1
* Proof size in bits: 1019
* Elements of w skipped: 1 (1.47%)
* Elements of w processed with special addition: 3 (4.41%)
* Elements of w remaining: 64 (94.12%)
* Elements of w skipped: 0 (0.00%)
* Elements of w processed with special addition: 2 (6.06%)
* Elements of w remaining: 31 (93.94%)
* Elements of w skipped: 0 (0.00%)
* Elements of w processed with special addition: 0 (0.00%)
* Elements of w remaining: 33 (100.00%)
* G1 elements in proof: 2
* G2 elements in proof: 1
* Proof size in bits: 1019
* Elements of w skipped: 1 (1.47%)
* Elements of w processed with special addition: 3 (4.41%)
* Elements of w remaining: 64 (94.12%)
* Elements of w skipped: 0 (0.00%)
* Elements of w processed with special addition: 2 (6.06%)
* Elements of w remaining: 31 (93.94%)
* Elements of w skipped: 0 (0.00%)
* Elements of w processed with special addition: 0 (0.00%)
* Elements of w remaining: 33 (100.00%)
* G1 elements in proof: 2
* G2 elements in proof: 1
* Proof size in bits: 1019
* Elements of w skipped: 1 (1.47%)
* Elements of w processed with special addition: 3 (4.41%)
* Elements of w remaining: 64 (94.12%)
* Elements of w skipped: 0 (0.00%)
* Elements of w processed with special addition: 2 (6.06%)
* Elements of w remaining: 31 (93.94%)
* Elements of w skipped: 0 (0.00%)
* Elements of w processed with special addition: 0 (0.00%)
* Elements of w remaining: 33 (100.00%)
* G1 elements in proof: 2
* G2 elements in proof: 1
* Proof size in bits: 1019
* Elements of w skipped: 1 (1.47%)
* Elements of w processed with special addition: 3 (4.41%)
* Elements of w remaining: 64 (94.12%)
* Elements of w skipped: 0 (0.00%)
* Elements of w processed with special addition: 2 (6.06%)
* Elements of w remaining: 31 (93.94%)
* Elements of w skipped: 0 (0.00%)
* Elements of w processed with special addition: 0 (0.00%)
* Elements of w remaining: 33 (100.00%)
* G1 elements in proof: 2
* G2 elements in proof: 1
* Proof size in bits: 1019
* Elements of w skipped: 1 (1.47%)
* Elements of w processed with special addition: 3 (4.41%)
* Elements of w remaining: 64 (94.12%)
* Elements of w skipped: 0 (0.00%)
* Elements of w processed with special addition: 2 (6.06%)
* Elements of w remaining: 31 (93.94%)
* Elements of w skipped: 0 (0.00%)
* Elements of w processed with special addition: 0 (0.00%)
* Elements of w remaining: 33 (100.00%)
* G1 elements in proof: 2
* G2 elements in proof: 1
* Proof size in bits: 1019
* Elements of w skipped: 1 (1.47%)
* Elements of w processed with special addition: 3 (4.41%)
* Elements of w remaining: 64 (94.12%)
* Elements of w skipped: 0 (0.00%)
* Elements of w processed with special addition: 2 (6.06%)
* Elements of w remaining: 31 (93.94%)
* Elements of w skipped: 0 (0.00%)
* Elements of w processed with special addition: 0 (0.00%)
* Elements of w remaining: 33 (100.00%)
* G1 elements in proof: 2
* G2 elements in proof: 1
* Proof size in bits: 1019
* Elements of w skipped: 1 (1.47%)
* Elements of w processed with special addition: 3 (4.41%)
* Elements of w remaining: 64 (94.12%)
* Elements of w skipped: 0 (0.00%)
* Elements of w processed with special addition: 2 (6.06%)
* Elements of w remaining: 31 (93.94%)
* Elements of w skipped: 0 (0.00%)
* Elements of w processed with special addition: 0 (0.00%)
* Elements of w remaining: 33 (100.00%)
* G1 elements in proof: 2
* G2 elements in proof: 1
* Proof size in bits: 1019
  1       33          21.6          9.03          2.67          PASS      
* Composed C_2: 66 constraints, 133 variables, 34 inputs
* QAP number of variables: 133
* QAP pre degree: 66
* QAP degree: 128
* QAP number of input variables: 34
* G1 window: 6
* G2 window: 5
* G1 elements in PK: 495
* Non-zero G1 elements in PK: 427
* G2 elements in PK: 135
* Non-zero G2 elements in PK: 67
* PK size in bits: 147212
* G1 elements in VK: 34
* G2 elements in VK: 2
* GT elements in VK: 1
* VK size in bits: 12119
* Elements of w skipped: 1 (0.75%)
* Elements of w processed with special addition: 4 (2.99%)
* Elements of w remaining: 129 (96.27%)
* Elements of w skipped: 0 (0.00%)
* Elements of w processed with special addition: 3 (4.55%)
* Elements of w remaining: 63 (95.45%)
* Elements of w skipped: 0 (0.00%)
* Elements of w processed with special addition: 1 (1.01%)
* Elements of w remaining: 98 (98.99%)
* G1 elements in proof: 2
* G2 elements in proof: 1
* Proof size in bits: 1019
* Elements of w skipped: 1 (0.75%)
* Elements of w processed with special addition: 4 (2.99%)
* Elements of w remaining: 129 (96.27%)
* Elements of w skipped: 0 (0.00%)
* Elements of w processed with special addition: 3 (4.55%)
* Elements of w remaining: 63 (95.45%)
* Elements of w skipped: 0 (0.00%)
* Elements of w processed with special addition: 1 (1.01%)
* Elements of w remaining: 98 (98.99%)
* G1 elements in proof: 2
* G2 elements in proof: 1
* Proof size in bits: 1019
* Elements of w skipped: 1 (0.75%)
* Elements of w processed with special addition: 4 (2.99%)
* Elements of w remaining: 129 (96.27%)
* Elements of w skipped: 0 (0.00%)
* Elements of w processed with special addition: 3 (4.55%)
* Elements of w remaining: 63 (95.45%)
* Elements of w skipped: 0 (0.00%)
* Elements of w processed with special addition: 1 (1.01%)
* Elements of w remaining: 98 (98.99%)
* G1 elements in proof: 2
* G2 elements in proof: 1
* Proof size in bits: 1019
* Elements of w skipped: 1 (0.75%)
* Elements of w processed with special addition: 4 (2.99%)
* Elements of w remaining: 129 (96.27%)
* Elements of w skipped: 0 (0.00%)
* Elements of w processed with special addition: 3 (4.55%)
* Elements of w remaining: 63 (95.45%)
* Elements of w skipped: 0 (0.00%)
* Elements of w processed with special addition: 1 (1.01%)
* Elements of w remaining: 98 (98.99%)
* G1 elements in proof: 2
* G2 elements in proof: 1
* Proof size in bits: 1019
* Elements of w skipped: 1 (0.75%)
* Elements of w processed with special addition: 4 (2.99%)
* Elements of w remaining: 129 (96.27%)
* Elements of w skipped: 0 (0.00%)
* Elements of w processed with special addition: 3 (4.55%)
* Elements of w remaining: 63 (95.45%)
* Elements of w skipped: 0 (0.00%)
* Elements of w processed with special addition: 1 (1.01%)
* Elements of w remaining: 98 (98.99%)
* G1 elements in proof: 2
* G2 elements in proof: 1
* Proof size in bits: 1019
* Elements of w skipped: 1 (0.75%)
* Elements of w processed with special addition: 4 (2.99%)
* Elements of w remaining: 129 (96.27%)
* Elements of w skipped: 0 (0.00%)
* Elements of w processed with special addition: 3 (4.55%)
* Elements of w remaining: 63 (95.45%)
* Elements of w skipped: 0 (0.00%)
* Elements of w processed with special addition: 1 (1.01%)
* Elements of w remaining: 98 (98.99%)
* G1 elements in proof: 2
* G2 elements in proof: 1
* Proof size in bits: 1019
* Elements of w skipped: 1 (0.75%)
* Elements of w processed with special addition: 4 (2.99%)
* Elements of w remaining: 129 (96.27%)
* Elements of w skipped: 0 (0.00%)
* Elements of w processed with special addition: 3 (4.55%)
* Elements of w remaining: 63 (95.45%)
* Elements of w skipped: 0 (0.00%)
* Elements of w processed with special addition: 1 (1.01%)
* Elements of w remaining: 98 (98.99%)
* G1 elements in proof: 2
* G2 elements in proof: 1
* Proof size in bits: 1019
* Elements of w skipped: 1 (0.75%)
* Elements of w processed with special addition: 4 (2.99%)
* Elements of w remaining: 129 (96.27%)
* Elements of w skipped: 0 (0.00%)
* Elements of w processed with special addition: 3 (4.55%)
* Elements of w remaining: 63 (95.45%)
* Elements of w skipped: 0 (0.00%)
* Elements of w processed with special addition: 1 (1.01%)
* Elements of w remaining: 98 (98.99%)
* G1 elements in proof: 2
* G2 elements in proof: 1
* Proof size in bits: 1019
* Elements of w skipped: 1 (0.75%)
* Elements of w processed with special addition: 4 (2.99%)
* Elements of w remaining: 129 (96.27%)
* Elements of w skipped: 0 (0.00%)
* Elements of w processed with special addition: 3 (4.55%)
* Elements of w remaining: 63 (95.45%)
* Elements of w skipped: 0 (0.00%)
* Elements of w processed with special addition: 1 (1.01%)
* Elements of w remaining: 98 (98.99%)
* G1 elements in proof: 2
* G2 elements in proof: 1
* Proof size in bits: 1019
* Elements of w skipped: 1 (0.75%)
* Elements of w processed with special addition: 4 (2.99%)
* Elements of w remaining: 129 (96.27%)
* Elements of w skipped: 0 (0.00%)
* Elements of w processed with special addition: 3 (4.55%)
* Elements of w remaining: 63 (95.45%)
* Elements of w skipped: 0 (0.00%)
* Elements of w processed with special addition: 1 (1.01%)
* Elements of w remaining: 98 (98.99%)
* G1 elements in proof: 2
* G2 elements in proof: 1
* Proof size in bits: 1019
  2       66          33.1          14.71         2.70          PASS      
* Composed C_4: 132 constraints, 265 variables, 34 inputs
* QAP number of variables: 265
* QAP pre degree: 132
* QAP degree: 192
* QAP number of input variables: 34
* G1 window: 7
* G2 window: 5
* G1 elements in PK: 955
* Non-zero G1 elements in PK: 821
* G2 elements in PK: 267
* Non-zero G2 elements in PK: 133
* PK size in bits: 285500
* G1 elements in VK: 34
* G2 elements in VK: 2
* GT elements in VK: 1
* VK size in bits: 12119
* Elements of w skipped: 1 (0.38%)
* Elements of w processed with special addition: 6 (2.26%)
* Elements of w remaining: 259 (97.37%)
* Elements of w skipped: 0 (0.00%)
* Elements of w processed with special addition: 5 (3.79%)
* Elements of w remaining: 127 (96.21%)
* Elements of w skipped: 0 (0.00%)
* Elements of w processed with special addition: 3 (1.30%)
* Elements of w remaining: 228 (98.70%)
* G1 elements in proof: 2
* G2 elements in proof: 1
* Proof size in bits: 1019
* Elements of w skipped: 1 (0.38%)
* Elements of w processed with special addition: 6 (2.26%)
* Elements of w remaining: 259 (97.37%)
* Elements of w skipped: 0 (0.00%)
* Elements of w processed with special addition: 5 (3.79%)
* Elements of w remaining: 127 (96.21%)
* Elements of w skipped: 0 (0.00%)
* Elements of w processed with special addition: 3 (1.30%)
* Elements of w remaining: 228 (98.70%)
* G1 elements in proof: 2
* G2 elements in proof: 1
* Proof size in bits: 1019
* Elements of w skipped: 1 (0.38%)
* Elements of w processed with special addition: 6 (2.26%)
* Elements of w remaining: 259 (97.37%)
* Elements of w skipped: 0 (0.00%)
* Elements of w processed with special addition: 5 (3.79%)
* Elements of w remaining: 127 (96.21%)
* Elements of w skipped: 0 (0.00%)
* Elements of w processed with special addition: 3 (1.30%)
* Elements of w remaining: 228 (98.70%)
* G1 elements in proof: 2
* G2 elements in proof: 1
* Proof size in bits: 1019
* Elements of w skipped: 1 (0.38%)
* Elements of w processed with special addition: 6 (2.26%)
* Elements of w remaining: 259 (97.37%)
* Elements of w skipped: 0 (0.00%)
* Elements of w processed with special addition: 5 (3.79%)
* Elements of w remaining: 127 (96.21%)
* Elements of w skipped: 0 (0.00%)
* Elements of w processed with special addition: 3 (1.30%)
* Elements of w remaining: 228 (98.70%)
* G1 elements in proof: 2
* G2 elements in proof: 1
* Proof size in bits: 1019
* Elements of w skipped: 1 (0.38%)
* Elements of w processed with special addition: 6 (2.26%)
* Elements of w remaining: 259 (97.37%)
* Elements of w skipped: 0 (0.00%)
* Elements of w processed with special addition: 5 (3.79%)
* Elements of w remaining: 127 (96.21%)
* Elements of w skipped: 0 (0.00%)
* Elements of w processed with special addition: 3 (1.30%)
* Elements of w remaining: 228 (98.70%)
* G1 elements in proof: 2
* G2 elements in proof: 1
* Proof size in bits: 1019
* Elements of w skipped: 1 (0.38%)
* Elements of w processed with special addition: 6 (2.26%)
* Elements of w remaining: 259 (97.37%)
* Elements of w skipped: 0 (0.00%)
* Elements of w processed with special addition: 5 (3.79%)
* Elements of w remaining: 127 (96.21%)
* Elements of w skipped: 0 (0.00%)
* Elements of w processed with special addition: 3 (1.30%)
* Elements of w remaining: 228 (98.70%)
* G1 elements in proof: 2
* G2 elements in proof: 1
* Proof size in bits: 1019
* Elements of w skipped: 1 (0.38%)
* Elements of w processed with special addition: 6 (2.26%)
* Elements of w remaining: 259 (97.37%)
* Elements of w skipped: 0 (0.00%)
* Elements of w processed with special addition: 5 (3.79%)
* Elements of w remaining: 127 (96.21%)
* Elements of w skipped: 0 (0.00%)
* Elements of w processed with special addition: 3 (1.30%)
* Elements of w remaining: 228 (98.70%)
* G1 elements in proof: 2
* G2 elements in proof: 1
* Proof size in bits: 1019
* Elements of w skipped: 1 (0.38%)
* Elements of w processed with special addition: 6 (2.26%)
* Elements of w remaining: 259 (97.37%)
* Elements of w skipped: 0 (0.00%)
* Elements of w processed with special addition: 5 (3.79%)
* Elements of w remaining: 127 (96.21%)
* Elements of w skipped: 0 (0.00%)
* Elements of w processed with special addition: 3 (1.30%)
* Elements of w remaining: 228 (98.70%)
* G1 elements in proof: 2
* G2 elements in proof: 1
* Proof size in bits: 1019
* Elements of w skipped: 1 (0.38%)
* Elements of w processed with special addition: 6 (2.26%)
* Elements of w remaining: 259 (97.37%)
* Elements of w skipped: 0 (0.00%)
* Elements of w processed with special addition: 5 (3.79%)
* Elements of w remaining: 127 (96.21%)
* Elements of w skipped: 0 (0.00%)
* Elements of w processed with special addition: 3 (1.30%)
* Elements of w remaining: 228 (98.70%)
* G1 elements in proof: 2
* G2 elements in proof: 1
* Proof size in bits: 1019
* Elements of w skipped: 1 (0.38%)
* Elements of w processed with special addition: 6 (2.26%)
* Elements of w remaining: 259 (97.37%)
* Elements of w skipped: 0 (0.00%)
* Elements of w processed with special addition: 5 (3.79%)
* Elements of w remaining: 127 (96.21%)
* Elements of w skipped: 0 (0.00%)
* Elements of w processed with special addition: 3 (1.30%)
* Elements of w remaining: 228 (98.70%)
* G1 elements in proof: 2
* G2 elements in proof: 1
* Proof size in bits: 1019
  4       132         52.9          21.45         2.75          PASS      
* Composed C_8: 264 constraints, 529 variables, 34 inputs
* QAP number of variables: 529
* QAP pre degree: 264
* QAP degree: 320
* QAP number of input variables: 34
* G1 window: 8
* G2 window: 6
* G1 elements in PK: 1875
* Non-zero G1 elements in PK: 1609
* G2 elements in PK: 531
* Non-zero G2 elements in PK: 265
* PK size in bits: 562076
* G1 elements in VK: 34
* G2 elements in VK: 2
* GT elements in VK: 1
* VK size in bits: 12119
* Elements of w skipped: 1 (0.19%)
* Elements of w processed with special addition: 10 (1.89%)
* Elements of w remaining: 519 (97.92%)
* Elements of w skipped: 0 (0.00%)
* Elements of w processed with special addition: 9 (3.41%)
* Elements of w remaining: 255 (96.59%)
* Elements of w skipped: 0 (0.00%)
* Elements of w processed with special addition: 7 (1.41%)
* Elements of w remaining: 488 (98.59%)
* G1 elements in proof: 2
* G2 elements in proof: 1
* Proof size in bits: 1019
* Elements of w skipped: 1 (0.19%)
* Elements of w processed with special addition: 10 (1.89%)
* Elements of w remaining: 519 (97.92%)
* Elements of w skipped: 0 (0.00%)
* Elements of w processed with special addition: 9 (3.41%)
* Elements of w remaining: 255 (96.59%)
* Elements of w skipped: 0 (0.00%)
* Elements of w processed with special addition: 7 (1.41%)
* Elements of w remaining: 488 (98.59%)
* G1 elements in proof: 2
* G2 elements in proof: 1
* Proof size in bits: 1019
* Elements of w skipped: 1 (0.19%)
* Elements of w processed with special addition: 10 (1.89%)
* Elements of w remaining: 519 (97.92%)
* Elements of w skipped: 0 (0.00%)
* Elements of w processed with special addition: 9 (3.41%)
* Elements of w remaining: 255 (96.59%)
* Elements of w skipped: 0 (0.00%)
* Elements of w processed with special addition: 7 (1.41%)
* Elements of w remaining: 488 (98.59%)
* G1 elements in proof: 2
* G2 elements in proof: 1
* Proof size in bits: 1019
* Elements of w skipped: 1 (0.19%)
* Elements of w processed with special addition: 10 (1.89%)
* Elements of w remaining: 519 (97.92%)
* Elements of w skipped: 0 (0.00%)
* Elements of w processed with special addition: 9 (3.41%)
* Elements of w remaining: 255 (96.59%)
* Elements of w skipped: 0 (0.00%)
* Elements of w processed with special addition: 7 (1.41%)
* Elements of w remaining: 488 (98.59%)
* G1 elements in proof: 2
* G2 elements in proof: 1
* Proof size in bits: 1019
* Elements of w skipped: 1 (0.19%)
* Elements of w processed with special addition: 10 (1.89%)
* Elements of w remaining: 519 (97.92%)
* Elements of w skipped: 0 (0.00%)
* Elements of w processed with special addition: 9 (3.41%)
* Elements of w remaining: 255 (96.59%)
* Elements of w skipped: 0 (0.00%)
* Elements of w processed with special addition: 7 (1.41%)
* Elements of w remaining: 488 (98.59%)
* G1 elements in proof: 2
* G2 elements in proof: 1
* Proof size in bits: 1019
* Elements of w skipped: 1 (0.19%)
* Elements of w processed with special addition: 10 (1.89%)
* Elements of w remaining: 519 (97.92%)
* Elements of w skipped: 0 (0.00%)
* Elements of w processed with special addition: 9 (3.41%)
* Elements of w remaining: 255 (96.59%)
* Elements of w skipped: 0 (0.00%)
* Elements of w processed with special addition: 7 (1.41%)
* Elements of w remaining: 488 (98.59%)
* G1 elements in proof: 2
* G2 elements in proof: 1
* Proof size in bits: 1019
* Elements of w skipped: 1 (0.19%)
* Elements of w processed with special addition: 10 (1.89%)
* Elements of w remaining: 519 (97.92%)
* Elements of w skipped: 0 (0.00%)
* Elements of w processed with special addition: 9 (3.41%)
* Elements of w remaining: 255 (96.59%)
* Elements of w skipped: 0 (0.00%)
* Elements of w processed with special addition: 7 (1.41%)
* Elements of w remaining: 488 (98.59%)
* G1 elements in proof: 2
* G2 elements in proof: 1
* Proof size in bits: 1019
* Elements of w skipped: 1 (0.19%)
* Elements of w processed with special addition: 10 (1.89%)
* Elements of w remaining: 519 (97.92%)
* Elements of w skipped: 0 (0.00%)
* Elements of w processed with special addition: 9 (3.41%)
* Elements of w remaining: 255 (96.59%)
* Elements of w skipped: 0 (0.00%)
* Elements of w processed with special addition: 7 (1.41%)
* Elements of w remaining: 488 (98.59%)
* G1 elements in proof: 2
* G2 elements in proof: 1
* Proof size in bits: 1019
* Elements of w skipped: 1 (0.19%)
* Elements of w processed with special addition: 10 (1.89%)
* Elements of w remaining: 519 (97.92%)
* Elements of w skipped: 0 (0.00%)
* Elements of w processed with special addition: 9 (3.41%)
* Elements of w remaining: 255 (96.59%)
* Elements of w skipped: 0 (0.00%)
* Elements of w processed with special addition: 7 (1.41%)
* Elements of w remaining: 488 (98.59%)
* G1 elements in proof: 2
* G2 elements in proof: 1
* Proof size in bits: 1019
* Elements of w skipped: 1 (0.19%)
* Elements of w processed with special addition: 10 (1.89%)
* Elements of w remaining: 519 (97.92%)
* Elements of w skipped: 0 (0.00%)
* Elements of w processed with special addition: 9 (3.41%)
* Elements of w remaining: 255 (96.59%)
* Elements of w skipped: 0 (0.00%)
* Elements of w processed with special addition: 7 (1.41%)
* Elements of w remaining: 488 (98.59%)
* G1 elements in proof: 2
* G2 elements in proof: 1
* Proof size in bits: 1019
  8       264         85.0          31.50         2.78          PASS      
* Composed C_16: 528 constraints, 1057 variables, 34 inputs
* QAP number of variables: 1057
* QAP pre degree: 528
* QAP degree: 576
* QAP number of input variables: 34
* G1 window: 8
* G2 window: 7
* G1 elements in PK: 3715
* Non-zero G1 elements in PK: 3185
* G2 elements in PK: 1059
* Non-zero G2 elements in PK: 529
* PK size in bits: 1115228
* G1 elements in VK: 34
* G2 elements in VK: 2
* GT elements in VK: 1
* VK size in bits: 12119
* Elements of w skipped: 1 (0.09%)
* Elements of w processed with special addition: 18 (1.70%)
* Elements of w remaining: 1039 (98.20%)
* Elements of w skipped: 0 (0.00%)
* Elements of w processed with special addition: 17 (3.22%)
* Elements of w remaining: 511 (96.78%)
* Elements of w skipped: 0 (0.00%)
* Elements of w processed with special addition: 15 (1.47%)
* Elements of w remaining: 1008 (98.53%)
* G1 elements in proof: 2
* G2 elements in proof: 1
* Proof size in bits: 1019
* Elements of w skipped: 1 (0.09%)
* Elements of w processed with special addition: 18 (1.70%)
* Elements of w remaining: 1039 (98.20%)
* Elements of w skipped: 0 (0.00%)
* Elements of w processed with special addition: 17 (3.22%)
* Elements of w remaining: 511 (96.78%)
* Elements of w skipped: 0 (0.00%)
* Elements of w processed with special addition: 15 (1.47%)
* Elements of w remaining: 1008 (98.53%)
* G1 elements in proof: 2
* G2 elements in proof: 1
* Proof size in bits: 1019
* Elements of w skipped: 1 (0.09%)
* Elements of w processed with special addition: 18 (1.70%)
* Elements of w remaining: 1039 (98.20%)
* Elements of w skipped: 0 (0.00%)
* Elements of w processed with special addition: 17 (3.22%)
* Elements of w remaining: 511 (96.78%)
* Elements of w skipped: 0 (0.00%)
* Elements of w processed with special addition: 15 (1.47%)
* Elements of w remaining: 1008 (98.53%)
* G1 elements in proof: 2
* G2 elements in proof: 1
* Proof size in bits: 1019
* Elements of w skipped: 1 (0.09%)
* Elements of w processed with special addition: 18 (1.70%)
* Elements of w remaining: 1039 (98.20%)
* Elements of w skipped: 0 (0.00%)
* Elements of w processed with special addition: 17 (3.22%)
* Elements of w remaining: 511 (96.78%)
* Elements of w skipped: 0 (0.00%)
* Elements of w processed with special addition: 15 (1.47%)
* Elements of w remaining: 1008 (98.53%)
* G1 elements in proof: 2
* G2 elements in proof: 1
* Proof size in bits: 1019
* Elements of w skipped: 1 (0.09%)
* Elements of w processed with special addition: 18 (1.70%)
* Elements of w remaining: 1039 (98.20%)
* Elements of w skipped: 0 (0.00%)
* Elements of w processed with special addition: 17 (3.22%)
* Elements of w remaining: 511 (96.78%)
* Elements of w skipped: 0 (0.00%)
* Elements of w processed with special addition: 15 (1.47%)
* Elements of w remaining: 1008 (98.53%)
* G1 elements in proof: 2
* G2 elements in proof: 1
* Proof size in bits: 1019
* Elements of w skipped: 1 (0.09%)
* Elements of w processed with special addition: 18 (1.70%)
* Elements of w remaining: 1039 (98.20%)
* Elements of w skipped: 0 (0.00%)
* Elements of w processed with special addition: 17 (3.22%)
* Elements of w remaining: 511 (96.78%)
* Elements of w skipped: 0 (0.00%)
* Elements of w processed with special addition: 15 (1.47%)
* Elements of w remaining: 1008 (98.53%)
* G1 elements in proof: 2
* G2 elements in proof: 1
* Proof size in bits: 1019
* Elements of w skipped: 1 (0.09%)
* Elements of w processed with special addition: 18 (1.70%)
* Elements of w remaining: 1039 (98.20%)
* Elements of w skipped: 0 (0.00%)
* Elements of w processed with special addition: 17 (3.22%)
* Elements of w remaining: 511 (96.78%)
* Elements of w skipped: 0 (0.00%)
* Elements of w processed with special addition: 15 (1.47%)
* Elements of w remaining: 1008 (98.53%)
* G1 elements in proof: 2
* G2 elements in proof: 1
* Proof size in bits: 1019
* Elements of w skipped: 1 (0.09%)
* Elements of w processed with special addition: 18 (1.70%)
* Elements of w remaining: 1039 (98.20%)
* Elements of w skipped: 0 (0.00%)
* Elements of w processed with special addition: 17 (3.22%)
* Elements of w remaining: 511 (96.78%)
* Elements of w skipped: 0 (0.00%)
* Elements of w processed with special addition: 15 (1.47%)
* Elements of w remaining: 1008 (98.53%)
* G1 elements in proof: 2
* G2 elements in proof: 1
* Proof size in bits: 1019
* Elements of w skipped: 1 (0.09%)
* Elements of w processed with special addition: 18 (1.70%)
* Elements of w remaining: 1039 (98.20%)
* Elements of w skipped: 0 (0.00%)
* Elements of w processed with special addition: 17 (3.22%)
* Elements of w remaining: 511 (96.78%)
* Elements of w skipped: 0 (0.00%)
* Elements of w processed with special addition: 15 (1.47%)
* Elements of w remaining: 1008 (98.53%)
* G1 elements in proof: 2
* G2 elements in proof: 1
* Proof size in bits: 1019
* Elements of w skipped: 1 (0.09%)
* Elements of w processed with special addition: 18 (1.70%)
* Elements of w remaining: 1039 (98.20%)
* Elements of w skipped: 0 (0.00%)
* Elements of w processed with special addition: 17 (3.22%)
* Elements of w remaining: 511 (96.78%)
* Elements of w skipped: 0 (0.00%)
* Elements of w processed with special addition: 15 (1.47%)
* Elements of w remaining: 1008 (98.53%)
* G1 elements in proof: 2
* G2 elements in proof: 1
* Proof size in bits: 1019
  16      528         146.1         55.16         2.75          PASS      

  Groth16 results written to /Users/heewonchung/Documents/00-Research/active/Updatable Verifiable Computation/Dev/results/2026-03-09_203431_iot/csv/groth16_results.csv

================================================================
All benchmarks complete.
================================================================
  Done in 4s

------------------------------------------------------------
  Running: [8/10] sensor_fusion K=32 B=64
  Command: bench_comparative --circuit sensor_fusion --n 32 --B 64 --output-dir /Users/heewonchung/Documents/00-Research/active/Updatable Verifiable Computation/Dev/results/2026-03-09_203431_iot/csv --reps 10
------------------------------------------------------------
================================================================
Comparative Benchmark: UVC vs Groth16
================================================================
  Circuit: sensor_fusion, n=32, B=64, reps=10
  Output: /Users/heewonchung/Documents/00-Research/active/Updatable Verifiable Computation/Dev/results/2026-03-09_203431_iot/csv/

================================================================
UVC Benchmark: circuit=sensor_fusion, n=32, B=64
================================================================
  Circuit: 33 constraints, 67 vars, state=1, transition=33

  [Setup] Generating CRS for B=64...
* UVC Setup: B=64, n=67, state=1, transition=33
* Composed C_64: 2112 constraints, 4225 variables, 34 inputs
* QAP (C_B) variables: 4225, degree: 2176, inputs: 34
* UVC max compositions (B): 64
* G1 elements in PK: 14819
* G2 elements in PK: 4227
* PK size in bits: 4503452
* H_query_full size: 2175
* Step 2: 66 new wires (0 io, 66 wt)
* Step 3: 66 new wires (0 io, 66 wt)
* Step 4: 66 new wires (0 io, 66 wt)
* Step 5: 66 new wires (0 io, 66 wt)
* Step 6: 66 new wires (0 io, 66 wt)
* Step 7: 66 new wires (0 io, 66 wt)
* Step 8: 66 new wires (0 io, 66 wt)
* Step 9: 66 new wires (0 io, 66 wt)
* Step 10: 66 new wires (0 io, 66 wt)
* Step 11: 66 new wires (0 io, 66 wt)
* Step 12: 66 new wires (0 io, 66 wt)
* Step 13: 66 new wires (0 io, 66 wt)
* Step 14: 66 new wires (0 io, 66 wt)
* Step 15: 66 new wires (0 io, 66 wt)
* Step 16: 66 new wires (0 io, 66 wt)
* Step 17: 66 new wires (0 io, 66 wt)
* Step 18: 66 new wires (0 io, 66 wt)
* Step 19: 66 new wires (0 io, 66 wt)
* Step 20: 66 new wires (0 io, 66 wt)
* Step 21: 66 new wires (0 io, 66 wt)
* Step 22: 66 new wires (0 io, 66 wt)
* Step 23: 66 new wires (0 io, 66 wt)
* Step 24: 66 new wires (0 io, 66 wt)
* Step 25: 66 new wires (0 io, 66 wt)
* Step 26: 66 new wires (0 io, 66 wt)
* Step 27: 66 new wires (0 io, 66 wt)
* Step 28: 66 new wires (0 io, 66 wt)
* Step 29: 66 new wires (0 io, 66 wt)
* Step 30: 66 new wires (0 io, 66 wt)
* Step 31: 66 new wires (0 io, 66 wt)
* Step 32: 66 new wires (0 io, 66 wt)
* Step 33: 66 new wires (0 io, 66 wt)
* Step 34: 66 new wires (0 io, 66 wt)
* Step 35: 66 new wires (0 io, 66 wt)
* Step 36: 66 new wires (0 io, 66 wt)
* Step 37: 66 new wires (0 io, 66 wt)
* Step 38: 66 new wires (0 io, 66 wt)
* Step 39: 66 new wires (0 io, 66 wt)
* Step 40: 66 new wires (0 io, 66 wt)
* Step 41: 66 new wires (0 io, 66 wt)
* Step 42: 66 new wires (0 io, 66 wt)
* Step 43: 66 new wires (0 io, 66 wt)
* Step 44: 66 new wires (0 io, 66 wt)
* Step 45: 66 new wires (0 io, 66 wt)
* Step 46: 66 new wires (0 io, 66 wt)
* Step 47: 66 new wires (0 io, 66 wt)
* Step 48: 66 new wires (0 io, 66 wt)
* Step 49: 66 new wires (0 io, 66 wt)
* Step 50: 66 new wires (0 io, 66 wt)
* Step 51: 66 new wires (0 io, 66 wt)
* Step 52: 66 new wires (0 io, 66 wt)
* Step 53: 66 new wires (0 io, 66 wt)
* Step 54: 66 new wires (0 io, 66 wt)
* Step 55: 66 new wires (0 io, 66 wt)
* Step 56: 66 new wires (0 io, 66 wt)
* Step 57: 66 new wires (0 io, 66 wt)
* Step 58: 66 new wires (0 io, 66 wt)
* Step 59: 66 new wires (0 io, 66 wt)
* Step 60: 66 new wires (0 io, 66 wt)
* Step 61: 66 new wires (0 io, 66 wt)
* Step 62: 66 new wires (0 io, 66 wt)
* Step 63: 66 new wires (0 io, 66 wt)
* Step 64: 66 new wires (0 io, 66 wt)
* UVC VK: 64 max steps
* G2 elements in VK: 2
* GT elements in VK: 1
* gamma_ABC size: 34
  Setup: 551.7 ms, CRS: 18910 G1 + 8386 G2
  Building proof chain (steps 1..64)...
* UVC Prove step 1
* Elements of w skipped: 1 (1.47%)
* Elements of w processed with special addition: 3 (4.41%)
* Elements of w remaining: 64 (94.12%)
* Elements of w skipped: 1 (2.86%)
* Elements of w processed with special addition: 1 (2.86%)
* Elements of w remaining: 33 (94.29%)
* Elements of w skipped: 0 (0.00%)
* Elements of w processed with special addition: 0 (0.00%)
* Elements of w remaining: 33 (100.00%)
* UVC proof at step 1
* G1 elements in proof: 2
* G2 elements in proof: 1
* Proof size in bits: 1019
* Cached h poly size: 2175
* UVC Prove step 2
* Elements of w skipped: 0 (0.00%)
* Elements of w processed with special addition: 1 (1.52%)
* Elements of w remaining: 65 (98.48%)
* Elements of w skipped: 0 (0.00%)
* Elements of w processed with special addition: 1 (2.94%)
* Elements of w remaining: 33 (97.06%)
* Elements of w skipped: 0 (0.00%)
* Elements of w processed with special addition: 1 (1.52%)
* Elements of w remaining: 65 (98.48%)
* UVC proof at step 2
* G1 elements in proof: 2
* G2 elements in proof: 1
* Proof size in bits: 1019
* Cached h poly size: 2175
* UVC Prove step 3
* Elements of w skipped: 0 (0.00%)
* Elements of w processed with special addition: 1 (1.52%)
* Elements of w remaining: 65 (98.48%)
* Elements of w skipped: 0 (0.00%)
* Elements of w processed with special addition: 1 (2.94%)
* Elements of w remaining: 33 (97.06%)
* Elements of w skipped: 0 (0.00%)
* Elements of w processed with special addition: 1 (1.52%)
* Elements of w remaining: 65 (98.48%)
* UVC proof at step 3
* G1 elements in proof: 2
* G2 elements in proof: 1
* Proof size in bits: 1019
* Cached h poly size: 2175
* UVC Prove step 4
* Elements of w skipped: 0 (0.00%)
* Elements of w processed with special addition: 1 (1.52%)
* Elements of w remaining: 65 (98.48%)
* Elements of w skipped: 0 (0.00%)
* Elements of w processed with special addition: 1 (2.94%)
* Elements of w remaining: 33 (97.06%)
* Elements of w skipped: 0 (0.00%)
* Elements of w processed with special addition: 1 (1.52%)
* Elements of w remaining: 65 (98.48%)
* UVC proof at step 4
* G1 elements in proof: 2
* G2 elements in proof: 1
* Proof size in bits: 1019
* Cached h poly size: 2175
* UVC Prove step 5
* Elements of w skipped: 0 (0.00%)
* Elements of w processed with special addition: 1 (1.52%)
* Elements of w remaining: 65 (98.48%)
* Elements of w skipped: 0 (0.00%)
* Elements of w processed with special addition: 1 (2.94%)
* Elements of w remaining: 33 (97.06%)
* Elements of w skipped: 0 (0.00%)
* Elements of w processed with special addition: 1 (1.52%)
* Elements of w remaining: 65 (98.48%)
* UVC proof at step 5
* G1 elements in proof: 2
* G2 elements in proof: 1
* Proof size in bits: 1019
* Cached h poly size: 2175
* UVC Prove step 6
* Elements of w skipped: 0 (0.00%)
* Elements of w processed with special addition: 1 (1.52%)
* Elements of w remaining: 65 (98.48%)
* Elements of w skipped: 0 (0.00%)
* Elements of w processed with special addition: 1 (2.94%)
* Elements of w remaining: 33 (97.06%)
* Elements of w skipped: 0 (0.00%)
* Elements of w processed with special addition: 1 (1.52%)
* Elements of w remaining: 65 (98.48%)
* UVC proof at step 6
* G1 elements in proof: 2
* G2 elements in proof: 1
* Proof size in bits: 1019
* Cached h poly size: 2175
* UVC Prove step 7
* Elements of w skipped: 0 (0.00%)
* Elements of w processed with special addition: 1 (1.52%)
* Elements of w remaining: 65 (98.48%)
* Elements of w skipped: 0 (0.00%)
* Elements of w processed with special addition: 1 (2.94%)
* Elements of w remaining: 33 (97.06%)
* Elements of w skipped: 0 (0.00%)
* Elements of w processed with special addition: 1 (1.52%)
* Elements of w remaining: 65 (98.48%)
* UVC proof at step 7
* G1 elements in proof: 2
* G2 elements in proof: 1
* Proof size in bits: 1019
* Cached h poly size: 2175
* UVC Prove step 8
* Elements of w skipped: 0 (0.00%)
* Elements of w processed with special addition: 1 (1.52%)
* Elements of w remaining: 65 (98.48%)
* Elements of w skipped: 0 (0.00%)
* Elements of w processed with special addition: 1 (2.94%)
* Elements of w remaining: 33 (97.06%)
* Elements of w skipped: 0 (0.00%)
* Elements of w processed with special addition: 1 (1.52%)
* Elements of w remaining: 65 (98.48%)
* UVC proof at step 8
* G1 elements in proof: 2
* G2 elements in proof: 1
* Proof size in bits: 1019
* Cached h poly size: 2175
* UVC Prove step 9
* Elements of w skipped: 0 (0.00%)
* Elements of w processed with special addition: 1 (1.52%)
* Elements of w remaining: 65 (98.48%)
* Elements of w skipped: 0 (0.00%)
* Elements of w processed with special addition: 1 (2.94%)
* Elements of w remaining: 33 (97.06%)
* Elements of w skipped: 0 (0.00%)
* Elements of w processed with special addition: 1 (1.52%)
* Elements of w remaining: 65 (98.48%)
* UVC proof at step 9
* G1 elements in proof: 2
* G2 elements in proof: 1
* Proof size in bits: 1019
* Cached h poly size: 2175
* UVC Prove step 10
* Elements of w skipped: 0 (0.00%)
* Elements of w processed with special addition: 1 (1.52%)
* Elements of w remaining: 65 (98.48%)
* Elements of w skipped: 0 (0.00%)
* Elements of w processed with special addition: 1 (2.94%)
* Elements of w remaining: 33 (97.06%)
* Elements of w skipped: 0 (0.00%)
* Elements of w processed with special addition: 1 (1.52%)
* Elements of w remaining: 65 (98.48%)
* UVC proof at step 10
* G1 elements in proof: 2
* G2 elements in proof: 1
* Proof size in bits: 1019
* Cached h poly size: 2175
* UVC Prove step 11
* Elements of w skipped: 0 (0.00%)
* Elements of w processed with special addition: 1 (1.52%)
* Elements of w remaining: 65 (98.48%)
* Elements of w skipped: 0 (0.00%)
* Elements of w processed with special addition: 1 (2.94%)
* Elements of w remaining: 33 (97.06%)
* Elements of w skipped: 0 (0.00%)
* Elements of w processed with special addition: 1 (1.52%)
* Elements of w remaining: 65 (98.48%)
* UVC proof at step 11
* G1 elements in proof: 2
* G2 elements in proof: 1
* Proof size in bits: 1019
* Cached h poly size: 2175
* UVC Prove step 12
* Elements of w skipped: 0 (0.00%)
* Elements of w processed with special addition: 1 (1.52%)
* Elements of w remaining: 65 (98.48%)
* Elements of w skipped: 0 (0.00%)
* Elements of w processed with special addition: 1 (2.94%)
* Elements of w remaining: 33 (97.06%)
* Elements of w skipped: 0 (0.00%)
* Elements of w processed with special addition: 1 (1.52%)
* Elements of w remaining: 65 (98.48%)
* UVC proof at step 12
* G1 elements in proof: 2
* G2 elements in proof: 1
* Proof size in bits: 1019
* Cached h poly size: 2175
* UVC Prove step 13
* Elements of w skipped: 0 (0.00%)
* Elements of w processed with special addition: 1 (1.52%)
* Elements of w remaining: 65 (98.48%)
* Elements of w skipped: 0 (0.00%)
* Elements of w processed with special addition: 1 (2.94%)
* Elements of w remaining: 33 (97.06%)
* Elements of w skipped: 0 (0.00%)
* Elements of w processed with special addition: 1 (1.52%)
* Elements of w remaining: 65 (98.48%)
* UVC proof at step 13
* G1 elements in proof: 2
* G2 elements in proof: 1
* Proof size in bits: 1019
* Cached h poly size: 2175
* UVC Prove step 14
* Elements of w skipped: 0 (0.00%)
* Elements of w processed with special addition: 1 (1.52%)
* Elements of w remaining: 65 (98.48%)
* Elements of w skipped: 0 (0.00%)
* Elements of w processed with special addition: 1 (2.94%)
* Elements of w remaining: 33 (97.06%)
* Elements of w skipped: 0 (0.00%)
* Elements of w processed with special addition: 1 (1.52%)
* Elements of w remaining: 65 (98.48%)
* UVC proof at step 14
* G1 elements in proof: 2
* G2 elements in proof: 1
* Proof size in bits: 1019
* Cached h poly size: 2175
* UVC Prove step 15
* Elements of w skipped: 0 (0.00%)
* Elements of w processed with special addition: 1 (1.52%)
* Elements of w remaining: 65 (98.48%)
* Elements of w skipped: 0 (0.00%)
* Elements of w processed with special addition: 1 (2.94%)
* Elements of w remaining: 33 (97.06%)
* Elements of w skipped: 0 (0.00%)
* Elements of w processed with special addition: 1 (1.52%)
* Elements of w remaining: 65 (98.48%)
* UVC proof at step 15
* G1 elements in proof: 2
* G2 elements in proof: 1
* Proof size in bits: 1019
* Cached h poly size: 2175
* UVC Prove step 16
* Elements of w skipped: 0 (0.00%)
* Elements of w processed with special addition: 1 (1.52%)
* Elements of w remaining: 65 (98.48%)
* Elements of w skipped: 0 (0.00%)
* Elements of w processed with special addition: 1 (2.94%)
* Elements of w remaining: 33 (97.06%)
* Elements of w skipped: 0 (0.00%)
* Elements of w processed with special addition: 1 (1.52%)
* Elements of w remaining: 65 (98.48%)
* UVC proof at step 16
* G1 elements in proof: 2
* G2 elements in proof: 1
* Proof size in bits: 1019
* Cached h poly size: 2175
* UVC Prove step 17
* Elements of w skipped: 0 (0.00%)
* Elements of w processed with special addition: 1 (1.52%)
* Elements of w remaining: 65 (98.48%)
* Elements of w skipped: 0 (0.00%)
* Elements of w processed with special addition: 1 (2.94%)
* Elements of w remaining: 33 (97.06%)
* Elements of w skipped: 0 (0.00%)
* Elements of w processed with special addition: 1 (1.52%)
* Elements of w remaining: 65 (98.48%)
* UVC proof at step 17
* G1 elements in proof: 2
* G2 elements in proof: 1
* Proof size in bits: 1019
* Cached h poly size: 2175
* UVC Prove step 18
* Elements of w skipped: 0 (0.00%)
* Elements of w processed with special addition: 1 (1.52%)
* Elements of w remaining: 65 (98.48%)
* Elements of w skipped: 0 (0.00%)
* Elements of w processed with special addition: 1 (2.94%)
* Elements of w remaining: 33 (97.06%)
* Elements of w skipped: 0 (0.00%)
* Elements of w processed with special addition: 1 (1.52%)
* Elements of w remaining: 65 (98.48%)
* UVC proof at step 18
* G1 elements in proof: 2
* G2 elements in proof: 1
* Proof size in bits: 1019
* Cached h poly size: 2175
* UVC Prove step 19
* Elements of w skipped: 0 (0.00%)
* Elements of w processed with special addition: 1 (1.52%)
* Elements of w remaining: 65 (98.48%)
* Elements of w skipped: 0 (0.00%)
* Elements of w processed with special addition: 1 (2.94%)
* Elements of w remaining: 33 (97.06%)
* Elements of w skipped: 0 (0.00%)
* Elements of w processed with special addition: 1 (1.52%)
* Elements of w remaining: 65 (98.48%)
* UVC proof at step 19
* G1 elements in proof: 2
* G2 elements in proof: 1
* Proof size in bits: 1019
* Cached h poly size: 2175
* UVC Prove step 20
* Elements of w skipped: 0 (0.00%)
* Elements of w processed with special addition: 1 (1.52%)
* Elements of w remaining: 65 (98.48%)
* Elements of w skipped: 0 (0.00%)
* Elements of w processed with special addition: 1 (2.94%)
* Elements of w remaining: 33 (97.06%)
* Elements of w skipped: 0 (0.00%)
* Elements of w processed with special addition: 1 (1.52%)
* Elements of w remaining: 65 (98.48%)
* UVC proof at step 20
* G1 elements in proof: 2
* G2 elements in proof: 1
* Proof size in bits: 1019
* Cached h poly size: 2175
* UVC Prove step 21
* Elements of w skipped: 0 (0.00%)
* Elements of w processed with special addition: 1 (1.52%)
* Elements of w remaining: 65 (98.48%)
* Elements of w skipped: 0 (0.00%)
* Elements of w processed with special addition: 1 (2.94%)
* Elements of w remaining: 33 (97.06%)
* Elements of w skipped: 0 (0.00%)
* Elements of w processed with special addition: 1 (1.52%)
* Elements of w remaining: 65 (98.48%)
* UVC proof at step 21
* G1 elements in proof: 2
* G2 elements in proof: 1
* Proof size in bits: 1019
* Cached h poly size: 2175
* UVC Prove step 22
* Elements of w skipped: 0 (0.00%)
* Elements of w processed with special addition: 1 (1.52%)
* Elements of w remaining: 65 (98.48%)
* Elements of w skipped: 0 (0.00%)
* Elements of w processed with special addition: 1 (2.94%)
* Elements of w remaining: 33 (97.06%)
* Elements of w skipped: 0 (0.00%)
* Elements of w processed with special addition: 1 (1.52%)
* Elements of w remaining: 65 (98.48%)
* UVC proof at step 22
* G1 elements in proof: 2
* G2 elements in proof: 1
* Proof size in bits: 1019
* Cached h poly size: 2175
* UVC Prove step 23
* Elements of w skipped: 0 (0.00%)
* Elements of w processed with special addition: 1 (1.52%)
* Elements of w remaining: 65 (98.48%)
* Elements of w skipped: 0 (0.00%)
* Elements of w processed with special addition: 1 (2.94%)
* Elements of w remaining: 33 (97.06%)
* Elements of w skipped: 0 (0.00%)
* Elements of w processed with special addition: 1 (1.52%)
* Elements of w remaining: 65 (98.48%)
* UVC proof at step 23
* G1 elements in proof: 2
* G2 elements in proof: 1
* Proof size in bits: 1019
* Cached h poly size: 2175
* UVC Prove step 24
* Elements of w skipped: 0 (0.00%)
* Elements of w processed with special addition: 1 (1.52%)
* Elements of w remaining: 65 (98.48%)
* Elements of w skipped: 0 (0.00%)
* Elements of w processed with special addition: 1 (2.94%)
* Elements of w remaining: 33 (97.06%)
* Elements of w skipped: 0 (0.00%)
* Elements of w processed with special addition: 1 (1.52%)
* Elements of w remaining: 65 (98.48%)
* UVC proof at step 24
* G1 elements in proof: 2
* G2 elements in proof: 1
* Proof size in bits: 1019
* Cached h poly size: 2175
* UVC Prove step 25
* Elements of w skipped: 0 (0.00%)
* Elements of w processed with special addition: 1 (1.52%)
* Elements of w remaining: 65 (98.48%)
* Elements of w skipped: 0 (0.00%)
* Elements of w processed with special addition: 1 (2.94%)
* Elements of w remaining: 33 (97.06%)
* Elements of w skipped: 0 (0.00%)
* Elements of w processed with special addition: 1 (1.52%)
* Elements of w remaining: 65 (98.48%)
* UVC proof at step 25
* G1 elements in proof: 2
* G2 elements in proof: 1
* Proof size in bits: 1019
* Cached h poly size: 2175
* UVC Prove step 26
* Elements of w skipped: 0 (0.00%)
* Elements of w processed with special addition: 1 (1.52%)
* Elements of w remaining: 65 (98.48%)
* Elements of w skipped: 0 (0.00%)
* Elements of w processed with special addition: 1 (2.94%)
* Elements of w remaining: 33 (97.06%)
* Elements of w skipped: 0 (0.00%)
* Elements of w processed with special addition: 1 (1.52%)
* Elements of w remaining: 65 (98.48%)
* UVC proof at step 26
* G1 elements in proof: 2
* G2 elements in proof: 1
* Proof size in bits: 1019
* Cached h poly size: 2175
* UVC Prove step 27
* Elements of w skipped: 0 (0.00%)
* Elements of w processed with special addition: 1 (1.52%)
* Elements of w remaining: 65 (98.48%)
* Elements of w skipped: 0 (0.00%)
* Elements of w processed with special addition: 1 (2.94%)
* Elements of w remaining: 33 (97.06%)
* Elements of w skipped: 0 (0.00%)
* Elements of w processed with special addition: 1 (1.52%)
* Elements of w remaining: 65 (98.48%)
* UVC proof at step 27
* G1 elements in proof: 2
* G2 elements in proof: 1
* Proof size in bits: 1019
* Cached h poly size: 2175
* UVC Prove step 28
* Elements of w skipped: 0 (0.00%)
* Elements of w processed with special addition: 1 (1.52%)
* Elements of w remaining: 65 (98.48%)
* Elements of w skipped: 0 (0.00%)
* Elements of w processed with special addition: 1 (2.94%)
* Elements of w remaining: 33 (97.06%)
* Elements of w skipped: 0 (0.00%)
* Elements of w processed with special addition: 1 (1.52%)
* Elements of w remaining: 65 (98.48%)
* UVC proof at step 28
* G1 elements in proof: 2
* G2 elements in proof: 1
* Proof size in bits: 1019
* Cached h poly size: 2175
* UVC Prove step 29
* Elements of w skipped: 0 (0.00%)
* Elements of w processed with special addition: 1 (1.52%)
* Elements of w remaining: 65 (98.48%)
* Elements of w skipped: 0 (0.00%)
* Elements of w processed with special addition: 1 (2.94%)
* Elements of w remaining: 33 (97.06%)
* Elements of w skipped: 0 (0.00%)
* Elements of w processed with special addition: 1 (1.52%)
* Elements of w remaining: 65 (98.48%)
* UVC proof at step 29
* G1 elements in proof: 2
* G2 elements in proof: 1
* Proof size in bits: 1019
* Cached h poly size: 2175
* UVC Prove step 30
* Elements of w skipped: 0 (0.00%)
* Elements of w processed with special addition: 1 (1.52%)
* Elements of w remaining: 65 (98.48%)
* Elements of w skipped: 0 (0.00%)
* Elements of w processed with special addition: 1 (2.94%)
* Elements of w remaining: 33 (97.06%)
* Elements of w skipped: 0 (0.00%)
* Elements of w processed with special addition: 1 (1.52%)
* Elements of w remaining: 65 (98.48%)
* UVC proof at step 30
* G1 elements in proof: 2
* G2 elements in proof: 1
* Proof size in bits: 1019
* Cached h poly size: 2175
* UVC Prove step 31
* Elements of w skipped: 0 (0.00%)
* Elements of w processed with special addition: 1 (1.52%)
* Elements of w remaining: 65 (98.48%)
* Elements of w skipped: 0 (0.00%)
* Elements of w processed with special addition: 1 (2.94%)
* Elements of w remaining: 33 (97.06%)
* Elements of w skipped: 0 (0.00%)
* Elements of w processed with special addition: 1 (1.52%)
* Elements of w remaining: 65 (98.48%)
* UVC proof at step 31
* G1 elements in proof: 2
* G2 elements in proof: 1
* Proof size in bits: 1019
* Cached h poly size: 2175
* UVC Prove step 32
* Elements of w skipped: 0 (0.00%)
* Elements of w processed with special addition: 1 (1.52%)
* Elements of w remaining: 65 (98.48%)
* Elements of w skipped: 0 (0.00%)
* Elements of w processed with special addition: 1 (2.94%)
* Elements of w remaining: 33 (97.06%)
* Elements of w skipped: 0 (0.00%)
* Elements of w processed with special addition: 1 (1.52%)
* Elements of w remaining: 65 (98.48%)
* UVC proof at step 32
* G1 elements in proof: 2
* G2 elements in proof: 1
* Proof size in bits: 1019
* Cached h poly size: 2175
* UVC Prove step 33
* Elements of w skipped: 0 (0.00%)
* Elements of w processed with special addition: 1 (1.52%)
* Elements of w remaining: 65 (98.48%)
* Elements of w skipped: 0 (0.00%)
* Elements of w processed with special addition: 1 (2.94%)
* Elements of w remaining: 33 (97.06%)
* Elements of w skipped: 0 (0.00%)
* Elements of w processed with special addition: 1 (1.52%)
* Elements of w remaining: 65 (98.48%)
* UVC proof at step 33
* G1 elements in proof: 2
* G2 elements in proof: 1
* Proof size in bits: 1019
* Cached h poly size: 2175
* UVC Prove step 34
* Elements of w skipped: 0 (0.00%)
* Elements of w processed with special addition: 1 (1.52%)
* Elements of w remaining: 65 (98.48%)
* Elements of w skipped: 0 (0.00%)
* Elements of w processed with special addition: 1 (2.94%)
* Elements of w remaining: 33 (97.06%)
* Elements of w skipped: 0 (0.00%)
* Elements of w processed with special addition: 1 (1.52%)
* Elements of w remaining: 65 (98.48%)
* UVC proof at step 34
* G1 elements in proof: 2
* G2 elements in proof: 1
* Proof size in bits: 1019
* Cached h poly size: 2175
* UVC Prove step 35
* Elements of w skipped: 0 (0.00%)
* Elements of w processed with special addition: 1 (1.52%)
* Elements of w remaining: 65 (98.48%)
* Elements of w skipped: 0 (0.00%)
* Elements of w processed with special addition: 1 (2.94%)
* Elements of w remaining: 33 (97.06%)
* Elements of w skipped: 0 (0.00%)
* Elements of w processed with special addition: 1 (1.52%)
* Elements of w remaining: 65 (98.48%)
* UVC proof at step 35
* G1 elements in proof: 2
* G2 elements in proof: 1
* Proof size in bits: 1019
* Cached h poly size: 2175
* UVC Prove step 36
* Elements of w skipped: 0 (0.00%)
* Elements of w processed with special addition: 1 (1.52%)
* Elements of w remaining: 65 (98.48%)
* Elements of w skipped: 0 (0.00%)
* Elements of w processed with special addition: 1 (2.94%)
* Elements of w remaining: 33 (97.06%)
* Elements of w skipped: 0 (0.00%)
* Elements of w processed with special addition: 1 (1.52%)
* Elements of w remaining: 65 (98.48%)
* UVC proof at step 36
* G1 elements in proof: 2
* G2 elements in proof: 1
* Proof size in bits: 1019
* Cached h poly size: 2175
* UVC Prove step 37
* Elements of w skipped: 0 (0.00%)
* Elements of w processed with special addition: 1 (1.52%)
* Elements of w remaining: 65 (98.48%)
* Elements of w skipped: 0 (0.00%)
* Elements of w processed with special addition: 1 (2.94%)
* Elements of w remaining: 33 (97.06%)
* Elements of w skipped: 0 (0.00%)
* Elements of w processed with special addition: 1 (1.52%)
* Elements of w remaining: 65 (98.48%)
* UVC proof at step 37
* G1 elements in proof: 2
* G2 elements in proof: 1
* Proof size in bits: 1019
* Cached h poly size: 2175
* UVC Prove step 38
* Elements of w skipped: 0 (0.00%)
* Elements of w processed with special addition: 1 (1.52%)
* Elements of w remaining: 65 (98.48%)
* Elements of w skipped: 0 (0.00%)
* Elements of w processed with special addition: 1 (2.94%)
* Elements of w remaining: 33 (97.06%)
* Elements of w skipped: 0 (0.00%)
* Elements of w processed with special addition: 1 (1.52%)
* Elements of w remaining: 65 (98.48%)
* UVC proof at step 38
* G1 elements in proof: 2
* G2 elements in proof: 1
* Proof size in bits: 1019
* Cached h poly size: 2175
* UVC Prove step 39
* Elements of w skipped: 0 (0.00%)
* Elements of w processed with special addition: 1 (1.52%)
* Elements of w remaining: 65 (98.48%)
* Elements of w skipped: 0 (0.00%)
* Elements of w processed with special addition: 1 (2.94%)
* Elements of w remaining: 33 (97.06%)
* Elements of w skipped: 0 (0.00%)
* Elements of w processed with special addition: 1 (1.52%)
* Elements of w remaining: 65 (98.48%)
* UVC proof at step 39
* G1 elements in proof: 2
* G2 elements in proof: 1
* Proof size in bits: 1019
* Cached h poly size: 2175
* UVC Prove step 40
* Elements of w skipped: 0 (0.00%)
* Elements of w processed with special addition: 1 (1.52%)
* Elements of w remaining: 65 (98.48%)
* Elements of w skipped: 0 (0.00%)
* Elements of w processed with special addition: 1 (2.94%)
* Elements of w remaining: 33 (97.06%)
* Elements of w skipped: 0 (0.00%)
* Elements of w processed with special addition: 1 (1.52%)
* Elements of w remaining: 65 (98.48%)
* UVC proof at step 40
* G1 elements in proof: 2
* G2 elements in proof: 1
* Proof size in bits: 1019
* Cached h poly size: 2175
* UVC Prove step 41
* Elements of w skipped: 0 (0.00%)
* Elements of w processed with special addition: 1 (1.52%)
* Elements of w remaining: 65 (98.48%)
* Elements of w skipped: 0 (0.00%)
* Elements of w processed with special addition: 1 (2.94%)
* Elements of w remaining: 33 (97.06%)
* Elements of w skipped: 0 (0.00%)
* Elements of w processed with special addition: 1 (1.52%)
* Elements of w remaining: 65 (98.48%)
* UVC proof at step 41
* G1 elements in proof: 2
* G2 elements in proof: 1
* Proof size in bits: 1019
* Cached h poly size: 2175
* UVC Prove step 42
* Elements of w skipped: 0 (0.00%)
* Elements of w processed with special addition: 1 (1.52%)
* Elements of w remaining: 65 (98.48%)
* Elements of w skipped: 0 (0.00%)
* Elements of w processed with special addition: 1 (2.94%)
* Elements of w remaining: 33 (97.06%)
* Elements of w skipped: 0 (0.00%)
* Elements of w processed with special addition: 1 (1.52%)
* Elements of w remaining: 65 (98.48%)
* UVC proof at step 42
* G1 elements in proof: 2
* G2 elements in proof: 1
* Proof size in bits: 1019
* Cached h poly size: 2175
* UVC Prove step 43
* Elements of w skipped: 0 (0.00%)
* Elements of w processed with special addition: 1 (1.52%)
* Elements of w remaining: 65 (98.48%)
* Elements of w skipped: 0 (0.00%)
* Elements of w processed with special addition: 1 (2.94%)
* Elements of w remaining: 33 (97.06%)
* Elements of w skipped: 0 (0.00%)
* Elements of w processed with special addition: 1 (1.52%)
* Elements of w remaining: 65 (98.48%)
* UVC proof at step 43
* G1 elements in proof: 2
* G2 elements in proof: 1
* Proof size in bits: 1019
* Cached h poly size: 2175
* UVC Prove step 44
* Elements of w skipped: 0 (0.00%)
* Elements of w processed with special addition: 1 (1.52%)
* Elements of w remaining: 65 (98.48%)
* Elements of w skipped: 0 (0.00%)
* Elements of w processed with special addition: 1 (2.94%)
* Elements of w remaining: 33 (97.06%)
* Elements of w skipped: 0 (0.00%)
* Elements of w processed with special addition: 1 (1.52%)
* Elements of w remaining: 65 (98.48%)
* UVC proof at step 44
* G1 elements in proof: 2
* G2 elements in proof: 1
* Proof size in bits: 1019
* Cached h poly size: 2175
* UVC Prove step 45
* Elements of w skipped: 0 (0.00%)
* Elements of w processed with special addition: 1 (1.52%)
* Elements of w remaining: 65 (98.48%)
* Elements of w skipped: 0 (0.00%)
* Elements of w processed with special addition: 1 (2.94%)
* Elements of w remaining: 33 (97.06%)
* Elements of w skipped: 0 (0.00%)
* Elements of w processed with special addition: 1 (1.52%)
* Elements of w remaining: 65 (98.48%)
* UVC proof at step 45
* G1 elements in proof: 2
* G2 elements in proof: 1
* Proof size in bits: 1019
* Cached h poly size: 2175
* UVC Prove step 46
* Elements of w skipped: 0 (0.00%)
* Elements of w processed with special addition: 1 (1.52%)
* Elements of w remaining: 65 (98.48%)
* Elements of w skipped: 0 (0.00%)
* Elements of w processed with special addition: 1 (2.94%)
* Elements of w remaining: 33 (97.06%)
* Elements of w skipped: 0 (0.00%)
* Elements of w processed with special addition: 1 (1.52%)
* Elements of w remaining: 65 (98.48%)
* UVC proof at step 46
* G1 elements in proof: 2
* G2 elements in proof: 1
* Proof size in bits: 1019
* Cached h poly size: 2175
* UVC Prove step 47
* Elements of w skipped: 0 (0.00%)
* Elements of w processed with special addition: 1 (1.52%)
* Elements of w remaining: 65 (98.48%)
* Elements of w skipped: 0 (0.00%)
* Elements of w processed with special addition: 1 (2.94%)
* Elements of w remaining: 33 (97.06%)
* Elements of w skipped: 0 (0.00%)
* Elements of w processed with special addition: 1 (1.52%)
* Elements of w remaining: 65 (98.48%)
* UVC proof at step 47
* G1 elements in proof: 2
* G2 elements in proof: 1
* Proof size in bits: 1019
* Cached h poly size: 2175
* UVC Prove step 48
* Elements of w skipped: 0 (0.00%)
* Elements of w processed with special addition: 1 (1.52%)
* Elements of w remaining: 65 (98.48%)
* Elements of w skipped: 0 (0.00%)
* Elements of w processed with special addition: 1 (2.94%)
* Elements of w remaining: 33 (97.06%)
* Elements of w skipped: 0 (0.00%)
* Elements of w processed with special addition: 1 (1.52%)
* Elements of w remaining: 65 (98.48%)
* UVC proof at step 48
* G1 elements in proof: 2
* G2 elements in proof: 1
* Proof size in bits: 1019
* Cached h poly size: 2175
* UVC Prove step 49
* Elements of w skipped: 0 (0.00%)
* Elements of w processed with special addition: 1 (1.52%)
* Elements of w remaining: 65 (98.48%)
* Elements of w skipped: 0 (0.00%)
* Elements of w processed with special addition: 1 (2.94%)
* Elements of w remaining: 33 (97.06%)
* Elements of w skipped: 0 (0.00%)
* Elements of w processed with special addition: 1 (1.52%)
* Elements of w remaining: 65 (98.48%)
* UVC proof at step 49
* G1 elements in proof: 2
* G2 elements in proof: 1
* Proof size in bits: 1019
* Cached h poly size: 2175
* UVC Prove step 50
* Elements of w skipped: 0 (0.00%)
* Elements of w processed with special addition: 1 (1.52%)
* Elements of w remaining: 65 (98.48%)
* Elements of w skipped: 0 (0.00%)
* Elements of w processed with special addition: 1 (2.94%)
* Elements of w remaining: 33 (97.06%)
* Elements of w skipped: 0 (0.00%)
* Elements of w processed with special addition: 1 (1.52%)
* Elements of w remaining: 65 (98.48%)
* UVC proof at step 50
* G1 elements in proof: 2
* G2 elements in proof: 1
* Proof size in bits: 1019
* Cached h poly size: 2175
* UVC Prove step 51
* Elements of w skipped: 0 (0.00%)
* Elements of w processed with special addition: 1 (1.52%)
* Elements of w remaining: 65 (98.48%)
* Elements of w skipped: 0 (0.00%)
* Elements of w processed with special addition: 1 (2.94%)
* Elements of w remaining: 33 (97.06%)
* Elements of w skipped: 0 (0.00%)
* Elements of w processed with special addition: 1 (1.52%)
* Elements of w remaining: 65 (98.48%)
* UVC proof at step 51
* G1 elements in proof: 2
* G2 elements in proof: 1
* Proof size in bits: 1019
* Cached h poly size: 2175
* UVC Prove step 52
* Elements of w skipped: 0 (0.00%)
* Elements of w processed with special addition: 1 (1.52%)
* Elements of w remaining: 65 (98.48%)
* Elements of w skipped: 0 (0.00%)
* Elements of w processed with special addition: 1 (2.94%)
* Elements of w remaining: 33 (97.06%)
* Elements of w skipped: 0 (0.00%)
* Elements of w processed with special addition: 1 (1.52%)
* Elements of w remaining: 65 (98.48%)
* UVC proof at step 52
* G1 elements in proof: 2
* G2 elements in proof: 1
* Proof size in bits: 1019
* Cached h poly size: 2175
* UVC Prove step 53
* Elements of w skipped: 0 (0.00%)
* Elements of w processed with special addition: 1 (1.52%)
* Elements of w remaining: 65 (98.48%)
* Elements of w skipped: 0 (0.00%)
* Elements of w processed with special addition: 1 (2.94%)
* Elements of w remaining: 33 (97.06%)
* Elements of w skipped: 0 (0.00%)
* Elements of w processed with special addition: 1 (1.52%)
* Elements of w remaining: 65 (98.48%)
* UVC proof at step 53
* G1 elements in proof: 2
* G2 elements in proof: 1
* Proof size in bits: 1019
* Cached h poly size: 2175
* UVC Prove step 54
* Elements of w skipped: 0 (0.00%)
* Elements of w processed with special addition: 1 (1.52%)
* Elements of w remaining: 65 (98.48%)
* Elements of w skipped: 0 (0.00%)
* Elements of w processed with special addition: 1 (2.94%)
* Elements of w remaining: 33 (97.06%)
* Elements of w skipped: 0 (0.00%)
* Elements of w processed with special addition: 1 (1.52%)
* Elements of w remaining: 65 (98.48%)
* UVC proof at step 54
* G1 elements in proof: 2
* G2 elements in proof: 1
* Proof size in bits: 1019
* Cached h poly size: 2175
* UVC Prove step 55
* Elements of w skipped: 0 (0.00%)
* Elements of w processed with special addition: 1 (1.52%)
* Elements of w remaining: 65 (98.48%)
* Elements of w skipped: 0 (0.00%)
* Elements of w processed with special addition: 1 (2.94%)
* Elements of w remaining: 33 (97.06%)
* Elements of w skipped: 0 (0.00%)
* Elements of w processed with special addition: 1 (1.52%)
* Elements of w remaining: 65 (98.48%)
* UVC proof at step 55
* G1 elements in proof: 2
* G2 elements in proof: 1
* Proof size in bits: 1019
* Cached h poly size: 2175
* UVC Prove step 56
* Elements of w skipped: 0 (0.00%)
* Elements of w processed with special addition: 1 (1.52%)
* Elements of w remaining: 65 (98.48%)
* Elements of w skipped: 0 (0.00%)
* Elements of w processed with special addition: 1 (2.94%)
* Elements of w remaining: 33 (97.06%)
* Elements of w skipped: 0 (0.00%)
* Elements of w processed with special addition: 1 (1.52%)
* Elements of w remaining: 65 (98.48%)
* UVC proof at step 56
* G1 elements in proof: 2
* G2 elements in proof: 1
* Proof size in bits: 1019
* Cached h poly size: 2175
* UVC Prove step 57
* Elements of w skipped: 0 (0.00%)
* Elements of w processed with special addition: 1 (1.52%)
* Elements of w remaining: 65 (98.48%)
* Elements of w skipped: 0 (0.00%)
* Elements of w processed with special addition: 1 (2.94%)
* Elements of w remaining: 33 (97.06%)
* Elements of w skipped: 0 (0.00%)
* Elements of w processed with special addition: 1 (1.52%)
* Elements of w remaining: 65 (98.48%)
* UVC proof at step 57
* G1 elements in proof: 2
* G2 elements in proof: 1
* Proof size in bits: 1019
* Cached h poly size: 2175
* UVC Prove step 58
* Elements of w skipped: 0 (0.00%)
* Elements of w processed with special addition: 1 (1.52%)
* Elements of w remaining: 65 (98.48%)
* Elements of w skipped: 0 (0.00%)
* Elements of w processed with special addition: 1 (2.94%)
* Elements of w remaining: 33 (97.06%)
* Elements of w skipped: 0 (0.00%)
* Elements of w processed with special addition: 1 (1.52%)
* Elements of w remaining: 65 (98.48%)
* UVC proof at step 58
* G1 elements in proof: 2
* G2 elements in proof: 1
* Proof size in bits: 1019
* Cached h poly size: 2175
* UVC Prove step 59
* Elements of w skipped: 0 (0.00%)
* Elements of w processed with special addition: 1 (1.52%)
* Elements of w remaining: 65 (98.48%)
* Elements of w skipped: 0 (0.00%)
* Elements of w processed with special addition: 1 (2.94%)
* Elements of w remaining: 33 (97.06%)
* Elements of w skipped: 0 (0.00%)
* Elements of w processed with special addition: 1 (1.52%)
* Elements of w remaining: 65 (98.48%)
* UVC proof at step 59
* G1 elements in proof: 2
* G2 elements in proof: 1
* Proof size in bits: 1019
* Cached h poly size: 2175
* UVC Prove step 60
* Elements of w skipped: 0 (0.00%)
* Elements of w processed with special addition: 1 (1.52%)
* Elements of w remaining: 65 (98.48%)
* Elements of w skipped: 0 (0.00%)
* Elements of w processed with special addition: 1 (2.94%)
* Elements of w remaining: 33 (97.06%)
* Elements of w skipped: 0 (0.00%)
* Elements of w processed with special addition: 1 (1.52%)
* Elements of w remaining: 65 (98.48%)
* UVC proof at step 60
* G1 elements in proof: 2
* G2 elements in proof: 1
* Proof size in bits: 1019
* Cached h poly size: 2175
* UVC Prove step 61
* Elements of w skipped: 0 (0.00%)
* Elements of w processed with special addition: 1 (1.52%)
* Elements of w remaining: 65 (98.48%)
* Elements of w skipped: 0 (0.00%)
* Elements of w processed with special addition: 1 (2.94%)
* Elements of w remaining: 33 (97.06%)
* Elements of w skipped: 0 (0.00%)
* Elements of w processed with special addition: 1 (1.52%)
* Elements of w remaining: 65 (98.48%)
* UVC proof at step 61
* G1 elements in proof: 2
* G2 elements in proof: 1
* Proof size in bits: 1019
* Cached h poly size: 2175
* UVC Prove step 62
* Elements of w skipped: 0 (0.00%)
* Elements of w processed with special addition: 1 (1.52%)
* Elements of w remaining: 65 (98.48%)
* Elements of w skipped: 0 (0.00%)
* Elements of w processed with special addition: 1 (2.94%)
* Elements of w remaining: 33 (97.06%)
* Elements of w skipped: 0 (0.00%)
* Elements of w processed with special addition: 1 (1.52%)
* Elements of w remaining: 65 (98.48%)
* UVC proof at step 62
* G1 elements in proof: 2
* G2 elements in proof: 1
* Proof size in bits: 1019
* Cached h poly size: 2175
* UVC Prove step 63
* Elements of w skipped: 0 (0.00%)
* Elements of w processed with special addition: 1 (1.52%)
* Elements of w remaining: 65 (98.48%)
* Elements of w skipped: 0 (0.00%)
* Elements of w processed with special addition: 1 (2.94%)
* Elements of w remaining: 33 (97.06%)
* Elements of w skipped: 0 (0.00%)
* Elements of w processed with special addition: 1 (1.52%)
* Elements of w remaining: 65 (98.48%)
* UVC proof at step 63
* G1 elements in proof: 2
* G2 elements in proof: 1
* Proof size in bits: 1019
* Cached h poly size: 2175
* UVC Prove step 64
* Elements of w skipped: 0 (0.00%)
* Elements of w processed with special addition: 1 (1.52%)
* Elements of w remaining: 65 (98.48%)
* Elements of w skipped: 0 (0.00%)
* Elements of w processed with special addition: 1 (3.03%)
* Elements of w remaining: 32 (96.97%)
* Elements of w skipped: 0 (0.00%)
* Elements of w processed with special addition: 1 (1.52%)
* Elements of w remaining: 65 (98.48%)
* UVC proof at step 64
* G1 elements in proof: 2
* G2 elements in proof: 1
* Proof size in bits: 1019
* Cached h poly size: 2175

  Step    Prove (ms)    Verify (ms)   Proof bits    Verified  
  ------  ------------  ------------  ------------  ----------
* UVC Prove step 1
* Elements of w skipped: 1 (1.47%)
* Elements of w processed with special addition: 3 (4.41%)
* Elements of w remaining: 64 (94.12%)
* Elements of w skipped: 1 (2.86%)
* Elements of w processed with special addition: 1 (2.86%)
* Elements of w remaining: 33 (94.29%)
* Elements of w skipped: 0 (0.00%)
* Elements of w processed with special addition: 0 (0.00%)
* Elements of w remaining: 33 (100.00%)
* UVC proof at step 1
* G1 elements in proof: 2
* G2 elements in proof: 1
* Proof size in bits: 1019
* Cached h poly size: 2175
* UVC Prove step 1
* Elements of w skipped: 1 (1.47%)
* Elements of w processed with special addition: 3 (4.41%)
* Elements of w remaining: 64 (94.12%)
* Elements of w skipped: 1 (2.86%)
* Elements of w processed with special addition: 1 (2.86%)
* Elements of w remaining: 33 (94.29%)
* Elements of w skipped: 0 (0.00%)
* Elements of w processed with special addition: 0 (0.00%)
* Elements of w remaining: 33 (100.00%)
* UVC proof at step 1
* G1 elements in proof: 2
* G2 elements in proof: 1
* Proof size in bits: 1019
* Cached h poly size: 2175
* UVC Prove step 1
* Elements of w skipped: 1 (1.47%)
* Elements of w processed with special addition: 3 (4.41%)
* Elements of w remaining: 64 (94.12%)
* Elements of w skipped: 1 (2.86%)
* Elements of w processed with special addition: 1 (2.86%)
* Elements of w remaining: 33 (94.29%)
* Elements of w skipped: 0 (0.00%)
* Elements of w processed with special addition: 0 (0.00%)
* Elements of w remaining: 33 (100.00%)
* UVC proof at step 1
* G1 elements in proof: 2
* G2 elements in proof: 1
* Proof size in bits: 1019
* Cached h poly size: 2175
* UVC Prove step 1
* Elements of w skipped: 1 (1.47%)
* Elements of w processed with special addition: 3 (4.41%)
* Elements of w remaining: 64 (94.12%)
* Elements of w skipped: 1 (2.86%)
* Elements of w processed with special addition: 1 (2.86%)
* Elements of w remaining: 33 (94.29%)
* Elements of w skipped: 0 (0.00%)
* Elements of w processed with special addition: 0 (0.00%)
* Elements of w remaining: 33 (100.00%)
* UVC proof at step 1
* G1 elements in proof: 2
* G2 elements in proof: 1
* Proof size in bits: 1019
* Cached h poly size: 2175
* UVC Prove step 1
* Elements of w skipped: 1 (1.47%)
* Elements of w processed with special addition: 3 (4.41%)
* Elements of w remaining: 64 (94.12%)
* Elements of w skipped: 1 (2.86%)
* Elements of w processed with special addition: 1 (2.86%)
* Elements of w remaining: 33 (94.29%)
* Elements of w skipped: 0 (0.00%)
* Elements of w processed with special addition: 0 (0.00%)
* Elements of w remaining: 33 (100.00%)
* UVC proof at step 1
* G1 elements in proof: 2
* G2 elements in proof: 1
* Proof size in bits: 1019
* Cached h poly size: 2175
* UVC Prove step 1
* Elements of w skipped: 1 (1.47%)
* Elements of w processed with special addition: 3 (4.41%)
* Elements of w remaining: 64 (94.12%)
* Elements of w skipped: 1 (2.86%)
* Elements of w processed with special addition: 1 (2.86%)
* Elements of w remaining: 33 (94.29%)
* Elements of w skipped: 0 (0.00%)
* Elements of w processed with special addition: 0 (0.00%)
* Elements of w remaining: 33 (100.00%)
* UVC proof at step 1
* G1 elements in proof: 2
* G2 elements in proof: 1
* Proof size in bits: 1019
* Cached h poly size: 2175
* UVC Prove step 1
* Elements of w skipped: 1 (1.47%)
* Elements of w processed with special addition: 3 (4.41%)
* Elements of w remaining: 64 (94.12%)
* Elements of w skipped: 1 (2.86%)
* Elements of w processed with special addition: 1 (2.86%)
* Elements of w remaining: 33 (94.29%)
* Elements of w skipped: 0 (0.00%)
* Elements of w processed with special addition: 0 (0.00%)
* Elements of w remaining: 33 (100.00%)
* UVC proof at step 1
* G1 elements in proof: 2
* G2 elements in proof: 1
* Proof size in bits: 1019
* Cached h poly size: 2175
* UVC Prove step 1
* Elements of w skipped: 1 (1.47%)
* Elements of w processed with special addition: 3 (4.41%)
* Elements of w remaining: 64 (94.12%)
* Elements of w skipped: 1 (2.86%)
* Elements of w processed with special addition: 1 (2.86%)
* Elements of w remaining: 33 (94.29%)
* Elements of w skipped: 0 (0.00%)
* Elements of w processed with special addition: 0 (0.00%)
* Elements of w remaining: 33 (100.00%)
* UVC proof at step 1
* G1 elements in proof: 2
* G2 elements in proof: 1
* Proof size in bits: 1019
* Cached h poly size: 2175
* UVC Prove step 1
* Elements of w skipped: 1 (1.47%)
* Elements of w processed with special addition: 3 (4.41%)
* Elements of w remaining: 64 (94.12%)
* Elements of w skipped: 1 (2.86%)
* Elements of w processed with special addition: 1 (2.86%)
* Elements of w remaining: 33 (94.29%)
* Elements of w skipped: 0 (0.00%)
* Elements of w processed with special addition: 0 (0.00%)
* Elements of w remaining: 33 (100.00%)
* UVC proof at step 1
* G1 elements in proof: 2
* G2 elements in proof: 1
* Proof size in bits: 1019
* Cached h poly size: 2175
* UVC Prove step 1
* Elements of w skipped: 1 (1.47%)
* Elements of w processed with special addition: 3 (4.41%)
* Elements of w remaining: 64 (94.12%)
* Elements of w skipped: 1 (2.86%)
* Elements of w processed with special addition: 1 (2.86%)
* Elements of w remaining: 33 (94.29%)
* Elements of w skipped: 0 (0.00%)
* Elements of w processed with special addition: 0 (0.00%)
* Elements of w remaining: 33 (100.00%)
* UVC proof at step 1
* G1 elements in proof: 2
* G2 elements in proof: 1
* Proof size in bits: 1019
* Cached h poly size: 2175
* UVC Verify step 1: PASS
* UVC Verify step 1: PASS
* UVC Verify step 1: PASS
* UVC Verify step 1: PASS
* UVC Verify step 1: PASS
* UVC Verify step 1: PASS
* UVC Verify step 1: PASS
* UVC Verify step 1: PASS
* UVC Verify step 1: PASS
* UVC Verify step 1: PASS
  1       62.42         2.76          1019          PASS      
* UVC Prove step 2
* Elements of w skipped: 0 (0.00%)
* Elements of w processed with special addition: 1 (1.52%)
* Elements of w remaining: 65 (98.48%)
* Elements of w skipped: 0 (0.00%)
* Elements of w processed with special addition: 1 (2.94%)
* Elements of w remaining: 33 (97.06%)
* Elements of w skipped: 0 (0.00%)
* Elements of w processed with special addition: 1 (1.52%)
* Elements of w remaining: 65 (98.48%)
* UVC proof at step 2
* G1 elements in proof: 2
* G2 elements in proof: 1
* Proof size in bits: 1019
* Cached h poly size: 2175
* UVC Prove step 2
* Elements of w skipped: 0 (0.00%)
* Elements of w processed with special addition: 1 (1.52%)
* Elements of w remaining: 65 (98.48%)
* Elements of w skipped: 0 (0.00%)
* Elements of w processed with special addition: 1 (2.94%)
* Elements of w remaining: 33 (97.06%)
* Elements of w skipped: 0 (0.00%)
* Elements of w processed with special addition: 1 (1.52%)
* Elements of w remaining: 65 (98.48%)
* UVC proof at step 2
* G1 elements in proof: 2
* G2 elements in proof: 1
* Proof size in bits: 1019
* Cached h poly size: 2175
* UVC Prove step 2
* Elements of w skipped: 0 (0.00%)
* Elements of w processed with special addition: 1 (1.52%)
* Elements of w remaining: 65 (98.48%)
* Elements of w skipped: 0 (0.00%)
* Elements of w processed with special addition: 1 (2.94%)
* Elements of w remaining: 33 (97.06%)
* Elements of w skipped: 0 (0.00%)
* Elements of w processed with special addition: 1 (1.52%)
* Elements of w remaining: 65 (98.48%)
* UVC proof at step 2
* G1 elements in proof: 2
* G2 elements in proof: 1
* Proof size in bits: 1019
* Cached h poly size: 2175
* UVC Prove step 2
* Elements of w skipped: 0 (0.00%)
* Elements of w processed with special addition: 1 (1.52%)
* Elements of w remaining: 65 (98.48%)
* Elements of w skipped: 0 (0.00%)
* Elements of w processed with special addition: 1 (2.94%)
* Elements of w remaining: 33 (97.06%)
* Elements of w skipped: 0 (0.00%)
* Elements of w processed with special addition: 1 (1.52%)
* Elements of w remaining: 65 (98.48%)
* UVC proof at step 2
* G1 elements in proof: 2
* G2 elements in proof: 1
* Proof size in bits: 1019
* Cached h poly size: 2175
* UVC Prove step 2
* Elements of w skipped: 0 (0.00%)
* Elements of w processed with special addition: 1 (1.52%)
* Elements of w remaining: 65 (98.48%)
* Elements of w skipped: 0 (0.00%)
* Elements of w processed with special addition: 1 (2.94%)
* Elements of w remaining: 33 (97.06%)
* Elements of w skipped: 0 (0.00%)
* Elements of w processed with special addition: 1 (1.52%)
* Elements of w remaining: 65 (98.48%)
* UVC proof at step 2
* G1 elements in proof: 2
* G2 elements in proof: 1
* Proof size in bits: 1019
* Cached h poly size: 2175
* UVC Prove step 2
* Elements of w skipped: 0 (0.00%)
* Elements of w processed with special addition: 1 (1.52%)
* Elements of w remaining: 65 (98.48%)
* Elements of w skipped: 0 (0.00%)
* Elements of w processed with special addition: 1 (2.94%)
* Elements of w remaining: 33 (97.06%)
* Elements of w skipped: 0 (0.00%)
* Elements of w processed with special addition: 1 (1.52%)
* Elements of w remaining: 65 (98.48%)
* UVC proof at step 2
* G1 elements in proof: 2
* G2 elements in proof: 1
* Proof size in bits: 1019
* Cached h poly size: 2175
* UVC Prove step 2
* Elements of w skipped: 0 (0.00%)
* Elements of w processed with special addition: 1 (1.52%)
* Elements of w remaining: 65 (98.48%)
* Elements of w skipped: 0 (0.00%)
* Elements of w processed with special addition: 1 (2.94%)
* Elements of w remaining: 33 (97.06%)
* Elements of w skipped: 0 (0.00%)
* Elements of w processed with special addition: 1 (1.52%)
* Elements of w remaining: 65 (98.48%)
* UVC proof at step 2
* G1 elements in proof: 2
* G2 elements in proof: 1
* Proof size in bits: 1019
* Cached h poly size: 2175
* UVC Prove step 2
* Elements of w skipped: 0 (0.00%)
* Elements of w processed with special addition: 1 (1.52%)
* Elements of w remaining: 65 (98.48%)
* Elements of w skipped: 0 (0.00%)
* Elements of w processed with special addition: 1 (2.94%)
* Elements of w remaining: 33 (97.06%)
* Elements of w skipped: 0 (0.00%)
* Elements of w processed with special addition: 1 (1.52%)
* Elements of w remaining: 65 (98.48%)
* UVC proof at step 2
* G1 elements in proof: 2
* G2 elements in proof: 1
* Proof size in bits: 1019
* Cached h poly size: 2175
* UVC Prove step 2
* Elements of w skipped: 0 (0.00%)
* Elements of w processed with special addition: 1 (1.52%)
* Elements of w remaining: 65 (98.48%)
* Elements of w skipped: 0 (0.00%)
* Elements of w processed with special addition: 1 (2.94%)
* Elements of w remaining: 33 (97.06%)
* Elements of w skipped: 0 (0.00%)
* Elements of w processed with special addition: 1 (1.52%)
* Elements of w remaining: 65 (98.48%)
* UVC proof at step 2
* G1 elements in proof: 2
* G2 elements in proof: 1
* Proof size in bits: 1019
* Cached h poly size: 2175
* UVC Prove step 2
* Elements of w skipped: 0 (0.00%)
* Elements of w processed with special addition: 1 (1.52%)
* Elements of w remaining: 65 (98.48%)
* Elements of w skipped: 0 (0.00%)
* Elements of w processed with special addition: 1 (2.94%)
* Elements of w remaining: 33 (97.06%)
* Elements of w skipped: 0 (0.00%)
* Elements of w processed with special addition: 1 (1.52%)
* Elements of w remaining: 65 (98.48%)
* UVC proof at step 2
* G1 elements in proof: 2
* G2 elements in proof: 1
* Proof size in bits: 1019
* Cached h poly size: 2175
* UVC Verify step 2: PASS
* UVC Verify step 2: PASS
* UVC Verify step 2: PASS
* UVC Verify step 2: PASS
* UVC Verify step 2: PASS
* UVC Verify step 2: PASS
* UVC Verify step 2: PASS
* UVC Verify step 2: PASS
* UVC Verify step 2: PASS
* UVC Verify step 2: PASS
  2       62.49         2.71          1019          PASS      
* UVC Prove step 4
* Elements of w skipped: 0 (0.00%)
* Elements of w processed with special addition: 1 (1.52%)
* Elements of w remaining: 65 (98.48%)
* Elements of w skipped: 0 (0.00%)
* Elements of w processed with special addition: 1 (2.94%)
* Elements of w remaining: 33 (97.06%)
* Elements of w skipped: 0 (0.00%)
* Elements of w processed with special addition: 1 (1.52%)
* Elements of w remaining: 65 (98.48%)
* UVC proof at step 4
* G1 elements in proof: 2
* G2 elements in proof: 1
* Proof size in bits: 1019
* Cached h poly size: 2175
* UVC Prove step 4
* Elements of w skipped: 0 (0.00%)
* Elements of w processed with special addition: 1 (1.52%)
* Elements of w remaining: 65 (98.48%)
* Elements of w skipped: 0 (0.00%)
* Elements of w processed with special addition: 1 (2.94%)
* Elements of w remaining: 33 (97.06%)
* Elements of w skipped: 0 (0.00%)
* Elements of w processed with special addition: 1 (1.52%)
* Elements of w remaining: 65 (98.48%)
* UVC proof at step 4
* G1 elements in proof: 2
* G2 elements in proof: 1
* Proof size in bits: 1019
* Cached h poly size: 2175
* UVC Prove step 4
* Elements of w skipped: 0 (0.00%)
* Elements of w processed with special addition: 1 (1.52%)
* Elements of w remaining: 65 (98.48%)
* Elements of w skipped: 0 (0.00%)
* Elements of w processed with special addition: 1 (2.94%)
* Elements of w remaining: 33 (97.06%)
* Elements of w skipped: 0 (0.00%)
* Elements of w processed with special addition: 1 (1.52%)
* Elements of w remaining: 65 (98.48%)
* UVC proof at step 4
* G1 elements in proof: 2
* G2 elements in proof: 1
* Proof size in bits: 1019
* Cached h poly size: 2175
* UVC Prove step 4
* Elements of w skipped: 0 (0.00%)
* Elements of w processed with special addition: 1 (1.52%)
* Elements of w remaining: 65 (98.48%)
* Elements of w skipped: 0 (0.00%)
* Elements of w processed with special addition: 1 (2.94%)
* Elements of w remaining: 33 (97.06%)
* Elements of w skipped: 0 (0.00%)
* Elements of w processed with special addition: 1 (1.52%)
* Elements of w remaining: 65 (98.48%)
* UVC proof at step 4
* G1 elements in proof: 2
* G2 elements in proof: 1
* Proof size in bits: 1019
* Cached h poly size: 2175
* UVC Prove step 4
* Elements of w skipped: 0 (0.00%)
* Elements of w processed with special addition: 1 (1.52%)
* Elements of w remaining: 65 (98.48%)
* Elements of w skipped: 0 (0.00%)
* Elements of w processed with special addition: 1 (2.94%)
* Elements of w remaining: 33 (97.06%)
* Elements of w skipped: 0 (0.00%)
* Elements of w processed with special addition: 1 (1.52%)
* Elements of w remaining: 65 (98.48%)
* UVC proof at step 4
* G1 elements in proof: 2
* G2 elements in proof: 1
* Proof size in bits: 1019
* Cached h poly size: 2175
* UVC Prove step 4
* Elements of w skipped: 0 (0.00%)
* Elements of w processed with special addition: 1 (1.52%)
* Elements of w remaining: 65 (98.48%)
* Elements of w skipped: 0 (0.00%)
* Elements of w processed with special addition: 1 (2.94%)
* Elements of w remaining: 33 (97.06%)
* Elements of w skipped: 0 (0.00%)
* Elements of w processed with special addition: 1 (1.52%)
* Elements of w remaining: 65 (98.48%)
* UVC proof at step 4
* G1 elements in proof: 2
* G2 elements in proof: 1
* Proof size in bits: 1019
* Cached h poly size: 2175
* UVC Prove step 4
* Elements of w skipped: 0 (0.00%)
* Elements of w processed with special addition: 1 (1.52%)
* Elements of w remaining: 65 (98.48%)
* Elements of w skipped: 0 (0.00%)
* Elements of w processed with special addition: 1 (2.94%)
* Elements of w remaining: 33 (97.06%)
* Elements of w skipped: 0 (0.00%)
* Elements of w processed with special addition: 1 (1.52%)
* Elements of w remaining: 65 (98.48%)
* UVC proof at step 4
* G1 elements in proof: 2
* G2 elements in proof: 1
* Proof size in bits: 1019
* Cached h poly size: 2175
* UVC Prove step 4
* Elements of w skipped: 0 (0.00%)
* Elements of w processed with special addition: 1 (1.52%)
* Elements of w remaining: 65 (98.48%)
* Elements of w skipped: 0 (0.00%)
* Elements of w processed with special addition: 1 (2.94%)
* Elements of w remaining: 33 (97.06%)
* Elements of w skipped: 0 (0.00%)
* Elements of w processed with special addition: 1 (1.52%)
* Elements of w remaining: 65 (98.48%)
* UVC proof at step 4
* G1 elements in proof: 2
* G2 elements in proof: 1
* Proof size in bits: 1019
* Cached h poly size: 2175
* UVC Prove step 4
* Elements of w skipped: 0 (0.00%)
* Elements of w processed with special addition: 1 (1.52%)
* Elements of w remaining: 65 (98.48%)
* Elements of w skipped: 0 (0.00%)
* Elements of w processed with special addition: 1 (2.94%)
* Elements of w remaining: 33 (97.06%)
* Elements of w skipped: 0 (0.00%)
* Elements of w processed with special addition: 1 (1.52%)
* Elements of w remaining: 65 (98.48%)
* UVC proof at step 4
* G1 elements in proof: 2
* G2 elements in proof: 1
* Proof size in bits: 1019
* Cached h poly size: 2175
* UVC Prove step 4
* Elements of w skipped: 0 (0.00%)
* Elements of w processed with special addition: 1 (1.52%)
* Elements of w remaining: 65 (98.48%)
* Elements of w skipped: 0 (0.00%)
* Elements of w processed with special addition: 1 (2.94%)
* Elements of w remaining: 33 (97.06%)
* Elements of w skipped: 0 (0.00%)
* Elements of w processed with special addition: 1 (1.52%)
* Elements of w remaining: 65 (98.48%)
* UVC proof at step 4
* G1 elements in proof: 2
* G2 elements in proof: 1
* Proof size in bits: 1019
* Cached h poly size: 2175
* UVC Verify step 4: PASS
* UVC Verify step 4: PASS
* UVC Verify step 4: PASS
* UVC Verify step 4: PASS
* UVC Verify step 4: PASS
* UVC Verify step 4: PASS
* UVC Verify step 4: PASS
* UVC Verify step 4: PASS
* UVC Verify step 4: PASS
* UVC Verify step 4: PASS
  4       63.04         2.77          1019          PASS      
* UVC Prove step 8
* Elements of w skipped: 0 (0.00%)
* Elements of w processed with special addition: 1 (1.52%)
* Elements of w remaining: 65 (98.48%)
* Elements of w skipped: 0 (0.00%)
* Elements of w processed with special addition: 1 (2.94%)
* Elements of w remaining: 33 (97.06%)
* Elements of w skipped: 0 (0.00%)
* Elements of w processed with special addition: 1 (1.52%)
* Elements of w remaining: 65 (98.48%)
* UVC proof at step 8
* G1 elements in proof: 2
* G2 elements in proof: 1
* Proof size in bits: 1019
* Cached h poly size: 2175
* UVC Prove step 8
* Elements of w skipped: 0 (0.00%)
* Elements of w processed with special addition: 1 (1.52%)
* Elements of w remaining: 65 (98.48%)
* Elements of w skipped: 0 (0.00%)
* Elements of w processed with special addition: 1 (2.94%)
* Elements of w remaining: 33 (97.06%)
* Elements of w skipped: 0 (0.00%)
* Elements of w processed with special addition: 1 (1.52%)
* Elements of w remaining: 65 (98.48%)
* UVC proof at step 8
* G1 elements in proof: 2
* G2 elements in proof: 1
* Proof size in bits: 1019
* Cached h poly size: 2175
* UVC Prove step 8
* Elements of w skipped: 0 (0.00%)
* Elements of w processed with special addition: 1 (1.52%)
* Elements of w remaining: 65 (98.48%)
* Elements of w skipped: 0 (0.00%)
* Elements of w processed with special addition: 1 (2.94%)
* Elements of w remaining: 33 (97.06%)
* Elements of w skipped: 0 (0.00%)
* Elements of w processed with special addition: 1 (1.52%)
* Elements of w remaining: 65 (98.48%)
* UVC proof at step 8
* G1 elements in proof: 2
* G2 elements in proof: 1
* Proof size in bits: 1019
* Cached h poly size: 2175
* UVC Prove step 8
* Elements of w skipped: 0 (0.00%)
* Elements of w processed with special addition: 1 (1.52%)
* Elements of w remaining: 65 (98.48%)
* Elements of w skipped: 0 (0.00%)
* Elements of w processed with special addition: 1 (2.94%)
* Elements of w remaining: 33 (97.06%)
* Elements of w skipped: 0 (0.00%)
* Elements of w processed with special addition: 1 (1.52%)
* Elements of w remaining: 65 (98.48%)
* UVC proof at step 8
* G1 elements in proof: 2
* G2 elements in proof: 1
* Proof size in bits: 1019
* Cached h poly size: 2175
* UVC Prove step 8
* Elements of w skipped: 0 (0.00%)
* Elements of w processed with special addition: 1 (1.52%)
* Elements of w remaining: 65 (98.48%)
* Elements of w skipped: 0 (0.00%)
* Elements of w processed with special addition: 1 (2.94%)
* Elements of w remaining: 33 (97.06%)
* Elements of w skipped: 0 (0.00%)
* Elements of w processed with special addition: 1 (1.52%)
* Elements of w remaining: 65 (98.48%)
* UVC proof at step 8
* G1 elements in proof: 2
* G2 elements in proof: 1
* Proof size in bits: 1019
* Cached h poly size: 2175
* UVC Prove step 8
* Elements of w skipped: 0 (0.00%)
* Elements of w processed with special addition: 1 (1.52%)
* Elements of w remaining: 65 (98.48%)
* Elements of w skipped: 0 (0.00%)
* Elements of w processed with special addition: 1 (2.94%)
* Elements of w remaining: 33 (97.06%)
* Elements of w skipped: 0 (0.00%)
* Elements of w processed with special addition: 1 (1.52%)
* Elements of w remaining: 65 (98.48%)
* UVC proof at step 8
* G1 elements in proof: 2
* G2 elements in proof: 1
* Proof size in bits: 1019
* Cached h poly size: 2175
* UVC Prove step 8
* Elements of w skipped: 0 (0.00%)
* Elements of w processed with special addition: 1 (1.52%)
* Elements of w remaining: 65 (98.48%)
* Elements of w skipped: 0 (0.00%)
* Elements of w processed with special addition: 1 (2.94%)
* Elements of w remaining: 33 (97.06%)
* Elements of w skipped: 0 (0.00%)
* Elements of w processed with special addition: 1 (1.52%)
* Elements of w remaining: 65 (98.48%)
* UVC proof at step 8
* G1 elements in proof: 2
* G2 elements in proof: 1
* Proof size in bits: 1019
* Cached h poly size: 2175
* UVC Prove step 8
* Elements of w skipped: 0 (0.00%)
* Elements of w processed with special addition: 1 (1.52%)
* Elements of w remaining: 65 (98.48%)
* Elements of w skipped: 0 (0.00%)
* Elements of w processed with special addition: 1 (2.94%)
* Elements of w remaining: 33 (97.06%)
* Elements of w skipped: 0 (0.00%)
* Elements of w processed with special addition: 1 (1.52%)
* Elements of w remaining: 65 (98.48%)
* UVC proof at step 8
* G1 elements in proof: 2
* G2 elements in proof: 1
* Proof size in bits: 1019
* Cached h poly size: 2175
* UVC Prove step 8
* Elements of w skipped: 0 (0.00%)
* Elements of w processed with special addition: 1 (1.52%)
* Elements of w remaining: 65 (98.48%)
* Elements of w skipped: 0 (0.00%)
* Elements of w processed with special addition: 1 (2.94%)
* Elements of w remaining: 33 (97.06%)
* Elements of w skipped: 0 (0.00%)
* Elements of w processed with special addition: 1 (1.52%)
* Elements of w remaining: 65 (98.48%)
* UVC proof at step 8
* G1 elements in proof: 2
* G2 elements in proof: 1
* Proof size in bits: 1019
* Cached h poly size: 2175
* UVC Prove step 8
* Elements of w skipped: 0 (0.00%)
* Elements of w processed with special addition: 1 (1.52%)
* Elements of w remaining: 65 (98.48%)
* Elements of w skipped: 0 (0.00%)
* Elements of w processed with special addition: 1 (2.94%)
* Elements of w remaining: 33 (97.06%)
* Elements of w skipped: 0 (0.00%)
* Elements of w processed with special addition: 1 (1.52%)
* Elements of w remaining: 65 (98.48%)
* UVC proof at step 8
* G1 elements in proof: 2
* G2 elements in proof: 1
* Proof size in bits: 1019
* Cached h poly size: 2175
* UVC Verify step 8: PASS
* UVC Verify step 8: PASS
* UVC Verify step 8: PASS
* UVC Verify step 8: PASS
* UVC Verify step 8: PASS
* UVC Verify step 8: PASS
* UVC Verify step 8: PASS
* UVC Verify step 8: PASS
* UVC Verify step 8: PASS
* UVC Verify step 8: PASS
  8       63.02         2.77          1019          PASS      
* UVC Prove step 16
* Elements of w skipped: 0 (0.00%)
* Elements of w processed with special addition: 1 (1.52%)
* Elements of w remaining: 65 (98.48%)
* Elements of w skipped: 0 (0.00%)
* Elements of w processed with special addition: 1 (2.94%)
* Elements of w remaining: 33 (97.06%)
* Elements of w skipped: 0 (0.00%)
* Elements of w processed with special addition: 1 (1.52%)
* Elements of w remaining: 65 (98.48%)
* UVC proof at step 16
* G1 elements in proof: 2
* G2 elements in proof: 1
* Proof size in bits: 1019
* Cached h poly size: 2175
* UVC Prove step 16
* Elements of w skipped: 0 (0.00%)
* Elements of w processed with special addition: 1 (1.52%)
* Elements of w remaining: 65 (98.48%)
* Elements of w skipped: 0 (0.00%)
* Elements of w processed with special addition: 1 (2.94%)
* Elements of w remaining: 33 (97.06%)
* Elements of w skipped: 0 (0.00%)
* Elements of w processed with special addition: 1 (1.52%)
* Elements of w remaining: 65 (98.48%)
* UVC proof at step 16
* G1 elements in proof: 2
* G2 elements in proof: 1
* Proof size in bits: 1019
* Cached h poly size: 2175
* UVC Prove step 16
* Elements of w skipped: 0 (0.00%)
* Elements of w processed with special addition: 1 (1.52%)
* Elements of w remaining: 65 (98.48%)
* Elements of w skipped: 0 (0.00%)
* Elements of w processed with special addition: 1 (2.94%)
* Elements of w remaining: 33 (97.06%)
* Elements of w skipped: 0 (0.00%)
* Elements of w processed with special addition: 1 (1.52%)
* Elements of w remaining: 65 (98.48%)
* UVC proof at step 16
* G1 elements in proof: 2
* G2 elements in proof: 1
* Proof size in bits: 1019
* Cached h poly size: 2175
* UVC Prove step 16
* Elements of w skipped: 0 (0.00%)
* Elements of w processed with special addition: 1 (1.52%)
* Elements of w remaining: 65 (98.48%)
* Elements of w skipped: 0 (0.00%)
* Elements of w processed with special addition: 1 (2.94%)
* Elements of w remaining: 33 (97.06%)
* Elements of w skipped: 0 (0.00%)
* Elements of w processed with special addition: 1 (1.52%)
* Elements of w remaining: 65 (98.48%)
* UVC proof at step 16
* G1 elements in proof: 2
* G2 elements in proof: 1
* Proof size in bits: 1019
* Cached h poly size: 2175
* UVC Prove step 16
* Elements of w skipped: 0 (0.00%)
* Elements of w processed with special addition: 1 (1.52%)
* Elements of w remaining: 65 (98.48%)
* Elements of w skipped: 0 (0.00%)
* Elements of w processed with special addition: 1 (2.94%)
* Elements of w remaining: 33 (97.06%)
* Elements of w skipped: 0 (0.00%)
* Elements of w processed with special addition: 1 (1.52%)
* Elements of w remaining: 65 (98.48%)
* UVC proof at step 16
* G1 elements in proof: 2
* G2 elements in proof: 1
* Proof size in bits: 1019
* Cached h poly size: 2175
* UVC Prove step 16
* Elements of w skipped: 0 (0.00%)
* Elements of w processed with special addition: 1 (1.52%)
* Elements of w remaining: 65 (98.48%)
* Elements of w skipped: 0 (0.00%)
* Elements of w processed with special addition: 1 (2.94%)
* Elements of w remaining: 33 (97.06%)
* Elements of w skipped: 0 (0.00%)
* Elements of w processed with special addition: 1 (1.52%)
* Elements of w remaining: 65 (98.48%)
* UVC proof at step 16
* G1 elements in proof: 2
* G2 elements in proof: 1
* Proof size in bits: 1019
* Cached h poly size: 2175
* UVC Prove step 16
* Elements of w skipped: 0 (0.00%)
* Elements of w processed with special addition: 1 (1.52%)
* Elements of w remaining: 65 (98.48%)
* Elements of w skipped: 0 (0.00%)
* Elements of w processed with special addition: 1 (2.94%)
* Elements of w remaining: 33 (97.06%)
* Elements of w skipped: 0 (0.00%)
* Elements of w processed with special addition: 1 (1.52%)
* Elements of w remaining: 65 (98.48%)
* UVC proof at step 16
* G1 elements in proof: 2
* G2 elements in proof: 1
* Proof size in bits: 1019
* Cached h poly size: 2175
* UVC Prove step 16
* Elements of w skipped: 0 (0.00%)
* Elements of w processed with special addition: 1 (1.52%)
* Elements of w remaining: 65 (98.48%)
* Elements of w skipped: 0 (0.00%)
* Elements of w processed with special addition: 1 (2.94%)
* Elements of w remaining: 33 (97.06%)
* Elements of w skipped: 0 (0.00%)
* Elements of w processed with special addition: 1 (1.52%)
* Elements of w remaining: 65 (98.48%)
* UVC proof at step 16
* G1 elements in proof: 2
* G2 elements in proof: 1
* Proof size in bits: 1019
* Cached h poly size: 2175
* UVC Prove step 16
* Elements of w skipped: 0 (0.00%)
* Elements of w processed with special addition: 1 (1.52%)
* Elements of w remaining: 65 (98.48%)
* Elements of w skipped: 0 (0.00%)
* Elements of w processed with special addition: 1 (2.94%)
* Elements of w remaining: 33 (97.06%)
* Elements of w skipped: 0 (0.00%)
* Elements of w processed with special addition: 1 (1.52%)
* Elements of w remaining: 65 (98.48%)
* UVC proof at step 16
* G1 elements in proof: 2
* G2 elements in proof: 1
* Proof size in bits: 1019
* Cached h poly size: 2175
* UVC Prove step 16
* Elements of w skipped: 0 (0.00%)
* Elements of w processed with special addition: 1 (1.52%)
* Elements of w remaining: 65 (98.48%)
* Elements of w skipped: 0 (0.00%)
* Elements of w processed with special addition: 1 (2.94%)
* Elements of w remaining: 33 (97.06%)
* Elements of w skipped: 0 (0.00%)
* Elements of w processed with special addition: 1 (1.52%)
* Elements of w remaining: 65 (98.48%)
* UVC proof at step 16
* G1 elements in proof: 2
* G2 elements in proof: 1
* Proof size in bits: 1019
* Cached h poly size: 2175
* UVC Verify step 16: PASS
* UVC Verify step 16: PASS
* UVC Verify step 16: PASS
* UVC Verify step 16: PASS
* UVC Verify step 16: PASS
* UVC Verify step 16: PASS
* UVC Verify step 16: PASS
* UVC Verify step 16: PASS
* UVC Verify step 16: PASS
* UVC Verify step 16: PASS
  16      63.37         2.73          1019          PASS      
* UVC Prove step 32
* Elements of w skipped: 0 (0.00%)
* Elements of w processed with special addition: 1 (1.52%)
* Elements of w remaining: 65 (98.48%)
* Elements of w skipped: 0 (0.00%)
* Elements of w processed with special addition: 1 (2.94%)
* Elements of w remaining: 33 (97.06%)
* Elements of w skipped: 0 (0.00%)
* Elements of w processed with special addition: 1 (1.52%)
* Elements of w remaining: 65 (98.48%)
* UVC proof at step 32
* G1 elements in proof: 2
* G2 elements in proof: 1
* Proof size in bits: 1019
* Cached h poly size: 2175
* UVC Prove step 32
* Elements of w skipped: 0 (0.00%)
* Elements of w processed with special addition: 1 (1.52%)
* Elements of w remaining: 65 (98.48%)
* Elements of w skipped: 0 (0.00%)
* Elements of w processed with special addition: 1 (2.94%)
* Elements of w remaining: 33 (97.06%)
* Elements of w skipped: 0 (0.00%)
* Elements of w processed with special addition: 1 (1.52%)
* Elements of w remaining: 65 (98.48%)
* UVC proof at step 32
* G1 elements in proof: 2
* G2 elements in proof: 1
* Proof size in bits: 1019
* Cached h poly size: 2175
* UVC Prove step 32
* Elements of w skipped: 0 (0.00%)
* Elements of w processed with special addition: 1 (1.52%)
* Elements of w remaining: 65 (98.48%)
* Elements of w skipped: 0 (0.00%)
* Elements of w processed with special addition: 1 (2.94%)
* Elements of w remaining: 33 (97.06%)
* Elements of w skipped: 0 (0.00%)
* Elements of w processed with special addition: 1 (1.52%)
* Elements of w remaining: 65 (98.48%)
* UVC proof at step 32
* G1 elements in proof: 2
* G2 elements in proof: 1
* Proof size in bits: 1019
* Cached h poly size: 2175
* UVC Prove step 32
* Elements of w skipped: 0 (0.00%)
* Elements of w processed with special addition: 1 (1.52%)
* Elements of w remaining: 65 (98.48%)
* Elements of w skipped: 0 (0.00%)
* Elements of w processed with special addition: 1 (2.94%)
* Elements of w remaining: 33 (97.06%)
* Elements of w skipped: 0 (0.00%)
* Elements of w processed with special addition: 1 (1.52%)
* Elements of w remaining: 65 (98.48%)
* UVC proof at step 32
* G1 elements in proof: 2
* G2 elements in proof: 1
* Proof size in bits: 1019
* Cached h poly size: 2175
* UVC Prove step 32
* Elements of w skipped: 0 (0.00%)
* Elements of w processed with special addition: 1 (1.52%)
* Elements of w remaining: 65 (98.48%)
* Elements of w skipped: 0 (0.00%)
* Elements of w processed with special addition: 1 (2.94%)
* Elements of w remaining: 33 (97.06%)
* Elements of w skipped: 0 (0.00%)
* Elements of w processed with special addition: 1 (1.52%)
* Elements of w remaining: 65 (98.48%)
* UVC proof at step 32
* G1 elements in proof: 2
* G2 elements in proof: 1
* Proof size in bits: 1019
* Cached h poly size: 2175
* UVC Prove step 32
* Elements of w skipped: 0 (0.00%)
* Elements of w processed with special addition: 1 (1.52%)
* Elements of w remaining: 65 (98.48%)
* Elements of w skipped: 0 (0.00%)
* Elements of w processed with special addition: 1 (2.94%)
* Elements of w remaining: 33 (97.06%)
* Elements of w skipped: 0 (0.00%)
* Elements of w processed with special addition: 1 (1.52%)
* Elements of w remaining: 65 (98.48%)
* UVC proof at step 32
* G1 elements in proof: 2
* G2 elements in proof: 1
* Proof size in bits: 1019
* Cached h poly size: 2175
* UVC Prove step 32
* Elements of w skipped: 0 (0.00%)
* Elements of w processed with special addition: 1 (1.52%)
* Elements of w remaining: 65 (98.48%)
* Elements of w skipped: 0 (0.00%)
* Elements of w processed with special addition: 1 (2.94%)
* Elements of w remaining: 33 (97.06%)
* Elements of w skipped: 0 (0.00%)
* Elements of w processed with special addition: 1 (1.52%)
* Elements of w remaining: 65 (98.48%)
* UVC proof at step 32
* G1 elements in proof: 2
* G2 elements in proof: 1
* Proof size in bits: 1019
* Cached h poly size: 2175
* UVC Prove step 32
* Elements of w skipped: 0 (0.00%)
* Elements of w processed with special addition: 1 (1.52%)
* Elements of w remaining: 65 (98.48%)
* Elements of w skipped: 0 (0.00%)
* Elements of w processed with special addition: 1 (2.94%)
* Elements of w remaining: 33 (97.06%)
* Elements of w skipped: 0 (0.00%)
* Elements of w processed with special addition: 1 (1.52%)
* Elements of w remaining: 65 (98.48%)
* UVC proof at step 32
* G1 elements in proof: 2
* G2 elements in proof: 1
* Proof size in bits: 1019
* Cached h poly size: 2175
* UVC Prove step 32
* Elements of w skipped: 0 (0.00%)
* Elements of w processed with special addition: 1 (1.52%)
* Elements of w remaining: 65 (98.48%)
* Elements of w skipped: 0 (0.00%)
* Elements of w processed with special addition: 1 (2.94%)
* Elements of w remaining: 33 (97.06%)
* Elements of w skipped: 0 (0.00%)
* Elements of w processed with special addition: 1 (1.52%)
* Elements of w remaining: 65 (98.48%)
* UVC proof at step 32
* G1 elements in proof: 2
* G2 elements in proof: 1
* Proof size in bits: 1019
* Cached h poly size: 2175
* UVC Prove step 32
* Elements of w skipped: 0 (0.00%)
* Elements of w processed with special addition: 1 (1.52%)
* Elements of w remaining: 65 (98.48%)
* Elements of w skipped: 0 (0.00%)
* Elements of w processed with special addition: 1 (2.94%)
* Elements of w remaining: 33 (97.06%)
* Elements of w skipped: 0 (0.00%)
* Elements of w processed with special addition: 1 (1.52%)
* Elements of w remaining: 65 (98.48%)
* UVC proof at step 32
* G1 elements in proof: 2
* G2 elements in proof: 1
* Proof size in bits: 1019
* Cached h poly size: 2175
* UVC Verify step 32: PASS
* UVC Verify step 32: PASS
* UVC Verify step 32: PASS
* UVC Verify step 32: PASS
* UVC Verify step 32: PASS
* UVC Verify step 32: PASS
* UVC Verify step 32: PASS
* UVC Verify step 32: PASS
* UVC Verify step 32: PASS
* UVC Verify step 32: PASS
  32      62.84         2.68          1019          PASS      
* UVC Prove step 64
* Elements of w skipped: 0 (0.00%)
* Elements of w processed with special addition: 1 (1.52%)
* Elements of w remaining: 65 (98.48%)
* Elements of w skipped: 0 (0.00%)
* Elements of w processed with special addition: 1 (3.03%)
* Elements of w remaining: 32 (96.97%)
* Elements of w skipped: 0 (0.00%)
* Elements of w processed with special addition: 1 (1.52%)
* Elements of w remaining: 65 (98.48%)
* UVC proof at step 64
* G1 elements in proof: 2
* G2 elements in proof: 1
* Proof size in bits: 1019
* Cached h poly size: 2175
* UVC Prove step 64
* Elements of w skipped: 0 (0.00%)
* Elements of w processed with special addition: 1 (1.52%)
* Elements of w remaining: 65 (98.48%)
* Elements of w skipped: 0 (0.00%)
* Elements of w processed with special addition: 1 (3.03%)
* Elements of w remaining: 32 (96.97%)
* Elements of w skipped: 0 (0.00%)
* Elements of w processed with special addition: 1 (1.52%)
* Elements of w remaining: 65 (98.48%)
* UVC proof at step 64
* G1 elements in proof: 2
* G2 elements in proof: 1
* Proof size in bits: 1019
* Cached h poly size: 2175
* UVC Prove step 64
* Elements of w skipped: 0 (0.00%)
* Elements of w processed with special addition: 1 (1.52%)
* Elements of w remaining: 65 (98.48%)
* Elements of w skipped: 0 (0.00%)
* Elements of w processed with special addition: 1 (3.03%)
* Elements of w remaining: 32 (96.97%)
* Elements of w skipped: 0 (0.00%)
* Elements of w processed with special addition: 1 (1.52%)
* Elements of w remaining: 65 (98.48%)
* UVC proof at step 64
* G1 elements in proof: 2
* G2 elements in proof: 1
* Proof size in bits: 1019
* Cached h poly size: 2175
* UVC Prove step 64
* Elements of w skipped: 0 (0.00%)
* Elements of w processed with special addition: 1 (1.52%)
* Elements of w remaining: 65 (98.48%)
* Elements of w skipped: 0 (0.00%)
* Elements of w processed with special addition: 1 (3.03%)
* Elements of w remaining: 32 (96.97%)
* Elements of w skipped: 0 (0.00%)
* Elements of w processed with special addition: 1 (1.52%)
* Elements of w remaining: 65 (98.48%)
* UVC proof at step 64
* G1 elements in proof: 2
* G2 elements in proof: 1
* Proof size in bits: 1019
* Cached h poly size: 2175
* UVC Prove step 64
* Elements of w skipped: 0 (0.00%)
* Elements of w processed with special addition: 1 (1.52%)
* Elements of w remaining: 65 (98.48%)
* Elements of w skipped: 0 (0.00%)
* Elements of w processed with special addition: 1 (3.03%)
* Elements of w remaining: 32 (96.97%)
* Elements of w skipped: 0 (0.00%)
* Elements of w processed with special addition: 1 (1.52%)
* Elements of w remaining: 65 (98.48%)
* UVC proof at step 64
* G1 elements in proof: 2
* G2 elements in proof: 1
* Proof size in bits: 1019
* Cached h poly size: 2175
* UVC Prove step 64
* Elements of w skipped: 0 (0.00%)
* Elements of w processed with special addition: 1 (1.52%)
* Elements of w remaining: 65 (98.48%)
* Elements of w skipped: 0 (0.00%)
* Elements of w processed with special addition: 1 (3.03%)
* Elements of w remaining: 32 (96.97%)
* Elements of w skipped: 0 (0.00%)
* Elements of w processed with special addition: 1 (1.52%)
* Elements of w remaining: 65 (98.48%)
* UVC proof at step 64
* G1 elements in proof: 2
* G2 elements in proof: 1
* Proof size in bits: 1019
* Cached h poly size: 2175
* UVC Prove step 64
* Elements of w skipped: 0 (0.00%)
* Elements of w processed with special addition: 1 (1.52%)
* Elements of w remaining: 65 (98.48%)
* Elements of w skipped: 0 (0.00%)
* Elements of w processed with special addition: 1 (3.03%)
* Elements of w remaining: 32 (96.97%)
* Elements of w skipped: 0 (0.00%)
* Elements of w processed with special addition: 1 (1.52%)
* Elements of w remaining: 65 (98.48%)
* UVC proof at step 64
* G1 elements in proof: 2
* G2 elements in proof: 1
* Proof size in bits: 1019
* Cached h poly size: 2175
* UVC Prove step 64
* Elements of w skipped: 0 (0.00%)
* Elements of w processed with special addition: 1 (1.52%)
* Elements of w remaining: 65 (98.48%)
* Elements of w skipped: 0 (0.00%)
* Elements of w processed with special addition: 1 (3.03%)
* Elements of w remaining: 32 (96.97%)
* Elements of w skipped: 0 (0.00%)
* Elements of w processed with special addition: 1 (1.52%)
* Elements of w remaining: 65 (98.48%)
* UVC proof at step 64
* G1 elements in proof: 2
* G2 elements in proof: 1
* Proof size in bits: 1019
* Cached h poly size: 2175
* UVC Prove step 64
* Elements of w skipped: 0 (0.00%)
* Elements of w processed with special addition: 1 (1.52%)
* Elements of w remaining: 65 (98.48%)
* Elements of w skipped: 0 (0.00%)
* Elements of w processed with special addition: 1 (3.03%)
* Elements of w remaining: 32 (96.97%)
* Elements of w skipped: 0 (0.00%)
* Elements of w processed with special addition: 1 (1.52%)
* Elements of w remaining: 65 (98.48%)
* UVC proof at step 64
* G1 elements in proof: 2
* G2 elements in proof: 1
* Proof size in bits: 1019
* Cached h poly size: 2175
* UVC Prove step 64
* Elements of w skipped: 0 (0.00%)
* Elements of w processed with special addition: 1 (1.52%)
* Elements of w remaining: 65 (98.48%)
* Elements of w skipped: 0 (0.00%)
* Elements of w processed with special addition: 1 (3.03%)
* Elements of w remaining: 32 (96.97%)
* Elements of w skipped: 0 (0.00%)
* Elements of w processed with special addition: 1 (1.52%)
* Elements of w remaining: 65 (98.48%)
* UVC proof at step 64
* G1 elements in proof: 2
* G2 elements in proof: 1
* Proof size in bits: 1019
* Cached h poly size: 2175
* UVC Verify step 64: PASS
* UVC Verify step 64: PASS
* UVC Verify step 64: PASS
* UVC Verify step 64: PASS
* UVC Verify step 64: PASS
* UVC Verify step 64: PASS
* UVC Verify step 64: PASS
* UVC Verify step 64: PASS
* UVC Verify step 64: PASS
* UVC Verify step 64: PASS
  64      62.66         2.76          1019          PASS      

  UVC results written to /Users/heewonchung/Documents/00-Research/active/Updatable Verifiable Computation/Dev/results/2026-03-09_203431_iot/csv/uvc_results.csv

================================================================
Groth16 Benchmark: circuit=sensor_fusion, n=32, B=64
================================================================

  Step    C_j constr  Setup (ms)    Prove (ms)    Verify (ms)   Verified  
  ------  ----------  ------------  ------------  ------------  ----------
* Composed C_1: 33 constraints, 67 variables, 34 inputs
* QAP number of variables: 67
* QAP pre degree: 33
* QAP degree: 68
* QAP number of input variables: 34
* G1 window: 6
* G2 window: 4
* G1 elements in PK: 237
* Non-zero G1 elements in PK: 202
* G2 elements in PK: 69
* Non-zero G2 elements in PK: 34
* PK size in bits: 70928
* G1 elements in VK: 34
* G2 elements in VK: 2
* GT elements in VK: 1
* VK size in bits: 12119
* Elements of w skipped: 1 (1.47%)
* Elements of w processed with special addition: 3 (4.41%)
* Elements of w remaining: 64 (94.12%)
* Elements of w skipped: 0 (0.00%)
* Elements of w processed with special addition: 2 (6.06%)
* Elements of w remaining: 31 (93.94%)
* Elements of w skipped: 0 (0.00%)
* Elements of w processed with special addition: 0 (0.00%)
* Elements of w remaining: 33 (100.00%)
* G1 elements in proof: 2
* G2 elements in proof: 1
* Proof size in bits: 1019
* Elements of w skipped: 1 (1.47%)
* Elements of w processed with special addition: 3 (4.41%)
* Elements of w remaining: 64 (94.12%)
* Elements of w skipped: 0 (0.00%)
* Elements of w processed with special addition: 2 (6.06%)
* Elements of w remaining: 31 (93.94%)
* Elements of w skipped: 0 (0.00%)
* Elements of w processed with special addition: 0 (0.00%)
* Elements of w remaining: 33 (100.00%)
* G1 elements in proof: 2
* G2 elements in proof: 1
* Proof size in bits: 1019
* Elements of w skipped: 1 (1.47%)
* Elements of w processed with special addition: 3 (4.41%)
* Elements of w remaining: 64 (94.12%)
* Elements of w skipped: 0 (0.00%)
* Elements of w processed with special addition: 2 (6.06%)
* Elements of w remaining: 31 (93.94%)
* Elements of w skipped: 0 (0.00%)
* Elements of w processed with special addition: 0 (0.00%)
* Elements of w remaining: 33 (100.00%)
* G1 elements in proof: 2
* G2 elements in proof: 1
* Proof size in bits: 1019
* Elements of w skipped: 1 (1.47%)
* Elements of w processed with special addition: 3 (4.41%)
* Elements of w remaining: 64 (94.12%)
* Elements of w skipped: 0 (0.00%)
* Elements of w processed with special addition: 2 (6.06%)
* Elements of w remaining: 31 (93.94%)
* Elements of w skipped: 0 (0.00%)
* Elements of w processed with special addition: 0 (0.00%)
* Elements of w remaining: 33 (100.00%)
* G1 elements in proof: 2
* G2 elements in proof: 1
* Proof size in bits: 1019
* Elements of w skipped: 1 (1.47%)
* Elements of w processed with special addition: 3 (4.41%)
* Elements of w remaining: 64 (94.12%)
* Elements of w skipped: 0 (0.00%)
* Elements of w processed with special addition: 2 (6.06%)
* Elements of w remaining: 31 (93.94%)
* Elements of w skipped: 0 (0.00%)
* Elements of w processed with special addition: 0 (0.00%)
* Elements of w remaining: 33 (100.00%)
* G1 elements in proof: 2
* G2 elements in proof: 1
* Proof size in bits: 1019
* Elements of w skipped: 1 (1.47%)
* Elements of w processed with special addition: 3 (4.41%)
* Elements of w remaining: 64 (94.12%)
* Elements of w skipped: 0 (0.00%)
* Elements of w processed with special addition: 2 (6.06%)
* Elements of w remaining: 31 (93.94%)
* Elements of w skipped: 0 (0.00%)
* Elements of w processed with special addition: 0 (0.00%)
* Elements of w remaining: 33 (100.00%)
* G1 elements in proof: 2
* G2 elements in proof: 1
* Proof size in bits: 1019
* Elements of w skipped: 1 (1.47%)
* Elements of w processed with special addition: 3 (4.41%)
* Elements of w remaining: 64 (94.12%)
* Elements of w skipped: 0 (0.00%)
* Elements of w processed with special addition: 2 (6.06%)
* Elements of w remaining: 31 (93.94%)
* Elements of w skipped: 0 (0.00%)
* Elements of w processed with special addition: 0 (0.00%)
* Elements of w remaining: 33 (100.00%)
* G1 elements in proof: 2
* G2 elements in proof: 1
* Proof size in bits: 1019
* Elements of w skipped: 1 (1.47%)
* Elements of w processed with special addition: 3 (4.41%)
* Elements of w remaining: 64 (94.12%)
* Elements of w skipped: 0 (0.00%)
* Elements of w processed with special addition: 2 (6.06%)
* Elements of w remaining: 31 (93.94%)
* Elements of w skipped: 0 (0.00%)
* Elements of w processed with special addition: 0 (0.00%)
* Elements of w remaining: 33 (100.00%)
* G1 elements in proof: 2
* G2 elements in proof: 1
* Proof size in bits: 1019
* Elements of w skipped: 1 (1.47%)
* Elements of w processed with special addition: 3 (4.41%)
* Elements of w remaining: 64 (94.12%)
* Elements of w skipped: 0 (0.00%)
* Elements of w processed with special addition: 2 (6.06%)
* Elements of w remaining: 31 (93.94%)
* Elements of w skipped: 0 (0.00%)
* Elements of w processed with special addition: 0 (0.00%)
* Elements of w remaining: 33 (100.00%)
* G1 elements in proof: 2
* G2 elements in proof: 1
* Proof size in bits: 1019
* Elements of w skipped: 1 (1.47%)
* Elements of w processed with special addition: 3 (4.41%)
* Elements of w remaining: 64 (94.12%)
* Elements of w skipped: 0 (0.00%)
* Elements of w processed with special addition: 2 (6.06%)
* Elements of w remaining: 31 (93.94%)
* Elements of w skipped: 0 (0.00%)
* Elements of w processed with special addition: 0 (0.00%)
* Elements of w remaining: 33 (100.00%)
* G1 elements in proof: 2
* G2 elements in proof: 1
* Proof size in bits: 1019
  1       33          22.2          8.98          2.77          PASS      
* Composed C_2: 66 constraints, 133 variables, 34 inputs
* QAP number of variables: 133
* QAP pre degree: 66
* QAP degree: 128
* QAP number of input variables: 34
* G1 window: 6
* G2 window: 5
* G1 elements in PK: 495
* Non-zero G1 elements in PK: 427
* G2 elements in PK: 135
* Non-zero G2 elements in PK: 67
* PK size in bits: 147212
* G1 elements in VK: 34
* G2 elements in VK: 2
* GT elements in VK: 1
* VK size in bits: 12119
* Elements of w skipped: 1 (0.75%)
* Elements of w processed with special addition: 4 (2.99%)
* Elements of w remaining: 129 (96.27%)
* Elements of w skipped: 0 (0.00%)
* Elements of w processed with special addition: 3 (4.55%)
* Elements of w remaining: 63 (95.45%)
* Elements of w skipped: 0 (0.00%)
* Elements of w processed with special addition: 1 (1.01%)
* Elements of w remaining: 98 (98.99%)
* G1 elements in proof: 2
* G2 elements in proof: 1
* Proof size in bits: 1019
* Elements of w skipped: 1 (0.75%)
* Elements of w processed with special addition: 4 (2.99%)
* Elements of w remaining: 129 (96.27%)
* Elements of w skipped: 0 (0.00%)
* Elements of w processed with special addition: 3 (4.55%)
* Elements of w remaining: 63 (95.45%)
* Elements of w skipped: 0 (0.00%)
* Elements of w processed with special addition: 1 (1.01%)
* Elements of w remaining: 98 (98.99%)
* G1 elements in proof: 2
* G2 elements in proof: 1
* Proof size in bits: 1019
* Elements of w skipped: 1 (0.75%)
* Elements of w processed with special addition: 4 (2.99%)
* Elements of w remaining: 129 (96.27%)
* Elements of w skipped: 0 (0.00%)
* Elements of w processed with special addition: 3 (4.55%)
* Elements of w remaining: 63 (95.45%)
* Elements of w skipped: 0 (0.00%)
* Elements of w processed with special addition: 1 (1.01%)
* Elements of w remaining: 98 (98.99%)
* G1 elements in proof: 2
* G2 elements in proof: 1
* Proof size in bits: 1019
* Elements of w skipped: 1 (0.75%)
* Elements of w processed with special addition: 4 (2.99%)
* Elements of w remaining: 129 (96.27%)
* Elements of w skipped: 0 (0.00%)
* Elements of w processed with special addition: 3 (4.55%)
* Elements of w remaining: 63 (95.45%)
* Elements of w skipped: 0 (0.00%)
* Elements of w processed with special addition: 1 (1.01%)
* Elements of w remaining: 98 (98.99%)
* G1 elements in proof: 2
* G2 elements in proof: 1
* Proof size in bits: 1019
* Elements of w skipped: 1 (0.75%)
* Elements of w processed with special addition: 4 (2.99%)
* Elements of w remaining: 129 (96.27%)
* Elements of w skipped: 0 (0.00%)
* Elements of w processed with special addition: 3 (4.55%)
* Elements of w remaining: 63 (95.45%)
* Elements of w skipped: 0 (0.00%)
* Elements of w processed with special addition: 1 (1.01%)
* Elements of w remaining: 98 (98.99%)
* G1 elements in proof: 2
* G2 elements in proof: 1
* Proof size in bits: 1019
* Elements of w skipped: 1 (0.75%)
* Elements of w processed with special addition: 4 (2.99%)
* Elements of w remaining: 129 (96.27%)
* Elements of w skipped: 0 (0.00%)
* Elements of w processed with special addition: 3 (4.55%)
* Elements of w remaining: 63 (95.45%)
* Elements of w skipped: 0 (0.00%)
* Elements of w processed with special addition: 1 (1.01%)
* Elements of w remaining: 98 (98.99%)
* G1 elements in proof: 2
* G2 elements in proof: 1
* Proof size in bits: 1019
* Elements of w skipped: 1 (0.75%)
* Elements of w processed with special addition: 4 (2.99%)
* Elements of w remaining: 129 (96.27%)
* Elements of w skipped: 0 (0.00%)
* Elements of w processed with special addition: 3 (4.55%)
* Elements of w remaining: 63 (95.45%)
* Elements of w skipped: 0 (0.00%)
* Elements of w processed with special addition: 1 (1.01%)
* Elements of w remaining: 98 (98.99%)
* G1 elements in proof: 2
* G2 elements in proof: 1
* Proof size in bits: 1019
* Elements of w skipped: 1 (0.75%)
* Elements of w processed with special addition: 4 (2.99%)
* Elements of w remaining: 129 (96.27%)
* Elements of w skipped: 0 (0.00%)
* Elements of w processed with special addition: 3 (4.55%)
* Elements of w remaining: 63 (95.45%)
* Elements of w skipped: 0 (0.00%)
* Elements of w processed with special addition: 1 (1.01%)
* Elements of w remaining: 98 (98.99%)
* G1 elements in proof: 2
* G2 elements in proof: 1
* Proof size in bits: 1019
* Elements of w skipped: 1 (0.75%)
* Elements of w processed with special addition: 4 (2.99%)
* Elements of w remaining: 129 (96.27%)
* Elements of w skipped: 0 (0.00%)
* Elements of w processed with special addition: 3 (4.55%)
* Elements of w remaining: 63 (95.45%)
* Elements of w skipped: 0 (0.00%)
* Elements of w processed with special addition: 1 (1.01%)
* Elements of w remaining: 98 (98.99%)
* G1 elements in proof: 2
* G2 elements in proof: 1
* Proof size in bits: 1019
* Elements of w skipped: 1 (0.75%)
* Elements of w processed with special addition: 4 (2.99%)
* Elements of w remaining: 129 (96.27%)
* Elements of w skipped: 0 (0.00%)
* Elements of w processed with special addition: 3 (4.55%)
* Elements of w remaining: 63 (95.45%)
* Elements of w skipped: 0 (0.00%)
* Elements of w processed with special addition: 1 (1.01%)
* Elements of w remaining: 98 (98.99%)
* G1 elements in proof: 2
* G2 elements in proof: 1
* Proof size in bits: 1019
  2       66          33.0          14.67         2.74          PASS      
* Composed C_4: 132 constraints, 265 variables, 34 inputs
* QAP number of variables: 265
* QAP pre degree: 132
* QAP degree: 192
* QAP number of input variables: 34
* G1 window: 7
* G2 window: 5
* G1 elements in PK: 955
* Non-zero G1 elements in PK: 821
* G2 elements in PK: 267
* Non-zero G2 elements in PK: 133
* PK size in bits: 285500
* G1 elements in VK: 34
* G2 elements in VK: 2
* GT elements in VK: 1
* VK size in bits: 12119
* Elements of w skipped: 1 (0.38%)
* Elements of w processed with special addition: 6 (2.26%)
* Elements of w remaining: 259 (97.37%)
* Elements of w skipped: 0 (0.00%)
* Elements of w processed with special addition: 5 (3.79%)
* Elements of w remaining: 127 (96.21%)
* Elements of w skipped: 0 (0.00%)
* Elements of w processed with special addition: 3 (1.30%)
* Elements of w remaining: 228 (98.70%)
* G1 elements in proof: 2
* G2 elements in proof: 1
* Proof size in bits: 1019
* Elements of w skipped: 1 (0.38%)
* Elements of w processed with special addition: 6 (2.26%)
* Elements of w remaining: 259 (97.37%)
* Elements of w skipped: 0 (0.00%)
* Elements of w processed with special addition: 5 (3.79%)
* Elements of w remaining: 127 (96.21%)
* Elements of w skipped: 0 (0.00%)
* Elements of w processed with special addition: 3 (1.30%)
* Elements of w remaining: 228 (98.70%)
* G1 elements in proof: 2
* G2 elements in proof: 1
* Proof size in bits: 1019
* Elements of w skipped: 1 (0.38%)
* Elements of w processed with special addition: 6 (2.26%)
* Elements of w remaining: 259 (97.37%)
* Elements of w skipped: 0 (0.00%)
* Elements of w processed with special addition: 5 (3.79%)
* Elements of w remaining: 127 (96.21%)
* Elements of w skipped: 0 (0.00%)
* Elements of w processed with special addition: 3 (1.30%)
* Elements of w remaining: 228 (98.70%)
* G1 elements in proof: 2
* G2 elements in proof: 1
* Proof size in bits: 1019
* Elements of w skipped: 1 (0.38%)
* Elements of w processed with special addition: 6 (2.26%)
* Elements of w remaining: 259 (97.37%)
* Elements of w skipped: 0 (0.00%)
* Elements of w processed with special addition: 5 (3.79%)
* Elements of w remaining: 127 (96.21%)
* Elements of w skipped: 0 (0.00%)
* Elements of w processed with special addition: 3 (1.30%)
* Elements of w remaining: 228 (98.70%)
* G1 elements in proof: 2
* G2 elements in proof: 1
* Proof size in bits: 1019
* Elements of w skipped: 1 (0.38%)
* Elements of w processed with special addition: 6 (2.26%)
* Elements of w remaining: 259 (97.37%)
* Elements of w skipped: 0 (0.00%)
* Elements of w processed with special addition: 5 (3.79%)
* Elements of w remaining: 127 (96.21%)
* Elements of w skipped: 0 (0.00%)
* Elements of w processed with special addition: 3 (1.30%)
* Elements of w remaining: 228 (98.70%)
* G1 elements in proof: 2
* G2 elements in proof: 1
* Proof size in bits: 1019
* Elements of w skipped: 1 (0.38%)
* Elements of w processed with special addition: 6 (2.26%)
* Elements of w remaining: 259 (97.37%)
* Elements of w skipped: 0 (0.00%)
* Elements of w processed with special addition: 5 (3.79%)
* Elements of w remaining: 127 (96.21%)
* Elements of w skipped: 0 (0.00%)
* Elements of w processed with special addition: 3 (1.30%)
* Elements of w remaining: 228 (98.70%)
* G1 elements in proof: 2
* G2 elements in proof: 1
* Proof size in bits: 1019
* Elements of w skipped: 1 (0.38%)
* Elements of w processed with special addition: 6 (2.26%)
* Elements of w remaining: 259 (97.37%)
* Elements of w skipped: 0 (0.00%)
* Elements of w processed with special addition: 5 (3.79%)
* Elements of w remaining: 127 (96.21%)
* Elements of w skipped: 0 (0.00%)
* Elements of w processed with special addition: 3 (1.30%)
* Elements of w remaining: 228 (98.70%)
* G1 elements in proof: 2
* G2 elements in proof: 1
* Proof size in bits: 1019
* Elements of w skipped: 1 (0.38%)
* Elements of w processed with special addition: 6 (2.26%)
* Elements of w remaining: 259 (97.37%)
* Elements of w skipped: 0 (0.00%)
* Elements of w processed with special addition: 5 (3.79%)
* Elements of w remaining: 127 (96.21%)
* Elements of w skipped: 0 (0.00%)
* Elements of w processed with special addition: 3 (1.30%)
* Elements of w remaining: 228 (98.70%)
* G1 elements in proof: 2
* G2 elements in proof: 1
* Proof size in bits: 1019
* Elements of w skipped: 1 (0.38%)
* Elements of w processed with special addition: 6 (2.26%)
* Elements of w remaining: 259 (97.37%)
* Elements of w skipped: 0 (0.00%)
* Elements of w processed with special addition: 5 (3.79%)
* Elements of w remaining: 127 (96.21%)
* Elements of w skipped: 0 (0.00%)
* Elements of w processed with special addition: 3 (1.30%)
* Elements of w remaining: 228 (98.70%)
* G1 elements in proof: 2
* G2 elements in proof: 1
* Proof size in bits: 1019
* Elements of w skipped: 1 (0.38%)
* Elements of w processed with special addition: 6 (2.26%)
* Elements of w remaining: 259 (97.37%)
* Elements of w skipped: 0 (0.00%)
* Elements of w processed with special addition: 5 (3.79%)
* Elements of w remaining: 127 (96.21%)
* Elements of w skipped: 0 (0.00%)
* Elements of w processed with special addition: 3 (1.30%)
* Elements of w remaining: 228 (98.70%)
* G1 elements in proof: 2
* G2 elements in proof: 1
* Proof size in bits: 1019
  4       132         52.6          21.33         2.70          PASS      
* Composed C_8: 264 constraints, 529 variables, 34 inputs
* QAP number of variables: 529
* QAP pre degree: 264
* QAP degree: 320
* QAP number of input variables: 34
* G1 window: 8
* G2 window: 6
* G1 elements in PK: 1875
* Non-zero G1 elements in PK: 1609
* G2 elements in PK: 531
* Non-zero G2 elements in PK: 265
* PK size in bits: 562076
* G1 elements in VK: 34
* G2 elements in VK: 2
* GT elements in VK: 1
* VK size in bits: 12119
* Elements of w skipped: 1 (0.19%)
* Elements of w processed with special addition: 10 (1.89%)
* Elements of w remaining: 519 (97.92%)
* Elements of w skipped: 0 (0.00%)
* Elements of w processed with special addition: 9 (3.41%)
* Elements of w remaining: 255 (96.59%)
* Elements of w skipped: 0 (0.00%)
* Elements of w processed with special addition: 7 (1.41%)
* Elements of w remaining: 488 (98.59%)
* G1 elements in proof: 2
* G2 elements in proof: 1
* Proof size in bits: 1019
* Elements of w skipped: 1 (0.19%)
* Elements of w processed with special addition: 10 (1.89%)
* Elements of w remaining: 519 (97.92%)
* Elements of w skipped: 0 (0.00%)
* Elements of w processed with special addition: 9 (3.41%)
* Elements of w remaining: 255 (96.59%)
* Elements of w skipped: 0 (0.00%)
* Elements of w processed with special addition: 7 (1.41%)
* Elements of w remaining: 488 (98.59%)
* G1 elements in proof: 2
* G2 elements in proof: 1
* Proof size in bits: 1019
* Elements of w skipped: 1 (0.19%)
* Elements of w processed with special addition: 10 (1.89%)
* Elements of w remaining: 519 (97.92%)
* Elements of w skipped: 0 (0.00%)
* Elements of w processed with special addition: 9 (3.41%)
* Elements of w remaining: 255 (96.59%)
* Elements of w skipped: 0 (0.00%)
* Elements of w processed with special addition: 7 (1.41%)
* Elements of w remaining: 488 (98.59%)
* G1 elements in proof: 2
* G2 elements in proof: 1
* Proof size in bits: 1019
* Elements of w skipped: 1 (0.19%)
* Elements of w processed with special addition: 10 (1.89%)
* Elements of w remaining: 519 (97.92%)
* Elements of w skipped: 0 (0.00%)
* Elements of w processed with special addition: 9 (3.41%)
* Elements of w remaining: 255 (96.59%)
* Elements of w skipped: 0 (0.00%)
* Elements of w processed with special addition: 7 (1.41%)
* Elements of w remaining: 488 (98.59%)
* G1 elements in proof: 2
* G2 elements in proof: 1
* Proof size in bits: 1019
* Elements of w skipped: 1 (0.19%)
* Elements of w processed with special addition: 10 (1.89%)
* Elements of w remaining: 519 (97.92%)
* Elements of w skipped: 0 (0.00%)
* Elements of w processed with special addition: 9 (3.41%)
* Elements of w remaining: 255 (96.59%)
* Elements of w skipped: 0 (0.00%)
* Elements of w processed with special addition: 7 (1.41%)
* Elements of w remaining: 488 (98.59%)
* G1 elements in proof: 2
* G2 elements in proof: 1
* Proof size in bits: 1019
* Elements of w skipped: 1 (0.19%)
* Elements of w processed with special addition: 10 (1.89%)
* Elements of w remaining: 519 (97.92%)
* Elements of w skipped: 0 (0.00%)
* Elements of w processed with special addition: 9 (3.41%)
* Elements of w remaining: 255 (96.59%)
* Elements of w skipped: 0 (0.00%)
* Elements of w processed with special addition: 7 (1.41%)
* Elements of w remaining: 488 (98.59%)
* G1 elements in proof: 2
* G2 elements in proof: 1
* Proof size in bits: 1019
* Elements of w skipped: 1 (0.19%)
* Elements of w processed with special addition: 10 (1.89%)
* Elements of w remaining: 519 (97.92%)
* Elements of w skipped: 0 (0.00%)
* Elements of w processed with special addition: 9 (3.41%)
* Elements of w remaining: 255 (96.59%)
* Elements of w skipped: 0 (0.00%)
* Elements of w processed with special addition: 7 (1.41%)
* Elements of w remaining: 488 (98.59%)
* G1 elements in proof: 2
* G2 elements in proof: 1
* Proof size in bits: 1019
* Elements of w skipped: 1 (0.19%)
* Elements of w processed with special addition: 10 (1.89%)
* Elements of w remaining: 519 (97.92%)
* Elements of w skipped: 0 (0.00%)
* Elements of w processed with special addition: 9 (3.41%)
* Elements of w remaining: 255 (96.59%)
* Elements of w skipped: 0 (0.00%)
* Elements of w processed with special addition: 7 (1.41%)
* Elements of w remaining: 488 (98.59%)
* G1 elements in proof: 2
* G2 elements in proof: 1
* Proof size in bits: 1019
* Elements of w skipped: 1 (0.19%)
* Elements of w processed with special addition: 10 (1.89%)
* Elements of w remaining: 519 (97.92%)
* Elements of w skipped: 0 (0.00%)
* Elements of w processed with special addition: 9 (3.41%)
* Elements of w remaining: 255 (96.59%)
* Elements of w skipped: 0 (0.00%)
* Elements of w processed with special addition: 7 (1.41%)
* Elements of w remaining: 488 (98.59%)
* G1 elements in proof: 2
* G2 elements in proof: 1
* Proof size in bits: 1019
* Elements of w skipped: 1 (0.19%)
* Elements of w processed with special addition: 10 (1.89%)
* Elements of w remaining: 519 (97.92%)
* Elements of w skipped: 0 (0.00%)
* Elements of w processed with special addition: 9 (3.41%)
* Elements of w remaining: 255 (96.59%)
* Elements of w skipped: 0 (0.00%)
* Elements of w processed with special addition: 7 (1.41%)
* Elements of w remaining: 488 (98.59%)
* G1 elements in proof: 2
* G2 elements in proof: 1
* Proof size in bits: 1019
  8       264         84.3          31.35         2.76          PASS      
* Composed C_16: 528 constraints, 1057 variables, 34 inputs
* QAP number of variables: 1057
* QAP pre degree: 528
* QAP degree: 576
* QAP number of input variables: 34
* G1 window: 8
* G2 window: 7
* G1 elements in PK: 3715
* Non-zero G1 elements in PK: 3185
* G2 elements in PK: 1059
* Non-zero G2 elements in PK: 529
* PK size in bits: 1115228
* G1 elements in VK: 34
* G2 elements in VK: 2
* GT elements in VK: 1
* VK size in bits: 12119
* Elements of w skipped: 1 (0.09%)
* Elements of w processed with special addition: 18 (1.70%)
* Elements of w remaining: 1039 (98.20%)
* Elements of w skipped: 0 (0.00%)
* Elements of w processed with special addition: 17 (3.22%)
* Elements of w remaining: 511 (96.78%)
* Elements of w skipped: 0 (0.00%)
* Elements of w processed with special addition: 15 (1.47%)
* Elements of w remaining: 1008 (98.53%)
* G1 elements in proof: 2
* G2 elements in proof: 1
* Proof size in bits: 1019
* Elements of w skipped: 1 (0.09%)
* Elements of w processed with special addition: 18 (1.70%)
* Elements of w remaining: 1039 (98.20%)
* Elements of w skipped: 0 (0.00%)
* Elements of w processed with special addition: 17 (3.22%)
* Elements of w remaining: 511 (96.78%)
* Elements of w skipped: 0 (0.00%)
* Elements of w processed with special addition: 15 (1.47%)
* Elements of w remaining: 1008 (98.53%)
* G1 elements in proof: 2
* G2 elements in proof: 1
* Proof size in bits: 1019
* Elements of w skipped: 1 (0.09%)
* Elements of w processed with special addition: 18 (1.70%)
* Elements of w remaining: 1039 (98.20%)
* Elements of w skipped: 0 (0.00%)
* Elements of w processed with special addition: 17 (3.22%)
* Elements of w remaining: 511 (96.78%)
* Elements of w skipped: 0 (0.00%)
* Elements of w processed with special addition: 15 (1.47%)
* Elements of w remaining: 1008 (98.53%)
* G1 elements in proof: 2
* G2 elements in proof: 1
* Proof size in bits: 1019
* Elements of w skipped: 1 (0.09%)
* Elements of w processed with special addition: 18 (1.70%)
* Elements of w remaining: 1039 (98.20%)
* Elements of w skipped: 0 (0.00%)
* Elements of w processed with special addition: 17 (3.22%)
* Elements of w remaining: 511 (96.78%)
* Elements of w skipped: 0 (0.00%)
* Elements of w processed with special addition: 15 (1.47%)
* Elements of w remaining: 1008 (98.53%)
* G1 elements in proof: 2
* G2 elements in proof: 1
* Proof size in bits: 1019
* Elements of w skipped: 1 (0.09%)
* Elements of w processed with special addition: 18 (1.70%)
* Elements of w remaining: 1039 (98.20%)
* Elements of w skipped: 0 (0.00%)
* Elements of w processed with special addition: 17 (3.22%)
* Elements of w remaining: 511 (96.78%)
* Elements of w skipped: 0 (0.00%)
* Elements of w processed with special addition: 15 (1.47%)
* Elements of w remaining: 1008 (98.53%)
* G1 elements in proof: 2
* G2 elements in proof: 1
* Proof size in bits: 1019
* Elements of w skipped: 1 (0.09%)
* Elements of w processed with special addition: 18 (1.70%)
* Elements of w remaining: 1039 (98.20%)
* Elements of w skipped: 0 (0.00%)
* Elements of w processed with special addition: 17 (3.22%)
* Elements of w remaining: 511 (96.78%)
* Elements of w skipped: 0 (0.00%)
* Elements of w processed with special addition: 15 (1.47%)
* Elements of w remaining: 1008 (98.53%)
* G1 elements in proof: 2
* G2 elements in proof: 1
* Proof size in bits: 1019
* Elements of w skipped: 1 (0.09%)
* Elements of w processed with special addition: 18 (1.70%)
* Elements of w remaining: 1039 (98.20%)
* Elements of w skipped: 0 (0.00%)
* Elements of w processed with special addition: 17 (3.22%)
* Elements of w remaining: 511 (96.78%)
* Elements of w skipped: 0 (0.00%)
* Elements of w processed with special addition: 15 (1.47%)
* Elements of w remaining: 1008 (98.53%)
* G1 elements in proof: 2
* G2 elements in proof: 1
* Proof size in bits: 1019
* Elements of w skipped: 1 (0.09%)
* Elements of w processed with special addition: 18 (1.70%)
* Elements of w remaining: 1039 (98.20%)
* Elements of w skipped: 0 (0.00%)
* Elements of w processed with special addition: 17 (3.22%)
* Elements of w remaining: 511 (96.78%)
* Elements of w skipped: 0 (0.00%)
* Elements of w processed with special addition: 15 (1.47%)
* Elements of w remaining: 1008 (98.53%)
* G1 elements in proof: 2
* G2 elements in proof: 1
* Proof size in bits: 1019
* Elements of w skipped: 1 (0.09%)
* Elements of w processed with special addition: 18 (1.70%)
* Elements of w remaining: 1039 (98.20%)
* Elements of w skipped: 0 (0.00%)
* Elements of w processed with special addition: 17 (3.22%)
* Elements of w remaining: 511 (96.78%)
* Elements of w skipped: 0 (0.00%)
* Elements of w processed with special addition: 15 (1.47%)
* Elements of w remaining: 1008 (98.53%)
* G1 elements in proof: 2
* G2 elements in proof: 1
* Proof size in bits: 1019
* Elements of w skipped: 1 (0.09%)
* Elements of w processed with special addition: 18 (1.70%)
* Elements of w remaining: 1039 (98.20%)
* Elements of w skipped: 0 (0.00%)
* Elements of w processed with special addition: 17 (3.22%)
* Elements of w remaining: 511 (96.78%)
* Elements of w skipped: 0 (0.00%)
* Elements of w processed with special addition: 15 (1.47%)
* Elements of w remaining: 1008 (98.53%)
* G1 elements in proof: 2
* G2 elements in proof: 1
* Proof size in bits: 1019
  16      528         145.2         55.19         2.75          PASS      
* Composed C_32: 1056 constraints, 2113 variables, 34 inputs
* QAP number of variables: 2113
* QAP pre degree: 1056
* QAP degree: 1152
* QAP number of input variables: 34
* G1 window: 9
* G2 window: 8
* G1 elements in PK: 7459
* Non-zero G1 elements in PK: 6401
* G2 elements in PK: 2115
* Non-zero G2 elements in PK: 1057
* PK size in bits: 2237852
* G1 elements in VK: 34
* G2 elements in VK: 2
* GT elements in VK: 1
* VK size in bits: 12119
* Elements of w skipped: 1 (0.05%)
* Elements of w processed with special addition: 34 (1.61%)
* Elements of w remaining: 2079 (98.34%)
* Elements of w skipped: 0 (0.00%)
* Elements of w processed with special addition: 33 (3.12%)
* Elements of w remaining: 1023 (96.88%)
* Elements of w skipped: 0 (0.00%)
* Elements of w processed with special addition: 31 (1.49%)
* Elements of w remaining: 2048 (98.51%)
* G1 elements in proof: 2
* G2 elements in proof: 1
* Proof size in bits: 1019
* Elements of w skipped: 1 (0.05%)
* Elements of w processed with special addition: 34 (1.61%)
* Elements of w remaining: 2079 (98.34%)
* Elements of w skipped: 0 (0.00%)
* Elements of w processed with special addition: 33 (3.12%)
* Elements of w remaining: 1023 (96.88%)
* Elements of w skipped: 0 (0.00%)
* Elements of w processed with special addition: 31 (1.49%)
* Elements of w remaining: 2048 (98.51%)
* G1 elements in proof: 2
* G2 elements in proof: 1
* Proof size in bits: 1019
* Elements of w skipped: 1 (0.05%)
* Elements of w processed with special addition: 34 (1.61%)
* Elements of w remaining: 2079 (98.34%)
* Elements of w skipped: 0 (0.00%)
* Elements of w processed with special addition: 33 (3.12%)
* Elements of w remaining: 1023 (96.88%)
* Elements of w skipped: 0 (0.00%)
* Elements of w processed with special addition: 31 (1.49%)
* Elements of w remaining: 2048 (98.51%)
* G1 elements in proof: 2
* G2 elements in proof: 1
* Proof size in bits: 1019
* Elements of w skipped: 1 (0.05%)
* Elements of w processed with special addition: 34 (1.61%)
* Elements of w remaining: 2079 (98.34%)
* Elements of w skipped: 0 (0.00%)
* Elements of w processed with special addition: 33 (3.12%)
* Elements of w remaining: 1023 (96.88%)
* Elements of w skipped: 0 (0.00%)
* Elements of w processed with special addition: 31 (1.49%)
* Elements of w remaining: 2048 (98.51%)
* G1 elements in proof: 2
* G2 elements in proof: 1
* Proof size in bits: 1019
* Elements of w skipped: 1 (0.05%)
* Elements of w processed with special addition: 34 (1.61%)
* Elements of w remaining: 2079 (98.34%)
* Elements of w skipped: 0 (0.00%)
* Elements of w processed with special addition: 33 (3.12%)
* Elements of w remaining: 1023 (96.88%)
* Elements of w skipped: 0 (0.00%)
* Elements of w processed with special addition: 31 (1.49%)
* Elements of w remaining: 2048 (98.51%)
* G1 elements in proof: 2
* G2 elements in proof: 1
* Proof size in bits: 1019
* Elements of w skipped: 1 (0.05%)
* Elements of w processed with special addition: 34 (1.61%)
* Elements of w remaining: 2079 (98.34%)
* Elements of w skipped: 0 (0.00%)
* Elements of w processed with special addition: 33 (3.12%)
* Elements of w remaining: 1023 (96.88%)
* Elements of w skipped: 0 (0.00%)
* Elements of w processed with special addition: 31 (1.49%)
* Elements of w remaining: 2048 (98.51%)
* G1 elements in proof: 2
* G2 elements in proof: 1
* Proof size in bits: 1019
* Elements of w skipped: 1 (0.05%)
* Elements of w processed with special addition: 34 (1.61%)
* Elements of w remaining: 2079 (98.34%)
* Elements of w skipped: 0 (0.00%)
* Elements of w processed with special addition: 33 (3.12%)
* Elements of w remaining: 1023 (96.88%)
* Elements of w skipped: 0 (0.00%)
* Elements of w processed with special addition: 31 (1.49%)
* Elements of w remaining: 2048 (98.51%)
* G1 elements in proof: 2
* G2 elements in proof: 1
* Proof size in bits: 1019
* Elements of w skipped: 1 (0.05%)
* Elements of w processed with special addition: 34 (1.61%)
* Elements of w remaining: 2079 (98.34%)
* Elements of w skipped: 0 (0.00%)
* Elements of w processed with special addition: 33 (3.12%)
* Elements of w remaining: 1023 (96.88%)
* Elements of w skipped: 0 (0.00%)
* Elements of w processed with special addition: 31 (1.49%)
* Elements of w remaining: 2048 (98.51%)
* G1 elements in proof: 2
* G2 elements in proof: 1
* Proof size in bits: 1019
* Elements of w skipped: 1 (0.05%)
* Elements of w processed with special addition: 34 (1.61%)
* Elements of w remaining: 2079 (98.34%)
* Elements of w skipped: 0 (0.00%)
* Elements of w processed with special addition: 33 (3.12%)
* Elements of w remaining: 1023 (96.88%)
* Elements of w skipped: 0 (0.00%)
* Elements of w processed with special addition: 31 (1.49%)
* Elements of w remaining: 2048 (98.51%)
* G1 elements in proof: 2
* G2 elements in proof: 1
* Proof size in bits: 1019
* Elements of w skipped: 1 (0.05%)
* Elements of w processed with special addition: 34 (1.61%)
* Elements of w remaining: 2079 (98.34%)
* Elements of w skipped: 0 (0.00%)
* Elements of w processed with special addition: 33 (3.12%)
* Elements of w remaining: 1023 (96.88%)
* Elements of w skipped: 0 (0.00%)
* Elements of w processed with special addition: 31 (1.49%)
* Elements of w remaining: 2048 (98.51%)
* G1 elements in proof: 2
* G2 elements in proof: 1
* Proof size in bits: 1019
  32      1056        250.1         92.49         2.75          PASS      
* Composed C_64: 2112 constraints, 4225 variables, 34 inputs
* QAP number of variables: 4225
* QAP pre degree: 2112
* QAP degree: 2176
* QAP number of input variables: 34
* G1 window: 11
* G2 window: 9
* G1 elements in PK: 14819
* Non-zero G1 elements in PK: 12705
* G2 elements in PK: 4227
* Non-zero G2 elements in PK: 2113
* PK size in bits: 4450460
* G1 elements in VK: 34
* G2 elements in VK: 2
* GT elements in VK: 1
* VK size in bits: 12119
* Elements of w skipped: 1 (0.02%)
* Elements of w processed with special addition: 66 (1.56%)
* Elements of w remaining: 4159 (98.41%)
* Elements of w skipped: 0 (0.00%)
* Elements of w processed with special addition: 65 (3.08%)
* Elements of w remaining: 2047 (96.92%)
* Elements of w skipped: 0 (0.00%)
* Elements of w processed with special addition: 63 (1.50%)
* Elements of w remaining: 4128 (98.50%)
* G1 elements in proof: 2
* G2 elements in proof: 1
* Proof size in bits: 1019
* Elements of w skipped: 1 (0.02%)
* Elements of w processed with special addition: 66 (1.56%)
* Elements of w remaining: 4159 (98.41%)
* Elements of w skipped: 0 (0.00%)
* Elements of w processed with special addition: 65 (3.08%)
* Elements of w remaining: 2047 (96.92%)
* Elements of w skipped: 0 (0.00%)
* Elements of w processed with special addition: 63 (1.50%)
* Elements of w remaining: 4128 (98.50%)
* G1 elements in proof: 2
* G2 elements in proof: 1
* Proof size in bits: 1019
* Elements of w skipped: 1 (0.02%)
* Elements of w processed with special addition: 66 (1.56%)
* Elements of w remaining: 4159 (98.41%)
* Elements of w skipped: 0 (0.00%)
* Elements of w processed with special addition: 65 (3.08%)
* Elements of w remaining: 2047 (96.92%)
* Elements of w skipped: 0 (0.00%)
* Elements of w processed with special addition: 63 (1.50%)
* Elements of w remaining: 4128 (98.50%)
* G1 elements in proof: 2
* G2 elements in proof: 1
* Proof size in bits: 1019
* Elements of w skipped: 1 (0.02%)
* Elements of w processed with special addition: 66 (1.56%)
* Elements of w remaining: 4159 (98.41%)
* Elements of w skipped: 0 (0.00%)
* Elements of w processed with special addition: 65 (3.08%)
* Elements of w remaining: 2047 (96.92%)
* Elements of w skipped: 0 (0.00%)
* Elements of w processed with special addition: 63 (1.50%)
* Elements of w remaining: 4128 (98.50%)
* G1 elements in proof: 2
* G2 elements in proof: 1
* Proof size in bits: 1019
* Elements of w skipped: 1 (0.02%)
* Elements of w processed with special addition: 66 (1.56%)
* Elements of w remaining: 4159 (98.41%)
* Elements of w skipped: 0 (0.00%)
* Elements of w processed with special addition: 65 (3.08%)
* Elements of w remaining: 2047 (96.92%)
* Elements of w skipped: 0 (0.00%)
* Elements of w processed with special addition: 63 (1.50%)
* Elements of w remaining: 4128 (98.50%)
* G1 elements in proof: 2
* G2 elements in proof: 1
* Proof size in bits: 1019
* Elements of w skipped: 1 (0.02%)
* Elements of w processed with special addition: 66 (1.56%)
* Elements of w remaining: 4159 (98.41%)
* Elements of w skipped: 0 (0.00%)
* Elements of w processed with special addition: 65 (3.08%)
* Elements of w remaining: 2047 (96.92%)
* Elements of w skipped: 0 (0.00%)
* Elements of w processed with special addition: 63 (1.50%)
* Elements of w remaining: 4128 (98.50%)
* G1 elements in proof: 2
* G2 elements in proof: 1
* Proof size in bits: 1019
* Elements of w skipped: 1 (0.02%)
* Elements of w processed with special addition: 66 (1.56%)
* Elements of w remaining: 4159 (98.41%)
* Elements of w skipped: 0 (0.00%)
* Elements of w processed with special addition: 65 (3.08%)
* Elements of w remaining: 2047 (96.92%)
* Elements of w skipped: 0 (0.00%)
* Elements of w processed with special addition: 63 (1.50%)
* Elements of w remaining: 4128 (98.50%)
* G1 elements in proof: 2
* G2 elements in proof: 1
* Proof size in bits: 1019
* Elements of w skipped: 1 (0.02%)
* Elements of w processed with special addition: 66 (1.56%)
* Elements of w remaining: 4159 (98.41%)
* Elements of w skipped: 0 (0.00%)
* Elements of w processed with special addition: 65 (3.08%)
* Elements of w remaining: 2047 (96.92%)
* Elements of w skipped: 0 (0.00%)
* Elements of w processed with special addition: 63 (1.50%)
* Elements of w remaining: 4128 (98.50%)
* G1 elements in proof: 2
* G2 elements in proof: 1
* Proof size in bits: 1019
* Elements of w skipped: 1 (0.02%)
* Elements of w processed with special addition: 66 (1.56%)
* Elements of w remaining: 4159 (98.41%)
* Elements of w skipped: 0 (0.00%)
* Elements of w processed with special addition: 65 (3.08%)
* Elements of w remaining: 2047 (96.92%)
* Elements of w skipped: 0 (0.00%)
* Elements of w processed with special addition: 63 (1.50%)
* Elements of w remaining: 4128 (98.50%)
* G1 elements in proof: 2
* G2 elements in proof: 1
* Proof size in bits: 1019
* Elements of w skipped: 1 (0.02%)
* Elements of w processed with special addition: 66 (1.56%)
* Elements of w remaining: 4159 (98.41%)
* Elements of w skipped: 0 (0.00%)
* Elements of w processed with special addition: 65 (3.08%)
* Elements of w remaining: 2047 (96.92%)
* Elements of w skipped: 0 (0.00%)
* Elements of w processed with special addition: 63 (1.50%)
* Elements of w remaining: 4128 (98.50%)
* G1 elements in proof: 2
* G2 elements in proof: 1
* Proof size in bits: 1019
  64      2112        450.7         158.35        2.73          PASS      

  Groth16 results written to /Users/heewonchung/Documents/00-Research/active/Updatable Verifiable Computation/Dev/results/2026-03-09_203431_iot/csv/groth16_results.csv

================================================================
All benchmarks complete.
================================================================
  Done in 14s

------------------------------------------------------------
  Running: [9/10] sensor_fusion K=64 B=16
  Command: bench_comparative --circuit sensor_fusion --n 64 --B 16 --output-dir /Users/heewonchung/Documents/00-Research/active/Updatable Verifiable Computation/Dev/results/2026-03-09_203431_iot/csv --reps 10
------------------------------------------------------------
================================================================
Comparative Benchmark: UVC vs Groth16
================================================================
  Circuit: sensor_fusion, n=64, B=16, reps=10
  Output: /Users/heewonchung/Documents/00-Research/active/Updatable Verifiable Computation/Dev/results/2026-03-09_203431_iot/csv/

================================================================
UVC Benchmark: circuit=sensor_fusion, n=64, B=16
================================================================
  Circuit: 65 constraints, 131 vars, state=1, transition=65

  [Setup] Generating CRS for B=16...
* UVC Setup: B=16, n=131, state=1, transition=65
* Composed C_16: 1040 constraints, 2081 variables, 66 inputs
* QAP (C_B) variables: 2081, degree: 1152, inputs: 66
* UVC max compositions (B): 16
* G1 elements in PK: 7331
* G2 elements in PK: 2083
* PK size in bits: 2213372
* H_query_full size: 1151
* Step 2: 130 new wires (0 io, 130 wt)
* Step 3: 130 new wires (0 io, 130 wt)
* Step 4: 130 new wires (0 io, 130 wt)
* Step 5: 130 new wires (0 io, 130 wt)
* Step 6: 130 new wires (0 io, 130 wt)
* Step 7: 130 new wires (0 io, 130 wt)
* Step 8: 130 new wires (0 io, 130 wt)
* Step 9: 130 new wires (0 io, 130 wt)
* Step 10: 130 new wires (0 io, 130 wt)
* Step 11: 130 new wires (0 io, 130 wt)
* Step 12: 130 new wires (0 io, 130 wt)
* Step 13: 130 new wires (0 io, 130 wt)
* Step 14: 130 new wires (0 io, 130 wt)
* Step 15: 130 new wires (0 io, 130 wt)
* Step 16: 130 new wires (0 io, 130 wt)
* UVC VK: 16 max steps
* G2 elements in VK: 2
* GT elements in VK: 1
* gamma_ABC size: 66
  Setup: 299.4 ms, CRS: 9150 G1 + 4034 G2
  Building proof chain (steps 1..16)...
* UVC Prove step 1
* Elements of w skipped: 1 (0.76%)
* Elements of w processed with special addition: 3 (2.27%)
* Elements of w remaining: 128 (96.97%)
* Elements of w skipped: 1 (1.49%)
* Elements of w processed with special addition: 1 (1.49%)
* Elements of w remaining: 65 (97.01%)
* Elements of w skipped: 0 (0.00%)
* Elements of w processed with special addition: 0 (0.00%)
* Elements of w remaining: 65 (100.00%)
* UVC proof at step 1
* G1 elements in proof: 2
* G2 elements in proof: 1
* Proof size in bits: 1019
* Cached h poly size: 1151
* UVC Prove step 2
* Elements of w skipped: 0 (0.00%)
* Elements of w processed with special addition: 1 (0.77%)
* Elements of w remaining: 129 (99.23%)
* Elements of w skipped: 0 (0.00%)
* Elements of w processed with special addition: 1 (1.52%)
* Elements of w remaining: 65 (98.48%)
* Elements of w skipped: 0 (0.00%)
* Elements of w processed with special addition: 1 (0.77%)
* Elements of w remaining: 129 (99.23%)
* UVC proof at step 2
* G1 elements in proof: 2
* G2 elements in proof: 1
* Proof size in bits: 1019
* Cached h poly size: 1151
* UVC Prove step 3
* Elements of w skipped: 0 (0.00%)
* Elements of w processed with special addition: 1 (0.77%)
* Elements of w remaining: 129 (99.23%)
* Elements of w skipped: 0 (0.00%)
* Elements of w processed with special addition: 1 (1.52%)
* Elements of w remaining: 65 (98.48%)
* Elements of w skipped: 0 (0.00%)
* Elements of w processed with special addition: 1 (0.77%)
* Elements of w remaining: 129 (99.23%)
* UVC proof at step 3
* G1 elements in proof: 2
* G2 elements in proof: 1
* Proof size in bits: 1019
* Cached h poly size: 1151
* UVC Prove step 4
* Elements of w skipped: 0 (0.00%)
* Elements of w processed with special addition: 1 (0.77%)
* Elements of w remaining: 129 (99.23%)
* Elements of w skipped: 0 (0.00%)
* Elements of w processed with special addition: 1 (1.52%)
* Elements of w remaining: 65 (98.48%)
* Elements of w skipped: 0 (0.00%)
* Elements of w processed with special addition: 1 (0.77%)
* Elements of w remaining: 129 (99.23%)
* UVC proof at step 4
* G1 elements in proof: 2
* G2 elements in proof: 1
* Proof size in bits: 1019
* Cached h poly size: 1151
* UVC Prove step 5
* Elements of w skipped: 0 (0.00%)
* Elements of w processed with special addition: 1 (0.77%)
* Elements of w remaining: 129 (99.23%)
* Elements of w skipped: 0 (0.00%)
* Elements of w processed with special addition: 1 (1.52%)
* Elements of w remaining: 65 (98.48%)
* Elements of w skipped: 0 (0.00%)
* Elements of w processed with special addition: 1 (0.77%)
* Elements of w remaining: 129 (99.23%)
* UVC proof at step 5
* G1 elements in proof: 2
* G2 elements in proof: 1
* Proof size in bits: 1019
* Cached h poly size: 1151
* UVC Prove step 6
* Elements of w skipped: 0 (0.00%)
* Elements of w processed with special addition: 1 (0.77%)
* Elements of w remaining: 129 (99.23%)
* Elements of w skipped: 0 (0.00%)
* Elements of w processed with special addition: 1 (1.52%)
* Elements of w remaining: 65 (98.48%)
* Elements of w skipped: 0 (0.00%)
* Elements of w processed with special addition: 1 (0.77%)
* Elements of w remaining: 129 (99.23%)
* UVC proof at step 6
* G1 elements in proof: 2
* G2 elements in proof: 1
* Proof size in bits: 1019
* Cached h poly size: 1151
* UVC Prove step 7
* Elements of w skipped: 0 (0.00%)
* Elements of w processed with special addition: 1 (0.77%)
* Elements of w remaining: 129 (99.23%)
* Elements of w skipped: 0 (0.00%)
* Elements of w processed with special addition: 1 (1.52%)
* Elements of w remaining: 65 (98.48%)
* Elements of w skipped: 0 (0.00%)
* Elements of w processed with special addition: 1 (0.77%)
* Elements of w remaining: 129 (99.23%)
* UVC proof at step 7
* G1 elements in proof: 2
* G2 elements in proof: 1
* Proof size in bits: 1019
* Cached h poly size: 1151
* UVC Prove step 8
* Elements of w skipped: 0 (0.00%)
* Elements of w processed with special addition: 1 (0.77%)
* Elements of w remaining: 129 (99.23%)
* Elements of w skipped: 0 (0.00%)
* Elements of w processed with special addition: 1 (1.52%)
* Elements of w remaining: 65 (98.48%)
* Elements of w skipped: 0 (0.00%)
* Elements of w processed with special addition: 1 (0.77%)
* Elements of w remaining: 129 (99.23%)
* UVC proof at step 8
* G1 elements in proof: 2
* G2 elements in proof: 1
* Proof size in bits: 1019
* Cached h poly size: 1151
* UVC Prove step 9
* Elements of w skipped: 0 (0.00%)
* Elements of w processed with special addition: 1 (0.77%)
* Elements of w remaining: 129 (99.23%)
* Elements of w skipped: 0 (0.00%)
* Elements of w processed with special addition: 1 (1.52%)
* Elements of w remaining: 65 (98.48%)
* Elements of w skipped: 0 (0.00%)
* Elements of w processed with special addition: 1 (0.77%)
* Elements of w remaining: 129 (99.23%)
* UVC proof at step 9
* G1 elements in proof: 2
* G2 elements in proof: 1
* Proof size in bits: 1019
* Cached h poly size: 1151
* UVC Prove step 10
* Elements of w skipped: 0 (0.00%)
* Elements of w processed with special addition: 1 (0.77%)
* Elements of w remaining: 129 (99.23%)
* Elements of w skipped: 0 (0.00%)
* Elements of w processed with special addition: 1 (1.52%)
* Elements of w remaining: 65 (98.48%)
* Elements of w skipped: 0 (0.00%)
* Elements of w processed with special addition: 1 (0.77%)
* Elements of w remaining: 129 (99.23%)
* UVC proof at step 10
* G1 elements in proof: 2
* G2 elements in proof: 1
* Proof size in bits: 1019
* Cached h poly size: 1151
* UVC Prove step 11
* Elements of w skipped: 0 (0.00%)
* Elements of w processed with special addition: 1 (0.77%)
* Elements of w remaining: 129 (99.23%)
* Elements of w skipped: 0 (0.00%)
* Elements of w processed with special addition: 1 (1.52%)
* Elements of w remaining: 65 (98.48%)
* Elements of w skipped: 0 (0.00%)
* Elements of w processed with special addition: 1 (0.77%)
* Elements of w remaining: 129 (99.23%)
* UVC proof at step 11
* G1 elements in proof: 2
* G2 elements in proof: 1
* Proof size in bits: 1019
* Cached h poly size: 1151
* UVC Prove step 12
* Elements of w skipped: 0 (0.00%)
* Elements of w processed with special addition: 1 (0.77%)
* Elements of w remaining: 129 (99.23%)
* Elements of w skipped: 0 (0.00%)
* Elements of w processed with special addition: 1 (1.52%)
* Elements of w remaining: 65 (98.48%)
* Elements of w skipped: 0 (0.00%)
* Elements of w processed with special addition: 1 (0.77%)
* Elements of w remaining: 129 (99.23%)
* UVC proof at step 12
* G1 elements in proof: 2
* G2 elements in proof: 1
* Proof size in bits: 1019
* Cached h poly size: 1151
* UVC Prove step 13
* Elements of w skipped: 0 (0.00%)
* Elements of w processed with special addition: 1 (0.77%)
* Elements of w remaining: 129 (99.23%)
* Elements of w skipped: 0 (0.00%)
* Elements of w processed with special addition: 1 (1.52%)
* Elements of w remaining: 65 (98.48%)
* Elements of w skipped: 0 (0.00%)
* Elements of w processed with special addition: 1 (0.77%)
* Elements of w remaining: 129 (99.23%)
* UVC proof at step 13
* G1 elements in proof: 2
* G2 elements in proof: 1
* Proof size in bits: 1019
* Cached h poly size: 1151
* UVC Prove step 14
* Elements of w skipped: 0 (0.00%)
* Elements of w processed with special addition: 1 (0.77%)
* Elements of w remaining: 129 (99.23%)
* Elements of w skipped: 0 (0.00%)
* Elements of w processed with special addition: 1 (1.52%)
* Elements of w remaining: 65 (98.48%)
* Elements of w skipped: 0 (0.00%)
* Elements of w processed with special addition: 1 (0.77%)
* Elements of w remaining: 129 (99.23%)
* UVC proof at step 14
* G1 elements in proof: 2
* G2 elements in proof: 1
* Proof size in bits: 1019
* Cached h poly size: 1151
* UVC Prove step 15
* Elements of w skipped: 0 (0.00%)
* Elements of w processed with special addition: 1 (0.77%)
* Elements of w remaining: 129 (99.23%)
* Elements of w skipped: 0 (0.00%)
* Elements of w processed with special addition: 1 (1.52%)
* Elements of w remaining: 65 (98.48%)
* Elements of w skipped: 0 (0.00%)
* Elements of w processed with special addition: 1 (0.77%)
* Elements of w remaining: 129 (99.23%)
* UVC proof at step 15
* G1 elements in proof: 2
* G2 elements in proof: 1
* Proof size in bits: 1019
* Cached h poly size: 1151
* UVC Prove step 16
* Elements of w skipped: 0 (0.00%)
* Elements of w processed with special addition: 1 (0.77%)
* Elements of w remaining: 129 (99.23%)
* Elements of w skipped: 0 (0.00%)
* Elements of w processed with special addition: 1 (1.54%)
* Elements of w remaining: 64 (98.46%)
* Elements of w skipped: 0 (0.00%)
* Elements of w processed with special addition: 1 (0.77%)
* Elements of w remaining: 129 (99.23%)
* UVC proof at step 16
* G1 elements in proof: 2
* G2 elements in proof: 1
* Proof size in bits: 1019
* Cached h poly size: 1151

  Step    Prove (ms)    Verify (ms)   Proof bits    Verified  
  ------  ------------  ------------  ------------  ----------
* UVC Prove step 1
* Elements of w skipped: 1 (0.76%)
* Elements of w processed with special addition: 3 (2.27%)
* Elements of w remaining: 128 (96.97%)
* Elements of w skipped: 1 (1.49%)
* Elements of w processed with special addition: 1 (1.49%)
* Elements of w remaining: 65 (97.01%)
* Elements of w skipped: 0 (0.00%)
* Elements of w processed with special addition: 0 (0.00%)
* Elements of w remaining: 65 (100.00%)
* UVC proof at step 1
* G1 elements in proof: 2
* G2 elements in proof: 1
* Proof size in bits: 1019
* Cached h poly size: 1151
* UVC Prove step 1
* Elements of w skipped: 1 (0.76%)
* Elements of w processed with special addition: 3 (2.27%)
* Elements of w remaining: 128 (96.97%)
* Elements of w skipped: 1 (1.49%)
* Elements of w processed with special addition: 1 (1.49%)
* Elements of w remaining: 65 (97.01%)
* Elements of w skipped: 0 (0.00%)
* Elements of w processed with special addition: 0 (0.00%)
* Elements of w remaining: 65 (100.00%)
* UVC proof at step 1
* G1 elements in proof: 2
* G2 elements in proof: 1
* Proof size in bits: 1019
* Cached h poly size: 1151
* UVC Prove step 1
* Elements of w skipped: 1 (0.76%)
* Elements of w processed with special addition: 3 (2.27%)
* Elements of w remaining: 128 (96.97%)
* Elements of w skipped: 1 (1.49%)
* Elements of w processed with special addition: 1 (1.49%)
* Elements of w remaining: 65 (97.01%)
* Elements of w skipped: 0 (0.00%)
* Elements of w processed with special addition: 0 (0.00%)
* Elements of w remaining: 65 (100.00%)
* UVC proof at step 1
* G1 elements in proof: 2
* G2 elements in proof: 1
* Proof size in bits: 1019
* Cached h poly size: 1151
* UVC Prove step 1
* Elements of w skipped: 1 (0.76%)
* Elements of w processed with special addition: 3 (2.27%)
* Elements of w remaining: 128 (96.97%)
* Elements of w skipped: 1 (1.49%)
* Elements of w processed with special addition: 1 (1.49%)
* Elements of w remaining: 65 (97.01%)
* Elements of w skipped: 0 (0.00%)
* Elements of w processed with special addition: 0 (0.00%)
* Elements of w remaining: 65 (100.00%)
* UVC proof at step 1
* G1 elements in proof: 2
* G2 elements in proof: 1
* Proof size in bits: 1019
* Cached h poly size: 1151
* UVC Prove step 1
* Elements of w skipped: 1 (0.76%)
* Elements of w processed with special addition: 3 (2.27%)
* Elements of w remaining: 128 (96.97%)
* Elements of w skipped: 1 (1.49%)
* Elements of w processed with special addition: 1 (1.49%)
* Elements of w remaining: 65 (97.01%)
* Elements of w skipped: 0 (0.00%)
* Elements of w processed with special addition: 0 (0.00%)
* Elements of w remaining: 65 (100.00%)
* UVC proof at step 1
* G1 elements in proof: 2
* G2 elements in proof: 1
* Proof size in bits: 1019
* Cached h poly size: 1151
* UVC Prove step 1
* Elements of w skipped: 1 (0.76%)
* Elements of w processed with special addition: 3 (2.27%)
* Elements of w remaining: 128 (96.97%)
* Elements of w skipped: 1 (1.49%)
* Elements of w processed with special addition: 1 (1.49%)
* Elements of w remaining: 65 (97.01%)
* Elements of w skipped: 0 (0.00%)
* Elements of w processed with special addition: 0 (0.00%)
* Elements of w remaining: 65 (100.00%)
* UVC proof at step 1
* G1 elements in proof: 2
* G2 elements in proof: 1
* Proof size in bits: 1019
* Cached h poly size: 1151
* UVC Prove step 1
* Elements of w skipped: 1 (0.76%)
* Elements of w processed with special addition: 3 (2.27%)
* Elements of w remaining: 128 (96.97%)
* Elements of w skipped: 1 (1.49%)
* Elements of w processed with special addition: 1 (1.49%)
* Elements of w remaining: 65 (97.01%)
* Elements of w skipped: 0 (0.00%)
* Elements of w processed with special addition: 0 (0.00%)
* Elements of w remaining: 65 (100.00%)
* UVC proof at step 1
* G1 elements in proof: 2
* G2 elements in proof: 1
* Proof size in bits: 1019
* Cached h poly size: 1151
* UVC Prove step 1
* Elements of w skipped: 1 (0.76%)
* Elements of w processed with special addition: 3 (2.27%)
* Elements of w remaining: 128 (96.97%)
* Elements of w skipped: 1 (1.49%)
* Elements of w processed with special addition: 1 (1.49%)
* Elements of w remaining: 65 (97.01%)
* Elements of w skipped: 0 (0.00%)
* Elements of w processed with special addition: 0 (0.00%)
* Elements of w remaining: 65 (100.00%)
* UVC proof at step 1
* G1 elements in proof: 2
* G2 elements in proof: 1
* Proof size in bits: 1019
* Cached h poly size: 1151
* UVC Prove step 1
* Elements of w skipped: 1 (0.76%)
* Elements of w processed with special addition: 3 (2.27%)
* Elements of w remaining: 128 (96.97%)
* Elements of w skipped: 1 (1.49%)
* Elements of w processed with special addition: 1 (1.49%)
* Elements of w remaining: 65 (97.01%)
* Elements of w skipped: 0 (0.00%)
* Elements of w processed with special addition: 0 (0.00%)
* Elements of w remaining: 65 (100.00%)
* UVC proof at step 1
* G1 elements in proof: 2
* G2 elements in proof: 1
* Proof size in bits: 1019
* Cached h poly size: 1151
* UVC Prove step 1
* Elements of w skipped: 1 (0.76%)
* Elements of w processed with special addition: 3 (2.27%)
* Elements of w remaining: 128 (96.97%)
* Elements of w skipped: 1 (1.49%)
* Elements of w processed with special addition: 1 (1.49%)
* Elements of w remaining: 65 (97.01%)
* Elements of w skipped: 0 (0.00%)
* Elements of w processed with special addition: 0 (0.00%)
* Elements of w remaining: 65 (100.00%)
* UVC proof at step 1
* G1 elements in proof: 2
* G2 elements in proof: 1
* Proof size in bits: 1019
* Cached h poly size: 1151
* UVC Verify step 1: PASS
* UVC Verify step 1: PASS
* UVC Verify step 1: PASS
* UVC Verify step 1: PASS
* UVC Verify step 1: PASS
* UVC Verify step 1: PASS
* UVC Verify step 1: PASS
* UVC Verify step 1: PASS
* UVC Verify step 1: PASS
* UVC Verify step 1: PASS
  1       54.28         2.78          1019          PASS      
* UVC Prove step 2
* Elements of w skipped: 0 (0.00%)
* Elements of w processed with special addition: 1 (0.77%)
* Elements of w remaining: 129 (99.23%)
* Elements of w skipped: 0 (0.00%)
* Elements of w processed with special addition: 1 (1.52%)
* Elements of w remaining: 65 (98.48%)
* Elements of w skipped: 0 (0.00%)
* Elements of w processed with special addition: 1 (0.77%)
* Elements of w remaining: 129 (99.23%)
* UVC proof at step 2
* G1 elements in proof: 2
* G2 elements in proof: 1
* Proof size in bits: 1019
* Cached h poly size: 1151
* UVC Prove step 2
* Elements of w skipped: 0 (0.00%)
* Elements of w processed with special addition: 1 (0.77%)
* Elements of w remaining: 129 (99.23%)
* Elements of w skipped: 0 (0.00%)
* Elements of w processed with special addition: 1 (1.52%)
* Elements of w remaining: 65 (98.48%)
* Elements of w skipped: 0 (0.00%)
* Elements of w processed with special addition: 1 (0.77%)
* Elements of w remaining: 129 (99.23%)
* UVC proof at step 2
* G1 elements in proof: 2
* G2 elements in proof: 1
* Proof size in bits: 1019
* Cached h poly size: 1151
* UVC Prove step 2
* Elements of w skipped: 0 (0.00%)
* Elements of w processed with special addition: 1 (0.77%)
* Elements of w remaining: 129 (99.23%)
* Elements of w skipped: 0 (0.00%)
* Elements of w processed with special addition: 1 (1.52%)
* Elements of w remaining: 65 (98.48%)
* Elements of w skipped: 0 (0.00%)
* Elements of w processed with special addition: 1 (0.77%)
* Elements of w remaining: 129 (99.23%)
* UVC proof at step 2
* G1 elements in proof: 2
* G2 elements in proof: 1
* Proof size in bits: 1019
* Cached h poly size: 1151
* UVC Prove step 2
* Elements of w skipped: 0 (0.00%)
* Elements of w processed with special addition: 1 (0.77%)
* Elements of w remaining: 129 (99.23%)
* Elements of w skipped: 0 (0.00%)
* Elements of w processed with special addition: 1 (1.52%)
* Elements of w remaining: 65 (98.48%)
* Elements of w skipped: 0 (0.00%)
* Elements of w processed with special addition: 1 (0.77%)
* Elements of w remaining: 129 (99.23%)
* UVC proof at step 2
* G1 elements in proof: 2
* G2 elements in proof: 1
* Proof size in bits: 1019
* Cached h poly size: 1151
* UVC Prove step 2
* Elements of w skipped: 0 (0.00%)
* Elements of w processed with special addition: 1 (0.77%)
* Elements of w remaining: 129 (99.23%)
* Elements of w skipped: 0 (0.00%)
* Elements of w processed with special addition: 1 (1.52%)
* Elements of w remaining: 65 (98.48%)
* Elements of w skipped: 0 (0.00%)
* Elements of w processed with special addition: 1 (0.77%)
* Elements of w remaining: 129 (99.23%)
* UVC proof at step 2
* G1 elements in proof: 2
* G2 elements in proof: 1
* Proof size in bits: 1019
* Cached h poly size: 1151
* UVC Prove step 2
* Elements of w skipped: 0 (0.00%)
* Elements of w processed with special addition: 1 (0.77%)
* Elements of w remaining: 129 (99.23%)
* Elements of w skipped: 0 (0.00%)
* Elements of w processed with special addition: 1 (1.52%)
* Elements of w remaining: 65 (98.48%)
* Elements of w skipped: 0 (0.00%)
* Elements of w processed with special addition: 1 (0.77%)
* Elements of w remaining: 129 (99.23%)
* UVC proof at step 2
* G1 elements in proof: 2
* G2 elements in proof: 1
* Proof size in bits: 1019
* Cached h poly size: 1151
* UVC Prove step 2
* Elements of w skipped: 0 (0.00%)
* Elements of w processed with special addition: 1 (0.77%)
* Elements of w remaining: 129 (99.23%)
* Elements of w skipped: 0 (0.00%)
* Elements of w processed with special addition: 1 (1.52%)
* Elements of w remaining: 65 (98.48%)
* Elements of w skipped: 0 (0.00%)
* Elements of w processed with special addition: 1 (0.77%)
* Elements of w remaining: 129 (99.23%)
* UVC proof at step 2
* G1 elements in proof: 2
* G2 elements in proof: 1
* Proof size in bits: 1019
* Cached h poly size: 1151
* UVC Prove step 2
* Elements of w skipped: 0 (0.00%)
* Elements of w processed with special addition: 1 (0.77%)
* Elements of w remaining: 129 (99.23%)
* Elements of w skipped: 0 (0.00%)
* Elements of w processed with special addition: 1 (1.52%)
* Elements of w remaining: 65 (98.48%)
* Elements of w skipped: 0 (0.00%)
* Elements of w processed with special addition: 1 (0.77%)
* Elements of w remaining: 129 (99.23%)
* UVC proof at step 2
* G1 elements in proof: 2
* G2 elements in proof: 1
* Proof size in bits: 1019
* Cached h poly size: 1151
* UVC Prove step 2
* Elements of w skipped: 0 (0.00%)
* Elements of w processed with special addition: 1 (0.77%)
* Elements of w remaining: 129 (99.23%)
* Elements of w skipped: 0 (0.00%)
* Elements of w processed with special addition: 1 (1.52%)
* Elements of w remaining: 65 (98.48%)
* Elements of w skipped: 0 (0.00%)
* Elements of w processed with special addition: 1 (0.77%)
* Elements of w remaining: 129 (99.23%)
* UVC proof at step 2
* G1 elements in proof: 2
* G2 elements in proof: 1
* Proof size in bits: 1019
* Cached h poly size: 1151
* UVC Prove step 2
* Elements of w skipped: 0 (0.00%)
* Elements of w processed with special addition: 1 (0.77%)
* Elements of w remaining: 129 (99.23%)
* Elements of w skipped: 0 (0.00%)
* Elements of w processed with special addition: 1 (1.52%)
* Elements of w remaining: 65 (98.48%)
* Elements of w skipped: 0 (0.00%)
* Elements of w processed with special addition: 1 (0.77%)
* Elements of w remaining: 129 (99.23%)
* UVC proof at step 2
* G1 elements in proof: 2
* G2 elements in proof: 1
* Proof size in bits: 1019
* Cached h poly size: 1151
* UVC Verify step 2: PASS
* UVC Verify step 2: PASS
* UVC Verify step 2: PASS
* UVC Verify step 2: PASS
* UVC Verify step 2: PASS
* UVC Verify step 2: PASS
* UVC Verify step 2: PASS
* UVC Verify step 2: PASS
* UVC Verify step 2: PASS
* UVC Verify step 2: PASS
  2       55.87         2.79          1019          PASS      
* UVC Prove step 4
* Elements of w skipped: 0 (0.00%)
* Elements of w processed with special addition: 1 (0.77%)
* Elements of w remaining: 129 (99.23%)
* Elements of w skipped: 0 (0.00%)
* Elements of w processed with special addition: 1 (1.52%)
* Elements of w remaining: 65 (98.48%)
* Elements of w skipped: 0 (0.00%)
* Elements of w processed with special addition: 1 (0.77%)
* Elements of w remaining: 129 (99.23%)
* UVC proof at step 4
* G1 elements in proof: 2
* G2 elements in proof: 1
* Proof size in bits: 1019
* Cached h poly size: 1151
* UVC Prove step 4
* Elements of w skipped: 0 (0.00%)
* Elements of w processed with special addition: 1 (0.77%)
* Elements of w remaining: 129 (99.23%)
* Elements of w skipped: 0 (0.00%)
* Elements of w processed with special addition: 1 (1.52%)
* Elements of w remaining: 65 (98.48%)
* Elements of w skipped: 0 (0.00%)
* Elements of w processed with special addition: 1 (0.77%)
* Elements of w remaining: 129 (99.23%)
* UVC proof at step 4
* G1 elements in proof: 2
* G2 elements in proof: 1
* Proof size in bits: 1019
* Cached h poly size: 1151
* UVC Prove step 4
* Elements of w skipped: 0 (0.00%)
* Elements of w processed with special addition: 1 (0.77%)
* Elements of w remaining: 129 (99.23%)
* Elements of w skipped: 0 (0.00%)
* Elements of w processed with special addition: 1 (1.52%)
* Elements of w remaining: 65 (98.48%)
* Elements of w skipped: 0 (0.00%)
* Elements of w processed with special addition: 1 (0.77%)
* Elements of w remaining: 129 (99.23%)
* UVC proof at step 4
* G1 elements in proof: 2
* G2 elements in proof: 1
* Proof size in bits: 1019
* Cached h poly size: 1151
* UVC Prove step 4
* Elements of w skipped: 0 (0.00%)
* Elements of w processed with special addition: 1 (0.77%)
* Elements of w remaining: 129 (99.23%)
* Elements of w skipped: 0 (0.00%)
* Elements of w processed with special addition: 1 (1.52%)
* Elements of w remaining: 65 (98.48%)
* Elements of w skipped: 0 (0.00%)
* Elements of w processed with special addition: 1 (0.77%)
* Elements of w remaining: 129 (99.23%)
* UVC proof at step 4
* G1 elements in proof: 2
* G2 elements in proof: 1
* Proof size in bits: 1019
* Cached h poly size: 1151
* UVC Prove step 4
* Elements of w skipped: 0 (0.00%)
* Elements of w processed with special addition: 1 (0.77%)
* Elements of w remaining: 129 (99.23%)
* Elements of w skipped: 0 (0.00%)
* Elements of w processed with special addition: 1 (1.52%)
* Elements of w remaining: 65 (98.48%)
* Elements of w skipped: 0 (0.00%)
* Elements of w processed with special addition: 1 (0.77%)
* Elements of w remaining: 129 (99.23%)
* UVC proof at step 4
* G1 elements in proof: 2
* G2 elements in proof: 1
* Proof size in bits: 1019
* Cached h poly size: 1151
* UVC Prove step 4
* Elements of w skipped: 0 (0.00%)
* Elements of w processed with special addition: 1 (0.77%)
* Elements of w remaining: 129 (99.23%)
* Elements of w skipped: 0 (0.00%)
* Elements of w processed with special addition: 1 (1.52%)
* Elements of w remaining: 65 (98.48%)
* Elements of w skipped: 0 (0.00%)
* Elements of w processed with special addition: 1 (0.77%)
* Elements of w remaining: 129 (99.23%)
* UVC proof at step 4
* G1 elements in proof: 2
* G2 elements in proof: 1
* Proof size in bits: 1019
* Cached h poly size: 1151
* UVC Prove step 4
* Elements of w skipped: 0 (0.00%)
* Elements of w processed with special addition: 1 (0.77%)
* Elements of w remaining: 129 (99.23%)
* Elements of w skipped: 0 (0.00%)
* Elements of w processed with special addition: 1 (1.52%)
* Elements of w remaining: 65 (98.48%)
* Elements of w skipped: 0 (0.00%)
* Elements of w processed with special addition: 1 (0.77%)
* Elements of w remaining: 129 (99.23%)
* UVC proof at step 4
* G1 elements in proof: 2
* G2 elements in proof: 1
* Proof size in bits: 1019
* Cached h poly size: 1151
* UVC Prove step 4
* Elements of w skipped: 0 (0.00%)
* Elements of w processed with special addition: 1 (0.77%)
* Elements of w remaining: 129 (99.23%)
* Elements of w skipped: 0 (0.00%)
* Elements of w processed with special addition: 1 (1.52%)
* Elements of w remaining: 65 (98.48%)
* Elements of w skipped: 0 (0.00%)
* Elements of w processed with special addition: 1 (0.77%)
* Elements of w remaining: 129 (99.23%)
* UVC proof at step 4
* G1 elements in proof: 2
* G2 elements in proof: 1
* Proof size in bits: 1019
* Cached h poly size: 1151
* UVC Prove step 4
* Elements of w skipped: 0 (0.00%)
* Elements of w processed with special addition: 1 (0.77%)
* Elements of w remaining: 129 (99.23%)
* Elements of w skipped: 0 (0.00%)
* Elements of w processed with special addition: 1 (1.52%)
* Elements of w remaining: 65 (98.48%)
* Elements of w skipped: 0 (0.00%)
* Elements of w processed with special addition: 1 (0.77%)
* Elements of w remaining: 129 (99.23%)
* UVC proof at step 4
* G1 elements in proof: 2
* G2 elements in proof: 1
* Proof size in bits: 1019
* Cached h poly size: 1151
* UVC Prove step 4
* Elements of w skipped: 0 (0.00%)
* Elements of w processed with special addition: 1 (0.77%)
* Elements of w remaining: 129 (99.23%)
* Elements of w skipped: 0 (0.00%)
* Elements of w processed with special addition: 1 (1.52%)
* Elements of w remaining: 65 (98.48%)
* Elements of w skipped: 0 (0.00%)
* Elements of w processed with special addition: 1 (0.77%)
* Elements of w remaining: 129 (99.23%)
* UVC proof at step 4
* G1 elements in proof: 2
* G2 elements in proof: 1
* Proof size in bits: 1019
* Cached h poly size: 1151
* UVC Verify step 4: PASS
* UVC Verify step 4: PASS
* UVC Verify step 4: PASS
* UVC Verify step 4: PASS
* UVC Verify step 4: PASS
* UVC Verify step 4: PASS
* UVC Verify step 4: PASS
* UVC Verify step 4: PASS
* UVC Verify step 4: PASS
* UVC Verify step 4: PASS
  4       57.21         2.82          1019          PASS      
* UVC Prove step 8
* Elements of w skipped: 0 (0.00%)
* Elements of w processed with special addition: 1 (0.77%)
* Elements of w remaining: 129 (99.23%)
* Elements of w skipped: 0 (0.00%)
* Elements of w processed with special addition: 1 (1.52%)
* Elements of w remaining: 65 (98.48%)
* Elements of w skipped: 0 (0.00%)
* Elements of w processed with special addition: 1 (0.77%)
* Elements of w remaining: 129 (99.23%)
* UVC proof at step 8
* G1 elements in proof: 2
* G2 elements in proof: 1
* Proof size in bits: 1019
* Cached h poly size: 1151
* UVC Prove step 8
* Elements of w skipped: 0 (0.00%)
* Elements of w processed with special addition: 1 (0.77%)
* Elements of w remaining: 129 (99.23%)
* Elements of w skipped: 0 (0.00%)
* Elements of w processed with special addition: 1 (1.52%)
* Elements of w remaining: 65 (98.48%)
* Elements of w skipped: 0 (0.00%)
* Elements of w processed with special addition: 1 (0.77%)
* Elements of w remaining: 129 (99.23%)
* UVC proof at step 8
* G1 elements in proof: 2
* G2 elements in proof: 1
* Proof size in bits: 1019
* Cached h poly size: 1151
* UVC Prove step 8
* Elements of w skipped: 0 (0.00%)
* Elements of w processed with special addition: 1 (0.77%)
* Elements of w remaining: 129 (99.23%)
* Elements of w skipped: 0 (0.00%)
* Elements of w processed with special addition: 1 (1.52%)
* Elements of w remaining: 65 (98.48%)
* Elements of w skipped: 0 (0.00%)
* Elements of w processed with special addition: 1 (0.77%)
* Elements of w remaining: 129 (99.23%)
* UVC proof at step 8
* G1 elements in proof: 2
* G2 elements in proof: 1
* Proof size in bits: 1019
* Cached h poly size: 1151
* UVC Prove step 8
* Elements of w skipped: 0 (0.00%)
* Elements of w processed with special addition: 1 (0.77%)
* Elements of w remaining: 129 (99.23%)
* Elements of w skipped: 0 (0.00%)
* Elements of w processed with special addition: 1 (1.52%)
* Elements of w remaining: 65 (98.48%)
* Elements of w skipped: 0 (0.00%)
* Elements of w processed with special addition: 1 (0.77%)
* Elements of w remaining: 129 (99.23%)
* UVC proof at step 8
* G1 elements in proof: 2
* G2 elements in proof: 1
* Proof size in bits: 1019
* Cached h poly size: 1151
* UVC Prove step 8
* Elements of w skipped: 0 (0.00%)
* Elements of w processed with special addition: 1 (0.77%)
* Elements of w remaining: 129 (99.23%)
* Elements of w skipped: 0 (0.00%)
* Elements of w processed with special addition: 1 (1.52%)
* Elements of w remaining: 65 (98.48%)
* Elements of w skipped: 0 (0.00%)
* Elements of w processed with special addition: 1 (0.77%)
* Elements of w remaining: 129 (99.23%)
* UVC proof at step 8
* G1 elements in proof: 2
* G2 elements in proof: 1
* Proof size in bits: 1019
* Cached h poly size: 1151
* UVC Prove step 8
* Elements of w skipped: 0 (0.00%)
* Elements of w processed with special addition: 1 (0.77%)
* Elements of w remaining: 129 (99.23%)
* Elements of w skipped: 0 (0.00%)
* Elements of w processed with special addition: 1 (1.52%)
* Elements of w remaining: 65 (98.48%)
* Elements of w skipped: 0 (0.00%)
* Elements of w processed with special addition: 1 (0.77%)
* Elements of w remaining: 129 (99.23%)
* UVC proof at step 8
* G1 elements in proof: 2
* G2 elements in proof: 1
* Proof size in bits: 1019
* Cached h poly size: 1151
* UVC Prove step 8
* Elements of w skipped: 0 (0.00%)
* Elements of w processed with special addition: 1 (0.77%)
* Elements of w remaining: 129 (99.23%)
* Elements of w skipped: 0 (0.00%)
* Elements of w processed with special addition: 1 (1.52%)
* Elements of w remaining: 65 (98.48%)
* Elements of w skipped: 0 (0.00%)
* Elements of w processed with special addition: 1 (0.77%)
* Elements of w remaining: 129 (99.23%)
* UVC proof at step 8
* G1 elements in proof: 2
* G2 elements in proof: 1
* Proof size in bits: 1019
* Cached h poly size: 1151
* UVC Prove step 8
* Elements of w skipped: 0 (0.00%)
* Elements of w processed with special addition: 1 (0.77%)
* Elements of w remaining: 129 (99.23%)
* Elements of w skipped: 0 (0.00%)
* Elements of w processed with special addition: 1 (1.52%)
* Elements of w remaining: 65 (98.48%)
* Elements of w skipped: 0 (0.00%)
* Elements of w processed with special addition: 1 (0.77%)
* Elements of w remaining: 129 (99.23%)
* UVC proof at step 8
* G1 elements in proof: 2
* G2 elements in proof: 1
* Proof size in bits: 1019
* Cached h poly size: 1151
* UVC Prove step 8
* Elements of w skipped: 0 (0.00%)
* Elements of w processed with special addition: 1 (0.77%)
* Elements of w remaining: 129 (99.23%)
* Elements of w skipped: 0 (0.00%)
* Elements of w processed with special addition: 1 (1.52%)
* Elements of w remaining: 65 (98.48%)
* Elements of w skipped: 0 (0.00%)
* Elements of w processed with special addition: 1 (0.77%)
* Elements of w remaining: 129 (99.23%)
* UVC proof at step 8
* G1 elements in proof: 2
* G2 elements in proof: 1
* Proof size in bits: 1019
* Cached h poly size: 1151
* UVC Prove step 8
* Elements of w skipped: 0 (0.00%)
* Elements of w processed with special addition: 1 (0.77%)
* Elements of w remaining: 129 (99.23%)
* Elements of w skipped: 0 (0.00%)
* Elements of w processed with special addition: 1 (1.52%)
* Elements of w remaining: 65 (98.48%)
* Elements of w skipped: 0 (0.00%)
* Elements of w processed with special addition: 1 (0.77%)
* Elements of w remaining: 129 (99.23%)
* UVC proof at step 8
* G1 elements in proof: 2
* G2 elements in proof: 1
* Proof size in bits: 1019
* Cached h poly size: 1151
* UVC Verify step 8: PASS
* UVC Verify step 8: PASS
* UVC Verify step 8: PASS
* UVC Verify step 8: PASS
* UVC Verify step 8: PASS
* UVC Verify step 8: PASS
* UVC Verify step 8: PASS
* UVC Verify step 8: PASS
* UVC Verify step 8: PASS
* UVC Verify step 8: PASS
  8       56.56         2.76          1019          PASS      
* UVC Prove step 16
* Elements of w skipped: 0 (0.00%)
* Elements of w processed with special addition: 1 (0.77%)
* Elements of w remaining: 129 (99.23%)
* Elements of w skipped: 0 (0.00%)
* Elements of w processed with special addition: 1 (1.54%)
* Elements of w remaining: 64 (98.46%)
* Elements of w skipped: 0 (0.00%)
* Elements of w processed with special addition: 1 (0.77%)
* Elements of w remaining: 129 (99.23%)
* UVC proof at step 16
* G1 elements in proof: 2
* G2 elements in proof: 1
* Proof size in bits: 1019
* Cached h poly size: 1151
* UVC Prove step 16
* Elements of w skipped: 0 (0.00%)
* Elements of w processed with special addition: 1 (0.77%)
* Elements of w remaining: 129 (99.23%)
* Elements of w skipped: 0 (0.00%)
* Elements of w processed with special addition: 1 (1.54%)
* Elements of w remaining: 64 (98.46%)
* Elements of w skipped: 0 (0.00%)
* Elements of w processed with special addition: 1 (0.77%)
* Elements of w remaining: 129 (99.23%)
* UVC proof at step 16
* G1 elements in proof: 2
* G2 elements in proof: 1
* Proof size in bits: 1019
* Cached h poly size: 1151
* UVC Prove step 16
* Elements of w skipped: 0 (0.00%)
* Elements of w processed with special addition: 1 (0.77%)
* Elements of w remaining: 129 (99.23%)
* Elements of w skipped: 0 (0.00%)
* Elements of w processed with special addition: 1 (1.54%)
* Elements of w remaining: 64 (98.46%)
* Elements of w skipped: 0 (0.00%)
* Elements of w processed with special addition: 1 (0.77%)
* Elements of w remaining: 129 (99.23%)
* UVC proof at step 16
* G1 elements in proof: 2
* G2 elements in proof: 1
* Proof size in bits: 1019
* Cached h poly size: 1151
* UVC Prove step 16
* Elements of w skipped: 0 (0.00%)
* Elements of w processed with special addition: 1 (0.77%)
* Elements of w remaining: 129 (99.23%)
* Elements of w skipped: 0 (0.00%)
* Elements of w processed with special addition: 1 (1.54%)
* Elements of w remaining: 64 (98.46%)
* Elements of w skipped: 0 (0.00%)
* Elements of w processed with special addition: 1 (0.77%)
* Elements of w remaining: 129 (99.23%)
* UVC proof at step 16
* G1 elements in proof: 2
* G2 elements in proof: 1
* Proof size in bits: 1019
* Cached h poly size: 1151
* UVC Prove step 16
* Elements of w skipped: 0 (0.00%)
* Elements of w processed with special addition: 1 (0.77%)
* Elements of w remaining: 129 (99.23%)
* Elements of w skipped: 0 (0.00%)
* Elements of w processed with special addition: 1 (1.54%)
* Elements of w remaining: 64 (98.46%)
* Elements of w skipped: 0 (0.00%)
* Elements of w processed with special addition: 1 (0.77%)
* Elements of w remaining: 129 (99.23%)
* UVC proof at step 16
* G1 elements in proof: 2
* G2 elements in proof: 1
* Proof size in bits: 1019
* Cached h poly size: 1151
* UVC Prove step 16
* Elements of w skipped: 0 (0.00%)
* Elements of w processed with special addition: 1 (0.77%)
* Elements of w remaining: 129 (99.23%)
* Elements of w skipped: 0 (0.00%)
* Elements of w processed with special addition: 1 (1.54%)
* Elements of w remaining: 64 (98.46%)
* Elements of w skipped: 0 (0.00%)
* Elements of w processed with special addition: 1 (0.77%)
* Elements of w remaining: 129 (99.23%)
* UVC proof at step 16
* G1 elements in proof: 2
* G2 elements in proof: 1
* Proof size in bits: 1019
* Cached h poly size: 1151
* UVC Prove step 16
* Elements of w skipped: 0 (0.00%)
* Elements of w processed with special addition: 1 (0.77%)
* Elements of w remaining: 129 (99.23%)
* Elements of w skipped: 0 (0.00%)
* Elements of w processed with special addition: 1 (1.54%)
* Elements of w remaining: 64 (98.46%)
* Elements of w skipped: 0 (0.00%)
* Elements of w processed with special addition: 1 (0.77%)
* Elements of w remaining: 129 (99.23%)
* UVC proof at step 16
* G1 elements in proof: 2
* G2 elements in proof: 1
* Proof size in bits: 1019
* Cached h poly size: 1151
* UVC Prove step 16
* Elements of w skipped: 0 (0.00%)
* Elements of w processed with special addition: 1 (0.77%)
* Elements of w remaining: 129 (99.23%)
* Elements of w skipped: 0 (0.00%)
* Elements of w processed with special addition: 1 (1.54%)
* Elements of w remaining: 64 (98.46%)
* Elements of w skipped: 0 (0.00%)
* Elements of w processed with special addition: 1 (0.77%)
* Elements of w remaining: 129 (99.23%)
* UVC proof at step 16
* G1 elements in proof: 2
* G2 elements in proof: 1
* Proof size in bits: 1019
* Cached h poly size: 1151
* UVC Prove step 16
* Elements of w skipped: 0 (0.00%)
* Elements of w processed with special addition: 1 (0.77%)
* Elements of w remaining: 129 (99.23%)
* Elements of w skipped: 0 (0.00%)
* Elements of w processed with special addition: 1 (1.54%)
* Elements of w remaining: 64 (98.46%)
* Elements of w skipped: 0 (0.00%)
* Elements of w processed with special addition: 1 (0.77%)
* Elements of w remaining: 129 (99.23%)
* UVC proof at step 16
* G1 elements in proof: 2
* G2 elements in proof: 1
* Proof size in bits: 1019
* Cached h poly size: 1151
* UVC Prove step 16
* Elements of w skipped: 0 (0.00%)
* Elements of w processed with special addition: 1 (0.77%)
* Elements of w remaining: 129 (99.23%)
* Elements of w skipped: 0 (0.00%)
* Elements of w processed with special addition: 1 (1.54%)
* Elements of w remaining: 64 (98.46%)
* Elements of w skipped: 0 (0.00%)
* Elements of w processed with special addition: 1 (0.77%)
* Elements of w remaining: 129 (99.23%)
* UVC proof at step 16
* G1 elements in proof: 2
* G2 elements in proof: 1
* Proof size in bits: 1019
* Cached h poly size: 1151
* UVC Verify step 16: PASS
* UVC Verify step 16: PASS
* UVC Verify step 16: PASS
* UVC Verify step 16: PASS
* UVC Verify step 16: PASS
* UVC Verify step 16: PASS
* UVC Verify step 16: PASS
* UVC Verify step 16: PASS
* UVC Verify step 16: PASS
* UVC Verify step 16: PASS
  16      52.33         3.14          1019          PASS      

  UVC results written to /Users/heewonchung/Documents/00-Research/active/Updatable Verifiable Computation/Dev/results/2026-03-09_203431_iot/csv/uvc_results.csv

================================================================
Groth16 Benchmark: circuit=sensor_fusion, n=64, B=16
================================================================

  Step    C_j constr  Setup (ms)    Prove (ms)    Verify (ms)   Verified  
  ------  ----------  ------------  ------------  ------------  ----------
* Composed C_1: 65 constraints, 131 variables, 66 inputs
* QAP number of variables: 131
* QAP pre degree: 65
* QAP degree: 132
* QAP number of input variables: 66
* G1 window: 6
* G2 window: 5
* G1 elements in PK: 461
* Non-zero G1 elements in PK: 394
* G2 elements in PK: 133
* Non-zero G2 elements in PK: 66
* PK size in bits: 138224
* G1 elements in VK: 66
* G2 elements in VK: 2
* GT elements in VK: 1
* VK size in bits: 22327
* Elements of w skipped: 1 (0.76%)
* Elements of w processed with special addition: 3 (2.27%)
* Elements of w remaining: 128 (96.97%)
* Elements of w skipped: 0 (0.00%)
* Elements of w processed with special addition: 2 (3.08%)
* Elements of w remaining: 63 (96.92%)
* Elements of w skipped: 0 (0.00%)
* Elements of w processed with special addition: 0 (0.00%)
* Elements of w remaining: 65 (100.00%)
* G1 elements in proof: 2
* G2 elements in proof: 1
* Proof size in bits: 1019
* Elements of w skipped: 1 (0.76%)
* Elements of w processed with special addition: 3 (2.27%)
* Elements of w remaining: 128 (96.97%)
* Elements of w skipped: 0 (0.00%)
* Elements of w processed with special addition: 2 (3.08%)
* Elements of w remaining: 63 (96.92%)
* Elements of w skipped: 0 (0.00%)
* Elements of w processed with special addition: 0 (0.00%)
* Elements of w remaining: 65 (100.00%)
* G1 elements in proof: 2
* G2 elements in proof: 1
* Proof size in bits: 1019
* Elements of w skipped: 1 (0.76%)
* Elements of w processed with special addition: 3 (2.27%)
* Elements of w remaining: 128 (96.97%)
* Elements of w skipped: 0 (0.00%)
* Elements of w processed with special addition: 2 (3.08%)
* Elements of w remaining: 63 (96.92%)
* Elements of w skipped: 0 (0.00%)
* Elements of w processed with special addition: 0 (0.00%)
* Elements of w remaining: 65 (100.00%)
* G1 elements in proof: 2
* G2 elements in proof: 1
* Proof size in bits: 1019
* Elements of w skipped: 1 (0.76%)
* Elements of w processed with special addition: 3 (2.27%)
* Elements of w remaining: 128 (96.97%)
* Elements of w skipped: 0 (0.00%)
* Elements of w processed with special addition: 2 (3.08%)
* Elements of w remaining: 63 (96.92%)
* Elements of w skipped: 0 (0.00%)
* Elements of w processed with special addition: 0 (0.00%)
* Elements of w remaining: 65 (100.00%)
* G1 elements in proof: 2
* G2 elements in proof: 1
* Proof size in bits: 1019
* Elements of w skipped: 1 (0.76%)
* Elements of w processed with special addition: 3 (2.27%)
* Elements of w remaining: 128 (96.97%)
* Elements of w skipped: 0 (0.00%)
* Elements of w processed with special addition: 2 (3.08%)
* Elements of w remaining: 63 (96.92%)
* Elements of w skipped: 0 (0.00%)
* Elements of w processed with special addition: 0 (0.00%)
* Elements of w remaining: 65 (100.00%)
* G1 elements in proof: 2
* G2 elements in proof: 1
* Proof size in bits: 1019
* Elements of w skipped: 1 (0.76%)
* Elements of w processed with special addition: 3 (2.27%)
* Elements of w remaining: 128 (96.97%)
* Elements of w skipped: 0 (0.00%)
* Elements of w processed with special addition: 2 (3.08%)
* Elements of w remaining: 63 (96.92%)
* Elements of w skipped: 0 (0.00%)
* Elements of w processed with special addition: 0 (0.00%)
* Elements of w remaining: 65 (100.00%)
* G1 elements in proof: 2
* G2 elements in proof: 1
* Proof size in bits: 1019
* Elements of w skipped: 1 (0.76%)
* Elements of w processed with special addition: 3 (2.27%)
* Elements of w remaining: 128 (96.97%)
* Elements of w skipped: 0 (0.00%)
* Elements of w processed with special addition: 2 (3.08%)
* Elements of w remaining: 63 (96.92%)
* Elements of w skipped: 0 (0.00%)
* Elements of w processed with special addition: 0 (0.00%)
* Elements of w remaining: 65 (100.00%)
* G1 elements in proof: 2
* G2 elements in proof: 1
* Proof size in bits: 1019
* Elements of w skipped: 1 (0.76%)
* Elements of w processed with special addition: 3 (2.27%)
* Elements of w remaining: 128 (96.97%)
* Elements of w skipped: 0 (0.00%)
* Elements of w processed with special addition: 2 (3.08%)
* Elements of w remaining: 63 (96.92%)
* Elements of w skipped: 0 (0.00%)
* Elements of w processed with special addition: 0 (0.00%)
* Elements of w remaining: 65 (100.00%)
* G1 elements in proof: 2
* G2 elements in proof: 1
* Proof size in bits: 1019
* Elements of w skipped: 1 (0.76%)
* Elements of w processed with special addition: 3 (2.27%)
* Elements of w remaining: 128 (96.97%)
* Elements of w skipped: 0 (0.00%)
* Elements of w processed with special addition: 2 (3.08%)
* Elements of w remaining: 63 (96.92%)
* Elements of w skipped: 0 (0.00%)
* Elements of w processed with special addition: 0 (0.00%)
* Elements of w remaining: 65 (100.00%)
* G1 elements in proof: 2
* G2 elements in proof: 1
* Proof size in bits: 1019
* Elements of w skipped: 1 (0.76%)
* Elements of w processed with special addition: 3 (2.27%)
* Elements of w remaining: 128 (96.97%)
* Elements of w skipped: 0 (0.00%)
* Elements of w processed with special addition: 2 (3.08%)
* Elements of w remaining: 63 (96.92%)
* Elements of w skipped: 0 (0.00%)
* Elements of w processed with special addition: 0 (0.00%)
* Elements of w remaining: 65 (100.00%)
* G1 elements in proof: 2
* G2 elements in proof: 1
* Proof size in bits: 1019
  1       65          35.7          15.50         3.00          PASS      
* Composed C_2: 130 constraints, 261 variables, 66 inputs
* QAP number of variables: 261
* QAP pre degree: 130
* QAP degree: 256
* QAP number of input variables: 66
* G1 window: 7
* G2 window: 5
* G1 elements in PK: 975
* Non-zero G1 elements in PK: 843
* G2 elements in PK: 263
* Non-zero G2 elements in PK: 131
* PK size in bits: 289964
* G1 elements in VK: 66
* G2 elements in VK: 2
* GT elements in VK: 1
* VK size in bits: 22327
* Elements of w skipped: 1 (0.38%)
* Elements of w processed with special addition: 4 (1.53%)
* Elements of w remaining: 257 (98.09%)
* Elements of w skipped: 0 (0.00%)
* Elements of w processed with special addition: 3 (2.31%)
* Elements of w remaining: 127 (97.69%)
* Elements of w skipped: 0 (0.00%)
* Elements of w processed with special addition: 1 (0.51%)
* Elements of w remaining: 194 (99.49%)
* G1 elements in proof: 2
* G2 elements in proof: 1
* Proof size in bits: 1019
* Elements of w skipped: 1 (0.38%)
* Elements of w processed with special addition: 4 (1.53%)
* Elements of w remaining: 257 (98.09%)
* Elements of w skipped: 0 (0.00%)
* Elements of w processed with special addition: 3 (2.31%)
* Elements of w remaining: 127 (97.69%)
* Elements of w skipped: 0 (0.00%)
* Elements of w processed with special addition: 1 (0.51%)
* Elements of w remaining: 194 (99.49%)
* G1 elements in proof: 2
* G2 elements in proof: 1
* Proof size in bits: 1019
* Elements of w skipped: 1 (0.38%)
* Elements of w processed with special addition: 4 (1.53%)
* Elements of w remaining: 257 (98.09%)
* Elements of w skipped: 0 (0.00%)
* Elements of w processed with special addition: 3 (2.31%)
* Elements of w remaining: 127 (97.69%)
* Elements of w skipped: 0 (0.00%)
* Elements of w processed with special addition: 1 (0.51%)
* Elements of w remaining: 194 (99.49%)
* G1 elements in proof: 2
* G2 elements in proof: 1
* Proof size in bits: 1019
* Elements of w skipped: 1 (0.38%)
* Elements of w processed with special addition: 4 (1.53%)
* Elements of w remaining: 257 (98.09%)
* Elements of w skipped: 0 (0.00%)
* Elements of w processed with special addition: 3 (2.31%)
* Elements of w remaining: 127 (97.69%)
* Elements of w skipped: 0 (0.00%)
* Elements of w processed with special addition: 1 (0.51%)
* Elements of w remaining: 194 (99.49%)
* G1 elements in proof: 2
* G2 elements in proof: 1
* Proof size in bits: 1019
* Elements of w skipped: 1 (0.38%)
* Elements of w processed with special addition: 4 (1.53%)
* Elements of w remaining: 257 (98.09%)
* Elements of w skipped: 0 (0.00%)
* Elements of w processed with special addition: 3 (2.31%)
* Elements of w remaining: 127 (97.69%)
* Elements of w skipped: 0 (0.00%)
* Elements of w processed with special addition: 1 (0.51%)
* Elements of w remaining: 194 (99.49%)
* G1 elements in proof: 2
* G2 elements in proof: 1
* Proof size in bits: 1019
* Elements of w skipped: 1 (0.38%)
* Elements of w processed with special addition: 4 (1.53%)
* Elements of w remaining: 257 (98.09%)
* Elements of w skipped: 0 (0.00%)
* Elements of w processed with special addition: 3 (2.31%)
* Elements of w remaining: 127 (97.69%)
* Elements of w skipped: 0 (0.00%)
* Elements of w processed with special addition: 1 (0.51%)
* Elements of w remaining: 194 (99.49%)
* G1 elements in proof: 2
* G2 elements in proof: 1
* Proof size in bits: 1019
* Elements of w skipped: 1 (0.38%)
* Elements of w processed with special addition: 4 (1.53%)
* Elements of w remaining: 257 (98.09%)
* Elements of w skipped: 0 (0.00%)
* Elements of w processed with special addition: 3 (2.31%)
* Elements of w remaining: 127 (97.69%)
* Elements of w skipped: 0 (0.00%)
* Elements of w processed with special addition: 1 (0.51%)
* Elements of w remaining: 194 (99.49%)
* G1 elements in proof: 2
* G2 elements in proof: 1
* Proof size in bits: 1019
* Elements of w skipped: 1 (0.38%)
* Elements of w processed with special addition: 4 (1.53%)
* Elements of w remaining: 257 (98.09%)
* Elements of w skipped: 0 (0.00%)
* Elements of w processed with special addition: 3 (2.31%)
* Elements of w remaining: 127 (97.69%)
* Elements of w skipped: 0 (0.00%)
* Elements of w processed with special addition: 1 (0.51%)
* Elements of w remaining: 194 (99.49%)
* G1 elements in proof: 2
* G2 elements in proof: 1
* Proof size in bits: 1019
* Elements of w skipped: 1 (0.38%)
* Elements of w processed with special addition: 4 (1.53%)
* Elements of w remaining: 257 (98.09%)
* Elements of w skipped: 0 (0.00%)
* Elements of w processed with special addition: 3 (2.31%)
* Elements of w remaining: 127 (97.69%)
* Elements of w skipped: 0 (0.00%)
* Elements of w processed with special addition: 1 (0.51%)
* Elements of w remaining: 194 (99.49%)
* G1 elements in proof: 2
* G2 elements in proof: 1
* Proof size in bits: 1019
* Elements of w skipped: 1 (0.38%)
* Elements of w processed with special addition: 4 (1.53%)
* Elements of w remaining: 257 (98.09%)
* Elements of w skipped: 0 (0.00%)
* Elements of w processed with special addition: 3 (2.31%)
* Elements of w remaining: 127 (97.69%)
* Elements of w skipped: 0 (0.00%)
* Elements of w processed with special addition: 1 (0.51%)
* Elements of w remaining: 194 (99.49%)
* G1 elements in proof: 2
* G2 elements in proof: 1
* Proof size in bits: 1019
  2       130         57.9          23.07         2.89          PASS      
* Composed C_4: 260 constraints, 521 variables, 66 inputs
* QAP number of variables: 521
* QAP pre degree: 260
* QAP degree: 384
* QAP number of input variables: 66
* G1 window: 8
* G2 window: 6
* G1 elements in PK: 1883
* Non-zero G1 elements in PK: 1621
* G2 elements in PK: 523
* Non-zero G2 elements in PK: 261
* PK size in bits: 562844
* G1 elements in VK: 66
* G2 elements in VK: 2
* GT elements in VK: 1
* VK size in bits: 22327
* Elements of w skipped: 1 (0.19%)
* Elements of w processed with special addition: 6 (1.15%)
* Elements of w remaining: 515 (98.66%)
* Elements of w skipped: 0 (0.00%)
* Elements of w processed with special addition: 5 (1.92%)
* Elements of w remaining: 255 (98.08%)
* Elements of w skipped: 0 (0.00%)
* Elements of w processed with special addition: 3 (0.66%)
* Elements of w remaining: 452 (99.34%)
* G1 elements in proof: 2
* G2 elements in proof: 1
* Proof size in bits: 1019
* Elements of w skipped: 1 (0.19%)
* Elements of w processed with special addition: 6 (1.15%)
* Elements of w remaining: 515 (98.66%)
* Elements of w skipped: 0 (0.00%)
* Elements of w processed with special addition: 5 (1.92%)
* Elements of w remaining: 255 (98.08%)
* Elements of w skipped: 0 (0.00%)
* Elements of w processed with special addition: 3 (0.66%)
* Elements of w remaining: 452 (99.34%)
* G1 elements in proof: 2
* G2 elements in proof: 1
* Proof size in bits: 1019
* Elements of w skipped: 1 (0.19%)
* Elements of w processed with special addition: 6 (1.15%)
* Elements of w remaining: 515 (98.66%)
* Elements of w skipped: 0 (0.00%)
* Elements of w processed with special addition: 5 (1.92%)
* Elements of w remaining: 255 (98.08%)
* Elements of w skipped: 0 (0.00%)
* Elements of w processed with special addition: 3 (0.66%)
* Elements of w remaining: 452 (99.34%)
* G1 elements in proof: 2
* G2 elements in proof: 1
* Proof size in bits: 1019
* Elements of w skipped: 1 (0.19%)
* Elements of w processed with special addition: 6 (1.15%)
* Elements of w remaining: 515 (98.66%)
* Elements of w skipped: 0 (0.00%)
* Elements of w processed with special addition: 5 (1.92%)
* Elements of w remaining: 255 (98.08%)
* Elements of w skipped: 0 (0.00%)
* Elements of w processed with special addition: 3 (0.66%)
* Elements of w remaining: 452 (99.34%)
* G1 elements in proof: 2
* G2 elements in proof: 1
* Proof size in bits: 1019
* Elements of w skipped: 1 (0.19%)
* Elements of w processed with special addition: 6 (1.15%)
* Elements of w remaining: 515 (98.66%)
* Elements of w skipped: 0 (0.00%)
* Elements of w processed with special addition: 5 (1.92%)
* Elements of w remaining: 255 (98.08%)
* Elements of w skipped: 0 (0.00%)
* Elements of w processed with special addition: 3 (0.66%)
* Elements of w remaining: 452 (99.34%)
* G1 elements in proof: 2
* G2 elements in proof: 1
* Proof size in bits: 1019
* Elements of w skipped: 1 (0.19%)
* Elements of w processed with special addition: 6 (1.15%)
* Elements of w remaining: 515 (98.66%)
* Elements of w skipped: 0 (0.00%)
* Elements of w processed with special addition: 5 (1.92%)
* Elements of w remaining: 255 (98.08%)
* Elements of w skipped: 0 (0.00%)
* Elements of w processed with special addition: 3 (0.66%)
* Elements of w remaining: 452 (99.34%)
* G1 elements in proof: 2
* G2 elements in proof: 1
* Proof size in bits: 1019
* Elements of w skipped: 1 (0.19%)
* Elements of w processed with special addition: 6 (1.15%)
* Elements of w remaining: 515 (98.66%)
* Elements of w skipped: 0 (0.00%)
* Elements of w processed with special addition: 5 (1.92%)
* Elements of w remaining: 255 (98.08%)
* Elements of w skipped: 0 (0.00%)
* Elements of w processed with special addition: 3 (0.66%)
* Elements of w remaining: 452 (99.34%)
* G1 elements in proof: 2
* G2 elements in proof: 1
* Proof size in bits: 1019
* Elements of w skipped: 1 (0.19%)
* Elements of w processed with special addition: 6 (1.15%)
* Elements of w remaining: 515 (98.66%)
* Elements of w skipped: 0 (0.00%)
* Elements of w processed with special addition: 5 (1.92%)
* Elements of w remaining: 255 (98.08%)
* Elements of w skipped: 0 (0.00%)
* Elements of w processed with special addition: 3 (0.66%)
* Elements of w remaining: 452 (99.34%)
* G1 elements in proof: 2
* G2 elements in proof: 1
* Proof size in bits: 1019
* Elements of w skipped: 1 (0.19%)
* Elements of w processed with special addition: 6 (1.15%)
* Elements of w remaining: 515 (98.66%)
* Elements of w skipped: 0 (0.00%)
* Elements of w processed with special addition: 5 (1.92%)
* Elements of w remaining: 255 (98.08%)
* Elements of w skipped: 0 (0.00%)
* Elements of w processed with special addition: 3 (0.66%)
* Elements of w remaining: 452 (99.34%)
* G1 elements in proof: 2
* G2 elements in proof: 1
* Proof size in bits: 1019
* Elements of w skipped: 1 (0.19%)
* Elements of w processed with special addition: 6 (1.15%)
* Elements of w remaining: 515 (98.66%)
* Elements of w skipped: 0 (0.00%)
* Elements of w processed with special addition: 5 (1.92%)
* Elements of w remaining: 255 (98.08%)
* Elements of w skipped: 0 (0.00%)
* Elements of w processed with special addition: 3 (0.66%)
* Elements of w remaining: 452 (99.34%)
* G1 elements in proof: 2
* G2 elements in proof: 1
* Proof size in bits: 1019
  4       260         92.8          33.74         3.14          PASS      
* Composed C_8: 520 constraints, 1041 variables, 66 inputs
* QAP number of variables: 1041
* QAP pre degree: 520
* QAP degree: 640
* QAP number of input variables: 66
* G1 window: 8
* G2 window: 7
* G1 elements in PK: 3699
* Non-zero G1 elements in PK: 3177
* G2 elements in PK: 1043
* Non-zero G2 elements in PK: 521
* PK size in bits: 1108604
* G1 elements in VK: 66
* G2 elements in VK: 2
* GT elements in VK: 1
* VK size in bits: 22327
* Elements of w skipped: 1 (0.10%)
* Elements of w processed with special addition: 10 (0.96%)
* Elements of w remaining: 1031 (98.94%)
* Elements of w skipped: 0 (0.00%)
* Elements of w processed with special addition: 9 (1.73%)
* Elements of w remaining: 511 (98.27%)
* Elements of w skipped: 0 (0.00%)
* Elements of w processed with special addition: 7 (0.72%)
* Elements of w remaining: 968 (99.28%)
* G1 elements in proof: 2
* G2 elements in proof: 1
* Proof size in bits: 1019
* Elements of w skipped: 1 (0.10%)
* Elements of w processed with special addition: 10 (0.96%)
* Elements of w remaining: 1031 (98.94%)
* Elements of w skipped: 0 (0.00%)
* Elements of w processed with special addition: 9 (1.73%)
* Elements of w remaining: 511 (98.27%)
* Elements of w skipped: 0 (0.00%)
* Elements of w processed with special addition: 7 (0.72%)
* Elements of w remaining: 968 (99.28%)
* G1 elements in proof: 2
* G2 elements in proof: 1
* Proof size in bits: 1019
* Elements of w skipped: 1 (0.10%)
* Elements of w processed with special addition: 10 (0.96%)
* Elements of w remaining: 1031 (98.94%)
* Elements of w skipped: 0 (0.00%)
* Elements of w processed with special addition: 9 (1.73%)
* Elements of w remaining: 511 (98.27%)
* Elements of w skipped: 0 (0.00%)
* Elements of w processed with special addition: 7 (0.72%)
* Elements of w remaining: 968 (99.28%)
* G1 elements in proof: 2
* G2 elements in proof: 1
* Proof size in bits: 1019
* Elements of w skipped: 1 (0.10%)
* Elements of w processed with special addition: 10 (0.96%)
* Elements of w remaining: 1031 (98.94%)
* Elements of w skipped: 0 (0.00%)
* Elements of w processed with special addition: 9 (1.73%)
* Elements of w remaining: 511 (98.27%)
* Elements of w skipped: 0 (0.00%)
* Elements of w processed with special addition: 7 (0.72%)
* Elements of w remaining: 968 (99.28%)
* G1 elements in proof: 2
* G2 elements in proof: 1
* Proof size in bits: 1019
* Elements of w skipped: 1 (0.10%)
* Elements of w processed with special addition: 10 (0.96%)
* Elements of w remaining: 1031 (98.94%)
* Elements of w skipped: 0 (0.00%)
* Elements of w processed with special addition: 9 (1.73%)
* Elements of w remaining: 511 (98.27%)
* Elements of w skipped: 0 (0.00%)
* Elements of w processed with special addition: 7 (0.72%)
* Elements of w remaining: 968 (99.28%)
* G1 elements in proof: 2
* G2 elements in proof: 1
* Proof size in bits: 1019
* Elements of w skipped: 1 (0.10%)
* Elements of w processed with special addition: 10 (0.96%)
* Elements of w remaining: 1031 (98.94%)
* Elements of w skipped: 0 (0.00%)
* Elements of w processed with special addition: 9 (1.73%)
* Elements of w remaining: 511 (98.27%)
* Elements of w skipped: 0 (0.00%)
* Elements of w processed with special addition: 7 (0.72%)
* Elements of w remaining: 968 (99.28%)
* G1 elements in proof: 2
* G2 elements in proof: 1
* Proof size in bits: 1019
* Elements of w skipped: 1 (0.10%)
* Elements of w processed with special addition: 10 (0.96%)
* Elements of w remaining: 1031 (98.94%)
* Elements of w skipped: 0 (0.00%)
* Elements of w processed with special addition: 9 (1.73%)
* Elements of w remaining: 511 (98.27%)
* Elements of w skipped: 0 (0.00%)
* Elements of w processed with special addition: 7 (0.72%)
* Elements of w remaining: 968 (99.28%)
* G1 elements in proof: 2
* G2 elements in proof: 1
* Proof size in bits: 1019
* Elements of w skipped: 1 (0.10%)
* Elements of w processed with special addition: 10 (0.96%)
* Elements of w remaining: 1031 (98.94%)
* Elements of w skipped: 0 (0.00%)
* Elements of w processed with special addition: 9 (1.73%)
* Elements of w remaining: 511 (98.27%)
* Elements of w skipped: 0 (0.00%)
* Elements of w processed with special addition: 7 (0.72%)
* Elements of w remaining: 968 (99.28%)
* G1 elements in proof: 2
* G2 elements in proof: 1
* Proof size in bits: 1019
* Elements of w skipped: 1 (0.10%)
* Elements of w processed with special addition: 10 (0.96%)
* Elements of w remaining: 1031 (98.94%)
* Elements of w skipped: 0 (0.00%)
* Elements of w processed with special addition: 9 (1.73%)
* Elements of w remaining: 511 (98.27%)
* Elements of w skipped: 0 (0.00%)
* Elements of w processed with special addition: 7 (0.72%)
* Elements of w remaining: 968 (99.28%)
* G1 elements in proof: 2
* G2 elements in proof: 1
* Proof size in bits: 1019
* Elements of w skipped: 1 (0.10%)
* Elements of w processed with special addition: 10 (0.96%)
* Elements of w remaining: 1031 (98.94%)
* Elements of w skipped: 0 (0.00%)
* Elements of w processed with special addition: 9 (1.73%)
* Elements of w remaining: 511 (98.27%)
* Elements of w skipped: 0 (0.00%)
* Elements of w processed with special addition: 7 (0.72%)
* Elements of w remaining: 968 (99.28%)
* G1 elements in proof: 2
* G2 elements in proof: 1
* Proof size in bits: 1019
  8       520         156.7         59.54         2.96          PASS      
* Composed C_16: 1040 constraints, 2081 variables, 66 inputs
* QAP number of variables: 2081
* QAP pre degree: 1040
* QAP degree: 1152
* QAP number of input variables: 66
* G1 window: 9
* G2 window: 8
* G1 elements in PK: 7331
* Non-zero G1 elements in PK: 6289
* G2 elements in PK: 2083
* Non-zero G2 elements in PK: 1041
* PK size in bits: 2200124
* G1 elements in VK: 66
* G2 elements in VK: 2
* GT elements in VK: 1
* VK size in bits: 22327
* Elements of w skipped: 1 (0.05%)
* Elements of w processed with special addition: 18 (0.86%)
* Elements of w remaining: 2063 (99.09%)
* Elements of w skipped: 0 (0.00%)
* Elements of w processed with special addition: 17 (1.63%)
* Elements of w remaining: 1023 (98.37%)
* Elements of w skipped: 0 (0.00%)
* Elements of w processed with special addition: 15 (0.74%)
* Elements of w remaining: 2000 (99.26%)
* G1 elements in proof: 2
* G2 elements in proof: 1
* Proof size in bits: 1019
* Elements of w skipped: 1 (0.05%)
* Elements of w processed with special addition: 18 (0.86%)
* Elements of w remaining: 2063 (99.09%)
* Elements of w skipped: 0 (0.00%)
* Elements of w processed with special addition: 17 (1.63%)
* Elements of w remaining: 1023 (98.37%)
* Elements of w skipped: 0 (0.00%)
* Elements of w processed with special addition: 15 (0.74%)
* Elements of w remaining: 2000 (99.26%)
* G1 elements in proof: 2
* G2 elements in proof: 1
* Proof size in bits: 1019
* Elements of w skipped: 1 (0.05%)
* Elements of w processed with special addition: 18 (0.86%)
* Elements of w remaining: 2063 (99.09%)
* Elements of w skipped: 0 (0.00%)
* Elements of w processed with special addition: 17 (1.63%)
* Elements of w remaining: 1023 (98.37%)
* Elements of w skipped: 0 (0.00%)
* Elements of w processed with special addition: 15 (0.74%)
* Elements of w remaining: 2000 (99.26%)
* G1 elements in proof: 2
* G2 elements in proof: 1
* Proof size in bits: 1019
* Elements of w skipped: 1 (0.05%)
* Elements of w processed with special addition: 18 (0.86%)
* Elements of w remaining: 2063 (99.09%)
* Elements of w skipped: 0 (0.00%)
* Elements of w processed with special addition: 17 (1.63%)
* Elements of w remaining: 1023 (98.37%)
* Elements of w skipped: 0 (0.00%)
* Elements of w processed with special addition: 15 (0.74%)
* Elements of w remaining: 2000 (99.26%)
* G1 elements in proof: 2
* G2 elements in proof: 1
* Proof size in bits: 1019
* Elements of w skipped: 1 (0.05%)
* Elements of w processed with special addition: 18 (0.86%)
* Elements of w remaining: 2063 (99.09%)
* Elements of w skipped: 0 (0.00%)
* Elements of w processed with special addition: 17 (1.63%)
* Elements of w remaining: 1023 (98.37%)
* Elements of w skipped: 0 (0.00%)
* Elements of w processed with special addition: 15 (0.74%)
* Elements of w remaining: 2000 (99.26%)
* G1 elements in proof: 2
* G2 elements in proof: 1
* Proof size in bits: 1019
* Elements of w skipped: 1 (0.05%)
* Elements of w processed with special addition: 18 (0.86%)
* Elements of w remaining: 2063 (99.09%)
* Elements of w skipped: 0 (0.00%)
* Elements of w processed with special addition: 17 (1.63%)
* Elements of w remaining: 1023 (98.37%)
* Elements of w skipped: 0 (0.00%)
* Elements of w processed with special addition: 15 (0.74%)
* Elements of w remaining: 2000 (99.26%)
* G1 elements in proof: 2
* G2 elements in proof: 1
* Proof size in bits: 1019
* Elements of w skipped: 1 (0.05%)
* Elements of w processed with special addition: 18 (0.86%)
* Elements of w remaining: 2063 (99.09%)
* Elements of w skipped: 0 (0.00%)
* Elements of w processed with special addition: 17 (1.63%)
* Elements of w remaining: 1023 (98.37%)
* Elements of w skipped: 0 (0.00%)
* Elements of w processed with special addition: 15 (0.74%)
* Elements of w remaining: 2000 (99.26%)
* G1 elements in proof: 2
* G2 elements in proof: 1
* Proof size in bits: 1019
* Elements of w skipped: 1 (0.05%)
* Elements of w processed with special addition: 18 (0.86%)
* Elements of w remaining: 2063 (99.09%)
* Elements of w skipped: 0 (0.00%)
* Elements of w processed with special addition: 17 (1.63%)
* Elements of w remaining: 1023 (98.37%)
* Elements of w skipped: 0 (0.00%)
* Elements of w processed with special addition: 15 (0.74%)
* Elements of w remaining: 2000 (99.26%)
* G1 elements in proof: 2
* G2 elements in proof: 1
* Proof size in bits: 1019
* Elements of w skipped: 1 (0.05%)
* Elements of w processed with special addition: 18 (0.86%)
* Elements of w remaining: 2063 (99.09%)
* Elements of w skipped: 0 (0.00%)
* Elements of w processed with special addition: 17 (1.63%)
* Elements of w remaining: 1023 (98.37%)
* Elements of w skipped: 0 (0.00%)
* Elements of w processed with special addition: 15 (0.74%)
* Elements of w remaining: 2000 (99.26%)
* G1 elements in proof: 2
* G2 elements in proof: 1
* Proof size in bits: 1019
* Elements of w skipped: 1 (0.05%)
* Elements of w processed with special addition: 18 (0.86%)
* Elements of w remaining: 2063 (99.09%)
* Elements of w skipped: 0 (0.00%)
* Elements of w processed with special addition: 17 (1.63%)
* Elements of w remaining: 1023 (98.37%)
* Elements of w skipped: 0 (0.00%)
* Elements of w processed with special addition: 15 (0.74%)
* Elements of w remaining: 2000 (99.26%)
* G1 elements in proof: 2
* G2 elements in proof: 1
* Proof size in bits: 1019
  16      1040        256.9         112.42        3.66          PASS      

  Groth16 results written to /Users/heewonchung/Documents/00-Research/active/Updatable Verifiable Computation/Dev/results/2026-03-09_203431_iot/csv/groth16_results.csv

================================================================
All benchmarks complete.
================================================================
  Done in 8s

------------------------------------------------------------
  Running: [10/10] sensor_fusion K=64 B=64
  Command: bench_comparative --circuit sensor_fusion --n 64 --B 64 --output-dir /Users/heewonchung/Documents/00-Research/active/Updatable Verifiable Computation/Dev/results/2026-03-09_203431_iot/csv --reps 10
------------------------------------------------------------
================================================================
Comparative Benchmark: UVC vs Groth16
================================================================
  Circuit: sensor_fusion, n=64, B=64, reps=10
  Output: /Users/heewonchung/Documents/00-Research/active/Updatable Verifiable Computation/Dev/results/2026-03-09_203431_iot/csv/

================================================================
UVC Benchmark: circuit=sensor_fusion, n=64, B=64
================================================================
  Circuit: 65 constraints, 131 vars, state=1, transition=65

  [Setup] Generating CRS for B=64...
* UVC Setup: B=64, n=131, state=1, transition=65
* Composed C_64: 4160 constraints, 8321 variables, 66 inputs
* QAP (C_B) variables: 8321, degree: 4352, inputs: 66
* UVC max compositions (B): 64
* G1 elements in PK: 29251
* G2 elements in PK: 8323
* PK size in bits: 8834876
* H_query_full size: 4351
* Step 2: 130 new wires (0 io, 130 wt)
* Step 3: 130 new wires (0 io, 130 wt)
* Step 4: 130 new wires (0 io, 130 wt)
* Step 5: 130 new wires (0 io, 130 wt)
* Step 6: 130 new wires (0 io, 130 wt)
* Step 7: 130 new wires (0 io, 130 wt)
* Step 8: 130 new wires (0 io, 130 wt)
* Step 9: 130 new wires (0 io, 130 wt)
* Step 10: 130 new wires (0 io, 130 wt)
* Step 11: 130 new wires (0 io, 130 wt)
* Step 12: 130 new wires (0 io, 130 wt)
* Step 13: 130 new wires (0 io, 130 wt)
* Step 14: 130 new wires (0 io, 130 wt)
* Step 15: 130 new wires (0 io, 130 wt)
* Step 16: 130 new wires (0 io, 130 wt)
* Step 17: 130 new wires (0 io, 130 wt)
* Step 18: 130 new wires (0 io, 130 wt)
* Step 19: 130 new wires (0 io, 130 wt)
* Step 20: 130 new wires (0 io, 130 wt)
* Step 21: 130 new wires (0 io, 130 wt)
* Step 22: 130 new wires (0 io, 130 wt)
* Step 23: 130 new wires (0 io, 130 wt)
* Step 24: 130 new wires (0 io, 130 wt)
* Step 25: 130 new wires (0 io, 130 wt)
* Step 26: 130 new wires (0 io, 130 wt)
* Step 27: 130 new wires (0 io, 130 wt)
* Step 28: 130 new wires (0 io, 130 wt)
* Step 29: 130 new wires (0 io, 130 wt)
* Step 30: 130 new wires (0 io, 130 wt)
* Step 31: 130 new wires (0 io, 130 wt)
* Step 32: 130 new wires (0 io, 130 wt)
* Step 33: 130 new wires (0 io, 130 wt)
* Step 34: 130 new wires (0 io, 130 wt)
* Step 35: 130 new wires (0 io, 130 wt)
* Step 36: 130 new wires (0 io, 130 wt)
* Step 37: 130 new wires (0 io, 130 wt)
* Step 38: 130 new wires (0 io, 130 wt)
* Step 39: 130 new wires (0 io, 130 wt)
* Step 40: 130 new wires (0 io, 130 wt)
* Step 41: 130 new wires (0 io, 130 wt)
* Step 42: 130 new wires (0 io, 130 wt)
* Step 43: 130 new wires (0 io, 130 wt)
* Step 44: 130 new wires (0 io, 130 wt)
* Step 45: 130 new wires (0 io, 130 wt)
* Step 46: 130 new wires (0 io, 130 wt)
* Step 47: 130 new wires (0 io, 130 wt)
* Step 48: 130 new wires (0 io, 130 wt)
* Step 49: 130 new wires (0 io, 130 wt)
* Step 50: 130 new wires (0 io, 130 wt)
* Step 51: 130 new wires (0 io, 130 wt)
* Step 52: 130 new wires (0 io, 130 wt)
* Step 53: 130 new wires (0 io, 130 wt)
* Step 54: 130 new wires (0 io, 130 wt)
* Step 55: 130 new wires (0 io, 130 wt)
* Step 56: 130 new wires (0 io, 130 wt)
* Step 57: 130 new wires (0 io, 130 wt)
* Step 58: 130 new wires (0 io, 130 wt)
* Step 59: 130 new wires (0 io, 130 wt)
* Step 60: 130 new wires (0 io, 130 wt)
* Step 61: 130 new wires (0 io, 130 wt)
* Step 62: 130 new wires (0 io, 130 wt)
* Step 63: 130 new wires (0 io, 130 wt)
* Step 64: 130 new wires (0 io, 130 wt)
* UVC VK: 64 max steps
* G2 elements in VK: 2
* GT elements in VK: 1
* gamma_ABC size: 66
  Setup: 1026.8 ms, CRS: 37310 G1 + 16514 G2
  Building proof chain (steps 1..64)...
* UVC Prove step 1
* Elements of w skipped: 1 (0.76%)
* Elements of w processed with special addition: 3 (2.27%)
* Elements of w remaining: 128 (96.97%)
* Elements of w skipped: 1 (1.49%)
* Elements of w processed with special addition: 1 (1.49%)
* Elements of w remaining: 65 (97.01%)
* Elements of w skipped: 0 (0.00%)
* Elements of w processed with special addition: 0 (0.00%)
* Elements of w remaining: 65 (100.00%)
* UVC proof at step 1
* G1 elements in proof: 2
* G2 elements in proof: 1
* Proof size in bits: 1019
* Cached h poly size: 4351
* UVC Prove step 2
* Elements of w skipped: 0 (0.00%)
* Elements of w processed with special addition: 1 (0.77%)
* Elements of w remaining: 129 (99.23%)
* Elements of w skipped: 0 (0.00%)
* Elements of w processed with special addition: 1 (1.52%)
* Elements of w remaining: 65 (98.48%)
* Elements of w skipped: 0 (0.00%)
* Elements of w processed with special addition: 1 (0.77%)
* Elements of w remaining: 129 (99.23%)
* UVC proof at step 2
* G1 elements in proof: 2
* G2 elements in proof: 1
* Proof size in bits: 1019
* Cached h poly size: 4351
* UVC Prove step 3
* Elements of w skipped: 0 (0.00%)
* Elements of w processed with special addition: 1 (0.77%)
* Elements of w remaining: 129 (99.23%)
* Elements of w skipped: 0 (0.00%)
* Elements of w processed with special addition: 1 (1.52%)
* Elements of w remaining: 65 (98.48%)
* Elements of w skipped: 0 (0.00%)
* Elements of w processed with special addition: 1 (0.77%)
* Elements of w remaining: 129 (99.23%)
* UVC proof at step 3
* G1 elements in proof: 2
* G2 elements in proof: 1
* Proof size in bits: 1019
* Cached h poly size: 4351
* UVC Prove step 4
* Elements of w skipped: 0 (0.00%)
* Elements of w processed with special addition: 1 (0.77%)
* Elements of w remaining: 129 (99.23%)
* Elements of w skipped: 0 (0.00%)
* Elements of w processed with special addition: 1 (1.52%)
* Elements of w remaining: 65 (98.48%)
* Elements of w skipped: 0 (0.00%)
* Elements of w processed with special addition: 1 (0.77%)
* Elements of w remaining: 129 (99.23%)
* UVC proof at step 4
* G1 elements in proof: 2
* G2 elements in proof: 1
* Proof size in bits: 1019
* Cached h poly size: 4351
* UVC Prove step 5
* Elements of w skipped: 0 (0.00%)
* Elements of w processed with special addition: 1 (0.77%)
* Elements of w remaining: 129 (99.23%)
* Elements of w skipped: 0 (0.00%)
* Elements of w processed with special addition: 1 (1.52%)
* Elements of w remaining: 65 (98.48%)
* Elements of w skipped: 0 (0.00%)
* Elements of w processed with special addition: 1 (0.77%)
* Elements of w remaining: 129 (99.23%)
* UVC proof at step 5
* G1 elements in proof: 2
* G2 elements in proof: 1
* Proof size in bits: 1019
* Cached h poly size: 4351
* UVC Prove step 6
* Elements of w skipped: 0 (0.00%)
* Elements of w processed with special addition: 1 (0.77%)
* Elements of w remaining: 129 (99.23%)
* Elements of w skipped: 0 (0.00%)
* Elements of w processed with special addition: 1 (1.52%)
* Elements of w remaining: 65 (98.48%)
* Elements of w skipped: 0 (0.00%)
* Elements of w processed with special addition: 1 (0.77%)
* Elements of w remaining: 129 (99.23%)
* UVC proof at step 6
* G1 elements in proof: 2
* G2 elements in proof: 1
* Proof size in bits: 1019
* Cached h poly size: 4351
* UVC Prove step 7
* Elements of w skipped: 0 (0.00%)
* Elements of w processed with special addition: 1 (0.77%)
* Elements of w remaining: 129 (99.23%)
* Elements of w skipped: 0 (0.00%)
* Elements of w processed with special addition: 1 (1.52%)
* Elements of w remaining: 65 (98.48%)
* Elements of w skipped: 0 (0.00%)
* Elements of w processed with special addition: 1 (0.77%)
* Elements of w remaining: 129 (99.23%)
* UVC proof at step 7
* G1 elements in proof: 2
* G2 elements in proof: 1
* Proof size in bits: 1019
* Cached h poly size: 4351
* UVC Prove step 8
* Elements of w skipped: 0 (0.00%)
* Elements of w processed with special addition: 1 (0.77%)
* Elements of w remaining: 129 (99.23%)
* Elements of w skipped: 0 (0.00%)
* Elements of w processed with special addition: 1 (1.52%)
* Elements of w remaining: 65 (98.48%)
* Elements of w skipped: 0 (0.00%)
* Elements of w processed with special addition: 1 (0.77%)
* Elements of w remaining: 129 (99.23%)
* UVC proof at step 8
* G1 elements in proof: 2
* G2 elements in proof: 1
* Proof size in bits: 1019
* Cached h poly size: 4351
* UVC Prove step 9
* Elements of w skipped: 0 (0.00%)
* Elements of w processed with special addition: 1 (0.77%)
* Elements of w remaining: 129 (99.23%)
* Elements of w skipped: 0 (0.00%)
* Elements of w processed with special addition: 1 (1.52%)
* Elements of w remaining: 65 (98.48%)
* Elements of w skipped: 0 (0.00%)
* Elements of w processed with special addition: 1 (0.77%)
* Elements of w remaining: 129 (99.23%)
* UVC proof at step 9
* G1 elements in proof: 2
* G2 elements in proof: 1
* Proof size in bits: 1019
* Cached h poly size: 4351
* UVC Prove step 10
* Elements of w skipped: 0 (0.00%)
* Elements of w processed with special addition: 1 (0.77%)
* Elements of w remaining: 129 (99.23%)
* Elements of w skipped: 0 (0.00%)
* Elements of w processed with special addition: 1 (1.52%)
* Elements of w remaining: 65 (98.48%)
* Elements of w skipped: 0 (0.00%)
* Elements of w processed with special addition: 1 (0.77%)
* Elements of w remaining: 129 (99.23%)
* UVC proof at step 10
* G1 elements in proof: 2
* G2 elements in proof: 1
* Proof size in bits: 1019
* Cached h poly size: 4351
* UVC Prove step 11
* Elements of w skipped: 0 (0.00%)
* Elements of w processed with special addition: 1 (0.77%)
* Elements of w remaining: 129 (99.23%)
* Elements of w skipped: 0 (0.00%)
* Elements of w processed with special addition: 1 (1.52%)
* Elements of w remaining: 65 (98.48%)
* Elements of w skipped: 0 (0.00%)
* Elements of w processed with special addition: 1 (0.77%)
* Elements of w remaining: 129 (99.23%)
* UVC proof at step 11
* G1 elements in proof: 2
* G2 elements in proof: 1
* Proof size in bits: 1019
* Cached h poly size: 4351
* UVC Prove step 12
* Elements of w skipped: 0 (0.00%)
* Elements of w processed with special addition: 1 (0.77%)
* Elements of w remaining: 129 (99.23%)
* Elements of w skipped: 0 (0.00%)
* Elements of w processed with special addition: 1 (1.52%)
* Elements of w remaining: 65 (98.48%)
* Elements of w skipped: 0 (0.00%)
* Elements of w processed with special addition: 1 (0.77%)
* Elements of w remaining: 129 (99.23%)
* UVC proof at step 12
* G1 elements in proof: 2
* G2 elements in proof: 1
* Proof size in bits: 1019
* Cached h poly size: 4351
* UVC Prove step 13
* Elements of w skipped: 0 (0.00%)
* Elements of w processed with special addition: 1 (0.77%)
* Elements of w remaining: 129 (99.23%)
* Elements of w skipped: 0 (0.00%)
* Elements of w processed with special addition: 1 (1.52%)
* Elements of w remaining: 65 (98.48%)
* Elements of w skipped: 0 (0.00%)
* Elements of w processed with special addition: 1 (0.77%)
* Elements of w remaining: 129 (99.23%)
* UVC proof at step 13
* G1 elements in proof: 2
* G2 elements in proof: 1
* Proof size in bits: 1019
* Cached h poly size: 4351
* UVC Prove step 14
* Elements of w skipped: 0 (0.00%)
* Elements of w processed with special addition: 1 (0.77%)
* Elements of w remaining: 129 (99.23%)
* Elements of w skipped: 0 (0.00%)
* Elements of w processed with special addition: 1 (1.52%)
* Elements of w remaining: 65 (98.48%)
* Elements of w skipped: 0 (0.00%)
* Elements of w processed with special addition: 1 (0.77%)
* Elements of w remaining: 129 (99.23%)
* UVC proof at step 14
* G1 elements in proof: 2
* G2 elements in proof: 1
* Proof size in bits: 1019
* Cached h poly size: 4351
* UVC Prove step 15
* Elements of w skipped: 0 (0.00%)
* Elements of w processed with special addition: 1 (0.77%)
* Elements of w remaining: 129 (99.23%)
* Elements of w skipped: 0 (0.00%)
* Elements of w processed with special addition: 1 (1.52%)
* Elements of w remaining: 65 (98.48%)
* Elements of w skipped: 0 (0.00%)
* Elements of w processed with special addition: 1 (0.77%)
* Elements of w remaining: 129 (99.23%)
* UVC proof at step 15
* G1 elements in proof: 2
* G2 elements in proof: 1
* Proof size in bits: 1019
* Cached h poly size: 4351
* UVC Prove step 16
* Elements of w skipped: 0 (0.00%)
* Elements of w processed with special addition: 1 (0.77%)
* Elements of w remaining: 129 (99.23%)
* Elements of w skipped: 0 (0.00%)
* Elements of w processed with special addition: 1 (1.52%)
* Elements of w remaining: 65 (98.48%)
* Elements of w skipped: 0 (0.00%)
* Elements of w processed with special addition: 1 (0.77%)
* Elements of w remaining: 129 (99.23%)
* UVC proof at step 16
* G1 elements in proof: 2
* G2 elements in proof: 1
* Proof size in bits: 1019
* Cached h poly size: 4351
* UVC Prove step 17
* Elements of w skipped: 0 (0.00%)
* Elements of w processed with special addition: 1 (0.77%)
* Elements of w remaining: 129 (99.23%)
* Elements of w skipped: 0 (0.00%)
* Elements of w processed with special addition: 1 (1.52%)
* Elements of w remaining: 65 (98.48%)
* Elements of w skipped: 0 (0.00%)
* Elements of w processed with special addition: 1 (0.77%)
* Elements of w remaining: 129 (99.23%)
* UVC proof at step 17
* G1 elements in proof: 2
* G2 elements in proof: 1
* Proof size in bits: 1019
* Cached h poly size: 4351
* UVC Prove step 18
* Elements of w skipped: 0 (0.00%)
* Elements of w processed with special addition: 1 (0.77%)
* Elements of w remaining: 129 (99.23%)
* Elements of w skipped: 0 (0.00%)
* Elements of w processed with special addition: 1 (1.52%)
* Elements of w remaining: 65 (98.48%)
* Elements of w skipped: 0 (0.00%)
* Elements of w processed with special addition: 1 (0.77%)
* Elements of w remaining: 129 (99.23%)
* UVC proof at step 18
* G1 elements in proof: 2
* G2 elements in proof: 1
* Proof size in bits: 1019
* Cached h poly size: 4351
* UVC Prove step 19
* Elements of w skipped: 0 (0.00%)
* Elements of w processed with special addition: 1 (0.77%)
* Elements of w remaining: 129 (99.23%)
* Elements of w skipped: 0 (0.00%)
* Elements of w processed with special addition: 1 (1.52%)
* Elements of w remaining: 65 (98.48%)
* Elements of w skipped: 0 (0.00%)
* Elements of w processed with special addition: 1 (0.77%)
* Elements of w remaining: 129 (99.23%)
* UVC proof at step 19
* G1 elements in proof: 2
* G2 elements in proof: 1
* Proof size in bits: 1019
* Cached h poly size: 4351
* UVC Prove step 20
* Elements of w skipped: 0 (0.00%)
* Elements of w processed with special addition: 1 (0.77%)
* Elements of w remaining: 129 (99.23%)
* Elements of w skipped: 0 (0.00%)
* Elements of w processed with special addition: 1 (1.52%)
* Elements of w remaining: 65 (98.48%)
* Elements of w skipped: 0 (0.00%)
* Elements of w processed with special addition: 1 (0.77%)
* Elements of w remaining: 129 (99.23%)
* UVC proof at step 20
* G1 elements in proof: 2
* G2 elements in proof: 1
* Proof size in bits: 1019
* Cached h poly size: 4351
* UVC Prove step 21
* Elements of w skipped: 0 (0.00%)
* Elements of w processed with special addition: 1 (0.77%)
* Elements of w remaining: 129 (99.23%)
* Elements of w skipped: 0 (0.00%)
* Elements of w processed with special addition: 1 (1.52%)
* Elements of w remaining: 65 (98.48%)
* Elements of w skipped: 0 (0.00%)
* Elements of w processed with special addition: 1 (0.77%)
* Elements of w remaining: 129 (99.23%)
* UVC proof at step 21
* G1 elements in proof: 2
* G2 elements in proof: 1
* Proof size in bits: 1019
* Cached h poly size: 4351
* UVC Prove step 22
* Elements of w skipped: 0 (0.00%)
* Elements of w processed with special addition: 1 (0.77%)
* Elements of w remaining: 129 (99.23%)
* Elements of w skipped: 0 (0.00%)
* Elements of w processed with special addition: 1 (1.52%)
* Elements of w remaining: 65 (98.48%)
* Elements of w skipped: 0 (0.00%)
* Elements of w processed with special addition: 1 (0.77%)
* Elements of w remaining: 129 (99.23%)
* UVC proof at step 22
* G1 elements in proof: 2
* G2 elements in proof: 1
* Proof size in bits: 1019
* Cached h poly size: 4351
* UVC Prove step 23
* Elements of w skipped: 0 (0.00%)
* Elements of w processed with special addition: 1 (0.77%)
* Elements of w remaining: 129 (99.23%)
* Elements of w skipped: 0 (0.00%)
* Elements of w processed with special addition: 1 (1.52%)
* Elements of w remaining: 65 (98.48%)
* Elements of w skipped: 0 (0.00%)
* Elements of w processed with special addition: 1 (0.77%)
* Elements of w remaining: 129 (99.23%)
* UVC proof at step 23
* G1 elements in proof: 2
* G2 elements in proof: 1
* Proof size in bits: 1019
* Cached h poly size: 4351
* UVC Prove step 24
* Elements of w skipped: 0 (0.00%)
* Elements of w processed with special addition: 1 (0.77%)
* Elements of w remaining: 129 (99.23%)
* Elements of w skipped: 0 (0.00%)
* Elements of w processed with special addition: 1 (1.52%)
* Elements of w remaining: 65 (98.48%)
* Elements of w skipped: 0 (0.00%)
* Elements of w processed with special addition: 1 (0.77%)
* Elements of w remaining: 129 (99.23%)
* UVC proof at step 24
* G1 elements in proof: 2
* G2 elements in proof: 1
* Proof size in bits: 1019
* Cached h poly size: 4351
* UVC Prove step 25
* Elements of w skipped: 0 (0.00%)
* Elements of w processed with special addition: 1 (0.77%)
* Elements of w remaining: 129 (99.23%)
* Elements of w skipped: 0 (0.00%)
* Elements of w processed with special addition: 1 (1.52%)
* Elements of w remaining: 65 (98.48%)
* Elements of w skipped: 0 (0.00%)
* Elements of w processed with special addition: 1 (0.77%)
* Elements of w remaining: 129 (99.23%)
* UVC proof at step 25
* G1 elements in proof: 2
* G2 elements in proof: 1
* Proof size in bits: 1019
* Cached h poly size: 4351
* UVC Prove step 26
* Elements of w skipped: 0 (0.00%)
* Elements of w processed with special addition: 1 (0.77%)
* Elements of w remaining: 129 (99.23%)
* Elements of w skipped: 0 (0.00%)
* Elements of w processed with special addition: 1 (1.52%)
* Elements of w remaining: 65 (98.48%)
* Elements of w skipped: 0 (0.00%)
* Elements of w processed with special addition: 1 (0.77%)
* Elements of w remaining: 129 (99.23%)
* UVC proof at step 26
* G1 elements in proof: 2
* G2 elements in proof: 1
* Proof size in bits: 1019
* Cached h poly size: 4351
* UVC Prove step 27
* Elements of w skipped: 0 (0.00%)
* Elements of w processed with special addition: 1 (0.77%)
* Elements of w remaining: 129 (99.23%)
* Elements of w skipped: 0 (0.00%)
* Elements of w processed with special addition: 1 (1.52%)
* Elements of w remaining: 65 (98.48%)
* Elements of w skipped: 0 (0.00%)
* Elements of w processed with special addition: 1 (0.77%)
* Elements of w remaining: 129 (99.23%)
* UVC proof at step 27
* G1 elements in proof: 2
* G2 elements in proof: 1
* Proof size in bits: 1019
* Cached h poly size: 4351
* UVC Prove step 28
* Elements of w skipped: 0 (0.00%)
* Elements of w processed with special addition: 1 (0.77%)
* Elements of w remaining: 129 (99.23%)
* Elements of w skipped: 0 (0.00%)
* Elements of w processed with special addition: 1 (1.52%)
* Elements of w remaining: 65 (98.48%)
* Elements of w skipped: 0 (0.00%)
* Elements of w processed with special addition: 1 (0.77%)
* Elements of w remaining: 129 (99.23%)
* UVC proof at step 28
* G1 elements in proof: 2
* G2 elements in proof: 1
* Proof size in bits: 1019
* Cached h poly size: 4351
* UVC Prove step 29
* Elements of w skipped: 0 (0.00%)
* Elements of w processed with special addition: 1 (0.77%)
* Elements of w remaining: 129 (99.23%)
* Elements of w skipped: 0 (0.00%)
* Elements of w processed with special addition: 1 (1.52%)
* Elements of w remaining: 65 (98.48%)
* Elements of w skipped: 0 (0.00%)
* Elements of w processed with special addition: 1 (0.77%)
* Elements of w remaining: 129 (99.23%)
* UVC proof at step 29
* G1 elements in proof: 2
* G2 elements in proof: 1
* Proof size in bits: 1019
* Cached h poly size: 4351
* UVC Prove step 30
* Elements of w skipped: 0 (0.00%)
* Elements of w processed with special addition: 1 (0.77%)
* Elements of w remaining: 129 (99.23%)
* Elements of w skipped: 0 (0.00%)
* Elements of w processed with special addition: 1 (1.52%)
* Elements of w remaining: 65 (98.48%)
* Elements of w skipped: 0 (0.00%)
* Elements of w processed with special addition: 1 (0.77%)
* Elements of w remaining: 129 (99.23%)
* UVC proof at step 30
* G1 elements in proof: 2
* G2 elements in proof: 1
* Proof size in bits: 1019
* Cached h poly size: 4351
* UVC Prove step 31
* Elements of w skipped: 0 (0.00%)
* Elements of w processed with special addition: 1 (0.77%)
* Elements of w remaining: 129 (99.23%)
* Elements of w skipped: 0 (0.00%)
* Elements of w processed with special addition: 1 (1.52%)
* Elements of w remaining: 65 (98.48%)
* Elements of w skipped: 0 (0.00%)
* Elements of w processed with special addition: 1 (0.77%)
* Elements of w remaining: 129 (99.23%)
* UVC proof at step 31
* G1 elements in proof: 2
* G2 elements in proof: 1
* Proof size in bits: 1019
* Cached h poly size: 4351
* UVC Prove step 32
* Elements of w skipped: 0 (0.00%)
* Elements of w processed with special addition: 1 (0.77%)
* Elements of w remaining: 129 (99.23%)
* Elements of w skipped: 0 (0.00%)
* Elements of w processed with special addition: 1 (1.52%)
* Elements of w remaining: 65 (98.48%)
* Elements of w skipped: 0 (0.00%)
* Elements of w processed with special addition: 1 (0.77%)
* Elements of w remaining: 129 (99.23%)
* UVC proof at step 32
* G1 elements in proof: 2
* G2 elements in proof: 1
* Proof size in bits: 1019
* Cached h poly size: 4351
* UVC Prove step 33
* Elements of w skipped: 0 (0.00%)
* Elements of w processed with special addition: 1 (0.77%)
* Elements of w remaining: 129 (99.23%)
* Elements of w skipped: 0 (0.00%)
* Elements of w processed with special addition: 1 (1.52%)
* Elements of w remaining: 65 (98.48%)
* Elements of w skipped: 0 (0.00%)
* Elements of w processed with special addition: 1 (0.77%)
* Elements of w remaining: 129 (99.23%)
* UVC proof at step 33
* G1 elements in proof: 2
* G2 elements in proof: 1
* Proof size in bits: 1019
* Cached h poly size: 4351
* UVC Prove step 34
* Elements of w skipped: 0 (0.00%)
* Elements of w processed with special addition: 1 (0.77%)
* Elements of w remaining: 129 (99.23%)
* Elements of w skipped: 0 (0.00%)
* Elements of w processed with special addition: 1 (1.52%)
* Elements of w remaining: 65 (98.48%)
* Elements of w skipped: 0 (0.00%)
* Elements of w processed with special addition: 1 (0.77%)
* Elements of w remaining: 129 (99.23%)
* UVC proof at step 34
* G1 elements in proof: 2
* G2 elements in proof: 1
* Proof size in bits: 1019
* Cached h poly size: 4351
* UVC Prove step 35
* Elements of w skipped: 0 (0.00%)
* Elements of w processed with special addition: 1 (0.77%)
* Elements of w remaining: 129 (99.23%)
* Elements of w skipped: 0 (0.00%)
* Elements of w processed with special addition: 1 (1.52%)
* Elements of w remaining: 65 (98.48%)
* Elements of w skipped: 0 (0.00%)
* Elements of w processed with special addition: 1 (0.77%)
* Elements of w remaining: 129 (99.23%)
* UVC proof at step 35
* G1 elements in proof: 2
* G2 elements in proof: 1
* Proof size in bits: 1019
* Cached h poly size: 4351
* UVC Prove step 36
* Elements of w skipped: 0 (0.00%)
* Elements of w processed with special addition: 1 (0.77%)
* Elements of w remaining: 129 (99.23%)
* Elements of w skipped: 0 (0.00%)
* Elements of w processed with special addition: 1 (1.52%)
* Elements of w remaining: 65 (98.48%)
* Elements of w skipped: 0 (0.00%)
* Elements of w processed with special addition: 1 (0.77%)
* Elements of w remaining: 129 (99.23%)
* UVC proof at step 36
* G1 elements in proof: 2
* G2 elements in proof: 1
* Proof size in bits: 1019
* Cached h poly size: 4351
* UVC Prove step 37
* Elements of w skipped: 0 (0.00%)
* Elements of w processed with special addition: 1 (0.77%)
* Elements of w remaining: 129 (99.23%)
* Elements of w skipped: 0 (0.00%)
* Elements of w processed with special addition: 1 (1.52%)
* Elements of w remaining: 65 (98.48%)
* Elements of w skipped: 0 (0.00%)
* Elements of w processed with special addition: 1 (0.77%)
* Elements of w remaining: 129 (99.23%)
* UVC proof at step 37
* G1 elements in proof: 2
* G2 elements in proof: 1
* Proof size in bits: 1019
* Cached h poly size: 4351
* UVC Prove step 38
* Elements of w skipped: 0 (0.00%)
* Elements of w processed with special addition: 1 (0.77%)
* Elements of w remaining: 129 (99.23%)
* Elements of w skipped: 0 (0.00%)
* Elements of w processed with special addition: 1 (1.52%)
* Elements of w remaining: 65 (98.48%)
* Elements of w skipped: 0 (0.00%)
* Elements of w processed with special addition: 1 (0.77%)
* Elements of w remaining: 129 (99.23%)
* UVC proof at step 38
* G1 elements in proof: 2
* G2 elements in proof: 1
* Proof size in bits: 1019
* Cached h poly size: 4351
* UVC Prove step 39
* Elements of w skipped: 0 (0.00%)
* Elements of w processed with special addition: 1 (0.77%)
* Elements of w remaining: 129 (99.23%)
* Elements of w skipped: 0 (0.00%)
* Elements of w processed with special addition: 1 (1.52%)
* Elements of w remaining: 65 (98.48%)
* Elements of w skipped: 0 (0.00%)
* Elements of w processed with special addition: 1 (0.77%)
* Elements of w remaining: 129 (99.23%)
* UVC proof at step 39
* G1 elements in proof: 2
* G2 elements in proof: 1
* Proof size in bits: 1019
* Cached h poly size: 4351
* UVC Prove step 40
* Elements of w skipped: 0 (0.00%)
* Elements of w processed with special addition: 1 (0.77%)
* Elements of w remaining: 129 (99.23%)
* Elements of w skipped: 0 (0.00%)
* Elements of w processed with special addition: 1 (1.52%)
* Elements of w remaining: 65 (98.48%)
* Elements of w skipped: 0 (0.00%)
* Elements of w processed with special addition: 1 (0.77%)
* Elements of w remaining: 129 (99.23%)
* UVC proof at step 40
* G1 elements in proof: 2
* G2 elements in proof: 1
* Proof size in bits: 1019
* Cached h poly size: 4351
* UVC Prove step 41
* Elements of w skipped: 0 (0.00%)
* Elements of w processed with special addition: 1 (0.77%)
* Elements of w remaining: 129 (99.23%)
* Elements of w skipped: 0 (0.00%)
* Elements of w processed with special addition: 1 (1.52%)
* Elements of w remaining: 65 (98.48%)
* Elements of w skipped: 0 (0.00%)
* Elements of w processed with special addition: 1 (0.77%)
* Elements of w remaining: 129 (99.23%)
* UVC proof at step 41
* G1 elements in proof: 2
* G2 elements in proof: 1
* Proof size in bits: 1019
* Cached h poly size: 4351
* UVC Prove step 42
* Elements of w skipped: 0 (0.00%)
* Elements of w processed with special addition: 1 (0.77%)
* Elements of w remaining: 129 (99.23%)
* Elements of w skipped: 0 (0.00%)
* Elements of w processed with special addition: 1 (1.52%)
* Elements of w remaining: 65 (98.48%)
* Elements of w skipped: 0 (0.00%)
* Elements of w processed with special addition: 1 (0.77%)
* Elements of w remaining: 129 (99.23%)
* UVC proof at step 42
* G1 elements in proof: 2
* G2 elements in proof: 1
* Proof size in bits: 1019
* Cached h poly size: 4351
* UVC Prove step 43
* Elements of w skipped: 0 (0.00%)
* Elements of w processed with special addition: 1 (0.77%)
* Elements of w remaining: 129 (99.23%)
* Elements of w skipped: 0 (0.00%)
* Elements of w processed with special addition: 1 (1.52%)
* Elements of w remaining: 65 (98.48%)
* Elements of w skipped: 0 (0.00%)
* Elements of w processed with special addition: 1 (0.77%)
* Elements of w remaining: 129 (99.23%)
* UVC proof at step 43
* G1 elements in proof: 2
* G2 elements in proof: 1
* Proof size in bits: 1019
* Cached h poly size: 4351
* UVC Prove step 44
* Elements of w skipped: 0 (0.00%)
* Elements of w processed with special addition: 1 (0.77%)
* Elements of w remaining: 129 (99.23%)
* Elements of w skipped: 0 (0.00%)
* Elements of w processed with special addition: 1 (1.52%)
* Elements of w remaining: 65 (98.48%)
* Elements of w skipped: 0 (0.00%)
* Elements of w processed with special addition: 1 (0.77%)
* Elements of w remaining: 129 (99.23%)
* UVC proof at step 44
* G1 elements in proof: 2
* G2 elements in proof: 1
* Proof size in bits: 1019
* Cached h poly size: 4351
* UVC Prove step 45
* Elements of w skipped: 0 (0.00%)
* Elements of w processed with special addition: 1 (0.77%)
* Elements of w remaining: 129 (99.23%)
* Elements of w skipped: 0 (0.00%)
* Elements of w processed with special addition: 1 (1.52%)
* Elements of w remaining: 65 (98.48%)
* Elements of w skipped: 0 (0.00%)
* Elements of w processed with special addition: 1 (0.77%)
* Elements of w remaining: 129 (99.23%)
* UVC proof at step 45
* G1 elements in proof: 2
* G2 elements in proof: 1
* Proof size in bits: 1019
* Cached h poly size: 4351
* UVC Prove step 46
* Elements of w skipped: 0 (0.00%)
* Elements of w processed with special addition: 1 (0.77%)
* Elements of w remaining: 129 (99.23%)
* Elements of w skipped: 0 (0.00%)
* Elements of w processed with special addition: 1 (1.52%)
* Elements of w remaining: 65 (98.48%)
* Elements of w skipped: 0 (0.00%)
* Elements of w processed with special addition: 1 (0.77%)
* Elements of w remaining: 129 (99.23%)
* UVC proof at step 46
* G1 elements in proof: 2
* G2 elements in proof: 1
* Proof size in bits: 1019
* Cached h poly size: 4351
* UVC Prove step 47
* Elements of w skipped: 0 (0.00%)
* Elements of w processed with special addition: 1 (0.77%)
* Elements of w remaining: 129 (99.23%)
* Elements of w skipped: 0 (0.00%)
* Elements of w processed with special addition: 1 (1.52%)
* Elements of w remaining: 65 (98.48%)
* Elements of w skipped: 0 (0.00%)
* Elements of w processed with special addition: 1 (0.77%)
* Elements of w remaining: 129 (99.23%)
* UVC proof at step 47
* G1 elements in proof: 2
* G2 elements in proof: 1
* Proof size in bits: 1019
* Cached h poly size: 4351
* UVC Prove step 48
* Elements of w skipped: 0 (0.00%)
* Elements of w processed with special addition: 1 (0.77%)
* Elements of w remaining: 129 (99.23%)
* Elements of w skipped: 0 (0.00%)
* Elements of w processed with special addition: 1 (1.52%)
* Elements of w remaining: 65 (98.48%)
* Elements of w skipped: 0 (0.00%)
* Elements of w processed with special addition: 1 (0.77%)
* Elements of w remaining: 129 (99.23%)
* UVC proof at step 48
* G1 elements in proof: 2
* G2 elements in proof: 1
* Proof size in bits: 1019
* Cached h poly size: 4351
* UVC Prove step 49
* Elements of w skipped: 0 (0.00%)
* Elements of w processed with special addition: 1 (0.77%)
* Elements of w remaining: 129 (99.23%)
* Elements of w skipped: 0 (0.00%)
* Elements of w processed with special addition: 1 (1.52%)
* Elements of w remaining: 65 (98.48%)
* Elements of w skipped: 0 (0.00%)
* Elements of w processed with special addition: 1 (0.77%)
* Elements of w remaining: 129 (99.23%)
* UVC proof at step 49
* G1 elements in proof: 2
* G2 elements in proof: 1
* Proof size in bits: 1019
* Cached h poly size: 4351
* UVC Prove step 50
* Elements of w skipped: 0 (0.00%)
* Elements of w processed with special addition: 1 (0.77%)
* Elements of w remaining: 129 (99.23%)
* Elements of w skipped: 0 (0.00%)
* Elements of w processed with special addition: 1 (1.52%)
* Elements of w remaining: 65 (98.48%)
* Elements of w skipped: 0 (0.00%)
* Elements of w processed with special addition: 1 (0.77%)
* Elements of w remaining: 129 (99.23%)
* UVC proof at step 50
* G1 elements in proof: 2
* G2 elements in proof: 1
* Proof size in bits: 1019
* Cached h poly size: 4351
* UVC Prove step 51
* Elements of w skipped: 0 (0.00%)
* Elements of w processed with special addition: 1 (0.77%)
* Elements of w remaining: 129 (99.23%)
* Elements of w skipped: 0 (0.00%)
* Elements of w processed with special addition: 1 (1.52%)
* Elements of w remaining: 65 (98.48%)
* Elements of w skipped: 0 (0.00%)
* Elements of w processed with special addition: 1 (0.77%)
* Elements of w remaining: 129 (99.23%)
* UVC proof at step 51
* G1 elements in proof: 2
* G2 elements in proof: 1
* Proof size in bits: 1019
* Cached h poly size: 4351
* UVC Prove step 52
* Elements of w skipped: 0 (0.00%)
* Elements of w processed with special addition: 1 (0.77%)
* Elements of w remaining: 129 (99.23%)
* Elements of w skipped: 0 (0.00%)
* Elements of w processed with special addition: 1 (1.52%)
* Elements of w remaining: 65 (98.48%)
* Elements of w skipped: 0 (0.00%)
* Elements of w processed with special addition: 1 (0.77%)
* Elements of w remaining: 129 (99.23%)
* UVC proof at step 52
* G1 elements in proof: 2
* G2 elements in proof: 1
* Proof size in bits: 1019
* Cached h poly size: 4351
* UVC Prove step 53
* Elements of w skipped: 0 (0.00%)
* Elements of w processed with special addition: 1 (0.77%)
* Elements of w remaining: 129 (99.23%)
* Elements of w skipped: 0 (0.00%)
* Elements of w processed with special addition: 1 (1.52%)
* Elements of w remaining: 65 (98.48%)
* Elements of w skipped: 0 (0.00%)
* Elements of w processed with special addition: 1 (0.77%)
* Elements of w remaining: 129 (99.23%)
* UVC proof at step 53
* G1 elements in proof: 2
* G2 elements in proof: 1
* Proof size in bits: 1019
* Cached h poly size: 4351
* UVC Prove step 54
* Elements of w skipped: 0 (0.00%)
* Elements of w processed with special addition: 1 (0.77%)
* Elements of w remaining: 129 (99.23%)
* Elements of w skipped: 0 (0.00%)
* Elements of w processed with special addition: 1 (1.52%)
* Elements of w remaining: 65 (98.48%)
* Elements of w skipped: 0 (0.00%)
* Elements of w processed with special addition: 1 (0.77%)
* Elements of w remaining: 129 (99.23%)
* UVC proof at step 54
* G1 elements in proof: 2
* G2 elements in proof: 1
* Proof size in bits: 1019
* Cached h poly size: 4351
* UVC Prove step 55
* Elements of w skipped: 0 (0.00%)
* Elements of w processed with special addition: 1 (0.77%)
* Elements of w remaining: 129 (99.23%)
* Elements of w skipped: 0 (0.00%)
* Elements of w processed with special addition: 1 (1.52%)
* Elements of w remaining: 65 (98.48%)
* Elements of w skipped: 0 (0.00%)
* Elements of w processed with special addition: 1 (0.77%)
* Elements of w remaining: 129 (99.23%)
* UVC proof at step 55
* G1 elements in proof: 2
* G2 elements in proof: 1
* Proof size in bits: 1019
* Cached h poly size: 4351
* UVC Prove step 56
* Elements of w skipped: 0 (0.00%)
* Elements of w processed with special addition: 1 (0.77%)
* Elements of w remaining: 129 (99.23%)
* Elements of w skipped: 0 (0.00%)
* Elements of w processed with special addition: 1 (1.52%)
* Elements of w remaining: 65 (98.48%)
* Elements of w skipped: 0 (0.00%)
* Elements of w processed with special addition: 1 (0.77%)
* Elements of w remaining: 129 (99.23%)
* UVC proof at step 56
* G1 elements in proof: 2
* G2 elements in proof: 1
* Proof size in bits: 1019
* Cached h poly size: 4351
* UVC Prove step 57
* Elements of w skipped: 0 (0.00%)
* Elements of w processed with special addition: 1 (0.77%)
* Elements of w remaining: 129 (99.23%)
* Elements of w skipped: 0 (0.00%)
* Elements of w processed with special addition: 1 (1.52%)
* Elements of w remaining: 65 (98.48%)
* Elements of w skipped: 0 (0.00%)
* Elements of w processed with special addition: 1 (0.77%)
* Elements of w remaining: 129 (99.23%)
* UVC proof at step 57
* G1 elements in proof: 2
* G2 elements in proof: 1
* Proof size in bits: 1019
* Cached h poly size: 4351
* UVC Prove step 58
* Elements of w skipped: 0 (0.00%)
* Elements of w processed with special addition: 1 (0.77%)
* Elements of w remaining: 129 (99.23%)
* Elements of w skipped: 0 (0.00%)
* Elements of w processed with special addition: 1 (1.52%)
* Elements of w remaining: 65 (98.48%)
* Elements of w skipped: 0 (0.00%)
* Elements of w processed with special addition: 1 (0.77%)
* Elements of w remaining: 129 (99.23%)
* UVC proof at step 58
* G1 elements in proof: 2
* G2 elements in proof: 1
* Proof size in bits: 1019
* Cached h poly size: 4351
* UVC Prove step 59
* Elements of w skipped: 0 (0.00%)
* Elements of w processed with special addition: 1 (0.77%)
* Elements of w remaining: 129 (99.23%)
* Elements of w skipped: 0 (0.00%)
* Elements of w processed with special addition: 1 (1.52%)
* Elements of w remaining: 65 (98.48%)
* Elements of w skipped: 0 (0.00%)
* Elements of w processed with special addition: 1 (0.77%)
* Elements of w remaining: 129 (99.23%)
* UVC proof at step 59
* G1 elements in proof: 2
* G2 elements in proof: 1
* Proof size in bits: 1019
* Cached h poly size: 4351
* UVC Prove step 60
* Elements of w skipped: 0 (0.00%)
* Elements of w processed with special addition: 1 (0.77%)
* Elements of w remaining: 129 (99.23%)
* Elements of w skipped: 0 (0.00%)
* Elements of w processed with special addition: 1 (1.52%)
* Elements of w remaining: 65 (98.48%)
* Elements of w skipped: 0 (0.00%)
* Elements of w processed with special addition: 1 (0.77%)
* Elements of w remaining: 129 (99.23%)
* UVC proof at step 60
* G1 elements in proof: 2
* G2 elements in proof: 1
* Proof size in bits: 1019
* Cached h poly size: 4351
* UVC Prove step 61
* Elements of w skipped: 0 (0.00%)
* Elements of w processed with special addition: 1 (0.77%)
* Elements of w remaining: 129 (99.23%)
* Elements of w skipped: 0 (0.00%)
* Elements of w processed with special addition: 1 (1.52%)
* Elements of w remaining: 65 (98.48%)
* Elements of w skipped: 0 (0.00%)
* Elements of w processed with special addition: 1 (0.77%)
* Elements of w remaining: 129 (99.23%)
* UVC proof at step 61
* G1 elements in proof: 2
* G2 elements in proof: 1
* Proof size in bits: 1019
* Cached h poly size: 4351
* UVC Prove step 62
* Elements of w skipped: 0 (0.00%)
* Elements of w processed with special addition: 1 (0.77%)
* Elements of w remaining: 129 (99.23%)
* Elements of w skipped: 0 (0.00%)
* Elements of w processed with special addition: 1 (1.52%)
* Elements of w remaining: 65 (98.48%)
* Elements of w skipped: 0 (0.00%)
* Elements of w processed with special addition: 1 (0.77%)
* Elements of w remaining: 129 (99.23%)
* UVC proof at step 62
* G1 elements in proof: 2
* G2 elements in proof: 1
* Proof size in bits: 1019
* Cached h poly size: 4351
* UVC Prove step 63
* Elements of w skipped: 0 (0.00%)
* Elements of w processed with special addition: 1 (0.77%)
* Elements of w remaining: 129 (99.23%)
* Elements of w skipped: 0 (0.00%)
* Elements of w processed with special addition: 1 (1.52%)
* Elements of w remaining: 65 (98.48%)
* Elements of w skipped: 0 (0.00%)
* Elements of w processed with special addition: 1 (0.77%)
* Elements of w remaining: 129 (99.23%)
* UVC proof at step 63
* G1 elements in proof: 2
* G2 elements in proof: 1
* Proof size in bits: 1019
* Cached h poly size: 4351
* UVC Prove step 64
* Elements of w skipped: 0 (0.00%)
* Elements of w processed with special addition: 1 (0.77%)
* Elements of w remaining: 129 (99.23%)
* Elements of w skipped: 0 (0.00%)
* Elements of w processed with special addition: 1 (1.54%)
* Elements of w remaining: 64 (98.46%)
* Elements of w skipped: 0 (0.00%)
* Elements of w processed with special addition: 1 (0.77%)
* Elements of w remaining: 129 (99.23%)
* UVC proof at step 64
* G1 elements in proof: 2
* G2 elements in proof: 1
* Proof size in bits: 1019
* Cached h poly size: 4351

  Step    Prove (ms)    Verify (ms)   Proof bits    Verified  
  ------  ------------  ------------  ------------  ----------
* UVC Prove step 1
* Elements of w skipped: 1 (0.76%)
* Elements of w processed with special addition: 3 (2.27%)
* Elements of w remaining: 128 (96.97%)
* Elements of w skipped: 1 (1.49%)
* Elements of w processed with special addition: 1 (1.49%)
* Elements of w remaining: 65 (97.01%)
* Elements of w skipped: 0 (0.00%)
* Elements of w processed with special addition: 0 (0.00%)
* Elements of w remaining: 65 (100.00%)
* UVC proof at step 1
* G1 elements in proof: 2
* G2 elements in proof: 1
* Proof size in bits: 1019
* Cached h poly size: 4351
* UVC Prove step 1
* Elements of w skipped: 1 (0.76%)
* Elements of w processed with special addition: 3 (2.27%)
* Elements of w remaining: 128 (96.97%)
* Elements of w skipped: 1 (1.49%)
* Elements of w processed with special addition: 1 (1.49%)
* Elements of w remaining: 65 (97.01%)
* Elements of w skipped: 0 (0.00%)
* Elements of w processed with special addition: 0 (0.00%)
* Elements of w remaining: 65 (100.00%)
* UVC proof at step 1
* G1 elements in proof: 2
* G2 elements in proof: 1
* Proof size in bits: 1019
* Cached h poly size: 4351
* UVC Prove step 1
* Elements of w skipped: 1 (0.76%)
* Elements of w processed with special addition: 3 (2.27%)
* Elements of w remaining: 128 (96.97%)
* Elements of w skipped: 1 (1.49%)
* Elements of w processed with special addition: 1 (1.49%)
* Elements of w remaining: 65 (97.01%)
* Elements of w skipped: 0 (0.00%)
* Elements of w processed with special addition: 0 (0.00%)
* Elements of w remaining: 65 (100.00%)
* UVC proof at step 1
* G1 elements in proof: 2
* G2 elements in proof: 1
* Proof size in bits: 1019
* Cached h poly size: 4351
* UVC Prove step 1
* Elements of w skipped: 1 (0.76%)
* Elements of w processed with special addition: 3 (2.27%)
* Elements of w remaining: 128 (96.97%)
* Elements of w skipped: 1 (1.49%)
* Elements of w processed with special addition: 1 (1.49%)
* Elements of w remaining: 65 (97.01%)
* Elements of w skipped: 0 (0.00%)
* Elements of w processed with special addition: 0 (0.00%)
* Elements of w remaining: 65 (100.00%)
* UVC proof at step 1
* G1 elements in proof: 2
* G2 elements in proof: 1
* Proof size in bits: 1019
* Cached h poly size: 4351
* UVC Prove step 1
* Elements of w skipped: 1 (0.76%)
* Elements of w processed with special addition: 3 (2.27%)
* Elements of w remaining: 128 (96.97%)
* Elements of w skipped: 1 (1.49%)
* Elements of w processed with special addition: 1 (1.49%)
* Elements of w remaining: 65 (97.01%)
* Elements of w skipped: 0 (0.00%)
* Elements of w processed with special addition: 0 (0.00%)
* Elements of w remaining: 65 (100.00%)
* UVC proof at step 1
* G1 elements in proof: 2
* G2 elements in proof: 1
* Proof size in bits: 1019
* Cached h poly size: 4351
* UVC Prove step 1
* Elements of w skipped: 1 (0.76%)
* Elements of w processed with special addition: 3 (2.27%)
* Elements of w remaining: 128 (96.97%)
* Elements of w skipped: 1 (1.49%)
* Elements of w processed with special addition: 1 (1.49%)
* Elements of w remaining: 65 (97.01%)
* Elements of w skipped: 0 (0.00%)
* Elements of w processed with special addition: 0 (0.00%)
* Elements of w remaining: 65 (100.00%)
* UVC proof at step 1
* G1 elements in proof: 2
* G2 elements in proof: 1
* Proof size in bits: 1019
* Cached h poly size: 4351
* UVC Prove step 1
* Elements of w skipped: 1 (0.76%)
* Elements of w processed with special addition: 3 (2.27%)
* Elements of w remaining: 128 (96.97%)
* Elements of w skipped: 1 (1.49%)
* Elements of w processed with special addition: 1 (1.49%)
* Elements of w remaining: 65 (97.01%)
* Elements of w skipped: 0 (0.00%)
* Elements of w processed with special addition: 0 (0.00%)
* Elements of w remaining: 65 (100.00%)
* UVC proof at step 1
* G1 elements in proof: 2
* G2 elements in proof: 1
* Proof size in bits: 1019
* Cached h poly size: 4351
* UVC Prove step 1
* Elements of w skipped: 1 (0.76%)
* Elements of w processed with special addition: 3 (2.27%)
* Elements of w remaining: 128 (96.97%)
* Elements of w skipped: 1 (1.49%)
* Elements of w processed with special addition: 1 (1.49%)
* Elements of w remaining: 65 (97.01%)
* Elements of w skipped: 0 (0.00%)
* Elements of w processed with special addition: 0 (0.00%)
* Elements of w remaining: 65 (100.00%)
* UVC proof at step 1
* G1 elements in proof: 2
* G2 elements in proof: 1
* Proof size in bits: 1019
* Cached h poly size: 4351
* UVC Prove step 1
* Elements of w skipped: 1 (0.76%)
* Elements of w processed with special addition: 3 (2.27%)
* Elements of w remaining: 128 (96.97%)
* Elements of w skipped: 1 (1.49%)
* Elements of w processed with special addition: 1 (1.49%)
* Elements of w remaining: 65 (97.01%)
* Elements of w skipped: 0 (0.00%)
* Elements of w processed with special addition: 0 (0.00%)
* Elements of w remaining: 65 (100.00%)
* UVC proof at step 1
* G1 elements in proof: 2
* G2 elements in proof: 1
* Proof size in bits: 1019
* Cached h poly size: 4351
* UVC Prove step 1
* Elements of w skipped: 1 (0.76%)
* Elements of w processed with special addition: 3 (2.27%)
* Elements of w remaining: 128 (96.97%)
* Elements of w skipped: 1 (1.49%)
* Elements of w processed with special addition: 1 (1.49%)
* Elements of w remaining: 65 (97.01%)
* Elements of w skipped: 0 (0.00%)
* Elements of w processed with special addition: 0 (0.00%)
* Elements of w remaining: 65 (100.00%)
* UVC proof at step 1
* G1 elements in proof: 2
* G2 elements in proof: 1
* Proof size in bits: 1019
* Cached h poly size: 4351
* UVC Verify step 1: PASS
* UVC Verify step 1: PASS
* UVC Verify step 1: PASS
* UVC Verify step 1: PASS
* UVC Verify step 1: PASS
* UVC Verify step 1: PASS
* UVC Verify step 1: PASS
* UVC Verify step 1: PASS
* UVC Verify step 1: PASS
* UVC Verify step 1: PASS
  1       113.61        2.73          1019          PASS      
* UVC Prove step 2
* Elements of w skipped: 0 (0.00%)
* Elements of w processed with special addition: 1 (0.77%)
* Elements of w remaining: 129 (99.23%)
* Elements of w skipped: 0 (0.00%)
* Elements of w processed with special addition: 1 (1.52%)
* Elements of w remaining: 65 (98.48%)
* Elements of w skipped: 0 (0.00%)
* Elements of w processed with special addition: 1 (0.77%)
* Elements of w remaining: 129 (99.23%)
* UVC proof at step 2
* G1 elements in proof: 2
* G2 elements in proof: 1
* Proof size in bits: 1019
* Cached h poly size: 4351
* UVC Prove step 2
* Elements of w skipped: 0 (0.00%)
* Elements of w processed with special addition: 1 (0.77%)
* Elements of w remaining: 129 (99.23%)
* Elements of w skipped: 0 (0.00%)
* Elements of w processed with special addition: 1 (1.52%)
* Elements of w remaining: 65 (98.48%)
* Elements of w skipped: 0 (0.00%)
* Elements of w processed with special addition: 1 (0.77%)
* Elements of w remaining: 129 (99.23%)
* UVC proof at step 2
* G1 elements in proof: 2
* G2 elements in proof: 1
* Proof size in bits: 1019
* Cached h poly size: 4351
* UVC Prove step 2
* Elements of w skipped: 0 (0.00%)
* Elements of w processed with special addition: 1 (0.77%)
* Elements of w remaining: 129 (99.23%)
* Elements of w skipped: 0 (0.00%)
* Elements of w processed with special addition: 1 (1.52%)
* Elements of w remaining: 65 (98.48%)
* Elements of w skipped: 0 (0.00%)
* Elements of w processed with special addition: 1 (0.77%)
* Elements of w remaining: 129 (99.23%)
* UVC proof at step 2
* G1 elements in proof: 2
* G2 elements in proof: 1
* Proof size in bits: 1019
* Cached h poly size: 4351
* UVC Prove step 2
* Elements of w skipped: 0 (0.00%)
* Elements of w processed with special addition: 1 (0.77%)
* Elements of w remaining: 129 (99.23%)
* Elements of w skipped: 0 (0.00%)
* Elements of w processed with special addition: 1 (1.52%)
* Elements of w remaining: 65 (98.48%)
* Elements of w skipped: 0 (0.00%)
* Elements of w processed with special addition: 1 (0.77%)
* Elements of w remaining: 129 (99.23%)
* UVC proof at step 2
* G1 elements in proof: 2
* G2 elements in proof: 1
* Proof size in bits: 1019
* Cached h poly size: 4351
* UVC Prove step 2
* Elements of w skipped: 0 (0.00%)
* Elements of w processed with special addition: 1 (0.77%)
* Elements of w remaining: 129 (99.23%)
* Elements of w skipped: 0 (0.00%)
* Elements of w processed with special addition: 1 (1.52%)
* Elements of w remaining: 65 (98.48%)
* Elements of w skipped: 0 (0.00%)
* Elements of w processed with special addition: 1 (0.77%)
* Elements of w remaining: 129 (99.23%)
* UVC proof at step 2
* G1 elements in proof: 2
* G2 elements in proof: 1
* Proof size in bits: 1019
* Cached h poly size: 4351
* UVC Prove step 2
* Elements of w skipped: 0 (0.00%)
* Elements of w processed with special addition: 1 (0.77%)
* Elements of w remaining: 129 (99.23%)
* Elements of w skipped: 0 (0.00%)
* Elements of w processed with special addition: 1 (1.52%)
* Elements of w remaining: 65 (98.48%)
* Elements of w skipped: 0 (0.00%)
* Elements of w processed with special addition: 1 (0.77%)
* Elements of w remaining: 129 (99.23%)
* UVC proof at step 2
* G1 elements in proof: 2
* G2 elements in proof: 1
* Proof size in bits: 1019
* Cached h poly size: 4351
* UVC Prove step 2
* Elements of w skipped: 0 (0.00%)
* Elements of w processed with special addition: 1 (0.77%)
* Elements of w remaining: 129 (99.23%)
* Elements of w skipped: 0 (0.00%)
* Elements of w processed with special addition: 1 (1.52%)
* Elements of w remaining: 65 (98.48%)
* Elements of w skipped: 0 (0.00%)
* Elements of w processed with special addition: 1 (0.77%)
* Elements of w remaining: 129 (99.23%)
* UVC proof at step 2
* G1 elements in proof: 2
* G2 elements in proof: 1
* Proof size in bits: 1019
* Cached h poly size: 4351
* UVC Prove step 2
* Elements of w skipped: 0 (0.00%)
* Elements of w processed with special addition: 1 (0.77%)
* Elements of w remaining: 129 (99.23%)
* Elements of w skipped: 0 (0.00%)
* Elements of w processed with special addition: 1 (1.52%)
* Elements of w remaining: 65 (98.48%)
* Elements of w skipped: 0 (0.00%)
* Elements of w processed with special addition: 1 (0.77%)
* Elements of w remaining: 129 (99.23%)
* UVC proof at step 2
* G1 elements in proof: 2
* G2 elements in proof: 1
* Proof size in bits: 1019
* Cached h poly size: 4351
* UVC Prove step 2
* Elements of w skipped: 0 (0.00%)
* Elements of w processed with special addition: 1 (0.77%)
* Elements of w remaining: 129 (99.23%)
* Elements of w skipped: 0 (0.00%)
* Elements of w processed with special addition: 1 (1.52%)
* Elements of w remaining: 65 (98.48%)
* Elements of w skipped: 0 (0.00%)
* Elements of w processed with special addition: 1 (0.77%)
* Elements of w remaining: 129 (99.23%)
* UVC proof at step 2
* G1 elements in proof: 2
* G2 elements in proof: 1
* Proof size in bits: 1019
* Cached h poly size: 4351
* UVC Prove step 2
* Elements of w skipped: 0 (0.00%)
* Elements of w processed with special addition: 1 (0.77%)
* Elements of w remaining: 129 (99.23%)
* Elements of w skipped: 0 (0.00%)
* Elements of w processed with special addition: 1 (1.52%)
* Elements of w remaining: 65 (98.48%)
* Elements of w skipped: 0 (0.00%)
* Elements of w processed with special addition: 1 (0.77%)
* Elements of w remaining: 129 (99.23%)
* UVC proof at step 2
* G1 elements in proof: 2
* G2 elements in proof: 1
* Proof size in bits: 1019
* Cached h poly size: 4351
* UVC Verify step 2: PASS
* UVC Verify step 2: PASS
* UVC Verify step 2: PASS
* UVC Verify step 2: PASS
* UVC Verify step 2: PASS
* UVC Verify step 2: PASS
* UVC Verify step 2: PASS
* UVC Verify step 2: PASS
* UVC Verify step 2: PASS
* UVC Verify step 2: PASS
  2       115.25        2.82          1019          PASS      
* UVC Prove step 4
* Elements of w skipped: 0 (0.00%)
* Elements of w processed with special addition: 1 (0.77%)
* Elements of w remaining: 129 (99.23%)
* Elements of w skipped: 0 (0.00%)
* Elements of w processed with special addition: 1 (1.52%)
* Elements of w remaining: 65 (98.48%)
* Elements of w skipped: 0 (0.00%)
* Elements of w processed with special addition: 1 (0.77%)
* Elements of w remaining: 129 (99.23%)
* UVC proof at step 4
* G1 elements in proof: 2
* G2 elements in proof: 1
* Proof size in bits: 1019
* Cached h poly size: 4351
* UVC Prove step 4
* Elements of w skipped: 0 (0.00%)
* Elements of w processed with special addition: 1 (0.77%)
* Elements of w remaining: 129 (99.23%)
* Elements of w skipped: 0 (0.00%)
* Elements of w processed with special addition: 1 (1.52%)
* Elements of w remaining: 65 (98.48%)
* Elements of w skipped: 0 (0.00%)
* Elements of w processed with special addition: 1 (0.77%)
* Elements of w remaining: 129 (99.23%)
* UVC proof at step 4
* G1 elements in proof: 2
* G2 elements in proof: 1
* Proof size in bits: 1019
* Cached h poly size: 4351
* UVC Prove step 4
* Elements of w skipped: 0 (0.00%)
* Elements of w processed with special addition: 1 (0.77%)
* Elements of w remaining: 129 (99.23%)
* Elements of w skipped: 0 (0.00%)
* Elements of w processed with special addition: 1 (1.52%)
* Elements of w remaining: 65 (98.48%)
* Elements of w skipped: 0 (0.00%)
* Elements of w processed with special addition: 1 (0.77%)
* Elements of w remaining: 129 (99.23%)
* UVC proof at step 4
* G1 elements in proof: 2
* G2 elements in proof: 1
* Proof size in bits: 1019
* Cached h poly size: 4351
* UVC Prove step 4
* Elements of w skipped: 0 (0.00%)
* Elements of w processed with special addition: 1 (0.77%)
* Elements of w remaining: 129 (99.23%)
* Elements of w skipped: 0 (0.00%)
* Elements of w processed with special addition: 1 (1.52%)
* Elements of w remaining: 65 (98.48%)
* Elements of w skipped: 0 (0.00%)
* Elements of w processed with special addition: 1 (0.77%)
* Elements of w remaining: 129 (99.23%)
* UVC proof at step 4
* G1 elements in proof: 2
* G2 elements in proof: 1
* Proof size in bits: 1019
* Cached h poly size: 4351
* UVC Prove step 4
* Elements of w skipped: 0 (0.00%)
* Elements of w processed with special addition: 1 (0.77%)
* Elements of w remaining: 129 (99.23%)
* Elements of w skipped: 0 (0.00%)
* Elements of w processed with special addition: 1 (1.52%)
* Elements of w remaining: 65 (98.48%)
* Elements of w skipped: 0 (0.00%)
* Elements of w processed with special addition: 1 (0.77%)
* Elements of w remaining: 129 (99.23%)
* UVC proof at step 4
* G1 elements in proof: 2
* G2 elements in proof: 1
* Proof size in bits: 1019
* Cached h poly size: 4351
* UVC Prove step 4
* Elements of w skipped: 0 (0.00%)
* Elements of w processed with special addition: 1 (0.77%)
* Elements of w remaining: 129 (99.23%)
* Elements of w skipped: 0 (0.00%)
* Elements of w processed with special addition: 1 (1.52%)
* Elements of w remaining: 65 (98.48%)
* Elements of w skipped: 0 (0.00%)
* Elements of w processed with special addition: 1 (0.77%)
* Elements of w remaining: 129 (99.23%)
* UVC proof at step 4
* G1 elements in proof: 2
* G2 elements in proof: 1
* Proof size in bits: 1019
* Cached h poly size: 4351
* UVC Prove step 4
* Elements of w skipped: 0 (0.00%)
* Elements of w processed with special addition: 1 (0.77%)
* Elements of w remaining: 129 (99.23%)
* Elements of w skipped: 0 (0.00%)
* Elements of w processed with special addition: 1 (1.52%)
* Elements of w remaining: 65 (98.48%)
* Elements of w skipped: 0 (0.00%)
* Elements of w processed with special addition: 1 (0.77%)
* Elements of w remaining: 129 (99.23%)
* UVC proof at step 4
* G1 elements in proof: 2
* G2 elements in proof: 1
* Proof size in bits: 1019
* Cached h poly size: 4351
* UVC Prove step 4
* Elements of w skipped: 0 (0.00%)
* Elements of w processed with special addition: 1 (0.77%)
* Elements of w remaining: 129 (99.23%)
* Elements of w skipped: 0 (0.00%)
* Elements of w processed with special addition: 1 (1.52%)
* Elements of w remaining: 65 (98.48%)
* Elements of w skipped: 0 (0.00%)
* Elements of w processed with special addition: 1 (0.77%)
* Elements of w remaining: 129 (99.23%)
* UVC proof at step 4
* G1 elements in proof: 2
* G2 elements in proof: 1
* Proof size in bits: 1019
* Cached h poly size: 4351
* UVC Prove step 4
* Elements of w skipped: 0 (0.00%)
* Elements of w processed with special addition: 1 (0.77%)
* Elements of w remaining: 129 (99.23%)
* Elements of w skipped: 0 (0.00%)
* Elements of w processed with special addition: 1 (1.52%)
* Elements of w remaining: 65 (98.48%)
* Elements of w skipped: 0 (0.00%)
* Elements of w processed with special addition: 1 (0.77%)
* Elements of w remaining: 129 (99.23%)
* UVC proof at step 4
* G1 elements in proof: 2
* G2 elements in proof: 1
* Proof size in bits: 1019
* Cached h poly size: 4351
* UVC Prove step 4
* Elements of w skipped: 0 (0.00%)
* Elements of w processed with special addition: 1 (0.77%)
* Elements of w remaining: 129 (99.23%)
* Elements of w skipped: 0 (0.00%)
* Elements of w processed with special addition: 1 (1.52%)
* Elements of w remaining: 65 (98.48%)
* Elements of w skipped: 0 (0.00%)
* Elements of w processed with special addition: 1 (0.77%)
* Elements of w remaining: 129 (99.23%)
* UVC proof at step 4
* G1 elements in proof: 2
* G2 elements in proof: 1
* Proof size in bits: 1019
* Cached h poly size: 4351
* UVC Verify step 4: PASS
* UVC Verify step 4: PASS
* UVC Verify step 4: PASS
* UVC Verify step 4: PASS
* UVC Verify step 4: PASS
* UVC Verify step 4: PASS
* UVC Verify step 4: PASS
* UVC Verify step 4: PASS
* UVC Verify step 4: PASS
* UVC Verify step 4: PASS
  4       115.44        2.74          1019          PASS      
* UVC Prove step 8
* Elements of w skipped: 0 (0.00%)
* Elements of w processed with special addition: 1 (0.77%)
* Elements of w remaining: 129 (99.23%)
* Elements of w skipped: 0 (0.00%)
* Elements of w processed with special addition: 1 (1.52%)
* Elements of w remaining: 65 (98.48%)
* Elements of w skipped: 0 (0.00%)
* Elements of w processed with special addition: 1 (0.77%)
* Elements of w remaining: 129 (99.23%)
* UVC proof at step 8
* G1 elements in proof: 2
* G2 elements in proof: 1
* Proof size in bits: 1019
* Cached h poly size: 4351
* UVC Prove step 8
* Elements of w skipped: 0 (0.00%)
* Elements of w processed with special addition: 1 (0.77%)
* Elements of w remaining: 129 (99.23%)
* Elements of w skipped: 0 (0.00%)
* Elements of w processed with special addition: 1 (1.52%)
* Elements of w remaining: 65 (98.48%)
* Elements of w skipped: 0 (0.00%)
* Elements of w processed with special addition: 1 (0.77%)
* Elements of w remaining: 129 (99.23%)
* UVC proof at step 8
* G1 elements in proof: 2
* G2 elements in proof: 1
* Proof size in bits: 1019
* Cached h poly size: 4351
* UVC Prove step 8
* Elements of w skipped: 0 (0.00%)
* Elements of w processed with special addition: 1 (0.77%)
* Elements of w remaining: 129 (99.23%)
* Elements of w skipped: 0 (0.00%)
* Elements of w processed with special addition: 1 (1.52%)
* Elements of w remaining: 65 (98.48%)
* Elements of w skipped: 0 (0.00%)
* Elements of w processed with special addition: 1 (0.77%)
* Elements of w remaining: 129 (99.23%)
* UVC proof at step 8
* G1 elements in proof: 2
* G2 elements in proof: 1
* Proof size in bits: 1019
* Cached h poly size: 4351
* UVC Prove step 8
* Elements of w skipped: 0 (0.00%)
* Elements of w processed with special addition: 1 (0.77%)
* Elements of w remaining: 129 (99.23%)
* Elements of w skipped: 0 (0.00%)
* Elements of w processed with special addition: 1 (1.52%)
* Elements of w remaining: 65 (98.48%)
* Elements of w skipped: 0 (0.00%)
* Elements of w processed with special addition: 1 (0.77%)
* Elements of w remaining: 129 (99.23%)
* UVC proof at step 8
* G1 elements in proof: 2
* G2 elements in proof: 1
* Proof size in bits: 1019
* Cached h poly size: 4351
* UVC Prove step 8
* Elements of w skipped: 0 (0.00%)
* Elements of w processed with special addition: 1 (0.77%)
* Elements of w remaining: 129 (99.23%)
* Elements of w skipped: 0 (0.00%)
* Elements of w processed with special addition: 1 (1.52%)
* Elements of w remaining: 65 (98.48%)
* Elements of w skipped: 0 (0.00%)
* Elements of w processed with special addition: 1 (0.77%)
* Elements of w remaining: 129 (99.23%)
* UVC proof at step 8
* G1 elements in proof: 2
* G2 elements in proof: 1
* Proof size in bits: 1019
* Cached h poly size: 4351
* UVC Prove step 8
* Elements of w skipped: 0 (0.00%)
* Elements of w processed with special addition: 1 (0.77%)
* Elements of w remaining: 129 (99.23%)
* Elements of w skipped: 0 (0.00%)
* Elements of w processed with special addition: 1 (1.52%)
* Elements of w remaining: 65 (98.48%)
* Elements of w skipped: 0 (0.00%)
* Elements of w processed with special addition: 1 (0.77%)
* Elements of w remaining: 129 (99.23%)
* UVC proof at step 8
* G1 elements in proof: 2
* G2 elements in proof: 1
* Proof size in bits: 1019
* Cached h poly size: 4351
* UVC Prove step 8
* Elements of w skipped: 0 (0.00%)
* Elements of w processed with special addition: 1 (0.77%)
* Elements of w remaining: 129 (99.23%)
* Elements of w skipped: 0 (0.00%)
* Elements of w processed with special addition: 1 (1.52%)
* Elements of w remaining: 65 (98.48%)
* Elements of w skipped: 0 (0.00%)
* Elements of w processed with special addition: 1 (0.77%)
* Elements of w remaining: 129 (99.23%)
* UVC proof at step 8
* G1 elements in proof: 2
* G2 elements in proof: 1
* Proof size in bits: 1019
* Cached h poly size: 4351
* UVC Prove step 8
* Elements of w skipped: 0 (0.00%)
* Elements of w processed with special addition: 1 (0.77%)
* Elements of w remaining: 129 (99.23%)
* Elements of w skipped: 0 (0.00%)
* Elements of w processed with special addition: 1 (1.52%)
* Elements of w remaining: 65 (98.48%)
* Elements of w skipped: 0 (0.00%)
* Elements of w processed with special addition: 1 (0.77%)
* Elements of w remaining: 129 (99.23%)
* UVC proof at step 8
* G1 elements in proof: 2
* G2 elements in proof: 1
* Proof size in bits: 1019
* Cached h poly size: 4351
* UVC Prove step 8
* Elements of w skipped: 0 (0.00%)
* Elements of w processed with special addition: 1 (0.77%)
* Elements of w remaining: 129 (99.23%)
* Elements of w skipped: 0 (0.00%)
* Elements of w processed with special addition: 1 (1.52%)
* Elements of w remaining: 65 (98.48%)
* Elements of w skipped: 0 (0.00%)
* Elements of w processed with special addition: 1 (0.77%)
* Elements of w remaining: 129 (99.23%)
* UVC proof at step 8
* G1 elements in proof: 2
* G2 elements in proof: 1
* Proof size in bits: 1019
* Cached h poly size: 4351
* UVC Prove step 8
* Elements of w skipped: 0 (0.00%)
* Elements of w processed with special addition: 1 (0.77%)
* Elements of w remaining: 129 (99.23%)
* Elements of w skipped: 0 (0.00%)
* Elements of w processed with special addition: 1 (1.52%)
* Elements of w remaining: 65 (98.48%)
* Elements of w skipped: 0 (0.00%)
* Elements of w processed with special addition: 1 (0.77%)
* Elements of w remaining: 129 (99.23%)
* UVC proof at step 8
* G1 elements in proof: 2
* G2 elements in proof: 1
* Proof size in bits: 1019
* Cached h poly size: 4351
* UVC Verify step 8: PASS
* UVC Verify step 8: PASS
* UVC Verify step 8: PASS
* UVC Verify step 8: PASS
* UVC Verify step 8: PASS
* UVC Verify step 8: PASS
* UVC Verify step 8: PASS
* UVC Verify step 8: PASS
* UVC Verify step 8: PASS
* UVC Verify step 8: PASS
  8       115.85        2.86          1019          PASS      
* UVC Prove step 16
* Elements of w skipped: 0 (0.00%)
* Elements of w processed with special addition: 1 (0.77%)
* Elements of w remaining: 129 (99.23%)
* Elements of w skipped: 0 (0.00%)
* Elements of w processed with special addition: 1 (1.52%)
* Elements of w remaining: 65 (98.48%)
* Elements of w skipped: 0 (0.00%)
* Elements of w processed with special addition: 1 (0.77%)
* Elements of w remaining: 129 (99.23%)
* UVC proof at step 16
* G1 elements in proof: 2
* G2 elements in proof: 1
* Proof size in bits: 1019
* Cached h poly size: 4351
* UVC Prove step 16
* Elements of w skipped: 0 (0.00%)
* Elements of w processed with special addition: 1 (0.77%)
* Elements of w remaining: 129 (99.23%)
* Elements of w skipped: 0 (0.00%)
* Elements of w processed with special addition: 1 (1.52%)
* Elements of w remaining: 65 (98.48%)
* Elements of w skipped: 0 (0.00%)
* Elements of w processed with special addition: 1 (0.77%)
* Elements of w remaining: 129 (99.23%)
* UVC proof at step 16
* G1 elements in proof: 2
* G2 elements in proof: 1
* Proof size in bits: 1019
* Cached h poly size: 4351
* UVC Prove step 16
* Elements of w skipped: 0 (0.00%)
* Elements of w processed with special addition: 1 (0.77%)
* Elements of w remaining: 129 (99.23%)
* Elements of w skipped: 0 (0.00%)
* Elements of w processed with special addition: 1 (1.52%)
* Elements of w remaining: 65 (98.48%)
* Elements of w skipped: 0 (0.00%)
* Elements of w processed with special addition: 1 (0.77%)
* Elements of w remaining: 129 (99.23%)
* UVC proof at step 16
* G1 elements in proof: 2
* G2 elements in proof: 1
* Proof size in bits: 1019
* Cached h poly size: 4351
* UVC Prove step 16
* Elements of w skipped: 0 (0.00%)
* Elements of w processed with special addition: 1 (0.77%)
* Elements of w remaining: 129 (99.23%)
* Elements of w skipped: 0 (0.00%)
* Elements of w processed with special addition: 1 (1.52%)
* Elements of w remaining: 65 (98.48%)
* Elements of w skipped: 0 (0.00%)
* Elements of w processed with special addition: 1 (0.77%)
* Elements of w remaining: 129 (99.23%)
* UVC proof at step 16
* G1 elements in proof: 2
* G2 elements in proof: 1
* Proof size in bits: 1019
* Cached h poly size: 4351
* UVC Prove step 16
* Elements of w skipped: 0 (0.00%)
* Elements of w processed with special addition: 1 (0.77%)
* Elements of w remaining: 129 (99.23%)
* Elements of w skipped: 0 (0.00%)
* Elements of w processed with special addition: 1 (1.52%)
* Elements of w remaining: 65 (98.48%)
* Elements of w skipped: 0 (0.00%)
* Elements of w processed with special addition: 1 (0.77%)
* Elements of w remaining: 129 (99.23%)
* UVC proof at step 16
* G1 elements in proof: 2
* G2 elements in proof: 1
* Proof size in bits: 1019
* Cached h poly size: 4351
* UVC Prove step 16
* Elements of w skipped: 0 (0.00%)
* Elements of w processed with special addition: 1 (0.77%)
* Elements of w remaining: 129 (99.23%)
* Elements of w skipped: 0 (0.00%)
* Elements of w processed with special addition: 1 (1.52%)
* Elements of w remaining: 65 (98.48%)
* Elements of w skipped: 0 (0.00%)
* Elements of w processed with special addition: 1 (0.77%)
* Elements of w remaining: 129 (99.23%)
* UVC proof at step 16
* G1 elements in proof: 2
* G2 elements in proof: 1
* Proof size in bits: 1019
* Cached h poly size: 4351
* UVC Prove step 16
* Elements of w skipped: 0 (0.00%)
* Elements of w processed with special addition: 1 (0.77%)
* Elements of w remaining: 129 (99.23%)
* Elements of w skipped: 0 (0.00%)
* Elements of w processed with special addition: 1 (1.52%)
* Elements of w remaining: 65 (98.48%)
* Elements of w skipped: 0 (0.00%)
* Elements of w processed with special addition: 1 (0.77%)
* Elements of w remaining: 129 (99.23%)
* UVC proof at step 16
* G1 elements in proof: 2
* G2 elements in proof: 1
* Proof size in bits: 1019
* Cached h poly size: 4351
* UVC Prove step 16
* Elements of w skipped: 0 (0.00%)
* Elements of w processed with special addition: 1 (0.77%)
* Elements of w remaining: 129 (99.23%)
* Elements of w skipped: 0 (0.00%)
* Elements of w processed with special addition: 1 (1.52%)
* Elements of w remaining: 65 (98.48%)
* Elements of w skipped: 0 (0.00%)
* Elements of w processed with special addition: 1 (0.77%)
* Elements of w remaining: 129 (99.23%)
* UVC proof at step 16
* G1 elements in proof: 2
* G2 elements in proof: 1
* Proof size in bits: 1019
* Cached h poly size: 4351
* UVC Prove step 16
* Elements of w skipped: 0 (0.00%)
* Elements of w processed with special addition: 1 (0.77%)
* Elements of w remaining: 129 (99.23%)
* Elements of w skipped: 0 (0.00%)
* Elements of w processed with special addition: 1 (1.52%)
* Elements of w remaining: 65 (98.48%)
* Elements of w skipped: 0 (0.00%)
* Elements of w processed with special addition: 1 (0.77%)
* Elements of w remaining: 129 (99.23%)
* UVC proof at step 16
* G1 elements in proof: 2
* G2 elements in proof: 1
* Proof size in bits: 1019
* Cached h poly size: 4351
* UVC Prove step 16
* Elements of w skipped: 0 (0.00%)
* Elements of w processed with special addition: 1 (0.77%)
* Elements of w remaining: 129 (99.23%)
* Elements of w skipped: 0 (0.00%)
* Elements of w processed with special addition: 1 (1.52%)
* Elements of w remaining: 65 (98.48%)
* Elements of w skipped: 0 (0.00%)
* Elements of w processed with special addition: 1 (0.77%)
* Elements of w remaining: 129 (99.23%)
* UVC proof at step 16
* G1 elements in proof: 2
* G2 elements in proof: 1
* Proof size in bits: 1019
* Cached h poly size: 4351
* UVC Verify step 16: PASS
* UVC Verify step 16: PASS
* UVC Verify step 16: PASS
* UVC Verify step 16: PASS
* UVC Verify step 16: PASS
* UVC Verify step 16: PASS
* UVC Verify step 16: PASS
* UVC Verify step 16: PASS
* UVC Verify step 16: PASS
* UVC Verify step 16: PASS
  16      116.49        2.74          1019          PASS      
* UVC Prove step 32
* Elements of w skipped: 0 (0.00%)
* Elements of w processed with special addition: 1 (0.77%)
* Elements of w remaining: 129 (99.23%)
* Elements of w skipped: 0 (0.00%)
* Elements of w processed with special addition: 1 (1.52%)
* Elements of w remaining: 65 (98.48%)
* Elements of w skipped: 0 (0.00%)
* Elements of w processed with special addition: 1 (0.77%)
* Elements of w remaining: 129 (99.23%)
* UVC proof at step 32
* G1 elements in proof: 2
* G2 elements in proof: 1
* Proof size in bits: 1019
* Cached h poly size: 4351
* UVC Prove step 32
* Elements of w skipped: 0 (0.00%)
* Elements of w processed with special addition: 1 (0.77%)
* Elements of w remaining: 129 (99.23%)
* Elements of w skipped: 0 (0.00%)
* Elements of w processed with special addition: 1 (1.52%)
* Elements of w remaining: 65 (98.48%)
* Elements of w skipped: 0 (0.00%)
* Elements of w processed with special addition: 1 (0.77%)
* Elements of w remaining: 129 (99.23%)
* UVC proof at step 32
* G1 elements in proof: 2
* G2 elements in proof: 1
* Proof size in bits: 1019
* Cached h poly size: 4351
* UVC Prove step 32
* Elements of w skipped: 0 (0.00%)
* Elements of w processed with special addition: 1 (0.77%)
* Elements of w remaining: 129 (99.23%)
* Elements of w skipped: 0 (0.00%)
* Elements of w processed with special addition: 1 (1.52%)
* Elements of w remaining: 65 (98.48%)
* Elements of w skipped: 0 (0.00%)
* Elements of w processed with special addition: 1 (0.77%)
* Elements of w remaining: 129 (99.23%)
* UVC proof at step 32
* G1 elements in proof: 2
* G2 elements in proof: 1
* Proof size in bits: 1019
* Cached h poly size: 4351
* UVC Prove step 32
* Elements of w skipped: 0 (0.00%)
* Elements of w processed with special addition: 1 (0.77%)
* Elements of w remaining: 129 (99.23%)
* Elements of w skipped: 0 (0.00%)
* Elements of w processed with special addition: 1 (1.52%)
* Elements of w remaining: 65 (98.48%)
* Elements of w skipped: 0 (0.00%)
* Elements of w processed with special addition: 1 (0.77%)
* Elements of w remaining: 129 (99.23%)
* UVC proof at step 32
* G1 elements in proof: 2
* G2 elements in proof: 1
* Proof size in bits: 1019
* Cached h poly size: 4351
* UVC Prove step 32
* Elements of w skipped: 0 (0.00%)
* Elements of w processed with special addition: 1 (0.77%)
* Elements of w remaining: 129 (99.23%)
* Elements of w skipped: 0 (0.00%)
* Elements of w processed with special addition: 1 (1.52%)
* Elements of w remaining: 65 (98.48%)
* Elements of w skipped: 0 (0.00%)
* Elements of w processed with special addition: 1 (0.77%)
* Elements of w remaining: 129 (99.23%)
* UVC proof at step 32
* G1 elements in proof: 2
* G2 elements in proof: 1
* Proof size in bits: 1019
* Cached h poly size: 4351
* UVC Prove step 32
* Elements of w skipped: 0 (0.00%)
* Elements of w processed with special addition: 1 (0.77%)
* Elements of w remaining: 129 (99.23%)
* Elements of w skipped: 0 (0.00%)
* Elements of w processed with special addition: 1 (1.52%)
* Elements of w remaining: 65 (98.48%)
* Elements of w skipped: 0 (0.00%)
* Elements of w processed with special addition: 1 (0.77%)
* Elements of w remaining: 129 (99.23%)
* UVC proof at step 32
* G1 elements in proof: 2
* G2 elements in proof: 1
* Proof size in bits: 1019
* Cached h poly size: 4351
* UVC Prove step 32
* Elements of w skipped: 0 (0.00%)
* Elements of w processed with special addition: 1 (0.77%)
* Elements of w remaining: 129 (99.23%)
* Elements of w skipped: 0 (0.00%)
* Elements of w processed with special addition: 1 (1.52%)
* Elements of w remaining: 65 (98.48%)
* Elements of w skipped: 0 (0.00%)
* Elements of w processed with special addition: 1 (0.77%)
* Elements of w remaining: 129 (99.23%)
* UVC proof at step 32
* G1 elements in proof: 2
* G2 elements in proof: 1
* Proof size in bits: 1019
* Cached h poly size: 4351
* UVC Prove step 32
* Elements of w skipped: 0 (0.00%)
* Elements of w processed with special addition: 1 (0.77%)
* Elements of w remaining: 129 (99.23%)
* Elements of w skipped: 0 (0.00%)
* Elements of w processed with special addition: 1 (1.52%)
* Elements of w remaining: 65 (98.48%)
* Elements of w skipped: 0 (0.00%)
* Elements of w processed with special addition: 1 (0.77%)
* Elements of w remaining: 129 (99.23%)
* UVC proof at step 32
* G1 elements in proof: 2
* G2 elements in proof: 1
* Proof size in bits: 1019
* Cached h poly size: 4351
* UVC Prove step 32
* Elements of w skipped: 0 (0.00%)
* Elements of w processed with special addition: 1 (0.77%)
* Elements of w remaining: 129 (99.23%)
* Elements of w skipped: 0 (0.00%)
* Elements of w processed with special addition: 1 (1.52%)
* Elements of w remaining: 65 (98.48%)
* Elements of w skipped: 0 (0.00%)
* Elements of w processed with special addition: 1 (0.77%)
* Elements of w remaining: 129 (99.23%)
* UVC proof at step 32
* G1 elements in proof: 2
* G2 elements in proof: 1
* Proof size in bits: 1019
* Cached h poly size: 4351
* UVC Prove step 32
* Elements of w skipped: 0 (0.00%)
* Elements of w processed with special addition: 1 (0.77%)
* Elements of w remaining: 129 (99.23%)
* Elements of w skipped: 0 (0.00%)
* Elements of w processed with special addition: 1 (1.52%)
* Elements of w remaining: 65 (98.48%)
* Elements of w skipped: 0 (0.00%)
* Elements of w processed with special addition: 1 (0.77%)
* Elements of w remaining: 129 (99.23%)
* UVC proof at step 32
* G1 elements in proof: 2
* G2 elements in proof: 1
* Proof size in bits: 1019
* Cached h poly size: 4351
* UVC Verify step 32: PASS
* UVC Verify step 32: PASS
* UVC Verify step 32: PASS
* UVC Verify step 32: PASS
* UVC Verify step 32: PASS
* UVC Verify step 32: PASS
* UVC Verify step 32: PASS
* UVC Verify step 32: PASS
* UVC Verify step 32: PASS
* UVC Verify step 32: PASS
  32      115.03        2.78          1019          PASS      
* UVC Prove step 64
* Elements of w skipped: 0 (0.00%)
* Elements of w processed with special addition: 1 (0.77%)
* Elements of w remaining: 129 (99.23%)
* Elements of w skipped: 0 (0.00%)
* Elements of w processed with special addition: 1 (1.54%)
* Elements of w remaining: 64 (98.46%)
* Elements of w skipped: 0 (0.00%)
* Elements of w processed with special addition: 1 (0.77%)
* Elements of w remaining: 129 (99.23%)
* UVC proof at step 64
* G1 elements in proof: 2
* G2 elements in proof: 1
* Proof size in bits: 1019
* Cached h poly size: 4351
* UVC Prove step 64
* Elements of w skipped: 0 (0.00%)
* Elements of w processed with special addition: 1 (0.77%)
* Elements of w remaining: 129 (99.23%)
* Elements of w skipped: 0 (0.00%)
* Elements of w processed with special addition: 1 (1.54%)
* Elements of w remaining: 64 (98.46%)
* Elements of w skipped: 0 (0.00%)
* Elements of w processed with special addition: 1 (0.77%)
* Elements of w remaining: 129 (99.23%)
* UVC proof at step 64
* G1 elements in proof: 2
* G2 elements in proof: 1
* Proof size in bits: 1019
* Cached h poly size: 4351
* UVC Prove step 64
* Elements of w skipped: 0 (0.00%)
* Elements of w processed with special addition: 1 (0.77%)
* Elements of w remaining: 129 (99.23%)
* Elements of w skipped: 0 (0.00%)
* Elements of w processed with special addition: 1 (1.54%)
* Elements of w remaining: 64 (98.46%)
* Elements of w skipped: 0 (0.00%)
* Elements of w processed with special addition: 1 (0.77%)
* Elements of w remaining: 129 (99.23%)
* UVC proof at step 64
* G1 elements in proof: 2
* G2 elements in proof: 1
* Proof size in bits: 1019
* Cached h poly size: 4351
* UVC Prove step 64
* Elements of w skipped: 0 (0.00%)
* Elements of w processed with special addition: 1 (0.77%)
* Elements of w remaining: 129 (99.23%)
* Elements of w skipped: 0 (0.00%)
* Elements of w processed with special addition: 1 (1.54%)
* Elements of w remaining: 64 (98.46%)
* Elements of w skipped: 0 (0.00%)
* Elements of w processed with special addition: 1 (0.77%)
* Elements of w remaining: 129 (99.23%)
* UVC proof at step 64
* G1 elements in proof: 2
* G2 elements in proof: 1
* Proof size in bits: 1019
* Cached h poly size: 4351
* UVC Prove step 64
* Elements of w skipped: 0 (0.00%)
* Elements of w processed with special addition: 1 (0.77%)
* Elements of w remaining: 129 (99.23%)
* Elements of w skipped: 0 (0.00%)
* Elements of w processed with special addition: 1 (1.54%)
* Elements of w remaining: 64 (98.46%)
* Elements of w skipped: 0 (0.00%)
* Elements of w processed with special addition: 1 (0.77%)
* Elements of w remaining: 129 (99.23%)
* UVC proof at step 64
* G1 elements in proof: 2
* G2 elements in proof: 1
* Proof size in bits: 1019
* Cached h poly size: 4351
* UVC Prove step 64
* Elements of w skipped: 0 (0.00%)
* Elements of w processed with special addition: 1 (0.77%)
* Elements of w remaining: 129 (99.23%)
* Elements of w skipped: 0 (0.00%)
* Elements of w processed with special addition: 1 (1.54%)
* Elements of w remaining: 64 (98.46%)
* Elements of w skipped: 0 (0.00%)
* Elements of w processed with special addition: 1 (0.77%)
* Elements of w remaining: 129 (99.23%)
* UVC proof at step 64
* G1 elements in proof: 2
* G2 elements in proof: 1
* Proof size in bits: 1019
* Cached h poly size: 4351
* UVC Prove step 64
* Elements of w skipped: 0 (0.00%)
* Elements of w processed with special addition: 1 (0.77%)
* Elements of w remaining: 129 (99.23%)
* Elements of w skipped: 0 (0.00%)
* Elements of w processed with special addition: 1 (1.54%)
* Elements of w remaining: 64 (98.46%)
* Elements of w skipped: 0 (0.00%)
* Elements of w processed with special addition: 1 (0.77%)
* Elements of w remaining: 129 (99.23%)
* UVC proof at step 64
* G1 elements in proof: 2
* G2 elements in proof: 1
* Proof size in bits: 1019
* Cached h poly size: 4351
* UVC Prove step 64
* Elements of w skipped: 0 (0.00%)
* Elements of w processed with special addition: 1 (0.77%)
* Elements of w remaining: 129 (99.23%)
* Elements of w skipped: 0 (0.00%)
* Elements of w processed with special addition: 1 (1.54%)
* Elements of w remaining: 64 (98.46%)
* Elements of w skipped: 0 (0.00%)
* Elements of w processed with special addition: 1 (0.77%)
* Elements of w remaining: 129 (99.23%)
* UVC proof at step 64
* G1 elements in proof: 2
* G2 elements in proof: 1
* Proof size in bits: 1019
* Cached h poly size: 4351
* UVC Prove step 64
* Elements of w skipped: 0 (0.00%)
* Elements of w processed with special addition: 1 (0.77%)
* Elements of w remaining: 129 (99.23%)
* Elements of w skipped: 0 (0.00%)
* Elements of w processed with special addition: 1 (1.54%)
* Elements of w remaining: 64 (98.46%)
* Elements of w skipped: 0 (0.00%)
* Elements of w processed with special addition: 1 (0.77%)
* Elements of w remaining: 129 (99.23%)
* UVC proof at step 64
* G1 elements in proof: 2
* G2 elements in proof: 1
* Proof size in bits: 1019
* Cached h poly size: 4351
* UVC Prove step 64
* Elements of w skipped: 0 (0.00%)
* Elements of w processed with special addition: 1 (0.77%)
* Elements of w remaining: 129 (99.23%)
* Elements of w skipped: 0 (0.00%)
* Elements of w processed with special addition: 1 (1.54%)
* Elements of w remaining: 64 (98.46%)
* Elements of w skipped: 0 (0.00%)
* Elements of w processed with special addition: 1 (0.77%)
* Elements of w remaining: 129 (99.23%)
* UVC proof at step 64
* G1 elements in proof: 2
* G2 elements in proof: 1
* Proof size in bits: 1019
* Cached h poly size: 4351
* UVC Verify step 64: PASS
* UVC Verify step 64: PASS
* UVC Verify step 64: PASS
* UVC Verify step 64: PASS
* UVC Verify step 64: PASS
* UVC Verify step 64: PASS
* UVC Verify step 64: PASS
* UVC Verify step 64: PASS
* UVC Verify step 64: PASS
* UVC Verify step 64: PASS
  64      111.04        2.77          1019          PASS      

  UVC results written to /Users/heewonchung/Documents/00-Research/active/Updatable Verifiable Computation/Dev/results/2026-03-09_203431_iot/csv/uvc_results.csv

================================================================
Groth16 Benchmark: circuit=sensor_fusion, n=64, B=64
================================================================

  Step    C_j constr  Setup (ms)    Prove (ms)    Verify (ms)   Verified  
  ------  ----------  ------------  ------------  ------------  ----------
* Composed C_1: 65 constraints, 131 variables, 66 inputs
* QAP number of variables: 131
* QAP pre degree: 65
* QAP degree: 132
* QAP number of input variables: 66
* G1 window: 6
* G2 window: 5
* G1 elements in PK: 461
* Non-zero G1 elements in PK: 394
* G2 elements in PK: 133
* Non-zero G2 elements in PK: 66
* PK size in bits: 138224
* G1 elements in VK: 66
* G2 elements in VK: 2
* GT elements in VK: 1
* VK size in bits: 22327
* Elements of w skipped: 1 (0.76%)
* Elements of w processed with special addition: 3 (2.27%)
* Elements of w remaining: 128 (96.97%)
* Elements of w skipped: 0 (0.00%)
* Elements of w processed with special addition: 2 (3.08%)
* Elements of w remaining: 63 (96.92%)
* Elements of w skipped: 0 (0.00%)
* Elements of w processed with special addition: 0 (0.00%)
* Elements of w remaining: 65 (100.00%)
* G1 elements in proof: 2
* G2 elements in proof: 1
* Proof size in bits: 1019
* Elements of w skipped: 1 (0.76%)
* Elements of w processed with special addition: 3 (2.27%)
* Elements of w remaining: 128 (96.97%)
* Elements of w skipped: 0 (0.00%)
* Elements of w processed with special addition: 2 (3.08%)
* Elements of w remaining: 63 (96.92%)
* Elements of w skipped: 0 (0.00%)
* Elements of w processed with special addition: 0 (0.00%)
* Elements of w remaining: 65 (100.00%)
* G1 elements in proof: 2
* G2 elements in proof: 1
* Proof size in bits: 1019
* Elements of w skipped: 1 (0.76%)
* Elements of w processed with special addition: 3 (2.27%)
* Elements of w remaining: 128 (96.97%)
* Elements of w skipped: 0 (0.00%)
* Elements of w processed with special addition: 2 (3.08%)
* Elements of w remaining: 63 (96.92%)
* Elements of w skipped: 0 (0.00%)
* Elements of w processed with special addition: 0 (0.00%)
* Elements of w remaining: 65 (100.00%)
* G1 elements in proof: 2
* G2 elements in proof: 1
* Proof size in bits: 1019
* Elements of w skipped: 1 (0.76%)
* Elements of w processed with special addition: 3 (2.27%)
* Elements of w remaining: 128 (96.97%)
* Elements of w skipped: 0 (0.00%)
* Elements of w processed with special addition: 2 (3.08%)
* Elements of w remaining: 63 (96.92%)
* Elements of w skipped: 0 (0.00%)
* Elements of w processed with special addition: 0 (0.00%)
* Elements of w remaining: 65 (100.00%)
* G1 elements in proof: 2
* G2 elements in proof: 1
* Proof size in bits: 1019
* Elements of w skipped: 1 (0.76%)
* Elements of w processed with special addition: 3 (2.27%)
* Elements of w remaining: 128 (96.97%)
* Elements of w skipped: 0 (0.00%)
* Elements of w processed with special addition: 2 (3.08%)
* Elements of w remaining: 63 (96.92%)
* Elements of w skipped: 0 (0.00%)
* Elements of w processed with special addition: 0 (0.00%)
* Elements of w remaining: 65 (100.00%)
* G1 elements in proof: 2
* G2 elements in proof: 1
* Proof size in bits: 1019
* Elements of w skipped: 1 (0.76%)
* Elements of w processed with special addition: 3 (2.27%)
* Elements of w remaining: 128 (96.97%)
* Elements of w skipped: 0 (0.00%)
* Elements of w processed with special addition: 2 (3.08%)
* Elements of w remaining: 63 (96.92%)
* Elements of w skipped: 0 (0.00%)
* Elements of w processed with special addition: 0 (0.00%)
* Elements of w remaining: 65 (100.00%)
* G1 elements in proof: 2
* G2 elements in proof: 1
* Proof size in bits: 1019
* Elements of w skipped: 1 (0.76%)
* Elements of w processed with special addition: 3 (2.27%)
* Elements of w remaining: 128 (96.97%)
* Elements of w skipped: 0 (0.00%)
* Elements of w processed with special addition: 2 (3.08%)
* Elements of w remaining: 63 (96.92%)
* Elements of w skipped: 0 (0.00%)
* Elements of w processed with special addition: 0 (0.00%)
* Elements of w remaining: 65 (100.00%)
* G1 elements in proof: 2
* G2 elements in proof: 1
* Proof size in bits: 1019
* Elements of w skipped: 1 (0.76%)
* Elements of w processed with special addition: 3 (2.27%)
* Elements of w remaining: 128 (96.97%)
* Elements of w skipped: 0 (0.00%)
* Elements of w processed with special addition: 2 (3.08%)
* Elements of w remaining: 63 (96.92%)
* Elements of w skipped: 0 (0.00%)
* Elements of w processed with special addition: 0 (0.00%)
* Elements of w remaining: 65 (100.00%)
* G1 elements in proof: 2
* G2 elements in proof: 1
* Proof size in bits: 1019
* Elements of w skipped: 1 (0.76%)
* Elements of w processed with special addition: 3 (2.27%)
* Elements of w remaining: 128 (96.97%)
* Elements of w skipped: 0 (0.00%)
* Elements of w processed with special addition: 2 (3.08%)
* Elements of w remaining: 63 (96.92%)
* Elements of w skipped: 0 (0.00%)
* Elements of w processed with special addition: 0 (0.00%)
* Elements of w remaining: 65 (100.00%)
* G1 elements in proof: 2
* G2 elements in proof: 1
* Proof size in bits: 1019
* Elements of w skipped: 1 (0.76%)
* Elements of w processed with special addition: 3 (2.27%)
* Elements of w remaining: 128 (96.97%)
* Elements of w skipped: 0 (0.00%)
* Elements of w processed with special addition: 2 (3.08%)
* Elements of w remaining: 63 (96.92%)
* Elements of w skipped: 0 (0.00%)
* Elements of w processed with special addition: 0 (0.00%)
* Elements of w remaining: 65 (100.00%)
* G1 elements in proof: 2
* G2 elements in proof: 1
* Proof size in bits: 1019
  1       65          33.8          14.77         2.74          PASS      
* Composed C_2: 130 constraints, 261 variables, 66 inputs
* QAP number of variables: 261
* QAP pre degree: 130
* QAP degree: 256
* QAP number of input variables: 66
* G1 window: 7
* G2 window: 5
* G1 elements in PK: 975
* Non-zero G1 elements in PK: 843
* G2 elements in PK: 263
* Non-zero G2 elements in PK: 131
* PK size in bits: 289964
* G1 elements in VK: 66
* G2 elements in VK: 2
* GT elements in VK: 1
* VK size in bits: 22327
* Elements of w skipped: 1 (0.38%)
* Elements of w processed with special addition: 4 (1.53%)
* Elements of w remaining: 257 (98.09%)
* Elements of w skipped: 0 (0.00%)
* Elements of w processed with special addition: 3 (2.31%)
* Elements of w remaining: 127 (97.69%)
* Elements of w skipped: 0 (0.00%)
* Elements of w processed with special addition: 1 (0.51%)
* Elements of w remaining: 194 (99.49%)
* G1 elements in proof: 2
* G2 elements in proof: 1
* Proof size in bits: 1019
* Elements of w skipped: 1 (0.38%)
* Elements of w processed with special addition: 4 (1.53%)
* Elements of w remaining: 257 (98.09%)
* Elements of w skipped: 0 (0.00%)
* Elements of w processed with special addition: 3 (2.31%)
* Elements of w remaining: 127 (97.69%)
* Elements of w skipped: 0 (0.00%)
* Elements of w processed with special addition: 1 (0.51%)
* Elements of w remaining: 194 (99.49%)
* G1 elements in proof: 2
* G2 elements in proof: 1
* Proof size in bits: 1019
* Elements of w skipped: 1 (0.38%)
* Elements of w processed with special addition: 4 (1.53%)
* Elements of w remaining: 257 (98.09%)
* Elements of w skipped: 0 (0.00%)
* Elements of w processed with special addition: 3 (2.31%)
* Elements of w remaining: 127 (97.69%)
* Elements of w skipped: 0 (0.00%)
* Elements of w processed with special addition: 1 (0.51%)
* Elements of w remaining: 194 (99.49%)
* G1 elements in proof: 2
* G2 elements in proof: 1
* Proof size in bits: 1019
* Elements of w skipped: 1 (0.38%)
* Elements of w processed with special addition: 4 (1.53%)
* Elements of w remaining: 257 (98.09%)
* Elements of w skipped: 0 (0.00%)
* Elements of w processed with special addition: 3 (2.31%)
* Elements of w remaining: 127 (97.69%)
* Elements of w skipped: 0 (0.00%)
* Elements of w processed with special addition: 1 (0.51%)
* Elements of w remaining: 194 (99.49%)
* G1 elements in proof: 2
* G2 elements in proof: 1
* Proof size in bits: 1019
* Elements of w skipped: 1 (0.38%)
* Elements of w processed with special addition: 4 (1.53%)
* Elements of w remaining: 257 (98.09%)
* Elements of w skipped: 0 (0.00%)
* Elements of w processed with special addition: 3 (2.31%)
* Elements of w remaining: 127 (97.69%)
* Elements of w skipped: 0 (0.00%)
* Elements of w processed with special addition: 1 (0.51%)
* Elements of w remaining: 194 (99.49%)
* G1 elements in proof: 2
* G2 elements in proof: 1
* Proof size in bits: 1019
* Elements of w skipped: 1 (0.38%)
* Elements of w processed with special addition: 4 (1.53%)
* Elements of w remaining: 257 (98.09%)
* Elements of w skipped: 0 (0.00%)
* Elements of w processed with special addition: 3 (2.31%)
* Elements of w remaining: 127 (97.69%)
* Elements of w skipped: 0 (0.00%)
* Elements of w processed with special addition: 1 (0.51%)
* Elements of w remaining: 194 (99.49%)
* G1 elements in proof: 2
* G2 elements in proof: 1
* Proof size in bits: 1019
* Elements of w skipped: 1 (0.38%)
* Elements of w processed with special addition: 4 (1.53%)
* Elements of w remaining: 257 (98.09%)
* Elements of w skipped: 0 (0.00%)
* Elements of w processed with special addition: 3 (2.31%)
* Elements of w remaining: 127 (97.69%)
* Elements of w skipped: 0 (0.00%)
* Elements of w processed with special addition: 1 (0.51%)
* Elements of w remaining: 194 (99.49%)
* G1 elements in proof: 2
* G2 elements in proof: 1
* Proof size in bits: 1019
* Elements of w skipped: 1 (0.38%)
* Elements of w processed with special addition: 4 (1.53%)
* Elements of w remaining: 257 (98.09%)
* Elements of w skipped: 0 (0.00%)
* Elements of w processed with special addition: 3 (2.31%)
* Elements of w remaining: 127 (97.69%)
* Elements of w skipped: 0 (0.00%)
* Elements of w processed with special addition: 1 (0.51%)
* Elements of w remaining: 194 (99.49%)
* G1 elements in proof: 2
* G2 elements in proof: 1
* Proof size in bits: 1019
* Elements of w skipped: 1 (0.38%)
* Elements of w processed with special addition: 4 (1.53%)
* Elements of w remaining: 257 (98.09%)
* Elements of w skipped: 0 (0.00%)
* Elements of w processed with special addition: 3 (2.31%)
* Elements of w remaining: 127 (97.69%)
* Elements of w skipped: 0 (0.00%)
* Elements of w processed with special addition: 1 (0.51%)
* Elements of w remaining: 194 (99.49%)
* G1 elements in proof: 2
* G2 elements in proof: 1
* Proof size in bits: 1019
* Elements of w skipped: 1 (0.38%)
* Elements of w processed with special addition: 4 (1.53%)
* Elements of w remaining: 257 (98.09%)
* Elements of w skipped: 0 (0.00%)
* Elements of w processed with special addition: 3 (2.31%)
* Elements of w remaining: 127 (97.69%)
* Elements of w skipped: 0 (0.00%)
* Elements of w processed with special addition: 1 (0.51%)
* Elements of w remaining: 194 (99.49%)
* G1 elements in proof: 2
* G2 elements in proof: 1
* Proof size in bits: 1019
  2       130         53.8          22.18         2.78          PASS      
* Composed C_4: 260 constraints, 521 variables, 66 inputs
* QAP number of variables: 521
* QAP pre degree: 260
* QAP degree: 384
* QAP number of input variables: 66
* G1 window: 8
* G2 window: 6
* G1 elements in PK: 1883
* Non-zero G1 elements in PK: 1621
* G2 elements in PK: 523
* Non-zero G2 elements in PK: 261
* PK size in bits: 562844
* G1 elements in VK: 66
* G2 elements in VK: 2
* GT elements in VK: 1
* VK size in bits: 22327
* Elements of w skipped: 1 (0.19%)
* Elements of w processed with special addition: 6 (1.15%)
* Elements of w remaining: 515 (98.66%)
* Elements of w skipped: 0 (0.00%)
* Elements of w processed with special addition: 5 (1.92%)
* Elements of w remaining: 255 (98.08%)
* Elements of w skipped: 0 (0.00%)
* Elements of w processed with special addition: 3 (0.66%)
* Elements of w remaining: 452 (99.34%)
* G1 elements in proof: 2
* G2 elements in proof: 1
* Proof size in bits: 1019
* Elements of w skipped: 1 (0.19%)
* Elements of w processed with special addition: 6 (1.15%)
* Elements of w remaining: 515 (98.66%)
* Elements of w skipped: 0 (0.00%)
* Elements of w processed with special addition: 5 (1.92%)
* Elements of w remaining: 255 (98.08%)
* Elements of w skipped: 0 (0.00%)
* Elements of w processed with special addition: 3 (0.66%)
* Elements of w remaining: 452 (99.34%)
* G1 elements in proof: 2
* G2 elements in proof: 1
* Proof size in bits: 1019
* Elements of w skipped: 1 (0.19%)
* Elements of w processed with special addition: 6 (1.15%)
* Elements of w remaining: 515 (98.66%)
* Elements of w skipped: 0 (0.00%)
* Elements of w processed with special addition: 5 (1.92%)
* Elements of w remaining: 255 (98.08%)
* Elements of w skipped: 0 (0.00%)
* Elements of w processed with special addition: 3 (0.66%)
* Elements of w remaining: 452 (99.34%)
* G1 elements in proof: 2
* G2 elements in proof: 1
* Proof size in bits: 1019
* Elements of w skipped: 1 (0.19%)
* Elements of w processed with special addition: 6 (1.15%)
* Elements of w remaining: 515 (98.66%)
* Elements of w skipped: 0 (0.00%)
* Elements of w processed with special addition: 5 (1.92%)
* Elements of w remaining: 255 (98.08%)
* Elements of w skipped: 0 (0.00%)
* Elements of w processed with special addition: 3 (0.66%)
* Elements of w remaining: 452 (99.34%)
* G1 elements in proof: 2
* G2 elements in proof: 1
* Proof size in bits: 1019
* Elements of w skipped: 1 (0.19%)
* Elements of w processed with special addition: 6 (1.15%)
* Elements of w remaining: 515 (98.66%)
* Elements of w skipped: 0 (0.00%)
* Elements of w processed with special addition: 5 (1.92%)
* Elements of w remaining: 255 (98.08%)
* Elements of w skipped: 0 (0.00%)
* Elements of w processed with special addition: 3 (0.66%)
* Elements of w remaining: 452 (99.34%)
* G1 elements in proof: 2
* G2 elements in proof: 1
* Proof size in bits: 1019
* Elements of w skipped: 1 (0.19%)
* Elements of w processed with special addition: 6 (1.15%)
* Elements of w remaining: 515 (98.66%)
* Elements of w skipped: 0 (0.00%)
* Elements of w processed with special addition: 5 (1.92%)
* Elements of w remaining: 255 (98.08%)
* Elements of w skipped: 0 (0.00%)
* Elements of w processed with special addition: 3 (0.66%)
* Elements of w remaining: 452 (99.34%)
* G1 elements in proof: 2
* G2 elements in proof: 1
* Proof size in bits: 1019
* Elements of w skipped: 1 (0.19%)
* Elements of w processed with special addition: 6 (1.15%)
* Elements of w remaining: 515 (98.66%)
* Elements of w skipped: 0 (0.00%)
* Elements of w processed with special addition: 5 (1.92%)
* Elements of w remaining: 255 (98.08%)
* Elements of w skipped: 0 (0.00%)
* Elements of w processed with special addition: 3 (0.66%)
* Elements of w remaining: 452 (99.34%)
* G1 elements in proof: 2
* G2 elements in proof: 1
* Proof size in bits: 1019
* Elements of w skipped: 1 (0.19%)
* Elements of w processed with special addition: 6 (1.15%)
* Elements of w remaining: 515 (98.66%)
* Elements of w skipped: 0 (0.00%)
* Elements of w processed with special addition: 5 (1.92%)
* Elements of w remaining: 255 (98.08%)
* Elements of w skipped: 0 (0.00%)
* Elements of w processed with special addition: 3 (0.66%)
* Elements of w remaining: 452 (99.34%)
* G1 elements in proof: 2
* G2 elements in proof: 1
* Proof size in bits: 1019
* Elements of w skipped: 1 (0.19%)
* Elements of w processed with special addition: 6 (1.15%)
* Elements of w remaining: 515 (98.66%)
* Elements of w skipped: 0 (0.00%)
* Elements of w processed with special addition: 5 (1.92%)
* Elements of w remaining: 255 (98.08%)
* Elements of w skipped: 0 (0.00%)
* Elements of w processed with special addition: 3 (0.66%)
* Elements of w remaining: 452 (99.34%)
* G1 elements in proof: 2
* G2 elements in proof: 1
* Proof size in bits: 1019
* Elements of w skipped: 1 (0.19%)
* Elements of w processed with special addition: 6 (1.15%)
* Elements of w remaining: 515 (98.66%)
* Elements of w skipped: 0 (0.00%)
* Elements of w processed with special addition: 5 (1.92%)
* Elements of w remaining: 255 (98.08%)
* Elements of w skipped: 0 (0.00%)
* Elements of w processed with special addition: 3 (0.66%)
* Elements of w remaining: 452 (99.34%)
* G1 elements in proof: 2
* G2 elements in proof: 1
* Proof size in bits: 1019
  4       260         86.4          32.31         2.75          PASS      
* Composed C_8: 520 constraints, 1041 variables, 66 inputs
* QAP number of variables: 1041
* QAP pre degree: 520
* QAP degree: 640
* QAP number of input variables: 66
* G1 window: 8
* G2 window: 7
* G1 elements in PK: 3699
* Non-zero G1 elements in PK: 3177
* G2 elements in PK: 1043
* Non-zero G2 elements in PK: 521
* PK size in bits: 1108604
* G1 elements in VK: 66
* G2 elements in VK: 2
* GT elements in VK: 1
* VK size in bits: 22327
* Elements of w skipped: 1 (0.10%)
* Elements of w processed with special addition: 10 (0.96%)
* Elements of w remaining: 1031 (98.94%)
* Elements of w skipped: 0 (0.00%)
* Elements of w processed with special addition: 9 (1.73%)
* Elements of w remaining: 511 (98.27%)
* Elements of w skipped: 0 (0.00%)
* Elements of w processed with special addition: 7 (0.72%)
* Elements of w remaining: 968 (99.28%)
* G1 elements in proof: 2
* G2 elements in proof: 1
* Proof size in bits: 1019
* Elements of w skipped: 1 (0.10%)
* Elements of w processed with special addition: 10 (0.96%)
* Elements of w remaining: 1031 (98.94%)
* Elements of w skipped: 0 (0.00%)
* Elements of w processed with special addition: 9 (1.73%)
* Elements of w remaining: 511 (98.27%)
* Elements of w skipped: 0 (0.00%)
* Elements of w processed with special addition: 7 (0.72%)
* Elements of w remaining: 968 (99.28%)
* G1 elements in proof: 2
* G2 elements in proof: 1
* Proof size in bits: 1019
* Elements of w skipped: 1 (0.10%)
* Elements of w processed with special addition: 10 (0.96%)
* Elements of w remaining: 1031 (98.94%)
* Elements of w skipped: 0 (0.00%)
* Elements of w processed with special addition: 9 (1.73%)
* Elements of w remaining: 511 (98.27%)
* Elements of w skipped: 0 (0.00%)
* Elements of w processed with special addition: 7 (0.72%)
* Elements of w remaining: 968 (99.28%)
* G1 elements in proof: 2
* G2 elements in proof: 1
* Proof size in bits: 1019
* Elements of w skipped: 1 (0.10%)
* Elements of w processed with special addition: 10 (0.96%)
* Elements of w remaining: 1031 (98.94%)
* Elements of w skipped: 0 (0.00%)
* Elements of w processed with special addition: 9 (1.73%)
* Elements of w remaining: 511 (98.27%)
* Elements of w skipped: 0 (0.00%)
* Elements of w processed with special addition: 7 (0.72%)
* Elements of w remaining: 968 (99.28%)
* G1 elements in proof: 2
* G2 elements in proof: 1
* Proof size in bits: 1019
* Elements of w skipped: 1 (0.10%)
* Elements of w processed with special addition: 10 (0.96%)
* Elements of w remaining: 1031 (98.94%)
* Elements of w skipped: 0 (0.00%)
* Elements of w processed with special addition: 9 (1.73%)
* Elements of w remaining: 511 (98.27%)
* Elements of w skipped: 0 (0.00%)
* Elements of w processed with special addition: 7 (0.72%)
* Elements of w remaining: 968 (99.28%)
* G1 elements in proof: 2
* G2 elements in proof: 1
* Proof size in bits: 1019
* Elements of w skipped: 1 (0.10%)
* Elements of w processed with special addition: 10 (0.96%)
* Elements of w remaining: 1031 (98.94%)
* Elements of w skipped: 0 (0.00%)
* Elements of w processed with special addition: 9 (1.73%)
* Elements of w remaining: 511 (98.27%)
* Elements of w skipped: 0 (0.00%)
* Elements of w processed with special addition: 7 (0.72%)
* Elements of w remaining: 968 (99.28%)
* G1 elements in proof: 2
* G2 elements in proof: 1
* Proof size in bits: 1019
* Elements of w skipped: 1 (0.10%)
* Elements of w processed with special addition: 10 (0.96%)
* Elements of w remaining: 1031 (98.94%)
* Elements of w skipped: 0 (0.00%)
* Elements of w processed with special addition: 9 (1.73%)
* Elements of w remaining: 511 (98.27%)
* Elements of w skipped: 0 (0.00%)
* Elements of w processed with special addition: 7 (0.72%)
* Elements of w remaining: 968 (99.28%)
* G1 elements in proof: 2
* G2 elements in proof: 1
* Proof size in bits: 1019
* Elements of w skipped: 1 (0.10%)
* Elements of w processed with special addition: 10 (0.96%)
* Elements of w remaining: 1031 (98.94%)
* Elements of w skipped: 0 (0.00%)
* Elements of w processed with special addition: 9 (1.73%)
* Elements of w remaining: 511 (98.27%)
* Elements of w skipped: 0 (0.00%)
* Elements of w processed with special addition: 7 (0.72%)
* Elements of w remaining: 968 (99.28%)
* G1 elements in proof: 2
* G2 elements in proof: 1
* Proof size in bits: 1019
* Elements of w skipped: 1 (0.10%)
* Elements of w processed with special addition: 10 (0.96%)
* Elements of w remaining: 1031 (98.94%)
* Elements of w skipped: 0 (0.00%)
* Elements of w processed with special addition: 9 (1.73%)
* Elements of w remaining: 511 (98.27%)
* Elements of w skipped: 0 (0.00%)
* Elements of w processed with special addition: 7 (0.72%)
* Elements of w remaining: 968 (99.28%)
* G1 elements in proof: 2
* G2 elements in proof: 1
* Proof size in bits: 1019
* Elements of w skipped: 1 (0.10%)
* Elements of w processed with special addition: 10 (0.96%)
* Elements of w remaining: 1031 (98.94%)
* Elements of w skipped: 0 (0.00%)
* Elements of w processed with special addition: 9 (1.73%)
* Elements of w remaining: 511 (98.27%)
* Elements of w skipped: 0 (0.00%)
* Elements of w processed with special addition: 7 (0.72%)
* Elements of w remaining: 968 (99.28%)
* G1 elements in proof: 2
* G2 elements in proof: 1
* Proof size in bits: 1019
  8       520         143.7         57.45         2.93          PASS      
* Composed C_16: 1040 constraints, 2081 variables, 66 inputs
* QAP number of variables: 2081
* QAP pre degree: 1040
* QAP degree: 1152
* QAP number of input variables: 66
* G1 window: 9
* G2 window: 8
* G1 elements in PK: 7331
* Non-zero G1 elements in PK: 6289
* G2 elements in PK: 2083
* Non-zero G2 elements in PK: 1041
* PK size in bits: 2200124
* G1 elements in VK: 66
* G2 elements in VK: 2
* GT elements in VK: 1
* VK size in bits: 22327
* Elements of w skipped: 1 (0.05%)
* Elements of w processed with special addition: 18 (0.86%)
* Elements of w remaining: 2063 (99.09%)
* Elements of w skipped: 0 (0.00%)
* Elements of w processed with special addition: 17 (1.63%)
* Elements of w remaining: 1023 (98.37%)
* Elements of w skipped: 0 (0.00%)
* Elements of w processed with special addition: 15 (0.74%)
* Elements of w remaining: 2000 (99.26%)
* G1 elements in proof: 2
* G2 elements in proof: 1
* Proof size in bits: 1019
* Elements of w skipped: 1 (0.05%)
* Elements of w processed with special addition: 18 (0.86%)
* Elements of w remaining: 2063 (99.09%)
* Elements of w skipped: 0 (0.00%)
* Elements of w processed with special addition: 17 (1.63%)
* Elements of w remaining: 1023 (98.37%)
* Elements of w skipped: 0 (0.00%)
* Elements of w processed with special addition: 15 (0.74%)
* Elements of w remaining: 2000 (99.26%)
* G1 elements in proof: 2
* G2 elements in proof: 1
* Proof size in bits: 1019
* Elements of w skipped: 1 (0.05%)
* Elements of w processed with special addition: 18 (0.86%)
* Elements of w remaining: 2063 (99.09%)
* Elements of w skipped: 0 (0.00%)
* Elements of w processed with special addition: 17 (1.63%)
* Elements of w remaining: 1023 (98.37%)
* Elements of w skipped: 0 (0.00%)
* Elements of w processed with special addition: 15 (0.74%)
* Elements of w remaining: 2000 (99.26%)
* G1 elements in proof: 2
* G2 elements in proof: 1
* Proof size in bits: 1019
* Elements of w skipped: 1 (0.05%)
* Elements of w processed with special addition: 18 (0.86%)
* Elements of w remaining: 2063 (99.09%)
* Elements of w skipped: 0 (0.00%)
* Elements of w processed with special addition: 17 (1.63%)
* Elements of w remaining: 1023 (98.37%)
* Elements of w skipped: 0 (0.00%)
* Elements of w processed with special addition: 15 (0.74%)
* Elements of w remaining: 2000 (99.26%)
* G1 elements in proof: 2
* G2 elements in proof: 1
* Proof size in bits: 1019
* Elements of w skipped: 1 (0.05%)
* Elements of w processed with special addition: 18 (0.86%)
* Elements of w remaining: 2063 (99.09%)
* Elements of w skipped: 0 (0.00%)
* Elements of w processed with special addition: 17 (1.63%)
* Elements of w remaining: 1023 (98.37%)
* Elements of w skipped: 0 (0.00%)
* Elements of w processed with special addition: 15 (0.74%)
* Elements of w remaining: 2000 (99.26%)
* G1 elements in proof: 2
* G2 elements in proof: 1
* Proof size in bits: 1019
* Elements of w skipped: 1 (0.05%)
* Elements of w processed with special addition: 18 (0.86%)
* Elements of w remaining: 2063 (99.09%)
* Elements of w skipped: 0 (0.00%)
* Elements of w processed with special addition: 17 (1.63%)
* Elements of w remaining: 1023 (98.37%)
* Elements of w skipped: 0 (0.00%)
* Elements of w processed with special addition: 15 (0.74%)
* Elements of w remaining: 2000 (99.26%)
* G1 elements in proof: 2
* G2 elements in proof: 1
* Proof size in bits: 1019
* Elements of w skipped: 1 (0.05%)
* Elements of w processed with special addition: 18 (0.86%)
* Elements of w remaining: 2063 (99.09%)
* Elements of w skipped: 0 (0.00%)
* Elements of w processed with special addition: 17 (1.63%)
* Elements of w remaining: 1023 (98.37%)
* Elements of w skipped: 0 (0.00%)
* Elements of w processed with special addition: 15 (0.74%)
* Elements of w remaining: 2000 (99.26%)
* G1 elements in proof: 2
* G2 elements in proof: 1
* Proof size in bits: 1019
* Elements of w skipped: 1 (0.05%)
* Elements of w processed with special addition: 18 (0.86%)
* Elements of w remaining: 2063 (99.09%)
* Elements of w skipped: 0 (0.00%)
* Elements of w processed with special addition: 17 (1.63%)
* Elements of w remaining: 1023 (98.37%)
* Elements of w skipped: 0 (0.00%)
* Elements of w processed with special addition: 15 (0.74%)
* Elements of w remaining: 2000 (99.26%)
* G1 elements in proof: 2
* G2 elements in proof: 1
* Proof size in bits: 1019
* Elements of w skipped: 1 (0.05%)
* Elements of w processed with special addition: 18 (0.86%)
* Elements of w remaining: 2063 (99.09%)
* Elements of w skipped: 0 (0.00%)
* Elements of w processed with special addition: 17 (1.63%)
* Elements of w remaining: 1023 (98.37%)
* Elements of w skipped: 0 (0.00%)
* Elements of w processed with special addition: 15 (0.74%)
* Elements of w remaining: 2000 (99.26%)
* G1 elements in proof: 2
* G2 elements in proof: 1
* Proof size in bits: 1019
* Elements of w skipped: 1 (0.05%)
* Elements of w processed with special addition: 18 (0.86%)
* Elements of w remaining: 2063 (99.09%)
* Elements of w skipped: 0 (0.00%)
* Elements of w processed with special addition: 17 (1.63%)
* Elements of w remaining: 1023 (98.37%)
* Elements of w skipped: 0 (0.00%)
* Elements of w processed with special addition: 15 (0.74%)
* Elements of w remaining: 2000 (99.26%)
* G1 elements in proof: 2
* G2 elements in proof: 1
* Proof size in bits: 1019
  16      1040        253.4         90.59         2.79          PASS      
* Composed C_32: 2080 constraints, 4161 variables, 66 inputs
* QAP number of variables: 4161
* QAP pre degree: 2080
* QAP degree: 2176
* QAP number of input variables: 66
* G1 window: 11
* G2 window: 9
* G1 elements in PK: 14595
* Non-zero G1 elements in PK: 12513
* G2 elements in PK: 4163
* Non-zero G2 elements in PK: 2081
* PK size in bits: 4383164
* G1 elements in VK: 66
* G2 elements in VK: 2
* GT elements in VK: 1
* VK size in bits: 22327
* Elements of w skipped: 1 (0.02%)
* Elements of w processed with special addition: 34 (0.82%)
* Elements of w remaining: 4127 (99.16%)
* Elements of w skipped: 0 (0.00%)
* Elements of w processed with special addition: 33 (1.59%)
* Elements of w remaining: 2047 (98.41%)
* Elements of w skipped: 0 (0.00%)
* Elements of w processed with special addition: 31 (0.76%)
* Elements of w remaining: 4064 (99.24%)
* G1 elements in proof: 2
* G2 elements in proof: 1
* Proof size in bits: 1019
* Elements of w skipped: 1 (0.02%)
* Elements of w processed with special addition: 34 (0.82%)
* Elements of w remaining: 4127 (99.16%)
* Elements of w skipped: 0 (0.00%)
* Elements of w processed with special addition: 33 (1.59%)
* Elements of w remaining: 2047 (98.41%)
* Elements of w skipped: 0 (0.00%)
* Elements of w processed with special addition: 31 (0.76%)
* Elements of w remaining: 4064 (99.24%)
* G1 elements in proof: 2
* G2 elements in proof: 1
* Proof size in bits: 1019
* Elements of w skipped: 1 (0.02%)
* Elements of w processed with special addition: 34 (0.82%)
* Elements of w remaining: 4127 (99.16%)
* Elements of w skipped: 0 (0.00%)
* Elements of w processed with special addition: 33 (1.59%)
* Elements of w remaining: 2047 (98.41%)
* Elements of w skipped: 0 (0.00%)
* Elements of w processed with special addition: 31 (0.76%)
* Elements of w remaining: 4064 (99.24%)
* G1 elements in proof: 2
* G2 elements in proof: 1
* Proof size in bits: 1019
* Elements of w skipped: 1 (0.02%)
* Elements of w processed with special addition: 34 (0.82%)
* Elements of w remaining: 4127 (99.16%)
* Elements of w skipped: 0 (0.00%)
* Elements of w processed with special addition: 33 (1.59%)
* Elements of w remaining: 2047 (98.41%)
* Elements of w skipped: 0 (0.00%)
* Elements of w processed with special addition: 31 (0.76%)
* Elements of w remaining: 4064 (99.24%)
* G1 elements in proof: 2
* G2 elements in proof: 1
* Proof size in bits: 1019
* Elements of w skipped: 1 (0.02%)
* Elements of w processed with special addition: 34 (0.82%)
* Elements of w remaining: 4127 (99.16%)
* Elements of w skipped: 0 (0.00%)
* Elements of w processed with special addition: 33 (1.59%)
* Elements of w remaining: 2047 (98.41%)
* Elements of w skipped: 0 (0.00%)
* Elements of w processed with special addition: 31 (0.76%)
* Elements of w remaining: 4064 (99.24%)
* G1 elements in proof: 2
* G2 elements in proof: 1
* Proof size in bits: 1019
* Elements of w skipped: 1 (0.02%)
* Elements of w processed with special addition: 34 (0.82%)
* Elements of w remaining: 4127 (99.16%)
* Elements of w skipped: 0 (0.00%)
* Elements of w processed with special addition: 33 (1.59%)
* Elements of w remaining: 2047 (98.41%)
* Elements of w skipped: 0 (0.00%)
* Elements of w processed with special addition: 31 (0.76%)
* Elements of w remaining: 4064 (99.24%)
* G1 elements in proof: 2
* G2 elements in proof: 1
* Proof size in bits: 1019
* Elements of w skipped: 1 (0.02%)
* Elements of w processed with special addition: 34 (0.82%)
* Elements of w remaining: 4127 (99.16%)
* Elements of w skipped: 0 (0.00%)
* Elements of w processed with special addition: 33 (1.59%)
* Elements of w remaining: 2047 (98.41%)
* Elements of w skipped: 0 (0.00%)
* Elements of w processed with special addition: 31 (0.76%)
* Elements of w remaining: 4064 (99.24%)
* G1 elements in proof: 2
* G2 elements in proof: 1
* Proof size in bits: 1019
* Elements of w skipped: 1 (0.02%)
* Elements of w processed with special addition: 34 (0.82%)
* Elements of w remaining: 4127 (99.16%)
* Elements of w skipped: 0 (0.00%)
* Elements of w processed with special addition: 33 (1.59%)
* Elements of w remaining: 2047 (98.41%)
* Elements of w skipped: 0 (0.00%)
* Elements of w processed with special addition: 31 (0.76%)
* Elements of w remaining: 4064 (99.24%)
* G1 elements in proof: 2
* G2 elements in proof: 1
* Proof size in bits: 1019
* Elements of w skipped: 1 (0.02%)
* Elements of w processed with special addition: 34 (0.82%)
* Elements of w remaining: 4127 (99.16%)
* Elements of w skipped: 0 (0.00%)
* Elements of w processed with special addition: 33 (1.59%)
* Elements of w remaining: 2047 (98.41%)
* Elements of w skipped: 0 (0.00%)
* Elements of w processed with special addition: 31 (0.76%)
* Elements of w remaining: 4064 (99.24%)
* G1 elements in proof: 2
* G2 elements in proof: 1
* Proof size in bits: 1019
* Elements of w skipped: 1 (0.02%)
* Elements of w processed with special addition: 34 (0.82%)
* Elements of w remaining: 4127 (99.16%)
* Elements of w skipped: 0 (0.00%)
* Elements of w processed with special addition: 33 (1.59%)
* Elements of w remaining: 2047 (98.41%)
* Elements of w skipped: 0 (0.00%)
* Elements of w processed with special addition: 31 (0.76%)
* Elements of w remaining: 4064 (99.24%)
* G1 elements in proof: 2
* G2 elements in proof: 1
* Proof size in bits: 1019
  32      2080        440.6         149.61        2.77          PASS      
* Composed C_64: 4160 constraints, 8321 variables, 66 inputs
* QAP number of variables: 8321
* QAP pre degree: 4160
* QAP degree: 4352
* QAP number of input variables: 66
* G1 window: 11
* G2 window: 9
* G1 elements in PK: 29251
* Non-zero G1 elements in PK: 25089
* G2 elements in PK: 8323
* Non-zero G2 elements in PK: 4161
* PK size in bits: 8781884
* G1 elements in VK: 66
* G2 elements in VK: 2
* GT elements in VK: 1
* VK size in bits: 22327
* Elements of w skipped: 1 (0.01%)
* Elements of w processed with special addition: 66 (0.79%)
* Elements of w remaining: 8255 (99.19%)
* Elements of w skipped: 0 (0.00%)
* Elements of w processed with special addition: 65 (1.56%)
* Elements of w remaining: 4095 (98.44%)
* Elements of w skipped: 0 (0.00%)
* Elements of w processed with special addition: 63 (0.76%)
* Elements of w remaining: 8192 (99.24%)
* G1 elements in proof: 2
* G2 elements in proof: 1
* Proof size in bits: 1019
* Elements of w skipped: 1 (0.01%)
* Elements of w processed with special addition: 66 (0.79%)
* Elements of w remaining: 8255 (99.19%)
* Elements of w skipped: 0 (0.00%)
* Elements of w processed with special addition: 65 (1.56%)
* Elements of w remaining: 4095 (98.44%)
* Elements of w skipped: 0 (0.00%)
* Elements of w processed with special addition: 63 (0.76%)
* Elements of w remaining: 8192 (99.24%)
* G1 elements in proof: 2
* G2 elements in proof: 1
* Proof size in bits: 1019
* Elements of w skipped: 1 (0.01%)
* Elements of w processed with special addition: 66 (0.79%)
* Elements of w remaining: 8255 (99.19%)
* Elements of w skipped: 0 (0.00%)
* Elements of w processed with special addition: 65 (1.56%)
* Elements of w remaining: 4095 (98.44%)
* Elements of w skipped: 0 (0.00%)
* Elements of w processed with special addition: 63 (0.76%)
* Elements of w remaining: 8192 (99.24%)
* G1 elements in proof: 2
* G2 elements in proof: 1
* Proof size in bits: 1019
* Elements of w skipped: 1 (0.01%)
* Elements of w processed with special addition: 66 (0.79%)
* Elements of w remaining: 8255 (99.19%)
* Elements of w skipped: 0 (0.00%)
* Elements of w processed with special addition: 65 (1.56%)
* Elements of w remaining: 4095 (98.44%)
* Elements of w skipped: 0 (0.00%)
* Elements of w processed with special addition: 63 (0.76%)
* Elements of w remaining: 8192 (99.24%)
* G1 elements in proof: 2
* G2 elements in proof: 1
* Proof size in bits: 1019
* Elements of w skipped: 1 (0.01%)
* Elements of w processed with special addition: 66 (0.79%)
* Elements of w remaining: 8255 (99.19%)
* Elements of w skipped: 0 (0.00%)
* Elements of w processed with special addition: 65 (1.56%)
* Elements of w remaining: 4095 (98.44%)
* Elements of w skipped: 0 (0.00%)
* Elements of w processed with special addition: 63 (0.76%)
* Elements of w remaining: 8192 (99.24%)
* G1 elements in proof: 2
* G2 elements in proof: 1
* Proof size in bits: 1019
* Elements of w skipped: 1 (0.01%)
* Elements of w processed with special addition: 66 (0.79%)
* Elements of w remaining: 8255 (99.19%)
* Elements of w skipped: 0 (0.00%)
* Elements of w processed with special addition: 65 (1.56%)
* Elements of w remaining: 4095 (98.44%)
* Elements of w skipped: 0 (0.00%)
* Elements of w processed with special addition: 63 (0.76%)
* Elements of w remaining: 8192 (99.24%)
* G1 elements in proof: 2
* G2 elements in proof: 1
* Proof size in bits: 1019
* Elements of w skipped: 1 (0.01%)
* Elements of w processed with special addition: 66 (0.79%)
* Elements of w remaining: 8255 (99.19%)
* Elements of w skipped: 0 (0.00%)
* Elements of w processed with special addition: 65 (1.56%)
* Elements of w remaining: 4095 (98.44%)
* Elements of w skipped: 0 (0.00%)
* Elements of w processed with special addition: 63 (0.76%)
* Elements of w remaining: 8192 (99.24%)
* G1 elements in proof: 2
* G2 elements in proof: 1
* Proof size in bits: 1019
* Elements of w skipped: 1 (0.01%)
* Elements of w processed with special addition: 66 (0.79%)
* Elements of w remaining: 8255 (99.19%)
* Elements of w skipped: 0 (0.00%)
* Elements of w processed with special addition: 65 (1.56%)
* Elements of w remaining: 4095 (98.44%)
* Elements of w skipped: 0 (0.00%)
* Elements of w processed with special addition: 63 (0.76%)
* Elements of w remaining: 8192 (99.24%)
* G1 elements in proof: 2
* G2 elements in proof: 1
* Proof size in bits: 1019
* Elements of w skipped: 1 (0.01%)
* Elements of w processed with special addition: 66 (0.79%)
* Elements of w remaining: 8255 (99.19%)
* Elements of w skipped: 0 (0.00%)
* Elements of w processed with special addition: 65 (1.56%)
* Elements of w remaining: 4095 (98.44%)
* Elements of w skipped: 0 (0.00%)
* Elements of w processed with special addition: 63 (0.76%)
* Elements of w remaining: 8192 (99.24%)
* G1 elements in proof: 2
* G2 elements in proof: 1
* Proof size in bits: 1019
* Elements of w skipped: 1 (0.01%)
* Elements of w processed with special addition: 66 (0.79%)
* Elements of w remaining: 8255 (99.19%)
* Elements of w skipped: 0 (0.00%)
* Elements of w processed with special addition: 65 (1.56%)
* Elements of w remaining: 4095 (98.44%)
* Elements of w skipped: 0 (0.00%)
* Elements of w processed with special addition: 63 (0.76%)
* Elements of w remaining: 8192 (99.24%)
* G1 elements in proof: 2
* G2 elements in proof: 1
* Proof size in bits: 1019
  64      4160        858.2         277.89        2.77          PASS      

  Groth16 results written to /Users/heewonchung/Documents/00-Research/active/Updatable Verifiable Computation/Dev/results/2026-03-09_203431_iot/csv/groth16_results.csv

================================================================
All benchmarks complete.
================================================================
  Done in 25s


C++ IoT benchmarks complete.
  UVC:     /Users/heewonchung/Documents/00-Research/active/Updatable Verifiable Computation/Dev/results/2026-03-09_203431_iot/csv/uvc_results.csv
  Groth16: /Users/heewonchung/Documents/00-Research/active/Updatable Verifiable Computation/Dev/results/2026-03-09_203431_iot/csv/groth16_results.csv

============================================================
  Nova IoT Sensor Fusion Benchmarks
  Configurations: 5
============================================================

------------------------------------------------------------
  Running: [1/5] nova sensor_fusion K=4 steps=64
  Command: nova-bench --circuit sensor_fusion --n 4 --steps 64 --output-dir /Users/heewonchung/Documents/00-Research/active/Updatable Verifiable Computation/Dev/results/2026-03-09_203431_iot/csv
------------------------------------------------------------
================================================================
Nova Folding-Scheme Benchmark
================================================================
  Circuit: sensor_fusion, n=4, steps=64
  Sensor fusion circuit: 4 sensors, 1 constraint/step
  [Setup] Computing public parameters...
  Setup: 776.9 ms
  [Fold] Running 64 steps...
    Step 1: 14.08 ms
    Step 10: 32.95 ms
    Step 20: 31.98 ms
    Step 30: 33.45 ms
    Step 40: 33.18 ms
    Step 50: 36.33 ms
    Step 60: 32.66 ms
    Step 64: 36.79 ms
  RecursiveSNARK verified OK
  [Compress] Generating compressed SNARK...
  Compress: 584.1 ms
  Verify: 23.60 ms

  Summary:
    Setup:         776.9 ms
    Total fold:    2236.4 ms
    Avg fold/step: 34.94 ms
    Compress:      584.1 ms
    Verify:        23.60 ms
  Nova results written to /Users/heewonchung/Documents/00-Research/active/Updatable Verifiable Computation/Dev/results/2026-03-09_203431_iot/csv/nova_results.csv

================================================================
Nova benchmark complete.
================================================================
  Done in 4s

------------------------------------------------------------
  Running: [2/5] nova sensor_fusion K=8 steps=64
  Command: nova-bench --circuit sensor_fusion --n 8 --steps 64 --output-dir /Users/heewonchung/Documents/00-Research/active/Updatable Verifiable Computation/Dev/results/2026-03-09_203431_iot/csv
------------------------------------------------------------
================================================================
Nova Folding-Scheme Benchmark
================================================================
  Circuit: sensor_fusion, n=8, steps=64
  Sensor fusion circuit: 8 sensors, 1 constraint/step
  [Setup] Computing public parameters...
  Setup: 743.5 ms
  [Fold] Running 64 steps...
    Step 1: 14.79 ms
    Step 10: 64.31 ms
    Step 20: 32.70 ms
    Step 30: 31.56 ms
    Step 40: 31.37 ms
    Step 50: 32.01 ms
    Step 60: 32.18 ms
    Step 64: 32.89 ms
  RecursiveSNARK verified OK
  [Compress] Generating compressed SNARK...
  Compress: 609.8 ms
  Verify: 27.28 ms

  Summary:
    Setup:         743.5 ms
    Total fold:    2146.9 ms
    Avg fold/step: 33.55 ms
    Compress:      609.8 ms
    Verify:        27.28 ms
  Nova results written to /Users/heewonchung/Documents/00-Research/active/Updatable Verifiable Computation/Dev/results/2026-03-09_203431_iot/csv/nova_results.csv

================================================================
Nova benchmark complete.
================================================================
  Done in 4s

------------------------------------------------------------
  Running: [3/5] nova sensor_fusion K=16 steps=64
  Command: nova-bench --circuit sensor_fusion --n 16 --steps 64 --output-dir /Users/heewonchung/Documents/00-Research/active/Updatable Verifiable Computation/Dev/results/2026-03-09_203431_iot/csv
------------------------------------------------------------
================================================================
Nova Folding-Scheme Benchmark
================================================================
  Circuit: sensor_fusion, n=16, steps=64
  Sensor fusion circuit: 16 sensors, 1 constraint/step
  [Setup] Computing public parameters...
  Setup: 754.4 ms
  [Fold] Running 64 steps...
    Step 1: 20.98 ms
    Step 10: 41.47 ms
    Step 20: 34.33 ms
    Step 30: 32.74 ms
    Step 40: 33.27 ms
    Step 50: 83.26 ms
    Step 60: 37.15 ms
    Step 64: 36.43 ms
  RecursiveSNARK verified OK
  [Compress] Generating compressed SNARK...
  Compress: 568.9 ms
  Verify: 21.47 ms

  Summary:
    Setup:         754.4 ms
    Total fold:    2328.4 ms
    Avg fold/step: 36.38 ms
    Compress:      568.9 ms
    Verify:        21.47 ms
  Nova results written to /Users/heewonchung/Documents/00-Research/active/Updatable Verifiable Computation/Dev/results/2026-03-09_203431_iot/csv/nova_results.csv

================================================================
Nova benchmark complete.
================================================================
  Done in 4s

------------------------------------------------------------
  Running: [4/5] nova sensor_fusion K=32 steps=64
  Command: nova-bench --circuit sensor_fusion --n 32 --steps 64 --output-dir /Users/heewonchung/Documents/00-Research/active/Updatable Verifiable Computation/Dev/results/2026-03-09_203431_iot/csv
------------------------------------------------------------
================================================================
Nova Folding-Scheme Benchmark
================================================================
  Circuit: sensor_fusion, n=32, steps=64
  Sensor fusion circuit: 32 sensors, 1 constraint/step
  [Setup] Computing public parameters...
  Setup: 743.3 ms
  [Fold] Running 64 steps...
    Step 1: 14.56 ms
    Step 10: 32.17 ms
    Step 20: 32.42 ms
    Step 30: 75.78 ms
    Step 40: 32.02 ms
    Step 50: 32.29 ms
    Step 60: 31.86 ms
    Step 64: 32.11 ms
  RecursiveSNARK verified OK
  [Compress] Generating compressed SNARK...
  Compress: 567.9 ms
  Verify: 21.95 ms

  Summary:
    Setup:         743.3 ms
    Total fold:    2167.1 ms
    Avg fold/step: 33.86 ms
    Compress:      567.9 ms
    Verify:        21.95 ms
  Nova results written to /Users/heewonchung/Documents/00-Research/active/Updatable Verifiable Computation/Dev/results/2026-03-09_203431_iot/csv/nova_results.csv

================================================================
Nova benchmark complete.
================================================================
  Done in 3s

------------------------------------------------------------
  Running: [5/5] nova sensor_fusion K=64 steps=64
  Command: nova-bench --circuit sensor_fusion --n 64 --steps 64 --output-dir /Users/heewonchung/Documents/00-Research/active/Updatable Verifiable Computation/Dev/results/2026-03-09_203431_iot/csv
------------------------------------------------------------
================================================================
Nova Folding-Scheme Benchmark
================================================================
  Circuit: sensor_fusion, n=64, steps=64
  Sensor fusion circuit: 64 sensors, 1 constraint/step
  [Setup] Computing public parameters...
  Setup: 746.1 ms
  [Fold] Running 64 steps...
    Step 1: 14.18 ms
    Step 10: 32.52 ms
    Step 20: 32.87 ms
    Step 30: 32.29 ms
    Step 40: 32.17 ms
    Step 50: 31.59 ms
    Step 60: 31.90 ms
    Step 64: 32.67 ms
  RecursiveSNARK verified OK
  [Compress] Generating compressed SNARK...
  Compress: 557.7 ms
  Verify: 21.76 ms

  Summary:
    Setup:         746.1 ms
    Total fold:    2053.9 ms
    Avg fold/step: 32.09 ms
    Compress:      557.7 ms
    Verify:        21.76 ms
  Nova results written to /Users/heewonchung/Documents/00-Research/active/Updatable Verifiable Computation/Dev/results/2026-03-09_203431_iot/csv/nova_results.csv

================================================================
Nova benchmark complete.
================================================================
  Done in 4s


Nova IoT benchmarks complete.
  Results: /Users/heewonchung/Documents/00-Research/active/Updatable Verifiable Computation/Dev/results/2026-03-09_203431_iot/csv/nova_results.csv

============================================================
  Merging Results & Generating Tables
============================================================

Combined results written to /Users/heewonchung/Documents/00-Research/active/Updatable Verifiable Computation/Dev/results/2026-03-09_203431_iot/csv/combined_results.csv
  UVC rows: 60, Groth16 rows: 35, Nova rows: 35
  Total combined rows: 60
  UVC table written to /Users/heewonchung/Documents/00-Research/active/Updatable Verifiable Computation/Dev/results/2026-03-09_203431_iot/tables/table_uvc.tex
  Comparison table written to /Users/heewonchung/Documents/00-Research/active/Updatable Verifiable Computation/Dev/results/2026-03-09_203431_iot/tables/table_comparison.tex
  Crossover analysis written to /Users/heewonchung/Documents/00-Research/active/Updatable Verifiable Computation/Dev/results/2026-03-09_203431_iot/tables/crossover_analysis.tex
  Nova comparison table written to /Users/heewonchung/Documents/00-Research/active/Updatable Verifiable Computation/Dev/results/2026-03-09_203431_iot/tables/table_nova_comparison.tex
  Setup comparison table written to /Users/heewonchung/Documents/00-Research/active/Updatable Verifiable Computation/Dev/results/2026-03-09_203431_iot/tables/table_setup_comparison.tex

------------------------------------------------------------
  Generating tables...
------------------------------------------------------------

############################################################
  UVC Benchmark Summary
  Data: /Users/heewonchung/Documents/00-Research/active/Updatable Verifiable Computation/Dev/results/2026-03-09_203431_iot/csv
  UVC rows: 60, Groth16 rows: 35, Nova rows: 35
############################################################

======================================================================
  Per-step Proving Time (ms)
======================================================================
      Circuit   n  Step  Ours(B=16)  Ours(B=64)  Groth16  Nova
-------------  --  ----  ----------  ----------  -------  ----
Sensor fusion   4     1         8.1        15.0      3.5  14.1
                      4         8.3        15.1      6.7  31.8
                     16         8.0        15.2     17.7  31.9
                     64         ---        15.0     36.7  36.8
                                                              
Sensor fusion   8     1        13.2        24.4      4.9  14.8
                      4        13.7        25.1      8.7  32.7
                     16        12.3        25.3     21.2  32.5
                     64         ---        23.6     62.3  32.9
                                                              
Sensor fusion  16     1        20.9        42.7      6.7  21.0
                      4        20.7        42.5     14.2  31.8
                     16        18.3        42.4     31.9  37.1
                     64         ---        40.0     91.3  36.4
                                                              
Sensor fusion  32     1        30.3        62.4      9.0  14.6
                      4        31.2        63.0     21.4  32.5
                     16        31.3        63.4     55.2  34.2
                     64         ---        62.7      158  32.1
                                                              
Sensor fusion  64     1        54.3         114     15.5  14.2
                      4        57.2         115     33.7  31.8
                     16        52.3         116      112  33.5
                     64         ---         111      278  32.7
                                                              


======================================================================
  Per-step Verification Time (ms)
======================================================================
      Circuit   n  Step  Ours(B=16)  Ours(B=64)  Groth16  Nova
-------------  --  ----  ----------  ----------  -------  ----
Sensor fusion   4     1         2.7         2.8      2.7  23.6
                      4         2.7         2.7      2.7  23.6
                     16         2.8         2.7      3.1  23.6
                     64         ---         2.7      2.7  23.6
                                                              
Sensor fusion   8     1         2.7         2.7      2.7  27.3
                      4         2.7         2.8      2.7  27.3
                     16         2.7         2.7      2.7  27.3
                     64         ---         2.7      2.7  27.3
                                                              
Sensor fusion  16     1         2.8         2.8      2.7  21.5
                      4         2.7         2.7      2.6  21.5
                     16         2.7         2.7      2.7  21.5
                     64         ---         2.8      2.8  21.5
                                                              
Sensor fusion  32     1         2.7         2.8      2.7  21.9
                      4         2.8         2.8      2.8  21.9
                     16         2.8         2.7      2.8  21.9
                     64         ---         2.8      2.7  21.9
                                                              
Sensor fusion  64     1         2.8         2.7      3.0  21.8
                      4         2.8         2.7      3.1  21.8
                     16         3.1         2.7      3.7  21.8
                     64         ---         2.8      2.8  21.8
                                                              


======================================================================
  Setup Cost (seconds)
======================================================================
      Circuit   n  Ours(B=16)  Ours(B=64)  Groth16  Nova
-------------  --  ----------  ----------  -------  ----
Sensor fusion   4        <0.1         0.1     <0.1   0.8
Sensor fusion   8        <0.1         0.2     <0.1   0.7
Sensor fusion  16         0.1         0.3     <0.1   0.8
Sensor fusion  32         0.2         0.6     <0.1   0.7
Sensor fusion  64         0.3         1.0     <0.1   0.7


======================================================================
  Proof Size (bytes)
======================================================================
      Circuit   n  Ours  Groth16   Nova
-------------  --  ----  -------  -----
Sensor fusion   4   128      128  11520
Sensor fusion   8   128      128  11520
Sensor fusion  16   128      128  11520
Sensor fusion  32   128      128  11520
Sensor fusion  64   128      128  11520


======================================================================
  Crossover Analysis (j* where UVC cumulative < Groth16 re-prove)
======================================================================
      Circuit   n  B=16 j*  B=64 j*
-------------  --  -------  -------
Sensor fusion   4      >64      >64
Sensor fusion   8      >64      >64
Sensor fusion  16      >64      >64
Sensor fusion  32      >64      >64
Sensor fusion  64      >64      >64


  Saved: tables/T01_proving_time.txt
  Saved: tables/T02_verification_time.txt
  Saved: tables/T03_setup_cost.txt
  Saved: tables/T04_proof_size.txt
  Saved: tables/T05_crossover.txt
  Saved: tables/summary.txt
  Saved: tables/tables_latex.tex

  Tables: /Users/heewonchung/Documents/00-Research/active/Updatable Verifiable Computation/Dev/results/2026-03-09_203431_iot/tables/
T01_proving_time.txt
T02_verification_time.txt
T03_setup_cost.txt
T04_proof_size.txt
T05_crossover.txt
crossover_analysis.tex
summary.txt
table_comparison.tex
table_nova_comparison.tex
table_setup_comparison.tex
table_uvc.tex
tables_latex.tex

============================================================
  All IoT sensor fusion benchmarks complete!

  Results: /Users/heewonchung/Documents/00-Research/active/Updatable Verifiable Computation/Dev/results/2026-03-09_203431_iot

  Files:
    csv/combined_results.csv  (      61 lines)
    csv/groth16_results.csv  (      61 lines)
    csv/nova_results.csv  (      36 lines)
    csv/uvc_results.csv  (      61 lines)
    tables/crossover_analysis.tex
    tables/table_comparison.tex
    tables/table_nova_comparison.tex
    tables/table_setup_comparison.tex
    tables/table_uvc.tex
    tables/tables_latex.tex

  System info: /Users/heewonchung/Documents/00-Research/active/Updatable Verifiable Computation/Dev/results/2026-03-09_203431_iot/system_info.txt
  Full log:    /Users/heewonchung/Documents/00-Research/active/Updatable Verifiable Computation/Dev/results/2026-03-09_203431_iot/run.log
============================================================
