============================================================
  UVC Benchmark Suite
  Fri Mar  6 12:18:49 KST 2026
  Mode: all
  Tag:  paper
  Reps: 10
  Output: /Users/heewonchung/Documents/00-Research/active/Updatable Verifiable Computation/Dev/results/2026-03-06_121849_paper
============================================================

Date:     2026-03-06T03:18:49Z
Hostname: GoM-MacStudioM1.local
OS:       Darwin 25.3.0 arm64
CPU:      Apple M1 Max
Cores:    10
RAM:      64 GB
Compiler: Apple clang version 17.0.0 (clang-1700.6.4.2)
Build:    Release -O2 -march=native
Reps:     10
Configs:  10 C++ + 5 Nova

  Building C++ benchmarks...
[ 51%] Built target ff
[ 96%] Built target snark
[ 96%] Building CXX object CMakeFiles/bench_comparative.dir/src/libsnark/zk_proof_systems/ppzksnark/r1cs_uvc_ppzksnark/benchmarks/bench_comparative.cpp.o
In file included from /Users/heewonchung/Documents/00-Research/active/Updatable Verifiable Computation/Dev/src/libsnark/zk_proof_systems/ppzksnark/r1cs_uvc_ppzksnark/benchmarks/bench_comparative.cpp:28:
In file included from /Users/heewonchung/Documents/00-Research/active/Updatable Verifiable Computation/Dev/src/libsnark/zk_proof_systems/ppzksnark/r1cs_uvc_ppzksnark/r1cs_uvc_ppzksnark.hpp:38:
In file included from /Users/heewonchung/Documents/00-Research/active/Updatable Verifiable Computation/Dev/src/libsnark/common/data_structures/accumulation_vector.hpp:17:
In file included from /Users/heewonchung/Documents/00-Research/active/Updatable Verifiable Computation/Dev/src/libsnark/common/data_structures/sparse_vector.hpp:78:
In file included from /Users/heewonchung/Documents/00-Research/active/Updatable Verifiable Computation/Dev/src/libsnark/common/data_structures/sparse_vector.tcc:23:
In file included from /Users/heewonchung/Documents/00-Research/active/Updatable Verifiable Computation/Dev/depends/libff/libff/algebra/scalar_multiplication/multiexp.hpp:131:
/Users/heewonchung/Documents/00-Research/active/Updatable Verifiable Computation/Dev/depends/libff/libff/algebra/scalar_multiplication/multiexp.tcc:126:50: warning: unused parameter 'scalar_end' [-Wunused-parameter]
  126 |     typename std::vector<FieldT>::const_iterator scalar_end)
      |                                                  ^
/Users/heewonchung/Documents/00-Research/active/Updatable Verifiable Computation/Dev/depends/libff/libff/algebra/scalar_multiplication/multiexp.tcc:149:50: warning: unused parameter 'scalar_end' [-Wunused-parameter]
  149 |     typename std::vector<FieldT>::const_iterator scalar_end)
      |                                                  ^
In file included from /Users/heewonchung/Documents/00-Research/active/Updatable Verifiable Computation/Dev/src/libsnark/zk_proof_systems/ppzksnark/r1cs_uvc_ppzksnark/benchmarks/bench_comparative.cpp:28:
In file included from /Users/heewonchung/Documents/00-Research/active/Updatable Verifiable Computation/Dev/src/libsnark/zk_proof_systems/ppzksnark/r1cs_uvc_ppzksnark/r1cs_uvc_ppzksnark.hpp:40:
In file included from /Users/heewonchung/Documents/00-Research/active/Updatable Verifiable Computation/Dev/src/libsnark/relations/constraint_satisfaction_problems/r1cs/r1cs.hpp:151:
/Users/heewonchung/Documents/00-Research/active/Updatable Verifiable Computation/Dev/src/libsnark/relations/constraint_satisfaction_problems/r1cs/r1cs.tcc:173:106: warning: unused parameter 'annotation' [-Wunused-parameter]
  173 | void r1cs_constraint_system<FieldT>::add_constraint(const r1cs_constraint<FieldT> &c, const std::string &annotation)
      |                                                                                                          ^
In file included from /Users/heewonchung/Documents/00-Research/active/Updatable Verifiable Computation/Dev/src/libsnark/zk_proof_systems/ppzksnark/r1cs_uvc_ppzksnark/benchmarks/bench_comparative.cpp:28:
In file included from /Users/heewonchung/Documents/00-Research/active/Updatable Verifiable Computation/Dev/src/libsnark/zk_proof_systems/ppzksnark/r1cs_uvc_ppzksnark/r1cs_uvc_ppzksnark.hpp:277:
/Users/heewonchung/Documents/00-Research/active/Updatable Verifiable Computation/Dev/src/libsnark/zk_proof_systems/ppzksnark/r1cs_uvc_ppzksnark/r1cs_uvc_ppzksnark.tcc:451:18: warning: unused variable 'ts' [-Wunused-variable]
  451 |     const size_t ts = pk.st_circuit.transition_size;
      |                  ^~
In file included from /Users/heewonchung/Documents/00-Research/active/Updatable Verifiable Computation/Dev/src/libsnark/zk_proof_systems/ppzksnark/r1cs_uvc_ppzksnark/benchmarks/bench_comparative.cpp:21:
In file included from /Library/Developer/CommandLineTools/SDKs/MacOSX.sdk/usr/include/c++/v1/string:652:
In file included from /Library/Developer/CommandLineTools/SDKs/MacOSX.sdk/usr/include/c++/v1/string_view:947:
In file included from /Library/Developer/CommandLineTools/SDKs/MacOSX.sdk/usr/include/c++/v1/algorithm:1854:
In file included from /Library/Developer/CommandLineTools/SDKs/MacOSX.sdk/usr/include/c++/v1/__algorithm/for_each.h:16:
In file included from /Library/Developer/CommandLineTools/SDKs/MacOSX.sdk/usr/include/c++/v1/__ranges/movable_box.h:21:
In file included from /Library/Developer/CommandLineTools/SDKs/MacOSX.sdk/usr/include/c++/v1/optional:1302:
In file included from /Library/Developer/CommandLineTools/SDKs/MacOSX.sdk/usr/include/c++/v1/memory:947:
In file included from /Library/Developer/CommandLineTools/SDKs/MacOSX.sdk/usr/include/c++/v1/__memory/inout_ptr.h:16:
In file included from /Library/Developer/CommandLineTools/SDKs/MacOSX.sdk/usr/include/c++/v1/__memory/shared_ptr.h:35:
/Library/Developer/CommandLineTools/SDKs/MacOSX.sdk/usr/include/c++/v1/__memory/unique_ptr.h:78:5: warning: delete called on non-final 'libfqfft::basic_radix2_domain<libff::Fp_model<4, libff::alt_bn128_modulus_r>>' that has virtual functions but non-virtual destructor [-Wdelete-non-abstract-non-virtual-dtor]
   78 |     delete __ptr;
      |     ^
/Library/Developer/CommandLineTools/SDKs/MacOSX.sdk/usr/include/c++/v1/__memory/unique_ptr.h:300:7: note: in instantiation of member function 'std::default_delete<libfqfft::basic_radix2_domain<libff::Fp_model<4, libff::alt_bn128_modulus_r>>>::operator()' requested here
  300 |       __deleter_(__tmp);
      |       ^
/Library/Developer/CommandLineTools/SDKs/MacOSX.sdk/usr/include/c++/v1/__memory/unique_ptr.h:269:71: note: in instantiation of member function 'std::unique_ptr<libfqfft::basic_radix2_domain<libff::Fp_model<4, libff::alt_bn128_modulus_r>>>::reset' requested here
  269 |   _LIBCPP_HIDE_FROM_ABI _LIBCPP_CONSTEXPR_SINCE_CXX23 ~unique_ptr() { reset(); }
      |                                                                       ^
/Library/Developer/CommandLineTools/SDKs/MacOSX.sdk/usr/include/c++/v1/__memory/shared_ptr.h:342:21: note: in instantiation of member function 'std::unique_ptr<libfqfft::basic_radix2_domain<libff::Fp_model<4, libff::alt_bn128_modulus_r>>>::~unique_ptr' requested here
  342 |     unique_ptr<_Yp> __hold(__p);
      |                     ^
/Library/Developer/CommandLineTools/SDKs/MacOSX.sdk/usr/include/c++/v1/__memory/shared_ptr.h:612:5: note: in instantiation of function template specialization 'std::shared_ptr<libfqfft::evaluation_domain<libff::Fp_model<4, libff::alt_bn128_modulus_r>>>::shared_ptr<libfqfft::basic_radix2_domain<libff::Fp_model<4, libff::alt_bn128_modulus_r>>, 0>' requested here
  612 |     shared_ptr(__p).swap(*this);
      |     ^
/Users/heewonchung/Documents/00-Research/active/Updatable Verifiable Computation/Dev/depends/libfqfft/libfqfft/evaluation_domain/get_evaluation_domain.tcc:41:18: note: in instantiation of function template specialization 'std::shared_ptr<libfqfft::evaluation_domain<libff::Fp_model<4, libff::alt_bn128_modulus_r>>>::reset<libfqfft::basic_radix2_domain<libff::Fp_model<4, libff::alt_bn128_modulus_r>>, 0>' requested here
   41 |     try { result.reset(new basic_radix2_domain<FieldT>(min_size)); }
      |                  ^
/Users/heewonchung/Documents/00-Research/active/Updatable Verifiable Computation/Dev/src/libsnark/reductions/r1cs_to_qap/r1cs_to_qap.tcc:110:84: note: in instantiation of function template specialization 'libfqfft::get_evaluation_domain<libff::Fp_model<4, libff::alt_bn128_modulus_r>>' requested here
  110 |     const std::shared_ptr<libfqfft::evaluation_domain<FieldT> > domain = libfqfft::get_evaluation_domain<FieldT>(cs.num_constraints() + cs.num_inputs() + 1);
      |                                                                                    ^
/Users/heewonchung/Documents/00-Research/active/Updatable Verifiable Computation/Dev/src/libsnark/zk_proof_systems/ppzksnark/r1cs_uvc_ppzksnark/r1cs_uvc_ppzksnark.tcc:240:45: note: in instantiation of function template specialization 'libsnark::r1cs_to_qap_instance_map_with_evaluation<libff::Fp_model<4, libff::alt_bn128_modulus_r>>' requested here
  240 |     qap_instance_evaluation<FieldT> qap_B = r1cs_to_qap_instance_map_with_evaluation(cs_B, t);
      |                                             ^
/Users/heewonchung/Documents/00-Research/active/Updatable Verifiable Computation/Dev/src/libsnark/zk_proof_systems/ppzksnark/r1cs_uvc_ppzksnark/benchmarks/bench_comparative.cpp:140:15: note: in instantiation of function template specialization 'libsnark::r1cs_uvc_ppzksnark_generator<libff::alt_bn128_pp>' requested here
  140 |     auto kp = r1cs_uvc_ppzksnark_generator<ppT>(st, cfg.B);
      |               ^
In file included from /Users/heewonchung/Documents/00-Research/active/Updatable Verifiable Computation/Dev/src/libsnark/zk_proof_systems/ppzksnark/r1cs_uvc_ppzksnark/benchmarks/bench_comparative.cpp:21:
In file included from /Library/Developer/CommandLineTools/SDKs/MacOSX.sdk/usr/include/c++/v1/string:652:
In file included from /Library/Developer/CommandLineTools/SDKs/MacOSX.sdk/usr/include/c++/v1/string_view:947:
In file included from /Library/Developer/CommandLineTools/SDKs/MacOSX.sdk/usr/include/c++/v1/algorithm:1854:
In file included from /Library/Developer/CommandLineTools/SDKs/MacOSX.sdk/usr/include/c++/v1/__algorithm/for_each.h:16:
In file included from /Library/Developer/CommandLineTools/SDKs/MacOSX.sdk/usr/include/c++/v1/__ranges/movable_box.h:21:
In file included from /Library/Developer/CommandLineTools/SDKs/MacOSX.sdk/usr/include/c++/v1/optional:1302:
In file included from /Library/Developer/CommandLineTools/SDKs/MacOSX.sdk/usr/include/c++/v1/memory:947:
In file included from /Library/Developer/CommandLineTools/SDKs/MacOSX.sdk/usr/include/c++/v1/__memory/inout_ptr.h:16:
In file included from /Library/Developer/CommandLineTools/SDKs/MacOSX.sdk/usr/include/c++/v1/__memory/shared_ptr.h:35:
/Library/Developer/CommandLineTools/SDKs/MacOSX.sdk/usr/include/c++/v1/__memory/unique_ptr.h:78:5: warning: delete called on non-final 'libfqfft::extended_radix2_domain<libff::Fp_model<4, libff::alt_bn128_modulus_r>>' that has virtual functions but non-virtual destructor [-Wdelete-non-abstract-non-virtual-dtor]
   78 |     delete __ptr;
      |     ^
/Library/Developer/CommandLineTools/SDKs/MacOSX.sdk/usr/include/c++/v1/__memory/unique_ptr.h:300:7: note: in instantiation of member function 'std::default_delete<libfqfft::extended_radix2_domain<libff::Fp_model<4, libff::alt_bn128_modulus_r>>>::operator()' requested here
  300 |       __deleter_(__tmp);
      |       ^
/Library/Developer/CommandLineTools/SDKs/MacOSX.sdk/usr/include/c++/v1/__memory/unique_ptr.h:269:71: note: in instantiation of member function 'std::unique_ptr<libfqfft::extended_radix2_domain<libff::Fp_model<4, libff::alt_bn128_modulus_r>>>::reset' requested here
  269 |   _LIBCPP_HIDE_FROM_ABI _LIBCPP_CONSTEXPR_SINCE_CXX23 ~unique_ptr() { reset(); }
      |                                                                       ^
/Library/Developer/CommandLineTools/SDKs/MacOSX.sdk/usr/include/c++/v1/__memory/shared_ptr.h:342:21: note: in instantiation of member function 'std::unique_ptr<libfqfft::extended_radix2_domain<libff::Fp_model<4, libff::alt_bn128_modulus_r>>>::~unique_ptr' requested here
  342 |     unique_ptr<_Yp> __hold(__p);
      |                     ^
/Library/Developer/CommandLineTools/SDKs/MacOSX.sdk/usr/include/c++/v1/__memory/shared_ptr.h:612:5: note: in instantiation of function template specialization 'std::shared_ptr<libfqfft::evaluation_domain<libff::Fp_model<4, libff::alt_bn128_modulus_r>>>::shared_ptr<libfqfft::extended_radix2_domain<libff::Fp_model<4, libff::alt_bn128_modulus_r>>, 0>' requested here
  612 |     shared_ptr(__p).swap(*this);
      |     ^
/Users/heewonchung/Documents/00-Research/active/Updatable Verifiable Computation/Dev/depends/libfqfft/libfqfft/evaluation_domain/get_evaluation_domain.tcc:42:31: note: in instantiation of function template specialization 'std::shared_ptr<libfqfft::evaluation_domain<libff::Fp_model<4, libff::alt_bn128_modulus_r>>>::reset<libfqfft::extended_radix2_domain<libff::Fp_model<4, libff::alt_bn128_modulus_r>>, 0>' requested here
   42 |     catch(...) { try { result.reset(new extended_radix2_domain<FieldT>(min_size)); }
      |                               ^
/Users/heewonchung/Documents/00-Research/active/Updatable Verifiable Computation/Dev/src/libsnark/reductions/r1cs_to_qap/r1cs_to_qap.tcc:110:84: note: in instantiation of function template specialization 'libfqfft::get_evaluation_domain<libff::Fp_model<4, libff::alt_bn128_modulus_r>>' requested here
  110 |     const std::shared_ptr<libfqfft::evaluation_domain<FieldT> > domain = libfqfft::get_evaluation_domain<FieldT>(cs.num_constraints() + cs.num_inputs() + 1);
      |                                                                                    ^
/Users/heewonchung/Documents/00-Research/active/Updatable Verifiable Computation/Dev/src/libsnark/zk_proof_systems/ppzksnark/r1cs_uvc_ppzksnark/r1cs_uvc_ppzksnark.tcc:240:45: note: in instantiation of function template specialization 'libsnark::r1cs_to_qap_instance_map_with_evaluation<libff::Fp_model<4, libff::alt_bn128_modulus_r>>' requested here
  240 |     qap_instance_evaluation<FieldT> qap_B = r1cs_to_qap_instance_map_with_evaluation(cs_B, t);
      |                                             ^
/Users/heewonchung/Documents/00-Research/active/Updatable Verifiable Computation/Dev/src/libsnark/zk_proof_systems/ppzksnark/r1cs_uvc_ppzksnark/benchmarks/bench_comparative.cpp:140:15: note: in instantiation of function template specialization 'libsnark::r1cs_uvc_ppzksnark_generator<libff::alt_bn128_pp>' requested here
  140 |     auto kp = r1cs_uvc_ppzksnark_generator<ppT>(st, cfg.B);
      |               ^
In file included from /Users/heewonchung/Documents/00-Research/active/Updatable Verifiable Computation/Dev/src/libsnark/zk_proof_systems/ppzksnark/r1cs_uvc_ppzksnark/benchmarks/bench_comparative.cpp:21:
In file included from /Library/Developer/CommandLineTools/SDKs/MacOSX.sdk/usr/include/c++/v1/string:652:
In file included from /Library/Developer/CommandLineTools/SDKs/MacOSX.sdk/usr/include/c++/v1/string_view:947:
In file included from /Library/Developer/CommandLineTools/SDKs/MacOSX.sdk/usr/include/c++/v1/algorithm:1854:
In file included from /Library/Developer/CommandLineTools/SDKs/MacOSX.sdk/usr/include/c++/v1/__algorithm/for_each.h:16:
In file included from /Library/Developer/CommandLineTools/SDKs/MacOSX.sdk/usr/include/c++/v1/__ranges/movable_box.h:21:
In file included from /Library/Developer/CommandLineTools/SDKs/MacOSX.sdk/usr/include/c++/v1/optional:1302:
In file included from /Library/Developer/CommandLineTools/SDKs/MacOSX.sdk/usr/include/c++/v1/memory:947:
In file included from /Library/Developer/CommandLineTools/SDKs/MacOSX.sdk/usr/include/c++/v1/__memory/inout_ptr.h:16:
In file included from /Library/Developer/CommandLineTools/SDKs/MacOSX.sdk/usr/include/c++/v1/__memory/shared_ptr.h:35:
/Library/Developer/CommandLineTools/SDKs/MacOSX.sdk/usr/include/c++/v1/__memory/unique_ptr.h:78:5: warning: delete called on non-final 'libfqfft::step_radix2_domain<libff::Fp_model<4, libff::alt_bn128_modulus_r>>' that has virtual functions but non-virtual destructor [-Wdelete-non-abstract-non-virtual-dtor]
   78 |     delete __ptr;
      |     ^
/Library/Developer/CommandLineTools/SDKs/MacOSX.sdk/usr/include/c++/v1/__memory/unique_ptr.h:300:7: note: in instantiation of member function 'std::default_delete<libfqfft::step_radix2_domain<libff::Fp_model<4, libff::alt_bn128_modulus_r>>>::operator()' requested here
  300 |       __deleter_(__tmp);
      |       ^
/Library/Developer/CommandLineTools/SDKs/MacOSX.sdk/usr/include/c++/v1/__memory/unique_ptr.h:269:71: note: in instantiation of member function 'std::unique_ptr<libfqfft::step_radix2_domain<libff::Fp_model<4, libff::alt_bn128_modulus_r>>>::reset' requested here
  269 |   _LIBCPP_HIDE_FROM_ABI _LIBCPP_CONSTEXPR_SINCE_CXX23 ~unique_ptr() { reset(); }
      |                                                                       ^
/Library/Developer/CommandLineTools/SDKs/MacOSX.sdk/usr/include/c++/v1/__memory/shared_ptr.h:342:21: note: in instantiation of member function 'std::unique_ptr<libfqfft::step_radix2_domain<libff::Fp_model<4, libff::alt_bn128_modulus_r>>>::~unique_ptr' requested here
  342 |     unique_ptr<_Yp> __hold(__p);
      |                     ^
/Library/Developer/CommandLineTools/SDKs/MacOSX.sdk/usr/include/c++/v1/__memory/shared_ptr.h:612:5: note: in instantiation of function template specialization 'std::shared_ptr<libfqfft::evaluation_domain<libff::Fp_model<4, libff::alt_bn128_modulus_r>>>::shared_ptr<libfqfft::step_radix2_domain<libff::Fp_model<4, libff::alt_bn128_modulus_r>>, 0>' requested here
  612 |     shared_ptr(__p).swap(*this);
      |     ^
/Users/heewonchung/Documents/00-Research/active/Updatable Verifiable Computation/Dev/depends/libfqfft/libfqfft/evaluation_domain/get_evaluation_domain.tcc:43:31: note: in instantiation of function template specialization 'std::shared_ptr<libfqfft::evaluation_domain<libff::Fp_model<4, libff::alt_bn128_modulus_r>>>::reset<libfqfft::step_radix2_domain<libff::Fp_model<4, libff::alt_bn128_modulus_r>>, 0>' requested here
   43 |     catch(...) { try { result.reset(new step_radix2_domain<FieldT>(min_size)); }
      |                               ^
/Users/heewonchung/Documents/00-Research/active/Updatable Verifiable Computation/Dev/src/libsnark/reductions/r1cs_to_qap/r1cs_to_qap.tcc:110:84: note: in instantiation of function template specialization 'libfqfft::get_evaluation_domain<libff::Fp_model<4, libff::alt_bn128_modulus_r>>' requested here
  110 |     const std::shared_ptr<libfqfft::evaluation_domain<FieldT> > domain = libfqfft::get_evaluation_domain<FieldT>(cs.num_constraints() + cs.num_inputs() + 1);
      |                                                                                    ^
/Users/heewonchung/Documents/00-Research/active/Updatable Verifiable Computation/Dev/src/libsnark/zk_proof_systems/ppzksnark/r1cs_uvc_ppzksnark/r1cs_uvc_ppzksnark.tcc:240:45: note: in instantiation of function template specialization 'libsnark::r1cs_to_qap_instance_map_with_evaluation<libff::Fp_model<4, libff::alt_bn128_modulus_r>>' requested here
  240 |     qap_instance_evaluation<FieldT> qap_B = r1cs_to_qap_instance_map_with_evaluation(cs_B, t);
      |                                             ^
/Users/heewonchung/Documents/00-Research/active/Updatable Verifiable Computation/Dev/src/libsnark/zk_proof_systems/ppzksnark/r1cs_uvc_ppzksnark/benchmarks/bench_comparative.cpp:140:15: note: in instantiation of function template specialization 'libsnark::r1cs_uvc_ppzksnark_generator<libff::alt_bn128_pp>' requested here
  140 |     auto kp = r1cs_uvc_ppzksnark_generator<ppT>(st, cfg.B);
      |               ^
In file included from /Users/heewonchung/Documents/00-Research/active/Updatable Verifiable Computation/Dev/src/libsnark/zk_proof_systems/ppzksnark/r1cs_uvc_ppzksnark/benchmarks/bench_comparative.cpp:28:
In file included from /Users/heewonchung/Documents/00-Research/active/Updatable Verifiable Computation/Dev/src/libsnark/zk_proof_systems/ppzksnark/r1cs_uvc_ppzksnark/r1cs_uvc_ppzksnark.hpp:42:
In file included from /Users/heewonchung/Documents/00-Research/active/Updatable Verifiable Computation/Dev/src/libsnark/zk_proof_systems/ppzksnark/r1cs_vc_ppzksnark/r1cs_vc_ppzksnark.hpp:354:
In file included from /Users/heewonchung/Documents/00-Research/active/Updatable Verifiable Computation/Dev/src/libsnark/zk_proof_systems/ppzksnark/r1cs_vc_ppzksnark/r1cs_vc_ppzksnark.tcc:32:
In file included from /Users/heewonchung/Documents/00-Research/active/Updatable Verifiable Computation/Dev/src/libsnark/reductions/r1cs_to_qap/r1cs_to_qap.hpp:68:
In file included from /Users/heewonchung/Documents/00-Research/active/Updatable Verifiable Computation/Dev/src/libsnark/reductions/r1cs_to_qap/r1cs_to_qap.tcc:19:
In file included from /Users/heewonchung/Documents/00-Research/active/Updatable Verifiable Computation/Dev/depends/libfqfft/libfqfft/evaluation_domain/get_evaluation_domain.hpp:30:
In file included from /Users/heewonchung/Documents/00-Research/active/Updatable Verifiable Computation/Dev/depends/libfqfft/libfqfft/evaluation_domain/get_evaluation_domain.tcc:22:
In file included from /Users/heewonchung/Documents/00-Research/active/Updatable Verifiable Computation/Dev/depends/libfqfft/libfqfft/evaluation_domain/domains/arithmetic_sequence_domain.hpp:47:
In file included from /Users/heewonchung/Documents/00-Research/active/Updatable Verifiable Computation/Dev/depends/libfqfft/libfqfft/evaluation_domain/domains/arithmetic_sequence_domain.tcc:18:
In file included from /Users/heewonchung/Documents/00-Research/active/Updatable Verifiable Computation/Dev/depends/libfqfft/libfqfft/polynomial_arithmetic/basis_change.hpp:67:
In file included from /Users/heewonchung/Documents/00-Research/active/Updatable Verifiable Computation/Dev/depends/libfqfft/libfqfft/polynomial_arithmetic/basis_change.tcc:20:
In file included from /Users/heewonchung/Documents/00-Research/active/Updatable Verifiable Computation/Dev/depends/libfqfft/libfqfft/polynomial_arithmetic/basic_operations.hpp:90:
/Users/heewonchung/Documents/00-Research/active/Updatable Verifiable Computation/Dev/depends/libfqfft/libfqfft/polynomial_arithmetic/basic_operations.tcc:151:56: warning: 'bind1st<std::multiplies<libff::Fp_model<4, libff::alt_bn128_modulus_r>>, libff::Fp_model<4, libff::alt_bn128_modulus_r>>' is deprecated [-Wdeprecated-declarations]
  151 |     std::transform(c.begin(), c.end(), c.begin(), std::bind1st(std::multiplies<FieldT>(), sconst));
      |                                                        ^
/Users/heewonchung/Documents/00-Research/active/Updatable Verifiable Computation/Dev/depends/libfqfft/libfqfft/polynomial_arithmetic/basic_operations.tcc:119:5: note: in instantiation of function template specialization 'libfqfft::_polynomial_multiplication_on_fft<libff::Fp_model<4, libff::alt_bn128_modulus_r>>' requested here
  119 |     _polynomial_multiplication_on_fft(c, a, b);
      |     ^
/Users/heewonchung/Documents/00-Research/active/Updatable Verifiable Computation/Dev/depends/libfqfft/libfqfft/evaluation_domain/domains/geometric_sequence_domain.tcc:58:3: note: in instantiation of function template specialization 'libfqfft::_polynomial_multiplication<libff::Fp_model<4, libff::alt_bn128_modulus_r>>' requested here
   58 |   _polynomial_multiplication(a, g, T);
      |   ^
/Users/heewonchung/Documents/00-Research/active/Updatable Verifiable Computation/Dev/depends/libfqfft/libfqfft/evaluation_domain/domains/geometric_sequence_domain.tcc:27:36: note: in instantiation of member function 'libfqfft::geometric_sequence_domain<libff::Fp_model<4, libff::alt_bn128_modulus_r>>::FFT' requested here
   27 | geometric_sequence_domain<FieldT>::geometric_sequence_domain(const size_t m) : evaluation_domain<FieldT>(m)
      |                                    ^
/Users/heewonchung/Documents/00-Research/active/Updatable Verifiable Computation/Dev/depends/libfqfft/libfqfft/evaluation_domain/get_evaluation_domain.tcc:47:41: note: in instantiation of member function 'libfqfft::geometric_sequence_domain<libff::Fp_model<4, libff::alt_bn128_modulus_r>>::geometric_sequence_domain' requested here
   47 |     catch(...) { try { result.reset(new geometric_sequence_domain<FieldT>(min_size)); }
      |                                         ^
/Users/heewonchung/Documents/00-Research/active/Updatable Verifiable Computation/Dev/src/libsnark/reductions/r1cs_to_qap/r1cs_to_qap.tcc:110:84: note: in instantiation of function template specialization 'libfqfft::get_evaluation_domain<libff::Fp_model<4, libff::alt_bn128_modulus_r>>' requested here
  110 |     const std::shared_ptr<libfqfft::evaluation_domain<FieldT> > domain = libfqfft::get_evaluation_domain<FieldT>(cs.num_constraints() + cs.num_inputs() + 1);
      |                                                                                    ^
/Users/heewonchung/Documents/00-Research/active/Updatable Verifiable Computation/Dev/src/libsnark/zk_proof_systems/ppzksnark/r1cs_uvc_ppzksnark/r1cs_uvc_ppzksnark.tcc:240:45: note: in instantiation of function template specialization 'libsnark::r1cs_to_qap_instance_map_with_evaluation<libff::Fp_model<4, libff::alt_bn128_modulus_r>>' requested here
  240 |     qap_instance_evaluation<FieldT> qap_B = r1cs_to_qap_instance_map_with_evaluation(cs_B, t);
      |                                             ^
/Users/heewonchung/Documents/00-Research/active/Updatable Verifiable Computation/Dev/src/libsnark/zk_proof_systems/ppzksnark/r1cs_uvc_ppzksnark/benchmarks/bench_comparative.cpp:140:15: note: in instantiation of function template specialization 'libsnark::r1cs_uvc_ppzksnark_generator<libff::alt_bn128_pp>' requested here
  140 |     auto kp = r1cs_uvc_ppzksnark_generator<ppT>(st, cfg.B);
      |               ^
/Library/Developer/CommandLineTools/SDKs/MacOSX.sdk/usr/include/c++/v1/__functional/binder1st.h:45:1: note: 'bind1st<std::multiplies<libff::Fp_model<4, libff::alt_bn128_modulus_r>>, libff::Fp_model<4, libff::alt_bn128_modulus_r>>' has been explicitly marked deprecated here
   45 | _LIBCPP_DEPRECATED_IN_CXX11 inline _LIBCPP_HIDE_FROM_ABI binder1st<_Operation>
      | ^
/Library/Developer/CommandLineTools/SDKs/MacOSX.sdk/usr/include/c++/v1/__config:725:41: note: expanded from macro '_LIBCPP_DEPRECATED_IN_CXX11'
  725 | #    define _LIBCPP_DEPRECATED_IN_CXX11 _LIBCPP_DEPRECATED
      |                                         ^
/Library/Developer/CommandLineTools/SDKs/MacOSX.sdk/usr/include/c++/v1/__config:710:49: note: expanded from macro '_LIBCPP_DEPRECATED'
  710 | #      define _LIBCPP_DEPRECATED __attribute__((__deprecated__))
      |                                                 ^
In file included from /Users/heewonchung/Documents/00-Research/active/Updatable Verifiable Computation/Dev/src/libsnark/zk_proof_systems/ppzksnark/r1cs_uvc_ppzksnark/benchmarks/bench_comparative.cpp:21:
In file included from /Library/Developer/CommandLineTools/SDKs/MacOSX.sdk/usr/include/c++/v1/string:652:
In file included from /Library/Developer/CommandLineTools/SDKs/MacOSX.sdk/usr/include/c++/v1/string_view:947:
In file included from /Library/Developer/CommandLineTools/SDKs/MacOSX.sdk/usr/include/c++/v1/algorithm:1854:
In file included from /Library/Developer/CommandLineTools/SDKs/MacOSX.sdk/usr/include/c++/v1/__algorithm/for_each.h:16:
In file included from /Library/Developer/CommandLineTools/SDKs/MacOSX.sdk/usr/include/c++/v1/__ranges/movable_box.h:21:
In file included from /Library/Developer/CommandLineTools/SDKs/MacOSX.sdk/usr/include/c++/v1/optional:1302:
In file included from /Library/Developer/CommandLineTools/SDKs/MacOSX.sdk/usr/include/c++/v1/memory:947:
In file included from /Library/Developer/CommandLineTools/SDKs/MacOSX.sdk/usr/include/c++/v1/__memory/inout_ptr.h:16:
In file included from /Library/Developer/CommandLineTools/SDKs/MacOSX.sdk/usr/include/c++/v1/__memory/shared_ptr.h:35:
/Library/Developer/CommandLineTools/SDKs/MacOSX.sdk/usr/include/c++/v1/__memory/unique_ptr.h:78:5: warning: delete called on non-final 'libfqfft::geometric_sequence_domain<libff::Fp_model<4, libff::alt_bn128_modulus_r>>' that has virtual functions but non-virtual destructor [-Wdelete-non-abstract-non-virtual-dtor]
   78 |     delete __ptr;
      |     ^
/Library/Developer/CommandLineTools/SDKs/MacOSX.sdk/usr/include/c++/v1/__memory/unique_ptr.h:300:7: note: in instantiation of member function 'std::default_delete<libfqfft::geometric_sequence_domain<libff::Fp_model<4, libff::alt_bn128_modulus_r>>>::operator()' requested here
  300 |       __deleter_(__tmp);
      |       ^
/Library/Developer/CommandLineTools/SDKs/MacOSX.sdk/usr/include/c++/v1/__memory/unique_ptr.h:269:71: note: in instantiation of member function 'std::unique_ptr<libfqfft::geometric_sequence_domain<libff::Fp_model<4, libff::alt_bn128_modulus_r>>>::reset' requested here
  269 |   _LIBCPP_HIDE_FROM_ABI _LIBCPP_CONSTEXPR_SINCE_CXX23 ~unique_ptr() { reset(); }
      |                                                                       ^
/Library/Developer/CommandLineTools/SDKs/MacOSX.sdk/usr/include/c++/v1/__memory/shared_ptr.h:342:21: note: in instantiation of member function 'std::unique_ptr<libfqfft::geometric_sequence_domain<libff::Fp_model<4, libff::alt_bn128_modulus_r>>>::~unique_ptr' requested here
  342 |     unique_ptr<_Yp> __hold(__p);
      |                     ^
/Library/Developer/CommandLineTools/SDKs/MacOSX.sdk/usr/include/c++/v1/__memory/shared_ptr.h:612:5: note: in instantiation of function template specialization 'std::shared_ptr<libfqfft::evaluation_domain<libff::Fp_model<4, libff::alt_bn128_modulus_r>>>::shared_ptr<libfqfft::geometric_sequence_domain<libff::Fp_model<4, libff::alt_bn128_modulus_r>>, 0>' requested here
  612 |     shared_ptr(__p).swap(*this);
      |     ^
/Users/heewonchung/Documents/00-Research/active/Updatable Verifiable Computation/Dev/depends/libfqfft/libfqfft/evaluation_domain/get_evaluation_domain.tcc:47:31: note: in instantiation of function template specialization 'std::shared_ptr<libfqfft::evaluation_domain<libff::Fp_model<4, libff::alt_bn128_modulus_r>>>::reset<libfqfft::geometric_sequence_domain<libff::Fp_model<4, libff::alt_bn128_modulus_r>>, 0>' requested here
   47 |     catch(...) { try { result.reset(new geometric_sequence_domain<FieldT>(min_size)); }
      |                               ^
/Users/heewonchung/Documents/00-Research/active/Updatable Verifiable Computation/Dev/src/libsnark/reductions/r1cs_to_qap/r1cs_to_qap.tcc:110:84: note: in instantiation of function template specialization 'libfqfft::get_evaluation_domain<libff::Fp_model<4, libff::alt_bn128_modulus_r>>' requested here
  110 |     const std::shared_ptr<libfqfft::evaluation_domain<FieldT> > domain = libfqfft::get_evaluation_domain<FieldT>(cs.num_constraints() + cs.num_inputs() + 1);
      |                                                                                    ^
/Users/heewonchung/Documents/00-Research/active/Updatable Verifiable Computation/Dev/src/libsnark/zk_proof_systems/ppzksnark/r1cs_uvc_ppzksnark/r1cs_uvc_ppzksnark.tcc:240:45: note: in instantiation of function template specialization 'libsnark::r1cs_to_qap_instance_map_with_evaluation<libff::Fp_model<4, libff::alt_bn128_modulus_r>>' requested here
  240 |     qap_instance_evaluation<FieldT> qap_B = r1cs_to_qap_instance_map_with_evaluation(cs_B, t);
      |                                             ^
/Users/heewonchung/Documents/00-Research/active/Updatable Verifiable Computation/Dev/src/libsnark/zk_proof_systems/ppzksnark/r1cs_uvc_ppzksnark/benchmarks/bench_comparative.cpp:140:15: note: in instantiation of function template specialization 'libsnark::r1cs_uvc_ppzksnark_generator<libff::alt_bn128_pp>' requested here
  140 |     auto kp = r1cs_uvc_ppzksnark_generator<ppT>(st, cfg.B);
      |               ^
In file included from /Users/heewonchung/Documents/00-Research/active/Updatable Verifiable Computation/Dev/src/libsnark/zk_proof_systems/ppzksnark/r1cs_uvc_ppzksnark/benchmarks/bench_comparative.cpp:28:
In file included from /Users/heewonchung/Documents/00-Research/active/Updatable Verifiable Computation/Dev/src/libsnark/zk_proof_systems/ppzksnark/r1cs_uvc_ppzksnark/r1cs_uvc_ppzksnark.hpp:42:
In file included from /Users/heewonchung/Documents/00-Research/active/Updatable Verifiable Computation/Dev/src/libsnark/zk_proof_systems/ppzksnark/r1cs_vc_ppzksnark/r1cs_vc_ppzksnark.hpp:354:
In file included from /Users/heewonchung/Documents/00-Research/active/Updatable Verifiable Computation/Dev/src/libsnark/zk_proof_systems/ppzksnark/r1cs_vc_ppzksnark/r1cs_vc_ppzksnark.tcc:32:
In file included from /Users/heewonchung/Documents/00-Research/active/Updatable Verifiable Computation/Dev/src/libsnark/reductions/r1cs_to_qap/r1cs_to_qap.hpp:68:
In file included from /Users/heewonchung/Documents/00-Research/active/Updatable Verifiable Computation/Dev/src/libsnark/reductions/r1cs_to_qap/r1cs_to_qap.tcc:19:
In file included from /Users/heewonchung/Documents/00-Research/active/Updatable Verifiable Computation/Dev/depends/libfqfft/libfqfft/evaluation_domain/get_evaluation_domain.hpp:30:
In file included from /Users/heewonchung/Documents/00-Research/active/Updatable Verifiable Computation/Dev/depends/libfqfft/libfqfft/evaluation_domain/get_evaluation_domain.tcc:22:
In file included from /Users/heewonchung/Documents/00-Research/active/Updatable Verifiable Computation/Dev/depends/libfqfft/libfqfft/evaluation_domain/domains/arithmetic_sequence_domain.hpp:47:
In file included from /Users/heewonchung/Documents/00-Research/active/Updatable Verifiable Computation/Dev/depends/libfqfft/libfqfft/evaluation_domain/domains/arithmetic_sequence_domain.tcc:18:
In file included from /Users/heewonchung/Documents/00-Research/active/Updatable Verifiable Computation/Dev/depends/libfqfft/libfqfft/polynomial_arithmetic/basis_change.hpp:67:
In file included from /Users/heewonchung/Documents/00-Research/active/Updatable Verifiable Computation/Dev/depends/libfqfft/libfqfft/polynomial_arithmetic/basis_change.tcc:21:
In file included from /Users/heewonchung/Documents/00-Research/active/Updatable Verifiable Computation/Dev/depends/libfqfft/libfqfft/polynomial_arithmetic/xgcd.hpp:29:
/Users/heewonchung/Documents/00-Research/active/Updatable Verifiable Computation/Dev/depends/libfqfft/libfqfft/polynomial_arithmetic/xgcd.tcc:61:56: warning: 'bind1st<std::multiplies<libff::Fp_model<4, libff::alt_bn128_modulus_r>>, libff::Fp_model<4, libff::alt_bn128_modulus_r>>' is deprecated [-Wdeprecated-declarations]
   61 |     std::transform(G.begin(), G.end(), G.begin(), std::bind1st(std::multiplies<FieldT>(), lead_coeff));
      |                                                        ^
/Users/heewonchung/Documents/00-Research/active/Updatable Verifiable Computation/Dev/depends/libfqfft/libfqfft/polynomial_arithmetic/basis_change.tcc:78:5: note: in instantiation of function template specialization 'libfqfft::_polynomial_xgcd<libff::Fp_model<4, libff::alt_bn128_modulus_r>>' requested here
   78 |     _polynomial_xgcd(mod, I, mod, mod, I);
      |     ^
/Users/heewonchung/Documents/00-Research/active/Updatable Verifiable Computation/Dev/depends/libfqfft/libfqfft/evaluation_domain/domains/arithmetic_sequence_domain.tcc:44:3: note: in instantiation of function template specialization 'libfqfft::monomial_to_newton_basis<libff::Fp_model<4, libff::alt_bn128_modulus_r>>' requested here
   44 |   monomial_to_newton_basis(a, this->subproduct_tree, this->m);
      |   ^
/Users/heewonchung/Documents/00-Research/active/Updatable Verifiable Computation/Dev/depends/libfqfft/libfqfft/evaluation_domain/domains/arithmetic_sequence_domain.tcc:27:37: note: in instantiation of member function 'libfqfft::arithmetic_sequence_domain<libff::Fp_model<4, libff::alt_bn128_modulus_r>>::FFT' requested here
   27 | arithmetic_sequence_domain<FieldT>::arithmetic_sequence_domain(const size_t m) : evaluation_domain<FieldT>(m)
      |                                     ^
/Users/heewonchung/Documents/00-Research/active/Updatable Verifiable Computation/Dev/depends/libfqfft/libfqfft/evaluation_domain/get_evaluation_domain.tcc:48:41: note: in instantiation of member function 'libfqfft::arithmetic_sequence_domain<libff::Fp_model<4, libff::alt_bn128_modulus_r>>::arithmetic_sequence_domain' requested here
   48 |     catch(...) { try { result.reset(new arithmetic_sequence_domain<FieldT>(min_size)); }
      |                                         ^
/Users/heewonchung/Documents/00-Research/active/Updatable Verifiable Computation/Dev/src/libsnark/reductions/r1cs_to_qap/r1cs_to_qap.tcc:110:84: note: in instantiation of function template specialization 'libfqfft::get_evaluation_domain<libff::Fp_model<4, libff::alt_bn128_modulus_r>>' requested here
  110 |     const std::shared_ptr<libfqfft::evaluation_domain<FieldT> > domain = libfqfft::get_evaluation_domain<FieldT>(cs.num_constraints() + cs.num_inputs() + 1);
      |                                                                                    ^
/Users/heewonchung/Documents/00-Research/active/Updatable Verifiable Computation/Dev/src/libsnark/zk_proof_systems/ppzksnark/r1cs_uvc_ppzksnark/r1cs_uvc_ppzksnark.tcc:240:45: note: in instantiation of function template specialization 'libsnark::r1cs_to_qap_instance_map_with_evaluation<libff::Fp_model<4, libff::alt_bn128_modulus_r>>' requested here
  240 |     qap_instance_evaluation<FieldT> qap_B = r1cs_to_qap_instance_map_with_evaluation(cs_B, t);
      |                                             ^
/Users/heewonchung/Documents/00-Research/active/Updatable Verifiable Computation/Dev/src/libsnark/zk_proof_systems/ppzksnark/r1cs_uvc_ppzksnark/benchmarks/bench_comparative.cpp:140:15: note: in instantiation of function template specialization 'libsnark::r1cs_uvc_ppzksnark_generator<libff::alt_bn128_pp>' requested here
  140 |     auto kp = r1cs_uvc_ppzksnark_generator<ppT>(st, cfg.B);
      |               ^
/Library/Developer/CommandLineTools/SDKs/MacOSX.sdk/usr/include/c++/v1/__functional/binder1st.h:45:1: note: 'bind1st<std::multiplies<libff::Fp_model<4, libff::alt_bn128_modulus_r>>, libff::Fp_model<4, libff::alt_bn128_modulus_r>>' has been explicitly marked deprecated here
   45 | _LIBCPP_DEPRECATED_IN_CXX11 inline _LIBCPP_HIDE_FROM_ABI binder1st<_Operation>
      | ^
/Library/Developer/CommandLineTools/SDKs/MacOSX.sdk/usr/include/c++/v1/__config:725:41: note: expanded from macro '_LIBCPP_DEPRECATED_IN_CXX11'
  725 | #    define _LIBCPP_DEPRECATED_IN_CXX11 _LIBCPP_DEPRECATED
      |                                         ^
/Library/Developer/CommandLineTools/SDKs/MacOSX.sdk/usr/include/c++/v1/__config:710:49: note: expanded from macro '_LIBCPP_DEPRECATED'
  710 | #      define _LIBCPP_DEPRECATED __attribute__((__deprecated__))
      |                                                 ^
In file included from /Users/heewonchung/Documents/00-Research/active/Updatable Verifiable Computation/Dev/src/libsnark/zk_proof_systems/ppzksnark/r1cs_uvc_ppzksnark/benchmarks/bench_comparative.cpp:28:
In file included from /Users/heewonchung/Documents/00-Research/active/Updatable Verifiable Computation/Dev/src/libsnark/zk_proof_systems/ppzksnark/r1cs_uvc_ppzksnark/r1cs_uvc_ppzksnark.hpp:42:
In file included from /Users/heewonchung/Documents/00-Research/active/Updatable Verifiable Computation/Dev/src/libsnark/zk_proof_systems/ppzksnark/r1cs_vc_ppzksnark/r1cs_vc_ppzksnark.hpp:354:
In file included from /Users/heewonchung/Documents/00-Research/active/Updatable Verifiable Computation/Dev/src/libsnark/zk_proof_systems/ppzksnark/r1cs_vc_ppzksnark/r1cs_vc_ppzksnark.tcc:32:
In file included from /Users/heewonchung/Documents/00-Research/active/Updatable Verifiable Computation/Dev/src/libsnark/reductions/r1cs_to_qap/r1cs_to_qap.hpp:68:
In file included from /Users/heewonchung/Documents/00-Research/active/Updatable Verifiable Computation/Dev/src/libsnark/reductions/r1cs_to_qap/r1cs_to_qap.tcc:19:
In file included from /Users/heewonchung/Documents/00-Research/active/Updatable Verifiable Computation/Dev/depends/libfqfft/libfqfft/evaluation_domain/get_evaluation_domain.hpp:30:
In file included from /Users/heewonchung/Documents/00-Research/active/Updatable Verifiable Computation/Dev/depends/libfqfft/libfqfft/evaluation_domain/get_evaluation_domain.tcc:22:
In file included from /Users/heewonchung/Documents/00-Research/active/Updatable Verifiable Computation/Dev/depends/libfqfft/libfqfft/evaluation_domain/domains/arithmetic_sequence_domain.hpp:47:
In file included from /Users/heewonchung/Documents/00-Research/active/Updatable Verifiable Computation/Dev/depends/libfqfft/libfqfft/evaluation_domain/domains/arithmetic_sequence_domain.tcc:18:
In file included from /Users/heewonchung/Documents/00-Research/active/Updatable Verifiable Computation/Dev/depends/libfqfft/libfqfft/polynomial_arithmetic/basis_change.hpp:67:
In file included from /Users/heewonchung/Documents/00-Research/active/Updatable Verifiable Computation/Dev/depends/libfqfft/libfqfft/polynomial_arithmetic/basis_change.tcc:21:
In file included from /Users/heewonchung/Documents/00-Research/active/Updatable Verifiable Computation/Dev/depends/libfqfft/libfqfft/polynomial_arithmetic/xgcd.hpp:29:
/Users/heewonchung/Documents/00-Research/active/Updatable Verifiable Computation/Dev/depends/libfqfft/libfqfft/polynomial_arithmetic/xgcd.tcc:62:56: warning: 'bind1st<std::multiplies<libff::Fp_model<4, libff::alt_bn128_modulus_r>>, libff::Fp_model<4, libff::alt_bn128_modulus_r>>' is deprecated [-Wdeprecated-declarations]
   62 |     std::transform(U.begin(), U.end(), U.begin(), std::bind1st(std::multiplies<FieldT>(), lead_coeff));
      |                                                        ^
/Library/Developer/CommandLineTools/SDKs/MacOSX.sdk/usr/include/c++/v1/__functional/binder1st.h:45:1: note: 'bind1st<std::multiplies<libff::Fp_model<4, libff::alt_bn128_modulus_r>>, libff::Fp_model<4, libff::alt_bn128_modulus_r>>' has been explicitly marked deprecated here
   45 | _LIBCPP_DEPRECATED_IN_CXX11 inline _LIBCPP_HIDE_FROM_ABI binder1st<_Operation>
      | ^
/Library/Developer/CommandLineTools/SDKs/MacOSX.sdk/usr/include/c++/v1/__config:725:41: note: expanded from macro '_LIBCPP_DEPRECATED_IN_CXX11'
  725 | #    define _LIBCPP_DEPRECATED_IN_CXX11 _LIBCPP_DEPRECATED
      |                                         ^
/Library/Developer/CommandLineTools/SDKs/MacOSX.sdk/usr/include/c++/v1/__config:710:49: note: expanded from macro '_LIBCPP_DEPRECATED'
  710 | #      define _LIBCPP_DEPRECATED __attribute__((__deprecated__))
      |                                                 ^
In file included from /Users/heewonchung/Documents/00-Research/active/Updatable Verifiable Computation/Dev/src/libsnark/zk_proof_systems/ppzksnark/r1cs_uvc_ppzksnark/benchmarks/bench_comparative.cpp:28:
In file included from /Users/heewonchung/Documents/00-Research/active/Updatable Verifiable Computation/Dev/src/libsnark/zk_proof_systems/ppzksnark/r1cs_uvc_ppzksnark/r1cs_uvc_ppzksnark.hpp:42:
In file included from /Users/heewonchung/Documents/00-Research/active/Updatable Verifiable Computation/Dev/src/libsnark/zk_proof_systems/ppzksnark/r1cs_vc_ppzksnark/r1cs_vc_ppzksnark.hpp:354:
In file included from /Users/heewonchung/Documents/00-Research/active/Updatable Verifiable Computation/Dev/src/libsnark/zk_proof_systems/ppzksnark/r1cs_vc_ppzksnark/r1cs_vc_ppzksnark.tcc:32:
In file included from /Users/heewonchung/Documents/00-Research/active/Updatable Verifiable Computation/Dev/src/libsnark/reductions/r1cs_to_qap/r1cs_to_qap.hpp:68:
In file included from /Users/heewonchung/Documents/00-Research/active/Updatable Verifiable Computation/Dev/src/libsnark/reductions/r1cs_to_qap/r1cs_to_qap.tcc:19:
In file included from /Users/heewonchung/Documents/00-Research/active/Updatable Verifiable Computation/Dev/depends/libfqfft/libfqfft/evaluation_domain/get_evaluation_domain.hpp:30:
In file included from /Users/heewonchung/Documents/00-Research/active/Updatable Verifiable Computation/Dev/depends/libfqfft/libfqfft/evaluation_domain/get_evaluation_domain.tcc:22:
In file included from /Users/heewonchung/Documents/00-Research/active/Updatable Verifiable Computation/Dev/depends/libfqfft/libfqfft/evaluation_domain/domains/arithmetic_sequence_domain.hpp:47:
In file included from /Users/heewonchung/Documents/00-Research/active/Updatable Verifiable Computation/Dev/depends/libfqfft/libfqfft/evaluation_domain/domains/arithmetic_sequence_domain.tcc:18:
In file included from /Users/heewonchung/Documents/00-Research/active/Updatable Verifiable Computation/Dev/depends/libfqfft/libfqfft/polynomial_arithmetic/basis_change.hpp:67:
In file included from /Users/heewonchung/Documents/00-Research/active/Updatable Verifiable Computation/Dev/depends/libfqfft/libfqfft/polynomial_arithmetic/basis_change.tcc:21:
In file included from /Users/heewonchung/Documents/00-Research/active/Updatable Verifiable Computation/Dev/depends/libfqfft/libfqfft/polynomial_arithmetic/xgcd.hpp:29:
/Users/heewonchung/Documents/00-Research/active/Updatable Verifiable Computation/Dev/depends/libfqfft/libfqfft/polynomial_arithmetic/xgcd.tcc:63:59: warning: 'bind1st<std::multiplies<libff::Fp_model<4, libff::alt_bn128_modulus_r>>, libff::Fp_model<4, libff::alt_bn128_modulus_r>>' is deprecated [-Wdeprecated-declarations]
   63 |     std::transform(V1.begin(), V1.end(), V1.begin(), std::bind1st(std::multiplies<FieldT>(), lead_coeff));
      |                                                           ^
/Library/Developer/CommandLineTools/SDKs/MacOSX.sdk/usr/include/c++/v1/__functional/binder1st.h:45:1: note: 'bind1st<std::multiplies<libff::Fp_model<4, libff::alt_bn128_modulus_r>>, libff::Fp_model<4, libff::alt_bn128_modulus_r>>' has been explicitly marked deprecated here
   45 | _LIBCPP_DEPRECATED_IN_CXX11 inline _LIBCPP_HIDE_FROM_ABI binder1st<_Operation>
      | ^
/Library/Developer/CommandLineTools/SDKs/MacOSX.sdk/usr/include/c++/v1/__config:725:41: note: expanded from macro '_LIBCPP_DEPRECATED_IN_CXX11'
  725 | #    define _LIBCPP_DEPRECATED_IN_CXX11 _LIBCPP_DEPRECATED
      |                                         ^
/Library/Developer/CommandLineTools/SDKs/MacOSX.sdk/usr/include/c++/v1/__config:710:49: note: expanded from macro '_LIBCPP_DEPRECATED'
  710 | #      define _LIBCPP_DEPRECATED __attribute__((__deprecated__))
      |                                                 ^
In file included from /Users/heewonchung/Documents/00-Research/active/Updatable Verifiable Computation/Dev/src/libsnark/zk_proof_systems/ppzksnark/r1cs_uvc_ppzksnark/benchmarks/bench_comparative.cpp:21:
In file included from /Library/Developer/CommandLineTools/SDKs/MacOSX.sdk/usr/include/c++/v1/string:652:
In file included from /Library/Developer/CommandLineTools/SDKs/MacOSX.sdk/usr/include/c++/v1/string_view:947:
In file included from /Library/Developer/CommandLineTools/SDKs/MacOSX.sdk/usr/include/c++/v1/algorithm:1854:
In file included from /Library/Developer/CommandLineTools/SDKs/MacOSX.sdk/usr/include/c++/v1/__algorithm/for_each.h:16:
In file included from /Library/Developer/CommandLineTools/SDKs/MacOSX.sdk/usr/include/c++/v1/__ranges/movable_box.h:21:
In file included from /Library/Developer/CommandLineTools/SDKs/MacOSX.sdk/usr/include/c++/v1/optional:1302:
In file included from /Library/Developer/CommandLineTools/SDKs/MacOSX.sdk/usr/include/c++/v1/memory:947:
In file included from /Library/Developer/CommandLineTools/SDKs/MacOSX.sdk/usr/include/c++/v1/__memory/inout_ptr.h:16:
In file included from /Library/Developer/CommandLineTools/SDKs/MacOSX.sdk/usr/include/c++/v1/__memory/shared_ptr.h:35:
/Library/Developer/CommandLineTools/SDKs/MacOSX.sdk/usr/include/c++/v1/__memory/unique_ptr.h:78:5: warning: delete called on non-final 'libfqfft::arithmetic_sequence_domain<libff::Fp_model<4, libff::alt_bn128_modulus_r>>' that has virtual functions but non-virtual destructor [-Wdelete-non-abstract-non-virtual-dtor]
   78 |     delete __ptr;
      |     ^
/Library/Developer/CommandLineTools/SDKs/MacOSX.sdk/usr/include/c++/v1/__memory/unique_ptr.h:300:7: note: in instantiation of member function 'std::default_delete<libfqfft::arithmetic_sequence_domain<libff::Fp_model<4, libff::alt_bn128_modulus_r>>>::operator()' requested here
  300 |       __deleter_(__tmp);
      |       ^
/Library/Developer/CommandLineTools/SDKs/MacOSX.sdk/usr/include/c++/v1/__memory/unique_ptr.h:269:71: note: in instantiation of member function 'std::unique_ptr<libfqfft::arithmetic_sequence_domain<libff::Fp_model<4, libff::alt_bn128_modulus_r>>>::reset' requested here
  269 |   _LIBCPP_HIDE_FROM_ABI _LIBCPP_CONSTEXPR_SINCE_CXX23 ~unique_ptr() { reset(); }
      |                                                                       ^
/Library/Developer/CommandLineTools/SDKs/MacOSX.sdk/usr/include/c++/v1/__memory/shared_ptr.h:342:21: note: in instantiation of member function 'std::unique_ptr<libfqfft::arithmetic_sequence_domain<libff::Fp_model<4, libff::alt_bn128_modulus_r>>>::~unique_ptr' requested here
  342 |     unique_ptr<_Yp> __hold(__p);
      |                     ^
/Library/Developer/CommandLineTools/SDKs/MacOSX.sdk/usr/include/c++/v1/__memory/shared_ptr.h:612:5: note: in instantiation of function template specialization 'std::shared_ptr<libfqfft::evaluation_domain<libff::Fp_model<4, libff::alt_bn128_modulus_r>>>::shared_ptr<libfqfft::arithmetic_sequence_domain<libff::Fp_model<4, libff::alt_bn128_modulus_r>>, 0>' requested here
  612 |     shared_ptr(__p).swap(*this);
      |     ^
/Users/heewonchung/Documents/00-Research/active/Updatable Verifiable Computation/Dev/depends/libfqfft/libfqfft/evaluation_domain/get_evaluation_domain.tcc:48:31: note: in instantiation of function template specialization 'std::shared_ptr<libfqfft::evaluation_domain<libff::Fp_model<4, libff::alt_bn128_modulus_r>>>::reset<libfqfft::arithmetic_sequence_domain<libff::Fp_model<4, libff::alt_bn128_modulus_r>>, 0>' requested here
   48 |     catch(...) { try { result.reset(new arithmetic_sequence_domain<FieldT>(min_size)); }
      |                               ^
/Users/heewonchung/Documents/00-Research/active/Updatable Verifiable Computation/Dev/src/libsnark/reductions/r1cs_to_qap/r1cs_to_qap.tcc:110:84: note: in instantiation of function template specialization 'libfqfft::get_evaluation_domain<libff::Fp_model<4, libff::alt_bn128_modulus_r>>' requested here
  110 |     const std::shared_ptr<libfqfft::evaluation_domain<FieldT> > domain = libfqfft::get_evaluation_domain<FieldT>(cs.num_constraints() + cs.num_inputs() + 1);
      |                                                                                    ^
/Users/heewonchung/Documents/00-Research/active/Updatable Verifiable Computation/Dev/src/libsnark/zk_proof_systems/ppzksnark/r1cs_uvc_ppzksnark/r1cs_uvc_ppzksnark.tcc:240:45: note: in instantiation of function template specialization 'libsnark::r1cs_to_qap_instance_map_with_evaluation<libff::Fp_model<4, libff::alt_bn128_modulus_r>>' requested here
  240 |     qap_instance_evaluation<FieldT> qap_B = r1cs_to_qap_instance_map_with_evaluation(cs_B, t);
      |                                             ^
/Users/heewonchung/Documents/00-Research/active/Updatable Verifiable Computation/Dev/src/libsnark/zk_proof_systems/ppzksnark/r1cs_uvc_ppzksnark/benchmarks/bench_comparative.cpp:140:15: note: in instantiation of function template specialization 'libsnark::r1cs_uvc_ppzksnark_generator<libff::alt_bn128_pp>' requested here
  140 |     auto kp = r1cs_uvc_ppzksnark_generator<ppT>(st, cfg.B);
      |               ^
13 warnings generated.
[100%] Linking CXX executable bench_comparative
[100%] Built target bench_comparative


============================================================
  C++ Benchmarks: UVC + Groth16
  Configurations: 10
============================================================

------------------------------------------------------------
  Running: [1/10] mimc n=270 B=16
  Command: bench_comparative --circuit mimc --n 270 --B 16 --output-dir /Users/heewonchung/Documents/00-Research/active/Updatable Verifiable Computation/Dev/results/2026-03-06_121849_paper/csv --reps 10
------------------------------------------------------------
================================================================
Comparative Benchmark: UVC vs Groth16
================================================================
  Circuit: mimc, n=270, B=16, reps=10
  Output: /Users/heewonchung/Documents/00-Research/active/Updatable Verifiable Computation/Dev/results/2026-03-06_121849_paper/csv/

================================================================
UVC Benchmark: circuit=mimc, n=270, B=16
================================================================
  Circuit: 270 constraints, 272 vars, state=1, transition=1

  [Setup] Generating CRS for B=16...
* UVC Setup: B=16, n=272, state=1, transition=1
* Composed C_16: 4320 constraints, 4337 variables, 2 inputs
* QAP (C_B) variables: 4337, degree: 4352, inputs: 2
* UVC max compositions (B): 16
* G1 elements in PK: 17363
* G2 elements in PK: 4339
* PK size in bits: 4527452
* H_query_full size: 4351
* Step 2: 271 new wires (0 io, 271 wt)
* Step 3: 271 new wires (0 io, 271 wt)
* Step 4: 271 new wires (0 io, 271 wt)
* Step 5: 271 new wires (0 io, 271 wt)
* Step 6: 271 new wires (0 io, 271 wt)
* Step 7: 271 new wires (0 io, 271 wt)
* Step 8: 271 new wires (0 io, 271 wt)
* Step 9: 271 new wires (0 io, 271 wt)
* Step 10: 271 new wires (0 io, 271 wt)
* Step 11: 271 new wires (0 io, 271 wt)
* Step 12: 271 new wires (0 io, 271 wt)
* Step 13: 271 new wires (0 io, 271 wt)
* Step 14: 271 new wires (0 io, 271 wt)
* Step 15: 271 new wires (0 io, 271 wt)
* Step 16: 271 new wires (0 io, 271 wt)
* UVC VK: 16 max steps
* G2 elements in VK: 2
* GT elements in VK: 1
* gamma_ABC size: 2
  Setup: 804.5 ms, CRS: 21156 G1 + 8405 G2
  Building proof chain (steps 1..16)...
* UVC Prove step 1
* Elements of w skipped: 0 (0.00%)
* Elements of w processed with special addition: 1 (0.37%)
* Elements of w remaining: 272 (99.63%)
* Elements of w skipped: 0 (0.00%)
* Elements of w processed with special addition: 0 (0.00%)
* Elements of w remaining: 91 (100.00%)
* Elements of w skipped: 0 (0.00%)
* Elements of w processed with special addition: 0 (0.00%)
* Elements of w remaining: 270 (100.00%)
* UVC proof at step 1
* G1 elements in proof: 2
* G2 elements in proof: 1
* Proof size in bits: 1019
* Cached h poly size: 4351
* UVC Prove step 2
* Elements of w skipped: 0 (0.00%)
* Elements of w processed with special addition: 0 (0.00%)
* Elements of w remaining: 271 (100.00%)
* Elements of w skipped: 0 (0.00%)
* Elements of w processed with special addition: 0 (0.00%)
* Elements of w remaining: 91 (100.00%)
* Elements of w skipped: 0 (0.00%)
* Elements of w processed with special addition: 0 (0.00%)
* Elements of w remaining: 271 (100.00%)
* UVC proof at step 2
* G1 elements in proof: 2
* G2 elements in proof: 1
* Proof size in bits: 1019
* Cached h poly size: 4351
* UVC Prove step 3
* Elements of w skipped: 0 (0.00%)
* Elements of w processed with special addition: 0 (0.00%)
* Elements of w remaining: 271 (100.00%)
* Elements of w skipped: 0 (0.00%)
* Elements of w processed with special addition: 0 (0.00%)
* Elements of w remaining: 91 (100.00%)
* Elements of w skipped: 0 (0.00%)
* Elements of w processed with special addition: 0 (0.00%)
* Elements of w remaining: 271 (100.00%)
* UVC proof at step 3
* G1 elements in proof: 2
* G2 elements in proof: 1
* Proof size in bits: 1019
* Cached h poly size: 4351
* UVC Prove step 4
* Elements of w skipped: 0 (0.00%)
* Elements of w processed with special addition: 0 (0.00%)
* Elements of w remaining: 271 (100.00%)
* Elements of w skipped: 0 (0.00%)
* Elements of w processed with special addition: 0 (0.00%)
* Elements of w remaining: 91 (100.00%)
* Elements of w skipped: 0 (0.00%)
* Elements of w processed with special addition: 0 (0.00%)
* Elements of w remaining: 271 (100.00%)
* UVC proof at step 4
* G1 elements in proof: 2
* G2 elements in proof: 1
* Proof size in bits: 1019
* Cached h poly size: 4351
* UVC Prove step 5
* Elements of w skipped: 0 (0.00%)
* Elements of w processed with special addition: 0 (0.00%)
* Elements of w remaining: 271 (100.00%)
* Elements of w skipped: 0 (0.00%)
* Elements of w processed with special addition: 0 (0.00%)
* Elements of w remaining: 91 (100.00%)
* Elements of w skipped: 0 (0.00%)
* Elements of w processed with special addition: 0 (0.00%)
* Elements of w remaining: 271 (100.00%)
* UVC proof at step 5
* G1 elements in proof: 2
* G2 elements in proof: 1
* Proof size in bits: 1019
* Cached h poly size: 4351
* UVC Prove step 6
* Elements of w skipped: 0 (0.00%)
* Elements of w processed with special addition: 0 (0.00%)
* Elements of w remaining: 271 (100.00%)
* Elements of w skipped: 0 (0.00%)
* Elements of w processed with special addition: 0 (0.00%)
* Elements of w remaining: 91 (100.00%)
* Elements of w skipped: 0 (0.00%)
* Elements of w processed with special addition: 0 (0.00%)
* Elements of w remaining: 271 (100.00%)
* UVC proof at step 6
* G1 elements in proof: 2
* G2 elements in proof: 1
* Proof size in bits: 1019
* Cached h poly size: 4351
* UVC Prove step 7
* Elements of w skipped: 0 (0.00%)
* Elements of w processed with special addition: 0 (0.00%)
* Elements of w remaining: 271 (100.00%)
* Elements of w skipped: 0 (0.00%)
* Elements of w processed with special addition: 0 (0.00%)
* Elements of w remaining: 91 (100.00%)
* Elements of w skipped: 0 (0.00%)
* Elements of w processed with special addition: 0 (0.00%)
* Elements of w remaining: 271 (100.00%)
* UVC proof at step 7
* G1 elements in proof: 2
* G2 elements in proof: 1
* Proof size in bits: 1019
* Cached h poly size: 4351
* UVC Prove step 8
* Elements of w skipped: 0 (0.00%)
* Elements of w processed with special addition: 0 (0.00%)
* Elements of w remaining: 271 (100.00%)
* Elements of w skipped: 0 (0.00%)
* Elements of w processed with special addition: 0 (0.00%)
* Elements of w remaining: 91 (100.00%)
* Elements of w skipped: 0 (0.00%)
* Elements of w processed with special addition: 0 (0.00%)
* Elements of w remaining: 271 (100.00%)
* UVC proof at step 8
* G1 elements in proof: 2
* G2 elements in proof: 1
* Proof size in bits: 1019
* Cached h poly size: 4351
* UVC Prove step 9
* Elements of w skipped: 0 (0.00%)
* Elements of w processed with special addition: 0 (0.00%)
* Elements of w remaining: 271 (100.00%)
* Elements of w skipped: 0 (0.00%)
* Elements of w processed with special addition: 0 (0.00%)
* Elements of w remaining: 91 (100.00%)
* Elements of w skipped: 0 (0.00%)
* Elements of w processed with special addition: 0 (0.00%)
* Elements of w remaining: 271 (100.00%)
* UVC proof at step 9
* G1 elements in proof: 2
* G2 elements in proof: 1
* Proof size in bits: 1019
* Cached h poly size: 4351
* UVC Prove step 10
* Elements of w skipped: 0 (0.00%)
* Elements of w processed with special addition: 0 (0.00%)
* Elements of w remaining: 271 (100.00%)
* Elements of w skipped: 0 (0.00%)
* Elements of w processed with special addition: 0 (0.00%)
* Elements of w remaining: 91 (100.00%)
* Elements of w skipped: 0 (0.00%)
* Elements of w processed with special addition: 0 (0.00%)
* Elements of w remaining: 271 (100.00%)
* UVC proof at step 10
* G1 elements in proof: 2
* G2 elements in proof: 1
* Proof size in bits: 1019
* Cached h poly size: 4351
* UVC Prove step 11
* Elements of w skipped: 0 (0.00%)
* Elements of w processed with special addition: 0 (0.00%)
* Elements of w remaining: 271 (100.00%)
* Elements of w skipped: 0 (0.00%)
* Elements of w processed with special addition: 0 (0.00%)
* Elements of w remaining: 91 (100.00%)
* Elements of w skipped: 0 (0.00%)
* Elements of w processed with special addition: 0 (0.00%)
* Elements of w remaining: 271 (100.00%)
* UVC proof at step 11
* G1 elements in proof: 2
* G2 elements in proof: 1
* Proof size in bits: 1019
* Cached h poly size: 4351
* UVC Prove step 12
* Elements of w skipped: 0 (0.00%)
* Elements of w processed with special addition: 0 (0.00%)
* Elements of w remaining: 271 (100.00%)
* Elements of w skipped: 0 (0.00%)
* Elements of w processed with special addition: 0 (0.00%)
* Elements of w remaining: 91 (100.00%)
* Elements of w skipped: 0 (0.00%)
* Elements of w processed with special addition: 0 (0.00%)
* Elements of w remaining: 271 (100.00%)
* UVC proof at step 12
* G1 elements in proof: 2
* G2 elements in proof: 1
* Proof size in bits: 1019
* Cached h poly size: 4351
* UVC Prove step 13
* Elements of w skipped: 0 (0.00%)
* Elements of w processed with special addition: 0 (0.00%)
* Elements of w remaining: 271 (100.00%)
* Elements of w skipped: 0 (0.00%)
* Elements of w processed with special addition: 0 (0.00%)
* Elements of w remaining: 91 (100.00%)
* Elements of w skipped: 0 (0.00%)
* Elements of w processed with special addition: 0 (0.00%)
* Elements of w remaining: 271 (100.00%)
* UVC proof at step 13
* G1 elements in proof: 2
* G2 elements in proof: 1
* Proof size in bits: 1019
* Cached h poly size: 4351
* UVC Prove step 14
* Elements of w skipped: 0 (0.00%)
* Elements of w processed with special addition: 0 (0.00%)
* Elements of w remaining: 271 (100.00%)
* Elements of w skipped: 0 (0.00%)
* Elements of w processed with special addition: 0 (0.00%)
* Elements of w remaining: 91 (100.00%)
* Elements of w skipped: 0 (0.00%)
* Elements of w processed with special addition: 0 (0.00%)
* Elements of w remaining: 271 (100.00%)
* UVC proof at step 14
* G1 elements in proof: 2
* G2 elements in proof: 1
* Proof size in bits: 1019
* Cached h poly size: 4351
* UVC Prove step 15
* Elements of w skipped: 0 (0.00%)
* Elements of w processed with special addition: 0 (0.00%)
* Elements of w remaining: 271 (100.00%)
* Elements of w skipped: 0 (0.00%)
* Elements of w processed with special addition: 0 (0.00%)
* Elements of w remaining: 91 (100.00%)
* Elements of w skipped: 0 (0.00%)
* Elements of w processed with special addition: 0 (0.00%)
* Elements of w remaining: 271 (100.00%)
* UVC proof at step 15
* G1 elements in proof: 2
* G2 elements in proof: 1
* Proof size in bits: 1019
* Cached h poly size: 4351
* UVC Prove step 16
* Elements of w skipped: 0 (0.00%)
* Elements of w processed with special addition: 0 (0.00%)
* Elements of w remaining: 271 (100.00%)
* Elements of w skipped: 0 (0.00%)
* Elements of w processed with special addition: 0 (0.00%)
* Elements of w remaining: 91 (100.00%)
* Elements of w skipped: 0 (0.00%)
* Elements of w processed with special addition: 0 (0.00%)
* Elements of w remaining: 271 (100.00%)
* UVC proof at step 16
* G1 elements in proof: 2
* G2 elements in proof: 1
* Proof size in bits: 1019
* Cached h poly size: 4351

  Step    Prove (ms)    Verify (ms)   Proof bits    Verified  
  ------  ------------  ------------  ------------  ----------
* UVC Prove step 1
* Elements of w skipped: 0 (0.00%)
* Elements of w processed with special addition: 1 (0.37%)
* Elements of w remaining: 272 (99.63%)
* Elements of w skipped: 0 (0.00%)
* Elements of w processed with special addition: 0 (0.00%)
* Elements of w remaining: 91 (100.00%)
* Elements of w skipped: 0 (0.00%)
* Elements of w processed with special addition: 0 (0.00%)
* Elements of w remaining: 270 (100.00%)
* UVC proof at step 1
* G1 elements in proof: 2
* G2 elements in proof: 1
* Proof size in bits: 1019
* Cached h poly size: 4351
* UVC Prove step 1
* Elements of w skipped: 0 (0.00%)
* Elements of w processed with special addition: 1 (0.37%)
* Elements of w remaining: 272 (99.63%)
* Elements of w skipped: 0 (0.00%)
* Elements of w processed with special addition: 0 (0.00%)
* Elements of w remaining: 91 (100.00%)
* Elements of w skipped: 0 (0.00%)
* Elements of w processed with special addition: 0 (0.00%)
* Elements of w remaining: 270 (100.00%)
* UVC proof at step 1
* G1 elements in proof: 2
* G2 elements in proof: 1
* Proof size in bits: 1019
* Cached h poly size: 4351
* UVC Prove step 1
* Elements of w skipped: 0 (0.00%)
* Elements of w processed with special addition: 1 (0.37%)
* Elements of w remaining: 272 (99.63%)
* Elements of w skipped: 0 (0.00%)
* Elements of w processed with special addition: 0 (0.00%)
* Elements of w remaining: 91 (100.00%)
* Elements of w skipped: 0 (0.00%)
* Elements of w processed with special addition: 0 (0.00%)
* Elements of w remaining: 270 (100.00%)
* UVC proof at step 1
* G1 elements in proof: 2
* G2 elements in proof: 1
* Proof size in bits: 1019
* Cached h poly size: 4351
* UVC Prove step 1
* Elements of w skipped: 0 (0.00%)
* Elements of w processed with special addition: 1 (0.37%)
* Elements of w remaining: 272 (99.63%)
* Elements of w skipped: 0 (0.00%)
* Elements of w processed with special addition: 0 (0.00%)
* Elements of w remaining: 91 (100.00%)
* Elements of w skipped: 0 (0.00%)
* Elements of w processed with special addition: 0 (0.00%)
* Elements of w remaining: 270 (100.00%)
* UVC proof at step 1
* G1 elements in proof: 2
* G2 elements in proof: 1
* Proof size in bits: 1019
* Cached h poly size: 4351
* UVC Prove step 1
* Elements of w skipped: 0 (0.00%)
* Elements of w processed with special addition: 1 (0.37%)
* Elements of w remaining: 272 (99.63%)
* Elements of w skipped: 0 (0.00%)
* Elements of w processed with special addition: 0 (0.00%)
* Elements of w remaining: 91 (100.00%)
* Elements of w skipped: 0 (0.00%)
* Elements of w processed with special addition: 0 (0.00%)
* Elements of w remaining: 270 (100.00%)
* UVC proof at step 1
* G1 elements in proof: 2
* G2 elements in proof: 1
* Proof size in bits: 1019
* Cached h poly size: 4351
* UVC Prove step 1
* Elements of w skipped: 0 (0.00%)
* Elements of w processed with special addition: 1 (0.37%)
* Elements of w remaining: 272 (99.63%)
* Elements of w skipped: 0 (0.00%)
* Elements of w processed with special addition: 0 (0.00%)
* Elements of w remaining: 91 (100.00%)
* Elements of w skipped: 0 (0.00%)
* Elements of w processed with special addition: 0 (0.00%)
* Elements of w remaining: 270 (100.00%)
* UVC proof at step 1
* G1 elements in proof: 2
* G2 elements in proof: 1
* Proof size in bits: 1019
* Cached h poly size: 4351
* UVC Prove step 1
* Elements of w skipped: 0 (0.00%)
* Elements of w processed with special addition: 1 (0.37%)
* Elements of w remaining: 272 (99.63%)
* Elements of w skipped: 0 (0.00%)
* Elements of w processed with special addition: 0 (0.00%)
* Elements of w remaining: 91 (100.00%)
* Elements of w skipped: 0 (0.00%)
* Elements of w processed with special addition: 0 (0.00%)
* Elements of w remaining: 270 (100.00%)
* UVC proof at step 1
* G1 elements in proof: 2
* G2 elements in proof: 1
* Proof size in bits: 1019
* Cached h poly size: 4351
* UVC Prove step 1
* Elements of w skipped: 0 (0.00%)
* Elements of w processed with special addition: 1 (0.37%)
* Elements of w remaining: 272 (99.63%)
* Elements of w skipped: 0 (0.00%)
* Elements of w processed with special addition: 0 (0.00%)
* Elements of w remaining: 91 (100.00%)
* Elements of w skipped: 0 (0.00%)
* Elements of w processed with special addition: 0 (0.00%)
* Elements of w remaining: 270 (100.00%)
* UVC proof at step 1
* G1 elements in proof: 2
* G2 elements in proof: 1
* Proof size in bits: 1019
* Cached h poly size: 4351
* UVC Prove step 1
* Elements of w skipped: 0 (0.00%)
* Elements of w processed with special addition: 1 (0.37%)
* Elements of w remaining: 272 (99.63%)
* Elements of w skipped: 0 (0.00%)
* Elements of w processed with special addition: 0 (0.00%)
* Elements of w remaining: 91 (100.00%)
* Elements of w skipped: 0 (0.00%)
* Elements of w processed with special addition: 0 (0.00%)
* Elements of w remaining: 270 (100.00%)
* UVC proof at step 1
* G1 elements in proof: 2
* G2 elements in proof: 1
* Proof size in bits: 1019
* Cached h poly size: 4351
* UVC Prove step 1
* Elements of w skipped: 0 (0.00%)
* Elements of w processed with special addition: 1 (0.37%)
* Elements of w remaining: 272 (99.63%)
* Elements of w skipped: 0 (0.00%)
* Elements of w processed with special addition: 0 (0.00%)
* Elements of w remaining: 91 (100.00%)
* Elements of w skipped: 0 (0.00%)
* Elements of w processed with special addition: 0 (0.00%)
* Elements of w remaining: 270 (100.00%)
* UVC proof at step 1
* G1 elements in proof: 2
* G2 elements in proof: 1
* Proof size in bits: 1019
* Cached h poly size: 4351
* UVC Verify step 1: PASS
* UVC Verify step 1: PASS
* UVC Verify step 1: PASS
* UVC Verify step 1: PASS
* UVC Verify step 1: PASS
* UVC Verify step 1: PASS
* UVC Verify step 1: PASS
* UVC Verify step 1: PASS
* UVC Verify step 1: PASS
* UVC Verify step 1: PASS
  1       192.15        4.21          1019          PASS      
* UVC Prove step 2
* Elements of w skipped: 0 (0.00%)
* Elements of w processed with special addition: 0 (0.00%)
* Elements of w remaining: 271 (100.00%)
* Elements of w skipped: 0 (0.00%)
* Elements of w processed with special addition: 0 (0.00%)
* Elements of w remaining: 91 (100.00%)
* Elements of w skipped: 0 (0.00%)
* Elements of w processed with special addition: 0 (0.00%)
* Elements of w remaining: 271 (100.00%)
* UVC proof at step 2
* G1 elements in proof: 2
* G2 elements in proof: 1
* Proof size in bits: 1019
* Cached h poly size: 4351
* UVC Prove step 2
* Elements of w skipped: 0 (0.00%)
* Elements of w processed with special addition: 0 (0.00%)
* Elements of w remaining: 271 (100.00%)
* Elements of w skipped: 0 (0.00%)
* Elements of w processed with special addition: 0 (0.00%)
* Elements of w remaining: 91 (100.00%)
* Elements of w skipped: 0 (0.00%)
* Elements of w processed with special addition: 0 (0.00%)
* Elements of w remaining: 271 (100.00%)
* UVC proof at step 2
* G1 elements in proof: 2
* G2 elements in proof: 1
* Proof size in bits: 1019
* Cached h poly size: 4351
* UVC Prove step 2
* Elements of w skipped: 0 (0.00%)
* Elements of w processed with special addition: 0 (0.00%)
* Elements of w remaining: 271 (100.00%)
* Elements of w skipped: 0 (0.00%)
* Elements of w processed with special addition: 0 (0.00%)
* Elements of w remaining: 91 (100.00%)
* Elements of w skipped: 0 (0.00%)
* Elements of w processed with special addition: 0 (0.00%)
* Elements of w remaining: 271 (100.00%)
* UVC proof at step 2
* G1 elements in proof: 2
* G2 elements in proof: 1
* Proof size in bits: 1019
* Cached h poly size: 4351
* UVC Prove step 2
* Elements of w skipped: 0 (0.00%)
* Elements of w processed with special addition: 0 (0.00%)
* Elements of w remaining: 271 (100.00%)
* Elements of w skipped: 0 (0.00%)
* Elements of w processed with special addition: 0 (0.00%)
* Elements of w remaining: 91 (100.00%)
* Elements of w skipped: 0 (0.00%)
* Elements of w processed with special addition: 0 (0.00%)
* Elements of w remaining: 271 (100.00%)
* UVC proof at step 2
* G1 elements in proof: 2
* G2 elements in proof: 1
* Proof size in bits: 1019
* Cached h poly size: 4351
* UVC Prove step 2
* Elements of w skipped: 0 (0.00%)
* Elements of w processed with special addition: 0 (0.00%)
* Elements of w remaining: 271 (100.00%)
* Elements of w skipped: 0 (0.00%)
* Elements of w processed with special addition: 0 (0.00%)
* Elements of w remaining: 91 (100.00%)
* Elements of w skipped: 0 (0.00%)
* Elements of w processed with special addition: 0 (0.00%)
* Elements of w remaining: 271 (100.00%)
* UVC proof at step 2
* G1 elements in proof: 2
* G2 elements in proof: 1
* Proof size in bits: 1019
* Cached h poly size: 4351
* UVC Prove step 2
* Elements of w skipped: 0 (0.00%)
* Elements of w processed with special addition: 0 (0.00%)
* Elements of w remaining: 271 (100.00%)
* Elements of w skipped: 0 (0.00%)
* Elements of w processed with special addition: 0 (0.00%)
* Elements of w remaining: 91 (100.00%)
* Elements of w skipped: 0 (0.00%)
* Elements of w processed with special addition: 0 (0.00%)
* Elements of w remaining: 271 (100.00%)
* UVC proof at step 2
* G1 elements in proof: 2
* G2 elements in proof: 1
* Proof size in bits: 1019
* Cached h poly size: 4351
* UVC Prove step 2
* Elements of w skipped: 0 (0.00%)
* Elements of w processed with special addition: 0 (0.00%)
* Elements of w remaining: 271 (100.00%)
* Elements of w skipped: 0 (0.00%)
* Elements of w processed with special addition: 0 (0.00%)
* Elements of w remaining: 91 (100.00%)
* Elements of w skipped: 0 (0.00%)
* Elements of w processed with special addition: 0 (0.00%)
* Elements of w remaining: 271 (100.00%)
* UVC proof at step 2
* G1 elements in proof: 2
* G2 elements in proof: 1
* Proof size in bits: 1019
* Cached h poly size: 4351
* UVC Prove step 2
* Elements of w skipped: 0 (0.00%)
* Elements of w processed with special addition: 0 (0.00%)
* Elements of w remaining: 271 (100.00%)
* Elements of w skipped: 0 (0.00%)
* Elements of w processed with special addition: 0 (0.00%)
* Elements of w remaining: 91 (100.00%)
* Elements of w skipped: 0 (0.00%)
* Elements of w processed with special addition: 0 (0.00%)
* Elements of w remaining: 271 (100.00%)
* UVC proof at step 2
* G1 elements in proof: 2
* G2 elements in proof: 1
* Proof size in bits: 1019
* Cached h poly size: 4351
* UVC Prove step 2
* Elements of w skipped: 0 (0.00%)
* Elements of w processed with special addition: 0 (0.00%)
* Elements of w remaining: 271 (100.00%)
* Elements of w skipped: 0 (0.00%)
* Elements of w processed with special addition: 0 (0.00%)
* Elements of w remaining: 91 (100.00%)
* Elements of w skipped: 0 (0.00%)
* Elements of w processed with special addition: 0 (0.00%)
* Elements of w remaining: 271 (100.00%)
* UVC proof at step 2
* G1 elements in proof: 2
* G2 elements in proof: 1
* Proof size in bits: 1019
* Cached h poly size: 4351
* UVC Prove step 2
* Elements of w skipped: 0 (0.00%)
* Elements of w processed with special addition: 0 (0.00%)
* Elements of w remaining: 271 (100.00%)
* Elements of w skipped: 0 (0.00%)
* Elements of w processed with special addition: 0 (0.00%)
* Elements of w remaining: 91 (100.00%)
* Elements of w skipped: 0 (0.00%)
* Elements of w processed with special addition: 0 (0.00%)
* Elements of w remaining: 271 (100.00%)
* UVC proof at step 2
* G1 elements in proof: 2
* G2 elements in proof: 1
* Proof size in bits: 1019
* Cached h poly size: 4351
* UVC Verify step 2: PASS
* UVC Verify step 2: PASS
* UVC Verify step 2: PASS
* UVC Verify step 2: PASS
* UVC Verify step 2: PASS
* UVC Verify step 2: PASS
* UVC Verify step 2: PASS
* UVC Verify step 2: PASS
* UVC Verify step 2: PASS
* UVC Verify step 2: PASS
  2       191.44        4.20          1019          PASS      
* UVC Prove step 4
* Elements of w skipped: 0 (0.00%)
* Elements of w processed with special addition: 0 (0.00%)
* Elements of w remaining: 271 (100.00%)
* Elements of w skipped: 0 (0.00%)
* Elements of w processed with special addition: 0 (0.00%)
* Elements of w remaining: 91 (100.00%)
* Elements of w skipped: 0 (0.00%)
* Elements of w processed with special addition: 0 (0.00%)
* Elements of w remaining: 271 (100.00%)
* UVC proof at step 4
* G1 elements in proof: 2
* G2 elements in proof: 1
* Proof size in bits: 1019
* Cached h poly size: 4351
* UVC Prove step 4
* Elements of w skipped: 0 (0.00%)
* Elements of w processed with special addition: 0 (0.00%)
* Elements of w remaining: 271 (100.00%)
* Elements of w skipped: 0 (0.00%)
* Elements of w processed with special addition: 0 (0.00%)
* Elements of w remaining: 91 (100.00%)
* Elements of w skipped: 0 (0.00%)
* Elements of w processed with special addition: 0 (0.00%)
* Elements of w remaining: 271 (100.00%)
* UVC proof at step 4
* G1 elements in proof: 2
* G2 elements in proof: 1
* Proof size in bits: 1019
* Cached h poly size: 4351
* UVC Prove step 4
* Elements of w skipped: 0 (0.00%)
* Elements of w processed with special addition: 0 (0.00%)
* Elements of w remaining: 271 (100.00%)
* Elements of w skipped: 0 (0.00%)
* Elements of w processed with special addition: 0 (0.00%)
* Elements of w remaining: 91 (100.00%)
* Elements of w skipped: 0 (0.00%)
* Elements of w processed with special addition: 0 (0.00%)
* Elements of w remaining: 271 (100.00%)
* UVC proof at step 4
* G1 elements in proof: 2
* G2 elements in proof: 1
* Proof size in bits: 1019
* Cached h poly size: 4351
* UVC Prove step 4
* Elements of w skipped: 0 (0.00%)
* Elements of w processed with special addition: 0 (0.00%)
* Elements of w remaining: 271 (100.00%)
* Elements of w skipped: 0 (0.00%)
* Elements of w processed with special addition: 0 (0.00%)
* Elements of w remaining: 91 (100.00%)
* Elements of w skipped: 0 (0.00%)
* Elements of w processed with special addition: 0 (0.00%)
* Elements of w remaining: 271 (100.00%)
* UVC proof at step 4
* G1 elements in proof: 2
* G2 elements in proof: 1
* Proof size in bits: 1019
* Cached h poly size: 4351
* UVC Prove step 4
* Elements of w skipped: 0 (0.00%)
* Elements of w processed with special addition: 0 (0.00%)
* Elements of w remaining: 271 (100.00%)
* Elements of w skipped: 0 (0.00%)
* Elements of w processed with special addition: 0 (0.00%)
* Elements of w remaining: 91 (100.00%)
* Elements of w skipped: 0 (0.00%)
* Elements of w processed with special addition: 0 (0.00%)
* Elements of w remaining: 271 (100.00%)
* UVC proof at step 4
* G1 elements in proof: 2
* G2 elements in proof: 1
* Proof size in bits: 1019
* Cached h poly size: 4351
* UVC Prove step 4
* Elements of w skipped: 0 (0.00%)
* Elements of w processed with special addition: 0 (0.00%)
* Elements of w remaining: 271 (100.00%)
* Elements of w skipped: 0 (0.00%)
* Elements of w processed with special addition: 0 (0.00%)
* Elements of w remaining: 91 (100.00%)
* Elements of w skipped: 0 (0.00%)
* Elements of w processed with special addition: 0 (0.00%)
* Elements of w remaining: 271 (100.00%)
* UVC proof at step 4
* G1 elements in proof: 2
* G2 elements in proof: 1
* Proof size in bits: 1019
* Cached h poly size: 4351
* UVC Prove step 4
* Elements of w skipped: 0 (0.00%)
* Elements of w processed with special addition: 0 (0.00%)
* Elements of w remaining: 271 (100.00%)
* Elements of w skipped: 0 (0.00%)
* Elements of w processed with special addition: 0 (0.00%)
* Elements of w remaining: 91 (100.00%)
* Elements of w skipped: 0 (0.00%)
* Elements of w processed with special addition: 0 (0.00%)
* Elements of w remaining: 271 (100.00%)
* UVC proof at step 4
* G1 elements in proof: 2
* G2 elements in proof: 1
* Proof size in bits: 1019
* Cached h poly size: 4351
* UVC Prove step 4
* Elements of w skipped: 0 (0.00%)
* Elements of w processed with special addition: 0 (0.00%)
* Elements of w remaining: 271 (100.00%)
* Elements of w skipped: 0 (0.00%)
* Elements of w processed with special addition: 0 (0.00%)
* Elements of w remaining: 91 (100.00%)
* Elements of w skipped: 0 (0.00%)
* Elements of w processed with special addition: 0 (0.00%)
* Elements of w remaining: 271 (100.00%)
* UVC proof at step 4
* G1 elements in proof: 2
* G2 elements in proof: 1
* Proof size in bits: 1019
* Cached h poly size: 4351
* UVC Prove step 4
* Elements of w skipped: 0 (0.00%)
* Elements of w processed with special addition: 0 (0.00%)
* Elements of w remaining: 271 (100.00%)
* Elements of w skipped: 0 (0.00%)
* Elements of w processed with special addition: 0 (0.00%)
* Elements of w remaining: 91 (100.00%)
* Elements of w skipped: 0 (0.00%)
* Elements of w processed with special addition: 0 (0.00%)
* Elements of w remaining: 271 (100.00%)
* UVC proof at step 4
* G1 elements in proof: 2
* G2 elements in proof: 1
* Proof size in bits: 1019
* Cached h poly size: 4351
* UVC Prove step 4
* Elements of w skipped: 0 (0.00%)
* Elements of w processed with special addition: 0 (0.00%)
* Elements of w remaining: 271 (100.00%)
* Elements of w skipped: 0 (0.00%)
* Elements of w processed with special addition: 0 (0.00%)
* Elements of w remaining: 91 (100.00%)
* Elements of w skipped: 0 (0.00%)
* Elements of w processed with special addition: 0 (0.00%)
* Elements of w remaining: 271 (100.00%)
* UVC proof at step 4
* G1 elements in proof: 2
* G2 elements in proof: 1
* Proof size in bits: 1019
* Cached h poly size: 4351
* UVC Verify step 4: PASS
* UVC Verify step 4: PASS
* UVC Verify step 4: PASS
* UVC Verify step 4: PASS
* UVC Verify step 4: PASS
* UVC Verify step 4: PASS
* UVC Verify step 4: PASS
* UVC Verify step 4: PASS
* UVC Verify step 4: PASS
* UVC Verify step 4: PASS
  4       191.50        4.08          1019          PASS      
* UVC Prove step 8
* Elements of w skipped: 0 (0.00%)
* Elements of w processed with special addition: 0 (0.00%)
* Elements of w remaining: 271 (100.00%)
* Elements of w skipped: 0 (0.00%)
* Elements of w processed with special addition: 0 (0.00%)
* Elements of w remaining: 91 (100.00%)
* Elements of w skipped: 0 (0.00%)
* Elements of w processed with special addition: 0 (0.00%)
* Elements of w remaining: 271 (100.00%)
* UVC proof at step 8
* G1 elements in proof: 2
* G2 elements in proof: 1
* Proof size in bits: 1019
* Cached h poly size: 4351
* UVC Prove step 8
* Elements of w skipped: 0 (0.00%)
* Elements of w processed with special addition: 0 (0.00%)
* Elements of w remaining: 271 (100.00%)
* Elements of w skipped: 0 (0.00%)
* Elements of w processed with special addition: 0 (0.00%)
* Elements of w remaining: 91 (100.00%)
* Elements of w skipped: 0 (0.00%)
* Elements of w processed with special addition: 0 (0.00%)
* Elements of w remaining: 271 (100.00%)
* UVC proof at step 8
* G1 elements in proof: 2
* G2 elements in proof: 1
* Proof size in bits: 1019
* Cached h poly size: 4351
* UVC Prove step 8
* Elements of w skipped: 0 (0.00%)
* Elements of w processed with special addition: 0 (0.00%)
* Elements of w remaining: 271 (100.00%)
* Elements of w skipped: 0 (0.00%)
* Elements of w processed with special addition: 0 (0.00%)
* Elements of w remaining: 91 (100.00%)
* Elements of w skipped: 0 (0.00%)
* Elements of w processed with special addition: 0 (0.00%)
* Elements of w remaining: 271 (100.00%)
* UVC proof at step 8
* G1 elements in proof: 2
* G2 elements in proof: 1
* Proof size in bits: 1019
* Cached h poly size: 4351
* UVC Prove step 8
* Elements of w skipped: 0 (0.00%)
* Elements of w processed with special addition: 0 (0.00%)
* Elements of w remaining: 271 (100.00%)
* Elements of w skipped: 0 (0.00%)
* Elements of w processed with special addition: 0 (0.00%)
* Elements of w remaining: 91 (100.00%)
* Elements of w skipped: 0 (0.00%)
* Elements of w processed with special addition: 0 (0.00%)
* Elements of w remaining: 271 (100.00%)
* UVC proof at step 8
* G1 elements in proof: 2
* G2 elements in proof: 1
* Proof size in bits: 1019
* Cached h poly size: 4351
* UVC Prove step 8
* Elements of w skipped: 0 (0.00%)
* Elements of w processed with special addition: 0 (0.00%)
* Elements of w remaining: 271 (100.00%)
* Elements of w skipped: 0 (0.00%)
* Elements of w processed with special addition: 0 (0.00%)
* Elements of w remaining: 91 (100.00%)
* Elements of w skipped: 0 (0.00%)
* Elements of w processed with special addition: 0 (0.00%)
* Elements of w remaining: 271 (100.00%)
* UVC proof at step 8
* G1 elements in proof: 2
* G2 elements in proof: 1
* Proof size in bits: 1019
* Cached h poly size: 4351
* UVC Prove step 8
* Elements of w skipped: 0 (0.00%)
* Elements of w processed with special addition: 0 (0.00%)
* Elements of w remaining: 271 (100.00%)
* Elements of w skipped: 0 (0.00%)
* Elements of w processed with special addition: 0 (0.00%)
* Elements of w remaining: 91 (100.00%)
* Elements of w skipped: 0 (0.00%)
* Elements of w processed with special addition: 0 (0.00%)
* Elements of w remaining: 271 (100.00%)
* UVC proof at step 8
* G1 elements in proof: 2
* G2 elements in proof: 1
* Proof size in bits: 1019
* Cached h poly size: 4351
* UVC Prove step 8
* Elements of w skipped: 0 (0.00%)
* Elements of w processed with special addition: 0 (0.00%)
* Elements of w remaining: 271 (100.00%)
* Elements of w skipped: 0 (0.00%)
* Elements of w processed with special addition: 0 (0.00%)
* Elements of w remaining: 91 (100.00%)
* Elements of w skipped: 0 (0.00%)
* Elements of w processed with special addition: 0 (0.00%)
* Elements of w remaining: 271 (100.00%)
* UVC proof at step 8
* G1 elements in proof: 2
* G2 elements in proof: 1
* Proof size in bits: 1019
* Cached h poly size: 4351
* UVC Prove step 8
* Elements of w skipped: 0 (0.00%)
* Elements of w processed with special addition: 0 (0.00%)
* Elements of w remaining: 271 (100.00%)
* Elements of w skipped: 0 (0.00%)
* Elements of w processed with special addition: 0 (0.00%)
* Elements of w remaining: 91 (100.00%)
* Elements of w skipped: 0 (0.00%)
* Elements of w processed with special addition: 0 (0.00%)
* Elements of w remaining: 271 (100.00%)
* UVC proof at step 8
* G1 elements in proof: 2
* G2 elements in proof: 1
* Proof size in bits: 1019
* Cached h poly size: 4351
* UVC Prove step 8
* Elements of w skipped: 0 (0.00%)
* Elements of w processed with special addition: 0 (0.00%)
* Elements of w remaining: 271 (100.00%)
* Elements of w skipped: 0 (0.00%)
* Elements of w processed with special addition: 0 (0.00%)
* Elements of w remaining: 91 (100.00%)
* Elements of w skipped: 0 (0.00%)
* Elements of w processed with special addition: 0 (0.00%)
* Elements of w remaining: 271 (100.00%)
* UVC proof at step 8
* G1 elements in proof: 2
* G2 elements in proof: 1
* Proof size in bits: 1019
* Cached h poly size: 4351
* UVC Prove step 8
* Elements of w skipped: 0 (0.00%)
* Elements of w processed with special addition: 0 (0.00%)
* Elements of w remaining: 271 (100.00%)
* Elements of w skipped: 0 (0.00%)
* Elements of w processed with special addition: 0 (0.00%)
* Elements of w remaining: 91 (100.00%)
* Elements of w skipped: 0 (0.00%)
* Elements of w processed with special addition: 0 (0.00%)
* Elements of w remaining: 271 (100.00%)
* UVC proof at step 8
* G1 elements in proof: 2
* G2 elements in proof: 1
* Proof size in bits: 1019
* Cached h poly size: 4351
* UVC Verify step 8: PASS
* UVC Verify step 8: PASS
* UVC Verify step 8: PASS
* UVC Verify step 8: PASS
* UVC Verify step 8: PASS
* UVC Verify step 8: PASS
* UVC Verify step 8: PASS
* UVC Verify step 8: PASS
* UVC Verify step 8: PASS
* UVC Verify step 8: PASS
  8       192.31        4.09          1019          PASS      
* UVC Prove step 16
* Elements of w skipped: 0 (0.00%)
* Elements of w processed with special addition: 0 (0.00%)
* Elements of w remaining: 271 (100.00%)
* Elements of w skipped: 0 (0.00%)
* Elements of w processed with special addition: 0 (0.00%)
* Elements of w remaining: 91 (100.00%)
* Elements of w skipped: 0 (0.00%)
* Elements of w processed with special addition: 0 (0.00%)
* Elements of w remaining: 271 (100.00%)
* UVC proof at step 16
* G1 elements in proof: 2
* G2 elements in proof: 1
* Proof size in bits: 1019
* Cached h poly size: 4351
* UVC Prove step 16
* Elements of w skipped: 0 (0.00%)
* Elements of w processed with special addition: 0 (0.00%)
* Elements of w remaining: 271 (100.00%)
* Elements of w skipped: 0 (0.00%)
* Elements of w processed with special addition: 0 (0.00%)
* Elements of w remaining: 91 (100.00%)
* Elements of w skipped: 0 (0.00%)
* Elements of w processed with special addition: 0 (0.00%)
* Elements of w remaining: 271 (100.00%)
* UVC proof at step 16
* G1 elements in proof: 2
* G2 elements in proof: 1
* Proof size in bits: 1019
* Cached h poly size: 4351
* UVC Prove step 16
* Elements of w skipped: 0 (0.00%)
* Elements of w processed with special addition: 0 (0.00%)
* Elements of w remaining: 271 (100.00%)
* Elements of w skipped: 0 (0.00%)
* Elements of w processed with special addition: 0 (0.00%)
* Elements of w remaining: 91 (100.00%)
* Elements of w skipped: 0 (0.00%)
* Elements of w processed with special addition: 0 (0.00%)
* Elements of w remaining: 271 (100.00%)
* UVC proof at step 16
* G1 elements in proof: 2
* G2 elements in proof: 1
* Proof size in bits: 1019
* Cached h poly size: 4351
* UVC Prove step 16
* Elements of w skipped: 0 (0.00%)
* Elements of w processed with special addition: 0 (0.00%)
* Elements of w remaining: 271 (100.00%)
* Elements of w skipped: 0 (0.00%)
* Elements of w processed with special addition: 0 (0.00%)
* Elements of w remaining: 91 (100.00%)
* Elements of w skipped: 0 (0.00%)
* Elements of w processed with special addition: 0 (0.00%)
* Elements of w remaining: 271 (100.00%)
* UVC proof at step 16
* G1 elements in proof: 2
* G2 elements in proof: 1
* Proof size in bits: 1019
* Cached h poly size: 4351
* UVC Prove step 16
* Elements of w skipped: 0 (0.00%)
* Elements of w processed with special addition: 0 (0.00%)
* Elements of w remaining: 271 (100.00%)
* Elements of w skipped: 0 (0.00%)
* Elements of w processed with special addition: 0 (0.00%)
* Elements of w remaining: 91 (100.00%)
* Elements of w skipped: 0 (0.00%)
* Elements of w processed with special addition: 0 (0.00%)
* Elements of w remaining: 271 (100.00%)
* UVC proof at step 16
* G1 elements in proof: 2
* G2 elements in proof: 1
* Proof size in bits: 1019
* Cached h poly size: 4351
* UVC Prove step 16
* Elements of w skipped: 0 (0.00%)
* Elements of w processed with special addition: 0 (0.00%)
* Elements of w remaining: 271 (100.00%)
* Elements of w skipped: 0 (0.00%)
* Elements of w processed with special addition: 0 (0.00%)
* Elements of w remaining: 91 (100.00%)
* Elements of w skipped: 0 (0.00%)
* Elements of w processed with special addition: 0 (0.00%)
* Elements of w remaining: 271 (100.00%)
* UVC proof at step 16
* G1 elements in proof: 2
* G2 elements in proof: 1
* Proof size in bits: 1019
* Cached h poly size: 4351
* UVC Prove step 16
* Elements of w skipped: 0 (0.00%)
* Elements of w processed with special addition: 0 (0.00%)
* Elements of w remaining: 271 (100.00%)
* Elements of w skipped: 0 (0.00%)
* Elements of w processed with special addition: 0 (0.00%)
* Elements of w remaining: 91 (100.00%)
* Elements of w skipped: 0 (0.00%)
* Elements of w processed with special addition: 0 (0.00%)
* Elements of w remaining: 271 (100.00%)
* UVC proof at step 16
* G1 elements in proof: 2
* G2 elements in proof: 1
* Proof size in bits: 1019
* Cached h poly size: 4351
* UVC Prove step 16
* Elements of w skipped: 0 (0.00%)
* Elements of w processed with special addition: 0 (0.00%)
* Elements of w remaining: 271 (100.00%)
* Elements of w skipped: 0 (0.00%)
* Elements of w processed with special addition: 0 (0.00%)
* Elements of w remaining: 91 (100.00%)
* Elements of w skipped: 0 (0.00%)
* Elements of w processed with special addition: 0 (0.00%)
* Elements of w remaining: 271 (100.00%)
* UVC proof at step 16
* G1 elements in proof: 2
* G2 elements in proof: 1
* Proof size in bits: 1019
* Cached h poly size: 4351
* UVC Prove step 16
* Elements of w skipped: 0 (0.00%)
* Elements of w processed with special addition: 0 (0.00%)
* Elements of w remaining: 271 (100.00%)
* Elements of w skipped: 0 (0.00%)
* Elements of w processed with special addition: 0 (0.00%)
* Elements of w remaining: 91 (100.00%)
* Elements of w skipped: 0 (0.00%)
* Elements of w processed with special addition: 0 (0.00%)
* Elements of w remaining: 271 (100.00%)
* UVC proof at step 16
* G1 elements in proof: 2
* G2 elements in proof: 1
* Proof size in bits: 1019
* Cached h poly size: 4351
* UVC Prove step 16
* Elements of w skipped: 0 (0.00%)
* Elements of w processed with special addition: 0 (0.00%)
* Elements of w remaining: 271 (100.00%)
* Elements of w skipped: 0 (0.00%)
* Elements of w processed with special addition: 0 (0.00%)
* Elements of w remaining: 91 (100.00%)
* Elements of w skipped: 0 (0.00%)
* Elements of w processed with special addition: 0 (0.00%)
* Elements of w remaining: 271 (100.00%)
* UVC proof at step 16
* G1 elements in proof: 2
* G2 elements in proof: 1
* Proof size in bits: 1019
* Cached h poly size: 4351
* UVC Verify step 16: PASS
* UVC Verify step 16: PASS
* UVC Verify step 16: PASS
* UVC Verify step 16: PASS
* UVC Verify step 16: PASS
* UVC Verify step 16: PASS
* UVC Verify step 16: PASS
* UVC Verify step 16: PASS
* UVC Verify step 16: PASS
* UVC Verify step 16: PASS
  16      192.93        4.08          1019          PASS      

  UVC results written to /Users/heewonchung/Documents/00-Research/active/Updatable Verifiable Computation/Dev/results/2026-03-06_121849_paper/csv/uvc_results.csv

================================================================
Groth16 Benchmark: circuit=mimc, n=270, B=16
================================================================

  Step    C_j constr  Setup (ms)    Prove (ms)    Verify (ms)   Verified  
  ------  ----------  ------------  ------------  ------------  ----------
* Composed C_1: 270 constraints, 272 variables, 2 inputs
Swap is not beneficial, not performing
* QAP number of variables: 272
* QAP pre degree: 270
* QAP degree: 288
* QAP number of input variables: 2
* G1 window: 7
* G2 window: 5
* G1 elements in PK: 1104
* Non-zero G1 elements in PK: 922
* G2 elements in PK: 274
* Non-zero G2 elements in PK: 92
* PK size in bits: 287762
* G1 elements in VK: 2
* G2 elements in VK: 2
* GT elements in VK: 1
* VK size in bits: 1911
* Elements of w skipped: 0 (0.00%)
* Elements of w processed with special addition: 1 (0.37%)
* Elements of w remaining: 272 (99.63%)
* Elements of w skipped: 0 (0.00%)
* Elements of w processed with special addition: 0 (0.00%)
* Elements of w remaining: 91 (100.00%)
* Elements of w skipped: 0 (0.00%)
* Elements of w processed with special addition: 0 (0.00%)
* Elements of w remaining: 270 (100.00%)
* G1 elements in proof: 2
* G2 elements in proof: 1
* Proof size in bits: 1019
* Elements of w skipped: 0 (0.00%)
* Elements of w processed with special addition: 1 (0.37%)
* Elements of w remaining: 272 (99.63%)
* Elements of w skipped: 0 (0.00%)
* Elements of w processed with special addition: 0 (0.00%)
* Elements of w remaining: 91 (100.00%)
* Elements of w skipped: 0 (0.00%)
* Elements of w processed with special addition: 0 (0.00%)
* Elements of w remaining: 270 (100.00%)
* G1 elements in proof: 2
* G2 elements in proof: 1
* Proof size in bits: 1019
* Elements of w skipped: 0 (0.00%)
* Elements of w processed with special addition: 1 (0.37%)
* Elements of w remaining: 272 (99.63%)
* Elements of w skipped: 0 (0.00%)
* Elements of w processed with special addition: 0 (0.00%)
* Elements of w remaining: 91 (100.00%)
* Elements of w skipped: 0 (0.00%)
* Elements of w processed with special addition: 0 (0.00%)
* Elements of w remaining: 270 (100.00%)
* G1 elements in proof: 2
* G2 elements in proof: 1
* Proof size in bits: 1019
* Elements of w skipped: 0 (0.00%)
* Elements of w processed with special addition: 1 (0.37%)
* Elements of w remaining: 272 (99.63%)
* Elements of w skipped: 0 (0.00%)
* Elements of w processed with special addition: 0 (0.00%)
* Elements of w remaining: 91 (100.00%)
* Elements of w skipped: 0 (0.00%)
* Elements of w processed with special addition: 0 (0.00%)
* Elements of w remaining: 270 (100.00%)
* G1 elements in proof: 2
* G2 elements in proof: 1
* Proof size in bits: 1019
* Elements of w skipped: 0 (0.00%)
* Elements of w processed with special addition: 1 (0.37%)
* Elements of w remaining: 272 (99.63%)
* Elements of w skipped: 0 (0.00%)
* Elements of w processed with special addition: 0 (0.00%)
* Elements of w remaining: 91 (100.00%)
* Elements of w skipped: 0 (0.00%)
* Elements of w processed with special addition: 0 (0.00%)
* Elements of w remaining: 270 (100.00%)
* G1 elements in proof: 2
* G2 elements in proof: 1
* Proof size in bits: 1019
* Elements of w skipped: 0 (0.00%)
* Elements of w processed with special addition: 1 (0.37%)
* Elements of w remaining: 272 (99.63%)
* Elements of w skipped: 0 (0.00%)
* Elements of w processed with special addition: 0 (0.00%)
* Elements of w remaining: 91 (100.00%)
* Elements of w skipped: 0 (0.00%)
* Elements of w processed with special addition: 0 (0.00%)
* Elements of w remaining: 270 (100.00%)
* G1 elements in proof: 2
* G2 elements in proof: 1
* Proof size in bits: 1019
* Elements of w skipped: 0 (0.00%)
* Elements of w processed with special addition: 1 (0.37%)
* Elements of w remaining: 272 (99.63%)
* Elements of w skipped: 0 (0.00%)
* Elements of w processed with special addition: 0 (0.00%)
* Elements of w remaining: 91 (100.00%)
* Elements of w skipped: 0 (0.00%)
* Elements of w processed with special addition: 0 (0.00%)
* Elements of w remaining: 270 (100.00%)
* G1 elements in proof: 2
* G2 elements in proof: 1
* Proof size in bits: 1019
* Elements of w skipped: 0 (0.00%)
* Elements of w processed with special addition: 1 (0.37%)
* Elements of w remaining: 272 (99.63%)
* Elements of w skipped: 0 (0.00%)
* Elements of w processed with special addition: 0 (0.00%)
* Elements of w remaining: 91 (100.00%)
* Elements of w skipped: 0 (0.00%)
* Elements of w processed with special addition: 0 (0.00%)
* Elements of w remaining: 270 (100.00%)
* G1 elements in proof: 2
* G2 elements in proof: 1
* Proof size in bits: 1019
* Elements of w skipped: 0 (0.00%)
* Elements of w processed with special addition: 1 (0.37%)
* Elements of w remaining: 272 (99.63%)
* Elements of w skipped: 0 (0.00%)
* Elements of w processed with special addition: 0 (0.00%)
* Elements of w remaining: 91 (100.00%)
* Elements of w skipped: 0 (0.00%)
* Elements of w processed with special addition: 0 (0.00%)
* Elements of w remaining: 270 (100.00%)
* G1 elements in proof: 2
* G2 elements in proof: 1
* Proof size in bits: 1019
* Elements of w skipped: 0 (0.00%)
* Elements of w processed with special addition: 1 (0.37%)
* Elements of w remaining: 272 (99.63%)
* Elements of w skipped: 0 (0.00%)
* Elements of w processed with special addition: 0 (0.00%)
* Elements of w remaining: 91 (100.00%)
* Elements of w skipped: 0 (0.00%)
* Elements of w processed with special addition: 0 (0.00%)
* Elements of w remaining: 270 (100.00%)
* G1 elements in proof: 2
* G2 elements in proof: 1
* Proof size in bits: 1019
  1       270         56.0          72.07         4.23          PASS      
* Composed C_2: 540 constraints, 543 variables, 2 inputs
Swap is not beneficial, not performing
* QAP number of variables: 543
* QAP pre degree: 540
* QAP degree: 544
* QAP number of input variables: 2
* G1 window: 8
* G2 window: 6
* G1 elements in PK: 2173
* Non-zero G1 elements in PK: 1811
* G2 elements in PK: 545
* Non-zero G2 elements in PK: 183
* PK size in bits: 566600
* G1 elements in VK: 2
* G2 elements in VK: 2
* GT elements in VK: 1
* VK size in bits: 1911
* Elements of w skipped: 0 (0.00%)
* Elements of w processed with special addition: 1 (0.18%)
* Elements of w remaining: 543 (99.82%)
* Elements of w skipped: 0 (0.00%)
* Elements of w processed with special addition: 0 (0.00%)
* Elements of w remaining: 182 (100.00%)
* Elements of w skipped: 0 (0.00%)
* Elements of w processed with special addition: 0 (0.00%)
* Elements of w remaining: 541 (100.00%)
* G1 elements in proof: 2
* G2 elements in proof: 1
* Proof size in bits: 1019
* Elements of w skipped: 0 (0.00%)
* Elements of w processed with special addition: 1 (0.18%)
* Elements of w remaining: 543 (99.82%)
* Elements of w skipped: 0 (0.00%)
* Elements of w processed with special addition: 0 (0.00%)
* Elements of w remaining: 182 (100.00%)
* Elements of w skipped: 0 (0.00%)
* Elements of w processed with special addition: 0 (0.00%)
* Elements of w remaining: 541 (100.00%)
* G1 elements in proof: 2
* G2 elements in proof: 1
* Proof size in bits: 1019
* Elements of w skipped: 0 (0.00%)
* Elements of w processed with special addition: 1 (0.18%)
* Elements of w remaining: 543 (99.82%)
* Elements of w skipped: 0 (0.00%)
* Elements of w processed with special addition: 0 (0.00%)
* Elements of w remaining: 182 (100.00%)
* Elements of w skipped: 0 (0.00%)
* Elements of w processed with special addition: 0 (0.00%)
* Elements of w remaining: 541 (100.00%)
* G1 elements in proof: 2
* G2 elements in proof: 1
* Proof size in bits: 1019
* Elements of w skipped: 0 (0.00%)
* Elements of w processed with special addition: 1 (0.18%)
* Elements of w remaining: 543 (99.82%)
* Elements of w skipped: 0 (0.00%)
* Elements of w processed with special addition: 0 (0.00%)
* Elements of w remaining: 182 (100.00%)
* Elements of w skipped: 0 (0.00%)
* Elements of w processed with special addition: 0 (0.00%)
* Elements of w remaining: 541 (100.00%)
* G1 elements in proof: 2
* G2 elements in proof: 1
* Proof size in bits: 1019
* Elements of w skipped: 0 (0.00%)
* Elements of w processed with special addition: 1 (0.18%)
* Elements of w remaining: 543 (99.82%)
* Elements of w skipped: 0 (0.00%)
* Elements of w processed with special addition: 0 (0.00%)
* Elements of w remaining: 182 (100.00%)
* Elements of w skipped: 0 (0.00%)
* Elements of w processed with special addition: 0 (0.00%)
* Elements of w remaining: 541 (100.00%)
* G1 elements in proof: 2
* G2 elements in proof: 1
* Proof size in bits: 1019
* Elements of w skipped: 0 (0.00%)
* Elements of w processed with special addition: 1 (0.18%)
* Elements of w remaining: 543 (99.82%)
* Elements of w skipped: 0 (0.00%)
* Elements of w processed with special addition: 0 (0.00%)
* Elements of w remaining: 182 (100.00%)
* Elements of w skipped: 0 (0.00%)
* Elements of w processed with special addition: 0 (0.00%)
* Elements of w remaining: 541 (100.00%)
* G1 elements in proof: 2
* G2 elements in proof: 1
* Proof size in bits: 1019
* Elements of w skipped: 0 (0.00%)
* Elements of w processed with special addition: 1 (0.18%)
* Elements of w remaining: 543 (99.82%)
* Elements of w skipped: 0 (0.00%)
* Elements of w processed with special addition: 0 (0.00%)
* Elements of w remaining: 182 (100.00%)
* Elements of w skipped: 0 (0.00%)
* Elements of w processed with special addition: 0 (0.00%)
* Elements of w remaining: 541 (100.00%)
* G1 elements in proof: 2
* G2 elements in proof: 1
* Proof size in bits: 1019
* Elements of w skipped: 0 (0.00%)
* Elements of w processed with special addition: 1 (0.18%)
* Elements of w remaining: 543 (99.82%)
* Elements of w skipped: 0 (0.00%)
* Elements of w processed with special addition: 0 (0.00%)
* Elements of w remaining: 182 (100.00%)
* Elements of w skipped: 0 (0.00%)
* Elements of w processed with special addition: 0 (0.00%)
* Elements of w remaining: 541 (100.00%)
* G1 elements in proof: 2
* G2 elements in proof: 1
* Proof size in bits: 1019
* Elements of w skipped: 0 (0.00%)
* Elements of w processed with special addition: 1 (0.18%)
* Elements of w remaining: 543 (99.82%)
* Elements of w skipped: 0 (0.00%)
* Elements of w processed with special addition: 0 (0.00%)
* Elements of w remaining: 182 (100.00%)
* Elements of w skipped: 0 (0.00%)
* Elements of w processed with special addition: 0 (0.00%)
* Elements of w remaining: 541 (100.00%)
* G1 elements in proof: 2
* G2 elements in proof: 1
* Proof size in bits: 1019
* Elements of w skipped: 0 (0.00%)
* Elements of w processed with special addition: 1 (0.18%)
* Elements of w remaining: 543 (99.82%)
* Elements of w skipped: 0 (0.00%)
* Elements of w processed with special addition: 0 (0.00%)
* Elements of w remaining: 182 (100.00%)
* Elements of w skipped: 0 (0.00%)
* Elements of w processed with special addition: 0 (0.00%)
* Elements of w remaining: 541 (100.00%)
* G1 elements in proof: 2
* G2 elements in proof: 1
* Proof size in bits: 1019
  2       540         91.3          126.21        3.98          PASS      
* Composed C_4: 1080 constraints, 1085 variables, 2 inputs
Swap is not beneficial, not performing
* QAP number of variables: 1085
* QAP pre degree: 1080
* QAP degree: 1088
* QAP number of input variables: 2
* G1 window: 9
* G2 window: 7
* G1 elements in PK: 4343
* Non-zero G1 elements in PK: 3621
* G2 elements in PK: 1087
* Non-zero G2 elements in PK: 365
* PK size in bits: 1132436
* G1 elements in VK: 2
* G2 elements in VK: 2
* GT elements in VK: 1
* VK size in bits: 1911
* Elements of w skipped: 0 (0.00%)
* Elements of w processed with special addition: 1 (0.09%)
* Elements of w remaining: 1085 (99.91%)
* Elements of w skipped: 0 (0.00%)
* Elements of w processed with special addition: 0 (0.00%)
* Elements of w remaining: 364 (100.00%)
* Elements of w skipped: 0 (0.00%)
* Elements of w processed with special addition: 0 (0.00%)
* Elements of w remaining: 1083 (100.00%)
* G1 elements in proof: 2
* G2 elements in proof: 1
* Proof size in bits: 1019
* Elements of w skipped: 0 (0.00%)
* Elements of w processed with special addition: 1 (0.09%)
* Elements of w remaining: 1085 (99.91%)
* Elements of w skipped: 0 (0.00%)
* Elements of w processed with special addition: 0 (0.00%)
* Elements of w remaining: 364 (100.00%)
* Elements of w skipped: 0 (0.00%)
* Elements of w processed with special addition: 0 (0.00%)
* Elements of w remaining: 1083 (100.00%)
* G1 elements in proof: 2
* G2 elements in proof: 1
* Proof size in bits: 1019
* Elements of w skipped: 0 (0.00%)
* Elements of w processed with special addition: 1 (0.09%)
* Elements of w remaining: 1085 (99.91%)
* Elements of w skipped: 0 (0.00%)
* Elements of w processed with special addition: 0 (0.00%)
* Elements of w remaining: 364 (100.00%)
* Elements of w skipped: 0 (0.00%)
* Elements of w processed with special addition: 0 (0.00%)
* Elements of w remaining: 1083 (100.00%)
* G1 elements in proof: 2
* G2 elements in proof: 1
* Proof size in bits: 1019
* Elements of w skipped: 0 (0.00%)
* Elements of w processed with special addition: 1 (0.09%)
* Elements of w remaining: 1085 (99.91%)
* Elements of w skipped: 0 (0.00%)
* Elements of w processed with special addition: 0 (0.00%)
* Elements of w remaining: 364 (100.00%)
* Elements of w skipped: 0 (0.00%)
* Elements of w processed with special addition: 0 (0.00%)
* Elements of w remaining: 1083 (100.00%)
* G1 elements in proof: 2
* G2 elements in proof: 1
* Proof size in bits: 1019
* Elements of w skipped: 0 (0.00%)
* Elements of w processed with special addition: 1 (0.09%)
* Elements of w remaining: 1085 (99.91%)
* Elements of w skipped: 0 (0.00%)
* Elements of w processed with special addition: 0 (0.00%)
* Elements of w remaining: 364 (100.00%)
* Elements of w skipped: 0 (0.00%)
* Elements of w processed with special addition: 0 (0.00%)
* Elements of w remaining: 1083 (100.00%)
* G1 elements in proof: 2
* G2 elements in proof: 1
* Proof size in bits: 1019
* Elements of w skipped: 0 (0.00%)
* Elements of w processed with special addition: 1 (0.09%)
* Elements of w remaining: 1085 (99.91%)
* Elements of w skipped: 0 (0.00%)
* Elements of w processed with special addition: 0 (0.00%)
* Elements of w remaining: 364 (100.00%)
* Elements of w skipped: 0 (0.00%)
* Elements of w processed with special addition: 0 (0.00%)
* Elements of w remaining: 1083 (100.00%)
* G1 elements in proof: 2
* G2 elements in proof: 1
* Proof size in bits: 1019
* Elements of w skipped: 0 (0.00%)
* Elements of w processed with special addition: 1 (0.09%)
* Elements of w remaining: 1085 (99.91%)
* Elements of w skipped: 0 (0.00%)
* Elements of w processed with special addition: 0 (0.00%)
* Elements of w remaining: 364 (100.00%)
* Elements of w skipped: 0 (0.00%)
* Elements of w processed with special addition: 0 (0.00%)
* Elements of w remaining: 1083 (100.00%)
* G1 elements in proof: 2
* G2 elements in proof: 1
* Proof size in bits: 1019
* Elements of w skipped: 0 (0.00%)
* Elements of w processed with special addition: 1 (0.09%)
* Elements of w remaining: 1085 (99.91%)
* Elements of w skipped: 0 (0.00%)
* Elements of w processed with special addition: 0 (0.00%)
* Elements of w remaining: 364 (100.00%)
* Elements of w skipped: 0 (0.00%)
* Elements of w processed with special addition: 0 (0.00%)
* Elements of w remaining: 1083 (100.00%)
* G1 elements in proof: 2
* G2 elements in proof: 1
* Proof size in bits: 1019
* Elements of w skipped: 0 (0.00%)
* Elements of w processed with special addition: 1 (0.09%)
* Elements of w remaining: 1085 (99.91%)
* Elements of w skipped: 0 (0.00%)
* Elements of w processed with special addition: 0 (0.00%)
* Elements of w remaining: 364 (100.00%)
* Elements of w skipped: 0 (0.00%)
* Elements of w processed with special addition: 0 (0.00%)
* Elements of w remaining: 1083 (100.00%)
* G1 elements in proof: 2
* G2 elements in proof: 1
* Proof size in bits: 1019
* Elements of w skipped: 0 (0.00%)
* Elements of w processed with special addition: 1 (0.09%)
* Elements of w remaining: 1085 (99.91%)
* Elements of w skipped: 0 (0.00%)
* Elements of w processed with special addition: 0 (0.00%)
* Elements of w remaining: 364 (100.00%)
* Elements of w skipped: 0 (0.00%)
* Elements of w processed with special addition: 0 (0.00%)
* Elements of w remaining: 1083 (100.00%)
* G1 elements in proof: 2
* G2 elements in proof: 1
* Proof size in bits: 1019
  4       1080        154.5         207.47        4.08          PASS      
* Composed C_8: 2160 constraints, 2169 variables, 2 inputs
Swap is not beneficial, not performing
* QAP number of variables: 2169
* QAP pre degree: 2160
* QAP degree: 2176
* QAP number of input variables: 2
* G1 window: 9
* G2 window: 7
* G1 elements in PK: 8683
* Non-zero G1 elements in PK: 7241
* G2 elements in PK: 2171
* Non-zero G2 elements in PK: 729
* PK size in bits: 2264108
* G1 elements in VK: 2
* G2 elements in VK: 2
* GT elements in VK: 1
* VK size in bits: 1911
* Elements of w skipped: 0 (0.00%)
* Elements of w processed with special addition: 1 (0.05%)
* Elements of w remaining: 2169 (99.95%)
* Elements of w skipped: 0 (0.00%)
* Elements of w processed with special addition: 0 (0.00%)
* Elements of w remaining: 728 (100.00%)
* Elements of w skipped: 0 (0.00%)
* Elements of w processed with special addition: 0 (0.00%)
* Elements of w remaining: 2167 (100.00%)
* G1 elements in proof: 2
* G2 elements in proof: 1
* Proof size in bits: 1019
* Elements of w skipped: 0 (0.00%)
* Elements of w processed with special addition: 1 (0.05%)
* Elements of w remaining: 2169 (99.95%)
* Elements of w skipped: 0 (0.00%)
* Elements of w processed with special addition: 0 (0.00%)
* Elements of w remaining: 728 (100.00%)
* Elements of w skipped: 0 (0.00%)
* Elements of w processed with special addition: 0 (0.00%)
* Elements of w remaining: 2167 (100.00%)
* G1 elements in proof: 2
* G2 elements in proof: 1
* Proof size in bits: 1019
* Elements of w skipped: 0 (0.00%)
* Elements of w processed with special addition: 1 (0.05%)
* Elements of w remaining: 2169 (99.95%)
* Elements of w skipped: 0 (0.00%)
* Elements of w processed with special addition: 0 (0.00%)
* Elements of w remaining: 728 (100.00%)
* Elements of w skipped: 0 (0.00%)
* Elements of w processed with special addition: 0 (0.00%)
* Elements of w remaining: 2167 (100.00%)
* G1 elements in proof: 2
* G2 elements in proof: 1
* Proof size in bits: 1019
* Elements of w skipped: 0 (0.00%)
* Elements of w processed with special addition: 1 (0.05%)
* Elements of w remaining: 2169 (99.95%)
* Elements of w skipped: 0 (0.00%)
* Elements of w processed with special addition: 0 (0.00%)
* Elements of w remaining: 728 (100.00%)
* Elements of w skipped: 0 (0.00%)
* Elements of w processed with special addition: 0 (0.00%)
* Elements of w remaining: 2167 (100.00%)
* G1 elements in proof: 2
* G2 elements in proof: 1
* Proof size in bits: 1019
* Elements of w skipped: 0 (0.00%)
* Elements of w processed with special addition: 1 (0.05%)
* Elements of w remaining: 2169 (99.95%)
* Elements of w skipped: 0 (0.00%)
* Elements of w processed with special addition: 0 (0.00%)
* Elements of w remaining: 728 (100.00%)
* Elements of w skipped: 0 (0.00%)
* Elements of w processed with special addition: 0 (0.00%)
* Elements of w remaining: 2167 (100.00%)
* G1 elements in proof: 2
* G2 elements in proof: 1
* Proof size in bits: 1019
* Elements of w skipped: 0 (0.00%)
* Elements of w processed with special addition: 1 (0.05%)
* Elements of w remaining: 2169 (99.95%)
* Elements of w skipped: 0 (0.00%)
* Elements of w processed with special addition: 0 (0.00%)
* Elements of w remaining: 728 (100.00%)
* Elements of w skipped: 0 (0.00%)
* Elements of w processed with special addition: 0 (0.00%)
* Elements of w remaining: 2167 (100.00%)
* G1 elements in proof: 2
* G2 elements in proof: 1
* Proof size in bits: 1019
* Elements of w skipped: 0 (0.00%)
* Elements of w processed with special addition: 1 (0.05%)
* Elements of w remaining: 2169 (99.95%)
* Elements of w skipped: 0 (0.00%)
* Elements of w processed with special addition: 0 (0.00%)
* Elements of w remaining: 728 (100.00%)
* Elements of w skipped: 0 (0.00%)
* Elements of w processed with special addition: 0 (0.00%)
* Elements of w remaining: 2167 (100.00%)
* G1 elements in proof: 2
* G2 elements in proof: 1
* Proof size in bits: 1019
* Elements of w skipped: 0 (0.00%)
* Elements of w processed with special addition: 1 (0.05%)
* Elements of w remaining: 2169 (99.95%)
* Elements of w skipped: 0 (0.00%)
* Elements of w processed with special addition: 0 (0.00%)
* Elements of w remaining: 728 (100.00%)
* Elements of w skipped: 0 (0.00%)
* Elements of w processed with special addition: 0 (0.00%)
* Elements of w remaining: 2167 (100.00%)
* G1 elements in proof: 2
* G2 elements in proof: 1
* Proof size in bits: 1019
* Elements of w skipped: 0 (0.00%)
* Elements of w processed with special addition: 1 (0.05%)
* Elements of w remaining: 2169 (99.95%)
* Elements of w skipped: 0 (0.00%)
* Elements of w processed with special addition: 0 (0.00%)
* Elements of w remaining: 728 (100.00%)
* Elements of w skipped: 0 (0.00%)
* Elements of w processed with special addition: 0 (0.00%)
* Elements of w remaining: 2167 (100.00%)
* G1 elements in proof: 2
* G2 elements in proof: 1
* Proof size in bits: 1019
* Elements of w skipped: 0 (0.00%)
* Elements of w processed with special addition: 1 (0.05%)
* Elements of w remaining: 2169 (99.95%)
* Elements of w skipped: 0 (0.00%)
* Elements of w processed with special addition: 0 (0.00%)
* Elements of w remaining: 728 (100.00%)
* Elements of w skipped: 0 (0.00%)
* Elements of w processed with special addition: 0 (0.00%)
* Elements of w remaining: 2167 (100.00%)
* G1 elements in proof: 2
* G2 elements in proof: 1
* Proof size in bits: 1019
  8       2160        276.0         339.91        3.95          PASS      
* Composed C_16: 4320 constraints, 4337 variables, 2 inputs
Swap is not beneficial, not performing
* QAP number of variables: 4337
* QAP pre degree: 4320
* QAP degree: 4352
* QAP number of input variables: 2
* G1 window: 11
* G2 window: 8
* G1 elements in PK: 17363
* Non-zero G1 elements in PK: 14481
* G2 elements in PK: 4339
* Non-zero G2 elements in PK: 1457
* PK size in bits: 4527452
* G1 elements in VK: 2
* G2 elements in VK: 2
* GT elements in VK: 1
* VK size in bits: 1911
* Elements of w skipped: 0 (0.00%)
* Elements of w processed with special addition: 1 (0.02%)
* Elements of w remaining: 4337 (99.98%)
* Elements of w skipped: 0 (0.00%)
* Elements of w processed with special addition: 0 (0.00%)
* Elements of w remaining: 1456 (100.00%)
* Elements of w skipped: 0 (0.00%)
* Elements of w processed with special addition: 0 (0.00%)
* Elements of w remaining: 4335 (100.00%)
* G1 elements in proof: 2
* G2 elements in proof: 1
* Proof size in bits: 1019
* Elements of w skipped: 0 (0.00%)
* Elements of w processed with special addition: 1 (0.02%)
* Elements of w remaining: 4337 (99.98%)
* Elements of w skipped: 0 (0.00%)
* Elements of w processed with special addition: 0 (0.00%)
* Elements of w remaining: 1456 (100.00%)
* Elements of w skipped: 0 (0.00%)
* Elements of w processed with special addition: 0 (0.00%)
* Elements of w remaining: 4335 (100.00%)
* G1 elements in proof: 2
* G2 elements in proof: 1
* Proof size in bits: 1019
* Elements of w skipped: 0 (0.00%)
* Elements of w processed with special addition: 1 (0.02%)
* Elements of w remaining: 4337 (99.98%)
* Elements of w skipped: 0 (0.00%)
* Elements of w processed with special addition: 0 (0.00%)
* Elements of w remaining: 1456 (100.00%)
* Elements of w skipped: 0 (0.00%)
* Elements of w processed with special addition: 0 (0.00%)
* Elements of w remaining: 4335 (100.00%)
* G1 elements in proof: 2
* G2 elements in proof: 1
* Proof size in bits: 1019
* Elements of w skipped: 0 (0.00%)
* Elements of w processed with special addition: 1 (0.02%)
* Elements of w remaining: 4337 (99.98%)
* Elements of w skipped: 0 (0.00%)
* Elements of w processed with special addition: 0 (0.00%)
* Elements of w remaining: 1456 (100.00%)
* Elements of w skipped: 0 (0.00%)
* Elements of w processed with special addition: 0 (0.00%)
* Elements of w remaining: 4335 (100.00%)
* G1 elements in proof: 2
* G2 elements in proof: 1
* Proof size in bits: 1019
* Elements of w skipped: 0 (0.00%)
* Elements of w processed with special addition: 1 (0.02%)
* Elements of w remaining: 4337 (99.98%)
* Elements of w skipped: 0 (0.00%)
* Elements of w processed with special addition: 0 (0.00%)
* Elements of w remaining: 1456 (100.00%)
* Elements of w skipped: 0 (0.00%)
* Elements of w processed with special addition: 0 (0.00%)
* Elements of w remaining: 4335 (100.00%)
* G1 elements in proof: 2
* G2 elements in proof: 1
* Proof size in bits: 1019
* Elements of w skipped: 0 (0.00%)
* Elements of w processed with special addition: 1 (0.02%)
* Elements of w remaining: 4337 (99.98%)
* Elements of w skipped: 0 (0.00%)
* Elements of w processed with special addition: 0 (0.00%)
* Elements of w remaining: 1456 (100.00%)
* Elements of w skipped: 0 (0.00%)
* Elements of w processed with special addition: 0 (0.00%)
* Elements of w remaining: 4335 (100.00%)
* G1 elements in proof: 2
* G2 elements in proof: 1
* Proof size in bits: 1019
* Elements of w skipped: 0 (0.00%)
* Elements of w processed with special addition: 1 (0.02%)
* Elements of w remaining: 4337 (99.98%)
* Elements of w skipped: 0 (0.00%)
* Elements of w processed with special addition: 0 (0.00%)
* Elements of w remaining: 1456 (100.00%)
* Elements of w skipped: 0 (0.00%)
* Elements of w processed with special addition: 0 (0.00%)
* Elements of w remaining: 4335 (100.00%)
* G1 elements in proof: 2
* G2 elements in proof: 1
* Proof size in bits: 1019
* Elements of w skipped: 0 (0.00%)
* Elements of w processed with special addition: 1 (0.02%)
* Elements of w remaining: 4337 (99.98%)
* Elements of w skipped: 0 (0.00%)
* Elements of w processed with special addition: 0 (0.00%)
* Elements of w remaining: 1456 (100.00%)
* Elements of w skipped: 0 (0.00%)
* Elements of w processed with special addition: 0 (0.00%)
* Elements of w remaining: 4335 (100.00%)
* G1 elements in proof: 2
* G2 elements in proof: 1
* Proof size in bits: 1019
* Elements of w skipped: 0 (0.00%)
* Elements of w processed with special addition: 1 (0.02%)
* Elements of w remaining: 4337 (99.98%)
* Elements of w skipped: 0 (0.00%)
* Elements of w processed with special addition: 0 (0.00%)
* Elements of w remaining: 1456 (100.00%)
* Elements of w skipped: 0 (0.00%)
* Elements of w processed with special addition: 0 (0.00%)
* Elements of w remaining: 4335 (100.00%)
* G1 elements in proof: 2
* G2 elements in proof: 1
* Proof size in bits: 1019
* Elements of w skipped: 0 (0.00%)
* Elements of w processed with special addition: 1 (0.02%)
* Elements of w remaining: 4337 (99.98%)
* Elements of w skipped: 0 (0.00%)
* Elements of w processed with special addition: 0 (0.00%)
* Elements of w remaining: 1456 (100.00%)
* Elements of w skipped: 0 (0.00%)
* Elements of w processed with special addition: 0 (0.00%)
* Elements of w remaining: 4335 (100.00%)
* G1 elements in proof: 2
* G2 elements in proof: 1
* Proof size in bits: 1019
  16      4320        474.5         614.23        3.97          PASS      

  Groth16 results written to /Users/heewonchung/Documents/00-Research/active/Updatable Verifiable Computation/Dev/results/2026-03-06_121849_paper/csv/groth16_results.csv

================================================================
All benchmarks complete.
================================================================
  Done in 29s

------------------------------------------------------------
  Running: [2/10] mimc n=270 B=64
  Command: bench_comparative --circuit mimc --n 270 --B 64 --output-dir /Users/heewonchung/Documents/00-Research/active/Updatable Verifiable Computation/Dev/results/2026-03-06_121849_paper/csv --reps 10
------------------------------------------------------------
================================================================
Comparative Benchmark: UVC vs Groth16
================================================================
  Circuit: mimc, n=270, B=64, reps=10
  Output: /Users/heewonchung/Documents/00-Research/active/Updatable Verifiable Computation/Dev/results/2026-03-06_121849_paper/csv/

================================================================
UVC Benchmark: circuit=mimc, n=270, B=64
================================================================
  Circuit: 270 constraints, 272 vars, state=1, transition=1

  [Setup] Generating CRS for B=64...
* UVC Setup: B=64, n=272, state=1, transition=1
* Composed C_64: 17280 constraints, 17345 variables, 2 inputs
* QAP (C_B) variables: 17345, degree: 17408, inputs: 2
* UVC max compositions (B): 64
* G1 elements in PK: 69443
* G2 elements in PK: 17347
* PK size in bits: 18107516
* H_query_full size: 17407
* Step 2: 271 new wires (0 io, 271 wt)
* Step 3: 271 new wires (0 io, 271 wt)
* Step 4: 271 new wires (0 io, 271 wt)
* Step 5: 271 new wires (0 io, 271 wt)
* Step 6: 271 new wires (0 io, 271 wt)
* Step 7: 271 new wires (0 io, 271 wt)
* Step 8: 271 new wires (0 io, 271 wt)
* Step 9: 271 new wires (0 io, 271 wt)
* Step 10: 271 new wires (0 io, 271 wt)
* Step 11: 271 new wires (0 io, 271 wt)
* Step 12: 271 new wires (0 io, 271 wt)
* Step 13: 271 new wires (0 io, 271 wt)
* Step 14: 271 new wires (0 io, 271 wt)
* Step 15: 271 new wires (0 io, 271 wt)
* Step 16: 271 new wires (0 io, 271 wt)
* Step 17: 271 new wires (0 io, 271 wt)
* Step 18: 271 new wires (0 io, 271 wt)
* Step 19: 271 new wires (0 io, 271 wt)
* Step 20: 271 new wires (0 io, 271 wt)
* Step 21: 271 new wires (0 io, 271 wt)
* Step 22: 271 new wires (0 io, 271 wt)
* Step 23: 271 new wires (0 io, 271 wt)
* Step 24: 271 new wires (0 io, 271 wt)
* Step 25: 271 new wires (0 io, 271 wt)
* Step 26: 271 new wires (0 io, 271 wt)
* Step 27: 271 new wires (0 io, 271 wt)
* Step 28: 271 new wires (0 io, 271 wt)
* Step 29: 271 new wires (0 io, 271 wt)
* Step 30: 271 new wires (0 io, 271 wt)
* Step 31: 271 new wires (0 io, 271 wt)
* Step 32: 271 new wires (0 io, 271 wt)
* Step 33: 271 new wires (0 io, 271 wt)
* Step 34: 271 new wires (0 io, 271 wt)
* Step 35: 271 new wires (0 io, 271 wt)
* Step 36: 271 new wires (0 io, 271 wt)
* Step 37: 271 new wires (0 io, 271 wt)
* Step 38: 271 new wires (0 io, 271 wt)
* Step 39: 271 new wires (0 io, 271 wt)
* Step 40: 271 new wires (0 io, 271 wt)
* Step 41: 271 new wires (0 io, 271 wt)
* Step 42: 271 new wires (0 io, 271 wt)
* Step 43: 271 new wires (0 io, 271 wt)
* Step 44: 271 new wires (0 io, 271 wt)
* Step 45: 271 new wires (0 io, 271 wt)
* Step 46: 271 new wires (0 io, 271 wt)
* Step 47: 271 new wires (0 io, 271 wt)
* Step 48: 271 new wires (0 io, 271 wt)
* Step 49: 271 new wires (0 io, 271 wt)
* Step 50: 271 new wires (0 io, 271 wt)
* Step 51: 271 new wires (0 io, 271 wt)
* Step 52: 271 new wires (0 io, 271 wt)
* Step 53: 271 new wires (0 io, 271 wt)
* Step 54: 271 new wires (0 io, 271 wt)
* Step 55: 271 new wires (0 io, 271 wt)
* Step 56: 271 new wires (0 io, 271 wt)
* Step 57: 271 new wires (0 io, 271 wt)
* Step 58: 271 new wires (0 io, 271 wt)
* Step 59: 271 new wires (0 io, 271 wt)
* Step 60: 271 new wires (0 io, 271 wt)
* Step 61: 271 new wires (0 io, 271 wt)
* Step 62: 271 new wires (0 io, 271 wt)
* Step 63: 271 new wires (0 io, 271 wt)
* Step 64: 271 new wires (0 io, 271 wt)
* UVC VK: 64 max steps
* G2 elements in VK: 2
* GT elements in VK: 1
* gamma_ABC size: 2
  Setup: 2821.1 ms, CRS: 86244 G1 + 34421 G2
  Building proof chain (steps 1..64)...
* UVC Prove step 1
* Elements of w skipped: 0 (0.00%)
* Elements of w processed with special addition: 1 (0.37%)
* Elements of w remaining: 272 (99.63%)
* Elements of w skipped: 0 (0.00%)
* Elements of w processed with special addition: 0 (0.00%)
* Elements of w remaining: 91 (100.00%)
* Elements of w skipped: 0 (0.00%)
* Elements of w processed with special addition: 0 (0.00%)
* Elements of w remaining: 270 (100.00%)
* UVC proof at step 1
* G1 elements in proof: 2
* G2 elements in proof: 1
* Proof size in bits: 1019
* Cached h poly size: 17407
* UVC Prove step 2
* Elements of w skipped: 0 (0.00%)
* Elements of w processed with special addition: 0 (0.00%)
* Elements of w remaining: 271 (100.00%)
* Elements of w skipped: 0 (0.00%)
* Elements of w processed with special addition: 0 (0.00%)
* Elements of w remaining: 91 (100.00%)
* Elements of w skipped: 0 (0.00%)
* Elements of w processed with special addition: 0 (0.00%)
* Elements of w remaining: 271 (100.00%)
* UVC proof at step 2
* G1 elements in proof: 2
* G2 elements in proof: 1
* Proof size in bits: 1019
* Cached h poly size: 17407
* UVC Prove step 3
* Elements of w skipped: 0 (0.00%)
* Elements of w processed with special addition: 0 (0.00%)
* Elements of w remaining: 271 (100.00%)
* Elements of w skipped: 0 (0.00%)
* Elements of w processed with special addition: 0 (0.00%)
* Elements of w remaining: 91 (100.00%)
* Elements of w skipped: 0 (0.00%)
* Elements of w processed with special addition: 0 (0.00%)
* Elements of w remaining: 271 (100.00%)
* UVC proof at step 3
* G1 elements in proof: 2
* G2 elements in proof: 1
* Proof size in bits: 1019
* Cached h poly size: 17407
* UVC Prove step 4
* Elements of w skipped: 0 (0.00%)
* Elements of w processed with special addition: 0 (0.00%)
* Elements of w remaining: 271 (100.00%)
* Elements of w skipped: 0 (0.00%)
* Elements of w processed with special addition: 0 (0.00%)
* Elements of w remaining: 91 (100.00%)
* Elements of w skipped: 0 (0.00%)
* Elements of w processed with special addition: 0 (0.00%)
* Elements of w remaining: 271 (100.00%)
* UVC proof at step 4
* G1 elements in proof: 2
* G2 elements in proof: 1
* Proof size in bits: 1019
* Cached h poly size: 17407
* UVC Prove step 5
* Elements of w skipped: 0 (0.00%)
* Elements of w processed with special addition: 0 (0.00%)
* Elements of w remaining: 271 (100.00%)
* Elements of w skipped: 0 (0.00%)
* Elements of w processed with special addition: 0 (0.00%)
* Elements of w remaining: 91 (100.00%)
* Elements of w skipped: 0 (0.00%)
* Elements of w processed with special addition: 0 (0.00%)
* Elements of w remaining: 271 (100.00%)
* UVC proof at step 5
* G1 elements in proof: 2
* G2 elements in proof: 1
* Proof size in bits: 1019
* Cached h poly size: 17407
* UVC Prove step 6
* Elements of w skipped: 0 (0.00%)
* Elements of w processed with special addition: 0 (0.00%)
* Elements of w remaining: 271 (100.00%)
* Elements of w skipped: 0 (0.00%)
* Elements of w processed with special addition: 0 (0.00%)
* Elements of w remaining: 91 (100.00%)
* Elements of w skipped: 0 (0.00%)
* Elements of w processed with special addition: 0 (0.00%)
* Elements of w remaining: 271 (100.00%)
* UVC proof at step 6
* G1 elements in proof: 2
* G2 elements in proof: 1
* Proof size in bits: 1019
* Cached h poly size: 17407
* UVC Prove step 7
* Elements of w skipped: 0 (0.00%)
* Elements of w processed with special addition: 0 (0.00%)
* Elements of w remaining: 271 (100.00%)
* Elements of w skipped: 0 (0.00%)
* Elements of w processed with special addition: 0 (0.00%)
* Elements of w remaining: 91 (100.00%)
* Elements of w skipped: 0 (0.00%)
* Elements of w processed with special addition: 0 (0.00%)
* Elements of w remaining: 271 (100.00%)
* UVC proof at step 7
* G1 elements in proof: 2
* G2 elements in proof: 1
* Proof size in bits: 1019
* Cached h poly size: 17407
* UVC Prove step 8
* Elements of w skipped: 0 (0.00%)
* Elements of w processed with special addition: 0 (0.00%)
* Elements of w remaining: 271 (100.00%)
* Elements of w skipped: 0 (0.00%)
* Elements of w processed with special addition: 0 (0.00%)
* Elements of w remaining: 91 (100.00%)
* Elements of w skipped: 0 (0.00%)
* Elements of w processed with special addition: 0 (0.00%)
* Elements of w remaining: 271 (100.00%)
* UVC proof at step 8
* G1 elements in proof: 2
* G2 elements in proof: 1
* Proof size in bits: 1019
* Cached h poly size: 17407
* UVC Prove step 9
* Elements of w skipped: 0 (0.00%)
* Elements of w processed with special addition: 0 (0.00%)
* Elements of w remaining: 271 (100.00%)
* Elements of w skipped: 0 (0.00%)
* Elements of w processed with special addition: 0 (0.00%)
* Elements of w remaining: 91 (100.00%)
* Elements of w skipped: 0 (0.00%)
* Elements of w processed with special addition: 0 (0.00%)
* Elements of w remaining: 271 (100.00%)
* UVC proof at step 9
* G1 elements in proof: 2
* G2 elements in proof: 1
* Proof size in bits: 1019
* Cached h poly size: 17407
* UVC Prove step 10
* Elements of w skipped: 0 (0.00%)
* Elements of w processed with special addition: 0 (0.00%)
* Elements of w remaining: 271 (100.00%)
* Elements of w skipped: 0 (0.00%)
* Elements of w processed with special addition: 0 (0.00%)
* Elements of w remaining: 91 (100.00%)
* Elements of w skipped: 0 (0.00%)
* Elements of w processed with special addition: 0 (0.00%)
* Elements of w remaining: 271 (100.00%)
* UVC proof at step 10
* G1 elements in proof: 2
* G2 elements in proof: 1
* Proof size in bits: 1019
* Cached h poly size: 17407
* UVC Prove step 11
* Elements of w skipped: 0 (0.00%)
* Elements of w processed with special addition: 0 (0.00%)
* Elements of w remaining: 271 (100.00%)
* Elements of w skipped: 0 (0.00%)
* Elements of w processed with special addition: 0 (0.00%)
* Elements of w remaining: 91 (100.00%)
* Elements of w skipped: 0 (0.00%)
* Elements of w processed with special addition: 0 (0.00%)
* Elements of w remaining: 271 (100.00%)
* UVC proof at step 11
* G1 elements in proof: 2
* G2 elements in proof: 1
* Proof size in bits: 1019
* Cached h poly size: 17407
* UVC Prove step 12
* Elements of w skipped: 0 (0.00%)
* Elements of w processed with special addition: 0 (0.00%)
* Elements of w remaining: 271 (100.00%)
* Elements of w skipped: 0 (0.00%)
* Elements of w processed with special addition: 0 (0.00%)
* Elements of w remaining: 91 (100.00%)
* Elements of w skipped: 0 (0.00%)
* Elements of w processed with special addition: 0 (0.00%)
* Elements of w remaining: 271 (100.00%)
* UVC proof at step 12
* G1 elements in proof: 2
* G2 elements in proof: 1
* Proof size in bits: 1019
* Cached h poly size: 17407
* UVC Prove step 13
* Elements of w skipped: 0 (0.00%)
* Elements of w processed with special addition: 0 (0.00%)
* Elements of w remaining: 271 (100.00%)
* Elements of w skipped: 0 (0.00%)
* Elements of w processed with special addition: 0 (0.00%)
* Elements of w remaining: 91 (100.00%)
* Elements of w skipped: 0 (0.00%)
* Elements of w processed with special addition: 0 (0.00%)
* Elements of w remaining: 271 (100.00%)
* UVC proof at step 13
* G1 elements in proof: 2
* G2 elements in proof: 1
* Proof size in bits: 1019
* Cached h poly size: 17407
* UVC Prove step 14
* Elements of w skipped: 0 (0.00%)
* Elements of w processed with special addition: 0 (0.00%)
* Elements of w remaining: 271 (100.00%)
* Elements of w skipped: 0 (0.00%)
* Elements of w processed with special addition: 0 (0.00%)
* Elements of w remaining: 91 (100.00%)
* Elements of w skipped: 0 (0.00%)
* Elements of w processed with special addition: 0 (0.00%)
* Elements of w remaining: 271 (100.00%)
* UVC proof at step 14
* G1 elements in proof: 2
* G2 elements in proof: 1
* Proof size in bits: 1019
* Cached h poly size: 17407
* UVC Prove step 15
* Elements of w skipped: 0 (0.00%)
* Elements of w processed with special addition: 0 (0.00%)
* Elements of w remaining: 271 (100.00%)
* Elements of w skipped: 0 (0.00%)
* Elements of w processed with special addition: 0 (0.00%)
* Elements of w remaining: 91 (100.00%)
* Elements of w skipped: 0 (0.00%)
* Elements of w processed with special addition: 0 (0.00%)
* Elements of w remaining: 271 (100.00%)
* UVC proof at step 15
* G1 elements in proof: 2
* G2 elements in proof: 1
* Proof size in bits: 1019
* Cached h poly size: 17407
* UVC Prove step 16
* Elements of w skipped: 0 (0.00%)
* Elements of w processed with special addition: 0 (0.00%)
* Elements of w remaining: 271 (100.00%)
* Elements of w skipped: 0 (0.00%)
* Elements of w processed with special addition: 0 (0.00%)
* Elements of w remaining: 91 (100.00%)
* Elements of w skipped: 0 (0.00%)
* Elements of w processed with special addition: 0 (0.00%)
* Elements of w remaining: 271 (100.00%)
* UVC proof at step 16
* G1 elements in proof: 2
* G2 elements in proof: 1
* Proof size in bits: 1019
* Cached h poly size: 17407
* UVC Prove step 17
* Elements of w skipped: 0 (0.00%)
* Elements of w processed with special addition: 0 (0.00%)
* Elements of w remaining: 271 (100.00%)
* Elements of w skipped: 0 (0.00%)
* Elements of w processed with special addition: 0 (0.00%)
* Elements of w remaining: 91 (100.00%)
* Elements of w skipped: 0 (0.00%)
* Elements of w processed with special addition: 0 (0.00%)
* Elements of w remaining: 271 (100.00%)
* UVC proof at step 17
* G1 elements in proof: 2
* G2 elements in proof: 1
* Proof size in bits: 1019
* Cached h poly size: 17407
* UVC Prove step 18
* Elements of w skipped: 0 (0.00%)
* Elements of w processed with special addition: 0 (0.00%)
* Elements of w remaining: 271 (100.00%)
* Elements of w skipped: 0 (0.00%)
* Elements of w processed with special addition: 0 (0.00%)
* Elements of w remaining: 91 (100.00%)
* Elements of w skipped: 0 (0.00%)
* Elements of w processed with special addition: 0 (0.00%)
* Elements of w remaining: 271 (100.00%)
* UVC proof at step 18
* G1 elements in proof: 2
* G2 elements in proof: 1
* Proof size in bits: 1019
* Cached h poly size: 17407
* UVC Prove step 19
* Elements of w skipped: 0 (0.00%)
* Elements of w processed with special addition: 0 (0.00%)
* Elements of w remaining: 271 (100.00%)
* Elements of w skipped: 0 (0.00%)
* Elements of w processed with special addition: 0 (0.00%)
* Elements of w remaining: 91 (100.00%)
* Elements of w skipped: 0 (0.00%)
* Elements of w processed with special addition: 0 (0.00%)
* Elements of w remaining: 271 (100.00%)
* UVC proof at step 19
* G1 elements in proof: 2
* G2 elements in proof: 1
* Proof size in bits: 1019
* Cached h poly size: 17407
* UVC Prove step 20
* Elements of w skipped: 0 (0.00%)
* Elements of w processed with special addition: 0 (0.00%)
* Elements of w remaining: 271 (100.00%)
* Elements of w skipped: 0 (0.00%)
* Elements of w processed with special addition: 0 (0.00%)
* Elements of w remaining: 91 (100.00%)
* Elements of w skipped: 0 (0.00%)
* Elements of w processed with special addition: 0 (0.00%)
* Elements of w remaining: 271 (100.00%)
* UVC proof at step 20
* G1 elements in proof: 2
* G2 elements in proof: 1
* Proof size in bits: 1019
* Cached h poly size: 17407
* UVC Prove step 21
* Elements of w skipped: 0 (0.00%)
* Elements of w processed with special addition: 0 (0.00%)
* Elements of w remaining: 271 (100.00%)
* Elements of w skipped: 0 (0.00%)
* Elements of w processed with special addition: 0 (0.00%)
* Elements of w remaining: 91 (100.00%)
* Elements of w skipped: 0 (0.00%)
* Elements of w processed with special addition: 0 (0.00%)
* Elements of w remaining: 271 (100.00%)
* UVC proof at step 21
* G1 elements in proof: 2
* G2 elements in proof: 1
* Proof size in bits: 1019
* Cached h poly size: 17407
* UVC Prove step 22
* Elements of w skipped: 0 (0.00%)
* Elements of w processed with special addition: 0 (0.00%)
* Elements of w remaining: 271 (100.00%)
* Elements of w skipped: 0 (0.00%)
* Elements of w processed with special addition: 0 (0.00%)
* Elements of w remaining: 91 (100.00%)
* Elements of w skipped: 0 (0.00%)
* Elements of w processed with special addition: 0 (0.00%)
* Elements of w remaining: 271 (100.00%)
* UVC proof at step 22
* G1 elements in proof: 2
* G2 elements in proof: 1
* Proof size in bits: 1019
* Cached h poly size: 17407
* UVC Prove step 23
* Elements of w skipped: 0 (0.00%)
* Elements of w processed with special addition: 0 (0.00%)
* Elements of w remaining: 271 (100.00%)
* Elements of w skipped: 0 (0.00%)
* Elements of w processed with special addition: 0 (0.00%)
* Elements of w remaining: 91 (100.00%)
* Elements of w skipped: 0 (0.00%)
* Elements of w processed with special addition: 0 (0.00%)
* Elements of w remaining: 271 (100.00%)
* UVC proof at step 23
* G1 elements in proof: 2
* G2 elements in proof: 1
* Proof size in bits: 1019
* Cached h poly size: 17407
* UVC Prove step 24
* Elements of w skipped: 0 (0.00%)
* Elements of w processed with special addition: 0 (0.00%)
* Elements of w remaining: 271 (100.00%)
* Elements of w skipped: 0 (0.00%)
* Elements of w processed with special addition: 0 (0.00%)
* Elements of w remaining: 91 (100.00%)
* Elements of w skipped: 0 (0.00%)
* Elements of w processed with special addition: 0 (0.00%)
* Elements of w remaining: 271 (100.00%)
* UVC proof at step 24
* G1 elements in proof: 2
* G2 elements in proof: 1
* Proof size in bits: 1019
* Cached h poly size: 17407
* UVC Prove step 25
* Elements of w skipped: 0 (0.00%)
* Elements of w processed with special addition: 0 (0.00%)
* Elements of w remaining: 271 (100.00%)
* Elements of w skipped: 0 (0.00%)
* Elements of w processed with special addition: 0 (0.00%)
* Elements of w remaining: 91 (100.00%)
* Elements of w skipped: 0 (0.00%)
* Elements of w processed with special addition: 0 (0.00%)
* Elements of w remaining: 271 (100.00%)
* UVC proof at step 25
* G1 elements in proof: 2
* G2 elements in proof: 1
* Proof size in bits: 1019
* Cached h poly size: 17407
* UVC Prove step 26
* Elements of w skipped: 0 (0.00%)
* Elements of w processed with special addition: 0 (0.00%)
* Elements of w remaining: 271 (100.00%)
* Elements of w skipped: 0 (0.00%)
* Elements of w processed with special addition: 0 (0.00%)
* Elements of w remaining: 91 (100.00%)
* Elements of w skipped: 0 (0.00%)
* Elements of w processed with special addition: 0 (0.00%)
* Elements of w remaining: 271 (100.00%)
* UVC proof at step 26
* G1 elements in proof: 2
* G2 elements in proof: 1
* Proof size in bits: 1019
* Cached h poly size: 17407
* UVC Prove step 27
* Elements of w skipped: 0 (0.00%)
* Elements of w processed with special addition: 0 (0.00%)
* Elements of w remaining: 271 (100.00%)
* Elements of w skipped: 0 (0.00%)
* Elements of w processed with special addition: 0 (0.00%)
* Elements of w remaining: 91 (100.00%)
* Elements of w skipped: 0 (0.00%)
* Elements of w processed with special addition: 0 (0.00%)
* Elements of w remaining: 271 (100.00%)
* UVC proof at step 27
* G1 elements in proof: 2
* G2 elements in proof: 1
* Proof size in bits: 1019
* Cached h poly size: 17407
* UVC Prove step 28
* Elements of w skipped: 0 (0.00%)
* Elements of w processed with special addition: 0 (0.00%)
* Elements of w remaining: 271 (100.00%)
* Elements of w skipped: 0 (0.00%)
* Elements of w processed with special addition: 0 (0.00%)
* Elements of w remaining: 91 (100.00%)
* Elements of w skipped: 0 (0.00%)
* Elements of w processed with special addition: 0 (0.00%)
* Elements of w remaining: 271 (100.00%)
* UVC proof at step 28
* G1 elements in proof: 2
* G2 elements in proof: 1
* Proof size in bits: 1019
* Cached h poly size: 17407
* UVC Prove step 29
* Elements of w skipped: 0 (0.00%)
* Elements of w processed with special addition: 0 (0.00%)
* Elements of w remaining: 271 (100.00%)
* Elements of w skipped: 0 (0.00%)
* Elements of w processed with special addition: 0 (0.00%)
* Elements of w remaining: 91 (100.00%)
* Elements of w skipped: 0 (0.00%)
* Elements of w processed with special addition: 0 (0.00%)
* Elements of w remaining: 271 (100.00%)
* UVC proof at step 29
* G1 elements in proof: 2
* G2 elements in proof: 1
* Proof size in bits: 1019
* Cached h poly size: 17407
* UVC Prove step 30
* Elements of w skipped: 0 (0.00%)
* Elements of w processed with special addition: 0 (0.00%)
* Elements of w remaining: 271 (100.00%)
* Elements of w skipped: 0 (0.00%)
* Elements of w processed with special addition: 0 (0.00%)
* Elements of w remaining: 91 (100.00%)
* Elements of w skipped: 0 (0.00%)
* Elements of w processed with special addition: 0 (0.00%)
* Elements of w remaining: 271 (100.00%)
* UVC proof at step 30
* G1 elements in proof: 2
* G2 elements in proof: 1
* Proof size in bits: 1019
* Cached h poly size: 17407
* UVC Prove step 31
* Elements of w skipped: 0 (0.00%)
* Elements of w processed with special addition: 0 (0.00%)
* Elements of w remaining: 271 (100.00%)
* Elements of w skipped: 0 (0.00%)
* Elements of w processed with special addition: 0 (0.00%)
* Elements of w remaining: 91 (100.00%)
* Elements of w skipped: 0 (0.00%)
* Elements of w processed with special addition: 0 (0.00%)
* Elements of w remaining: 271 (100.00%)
* UVC proof at step 31
* G1 elements in proof: 2
* G2 elements in proof: 1
* Proof size in bits: 1019
* Cached h poly size: 17407
* UVC Prove step 32
* Elements of w skipped: 0 (0.00%)
* Elements of w processed with special addition: 0 (0.00%)
* Elements of w remaining: 271 (100.00%)
* Elements of w skipped: 0 (0.00%)
* Elements of w processed with special addition: 0 (0.00%)
* Elements of w remaining: 91 (100.00%)
* Elements of w skipped: 0 (0.00%)
* Elements of w processed with special addition: 0 (0.00%)
* Elements of w remaining: 271 (100.00%)
* UVC proof at step 32
* G1 elements in proof: 2
* G2 elements in proof: 1
* Proof size in bits: 1019
* Cached h poly size: 17407
* UVC Prove step 33
* Elements of w skipped: 0 (0.00%)
* Elements of w processed with special addition: 0 (0.00%)
* Elements of w remaining: 271 (100.00%)
* Elements of w skipped: 0 (0.00%)
* Elements of w processed with special addition: 0 (0.00%)
* Elements of w remaining: 91 (100.00%)
* Elements of w skipped: 0 (0.00%)
* Elements of w processed with special addition: 0 (0.00%)
* Elements of w remaining: 271 (100.00%)
* UVC proof at step 33
* G1 elements in proof: 2
* G2 elements in proof: 1
* Proof size in bits: 1019
* Cached h poly size: 17407
* UVC Prove step 34
* Elements of w skipped: 0 (0.00%)
* Elements of w processed with special addition: 0 (0.00%)
* Elements of w remaining: 271 (100.00%)
* Elements of w skipped: 0 (0.00%)
* Elements of w processed with special addition: 0 (0.00%)
* Elements of w remaining: 91 (100.00%)
* Elements of w skipped: 0 (0.00%)
* Elements of w processed with special addition: 0 (0.00%)
* Elements of w remaining: 271 (100.00%)
* UVC proof at step 34
* G1 elements in proof: 2
* G2 elements in proof: 1
* Proof size in bits: 1019
* Cached h poly size: 17407
* UVC Prove step 35
* Elements of w skipped: 0 (0.00%)
* Elements of w processed with special addition: 0 (0.00%)
* Elements of w remaining: 271 (100.00%)
* Elements of w skipped: 0 (0.00%)
* Elements of w processed with special addition: 0 (0.00%)
* Elements of w remaining: 91 (100.00%)
* Elements of w skipped: 0 (0.00%)
* Elements of w processed with special addition: 0 (0.00%)
* Elements of w remaining: 271 (100.00%)
* UVC proof at step 35
* G1 elements in proof: 2
* G2 elements in proof: 1
* Proof size in bits: 1019
* Cached h poly size: 17407
* UVC Prove step 36
* Elements of w skipped: 0 (0.00%)
* Elements of w processed with special addition: 0 (0.00%)
* Elements of w remaining: 271 (100.00%)
* Elements of w skipped: 0 (0.00%)
* Elements of w processed with special addition: 0 (0.00%)
* Elements of w remaining: 91 (100.00%)
* Elements of w skipped: 0 (0.00%)
* Elements of w processed with special addition: 0 (0.00%)
* Elements of w remaining: 271 (100.00%)
* UVC proof at step 36
* G1 elements in proof: 2
* G2 elements in proof: 1
* Proof size in bits: 1019
* Cached h poly size: 17407
* UVC Prove step 37
* Elements of w skipped: 0 (0.00%)
* Elements of w processed with special addition: 0 (0.00%)
* Elements of w remaining: 271 (100.00%)
* Elements of w skipped: 0 (0.00%)
* Elements of w processed with special addition: 0 (0.00%)
* Elements of w remaining: 91 (100.00%)
* Elements of w skipped: 0 (0.00%)
* Elements of w processed with special addition: 0 (0.00%)
* Elements of w remaining: 271 (100.00%)
* UVC proof at step 37
* G1 elements in proof: 2
* G2 elements in proof: 1
* Proof size in bits: 1019
* Cached h poly size: 17407
* UVC Prove step 38
* Elements of w skipped: 0 (0.00%)
* Elements of w processed with special addition: 0 (0.00%)
* Elements of w remaining: 271 (100.00%)
* Elements of w skipped: 0 (0.00%)
* Elements of w processed with special addition: 0 (0.00%)
* Elements of w remaining: 91 (100.00%)
* Elements of w skipped: 0 (0.00%)
* Elements of w processed with special addition: 0 (0.00%)
* Elements of w remaining: 271 (100.00%)
* UVC proof at step 38
* G1 elements in proof: 2
* G2 elements in proof: 1
* Proof size in bits: 1019
* Cached h poly size: 17407
* UVC Prove step 39
* Elements of w skipped: 0 (0.00%)
* Elements of w processed with special addition: 0 (0.00%)
* Elements of w remaining: 271 (100.00%)
* Elements of w skipped: 0 (0.00%)
* Elements of w processed with special addition: 0 (0.00%)
* Elements of w remaining: 91 (100.00%)
* Elements of w skipped: 0 (0.00%)
* Elements of w processed with special addition: 0 (0.00%)
* Elements of w remaining: 271 (100.00%)
* UVC proof at step 39
* G1 elements in proof: 2
* G2 elements in proof: 1
* Proof size in bits: 1019
* Cached h poly size: 17407
* UVC Prove step 40
* Elements of w skipped: 0 (0.00%)
* Elements of w processed with special addition: 0 (0.00%)
* Elements of w remaining: 271 (100.00%)
* Elements of w skipped: 0 (0.00%)
* Elements of w processed with special addition: 0 (0.00%)
* Elements of w remaining: 91 (100.00%)
* Elements of w skipped: 0 (0.00%)
* Elements of w processed with special addition: 0 (0.00%)
* Elements of w remaining: 271 (100.00%)
* UVC proof at step 40
* G1 elements in proof: 2
* G2 elements in proof: 1
* Proof size in bits: 1019
* Cached h poly size: 17407
* UVC Prove step 41
* Elements of w skipped: 0 (0.00%)
* Elements of w processed with special addition: 0 (0.00%)
* Elements of w remaining: 271 (100.00%)
* Elements of w skipped: 0 (0.00%)
* Elements of w processed with special addition: 0 (0.00%)
* Elements of w remaining: 91 (100.00%)
* Elements of w skipped: 0 (0.00%)
* Elements of w processed with special addition: 0 (0.00%)
* Elements of w remaining: 271 (100.00%)
* UVC proof at step 41
* G1 elements in proof: 2
* G2 elements in proof: 1
* Proof size in bits: 1019
* Cached h poly size: 17407
* UVC Prove step 42
* Elements of w skipped: 0 (0.00%)
* Elements of w processed with special addition: 0 (0.00%)
* Elements of w remaining: 271 (100.00%)
* Elements of w skipped: 0 (0.00%)
* Elements of w processed with special addition: 0 (0.00%)
* Elements of w remaining: 91 (100.00%)
* Elements of w skipped: 0 (0.00%)
* Elements of w processed with special addition: 0 (0.00%)
* Elements of w remaining: 271 (100.00%)
* UVC proof at step 42
* G1 elements in proof: 2
* G2 elements in proof: 1
* Proof size in bits: 1019
* Cached h poly size: 17407
* UVC Prove step 43
* Elements of w skipped: 0 (0.00%)
* Elements of w processed with special addition: 0 (0.00%)
* Elements of w remaining: 271 (100.00%)
* Elements of w skipped: 0 (0.00%)
* Elements of w processed with special addition: 0 (0.00%)
* Elements of w remaining: 91 (100.00%)
* Elements of w skipped: 0 (0.00%)
* Elements of w processed with special addition: 0 (0.00%)
* Elements of w remaining: 271 (100.00%)
* UVC proof at step 43
* G1 elements in proof: 2
* G2 elements in proof: 1
* Proof size in bits: 1019
* Cached h poly size: 17407
* UVC Prove step 44
* Elements of w skipped: 0 (0.00%)
* Elements of w processed with special addition: 0 (0.00%)
* Elements of w remaining: 271 (100.00%)
* Elements of w skipped: 0 (0.00%)
* Elements of w processed with special addition: 0 (0.00%)
* Elements of w remaining: 91 (100.00%)
* Elements of w skipped: 0 (0.00%)
* Elements of w processed with special addition: 0 (0.00%)
* Elements of w remaining: 271 (100.00%)
* UVC proof at step 44
* G1 elements in proof: 2
* G2 elements in proof: 1
* Proof size in bits: 1019
* Cached h poly size: 17407
* UVC Prove step 45
* Elements of w skipped: 0 (0.00%)
* Elements of w processed with special addition: 0 (0.00%)
* Elements of w remaining: 271 (100.00%)
* Elements of w skipped: 0 (0.00%)
* Elements of w processed with special addition: 0 (0.00%)
* Elements of w remaining: 91 (100.00%)
* Elements of w skipped: 0 (0.00%)
* Elements of w processed with special addition: 0 (0.00%)
* Elements of w remaining: 271 (100.00%)
* UVC proof at step 45
* G1 elements in proof: 2
* G2 elements in proof: 1
* Proof size in bits: 1019
* Cached h poly size: 17407
* UVC Prove step 46
* Elements of w skipped: 0 (0.00%)
* Elements of w processed with special addition: 0 (0.00%)
* Elements of w remaining: 271 (100.00%)
* Elements of w skipped: 0 (0.00%)
* Elements of w processed with special addition: 0 (0.00%)
* Elements of w remaining: 91 (100.00%)
* Elements of w skipped: 0 (0.00%)
* Elements of w processed with special addition: 0 (0.00%)
* Elements of w remaining: 271 (100.00%)
* UVC proof at step 46
* G1 elements in proof: 2
* G2 elements in proof: 1
* Proof size in bits: 1019
* Cached h poly size: 17407
* UVC Prove step 47
* Elements of w skipped: 0 (0.00%)
* Elements of w processed with special addition: 0 (0.00%)
* Elements of w remaining: 271 (100.00%)
* Elements of w skipped: 0 (0.00%)
* Elements of w processed with special addition: 0 (0.00%)
* Elements of w remaining: 91 (100.00%)
* Elements of w skipped: 0 (0.00%)
* Elements of w processed with special addition: 0 (0.00%)
* Elements of w remaining: 271 (100.00%)
* UVC proof at step 47
* G1 elements in proof: 2
* G2 elements in proof: 1
* Proof size in bits: 1019
* Cached h poly size: 17407
* UVC Prove step 48
* Elements of w skipped: 0 (0.00%)
* Elements of w processed with special addition: 0 (0.00%)
* Elements of w remaining: 271 (100.00%)
* Elements of w skipped: 0 (0.00%)
* Elements of w processed with special addition: 0 (0.00%)
* Elements of w remaining: 91 (100.00%)
* Elements of w skipped: 0 (0.00%)
* Elements of w processed with special addition: 0 (0.00%)
* Elements of w remaining: 271 (100.00%)
* UVC proof at step 48
* G1 elements in proof: 2
* G2 elements in proof: 1
* Proof size in bits: 1019
* Cached h poly size: 17407
* UVC Prove step 49
* Elements of w skipped: 0 (0.00%)
* Elements of w processed with special addition: 0 (0.00%)
* Elements of w remaining: 271 (100.00%)
* Elements of w skipped: 0 (0.00%)
* Elements of w processed with special addition: 0 (0.00%)
* Elements of w remaining: 91 (100.00%)
* Elements of w skipped: 0 (0.00%)
* Elements of w processed with special addition: 0 (0.00%)
* Elements of w remaining: 271 (100.00%)
* UVC proof at step 49
* G1 elements in proof: 2
* G2 elements in proof: 1
* Proof size in bits: 1019
* Cached h poly size: 17407
* UVC Prove step 50
* Elements of w skipped: 0 (0.00%)
* Elements of w processed with special addition: 0 (0.00%)
* Elements of w remaining: 271 (100.00%)
* Elements of w skipped: 0 (0.00%)
* Elements of w processed with special addition: 0 (0.00%)
* Elements of w remaining: 91 (100.00%)
* Elements of w skipped: 0 (0.00%)
* Elements of w processed with special addition: 0 (0.00%)
* Elements of w remaining: 271 (100.00%)
* UVC proof at step 50
* G1 elements in proof: 2
* G2 elements in proof: 1
* Proof size in bits: 1019
* Cached h poly size: 17407
* UVC Prove step 51
* Elements of w skipped: 0 (0.00%)
* Elements of w processed with special addition: 0 (0.00%)
* Elements of w remaining: 271 (100.00%)
* Elements of w skipped: 0 (0.00%)
* Elements of w processed with special addition: 0 (0.00%)
* Elements of w remaining: 91 (100.00%)
* Elements of w skipped: 0 (0.00%)
* Elements of w processed with special addition: 0 (0.00%)
* Elements of w remaining: 271 (100.00%)
* UVC proof at step 51
* G1 elements in proof: 2
* G2 elements in proof: 1
* Proof size in bits: 1019
* Cached h poly size: 17407
* UVC Prove step 52
* Elements of w skipped: 0 (0.00%)
* Elements of w processed with special addition: 0 (0.00%)
* Elements of w remaining: 271 (100.00%)
* Elements of w skipped: 0 (0.00%)
* Elements of w processed with special addition: 0 (0.00%)
* Elements of w remaining: 91 (100.00%)
* Elements of w skipped: 0 (0.00%)
* Elements of w processed with special addition: 0 (0.00%)
* Elements of w remaining: 271 (100.00%)
* UVC proof at step 52
* G1 elements in proof: 2
* G2 elements in proof: 1
* Proof size in bits: 1019
* Cached h poly size: 17407
* UVC Prove step 53
* Elements of w skipped: 0 (0.00%)
* Elements of w processed with special addition: 0 (0.00%)
* Elements of w remaining: 271 (100.00%)
* Elements of w skipped: 0 (0.00%)
* Elements of w processed with special addition: 0 (0.00%)
* Elements of w remaining: 91 (100.00%)
* Elements of w skipped: 0 (0.00%)
* Elements of w processed with special addition: 0 (0.00%)
* Elements of w remaining: 271 (100.00%)
* UVC proof at step 53
* G1 elements in proof: 2
* G2 elements in proof: 1
* Proof size in bits: 1019
* Cached h poly size: 17407
* UVC Prove step 54
* Elements of w skipped: 0 (0.00%)
* Elements of w processed with special addition: 0 (0.00%)
* Elements of w remaining: 271 (100.00%)
* Elements of w skipped: 0 (0.00%)
* Elements of w processed with special addition: 0 (0.00%)
* Elements of w remaining: 91 (100.00%)
* Elements of w skipped: 0 (0.00%)
* Elements of w processed with special addition: 0 (0.00%)
* Elements of w remaining: 271 (100.00%)
* UVC proof at step 54
* G1 elements in proof: 2
* G2 elements in proof: 1
* Proof size in bits: 1019
* Cached h poly size: 17407
* UVC Prove step 55
* Elements of w skipped: 0 (0.00%)
* Elements of w processed with special addition: 0 (0.00%)
* Elements of w remaining: 271 (100.00%)
* Elements of w skipped: 0 (0.00%)
* Elements of w processed with special addition: 0 (0.00%)
* Elements of w remaining: 91 (100.00%)
* Elements of w skipped: 0 (0.00%)
* Elements of w processed with special addition: 0 (0.00%)
* Elements of w remaining: 271 (100.00%)
* UVC proof at step 55
* G1 elements in proof: 2
* G2 elements in proof: 1
* Proof size in bits: 1019
* Cached h poly size: 17407
* UVC Prove step 56
* Elements of w skipped: 0 (0.00%)
* Elements of w processed with special addition: 0 (0.00%)
* Elements of w remaining: 271 (100.00%)
* Elements of w skipped: 0 (0.00%)
* Elements of w processed with special addition: 0 (0.00%)
* Elements of w remaining: 91 (100.00%)
* Elements of w skipped: 0 (0.00%)
* Elements of w processed with special addition: 0 (0.00%)
* Elements of w remaining: 271 (100.00%)
* UVC proof at step 56
* G1 elements in proof: 2
* G2 elements in proof: 1
* Proof size in bits: 1019
* Cached h poly size: 17407
* UVC Prove step 57
* Elements of w skipped: 0 (0.00%)
* Elements of w processed with special addition: 0 (0.00%)
* Elements of w remaining: 271 (100.00%)
* Elements of w skipped: 0 (0.00%)
* Elements of w processed with special addition: 0 (0.00%)
* Elements of w remaining: 91 (100.00%)
* Elements of w skipped: 0 (0.00%)
* Elements of w processed with special addition: 0 (0.00%)
* Elements of w remaining: 271 (100.00%)
* UVC proof at step 57
* G1 elements in proof: 2
* G2 elements in proof: 1
* Proof size in bits: 1019
* Cached h poly size: 17407
* UVC Prove step 58
* Elements of w skipped: 0 (0.00%)
* Elements of w processed with special addition: 0 (0.00%)
* Elements of w remaining: 271 (100.00%)
* Elements of w skipped: 0 (0.00%)
* Elements of w processed with special addition: 0 (0.00%)
* Elements of w remaining: 91 (100.00%)
* Elements of w skipped: 0 (0.00%)
* Elements of w processed with special addition: 0 (0.00%)
* Elements of w remaining: 271 (100.00%)
* UVC proof at step 58
* G1 elements in proof: 2
* G2 elements in proof: 1
* Proof size in bits: 1019
* Cached h poly size: 17407
* UVC Prove step 59
* Elements of w skipped: 0 (0.00%)
* Elements of w processed with special addition: 0 (0.00%)
* Elements of w remaining: 271 (100.00%)
* Elements of w skipped: 0 (0.00%)
* Elements of w processed with special addition: 0 (0.00%)
* Elements of w remaining: 91 (100.00%)
* Elements of w skipped: 0 (0.00%)
* Elements of w processed with special addition: 0 (0.00%)
* Elements of w remaining: 271 (100.00%)
* UVC proof at step 59
* G1 elements in proof: 2
* G2 elements in proof: 1
* Proof size in bits: 1019
* Cached h poly size: 17407
* UVC Prove step 60
* Elements of w skipped: 0 (0.00%)
* Elements of w processed with special addition: 0 (0.00%)
* Elements of w remaining: 271 (100.00%)
* Elements of w skipped: 0 (0.00%)
* Elements of w processed with special addition: 0 (0.00%)
* Elements of w remaining: 91 (100.00%)
* Elements of w skipped: 0 (0.00%)
* Elements of w processed with special addition: 0 (0.00%)
* Elements of w remaining: 271 (100.00%)
* UVC proof at step 60
* G1 elements in proof: 2
* G2 elements in proof: 1
* Proof size in bits: 1019
* Cached h poly size: 17407
* UVC Prove step 61
* Elements of w skipped: 0 (0.00%)
* Elements of w processed with special addition: 0 (0.00%)
* Elements of w remaining: 271 (100.00%)
* Elements of w skipped: 0 (0.00%)
* Elements of w processed with special addition: 0 (0.00%)
* Elements of w remaining: 91 (100.00%)
* Elements of w skipped: 0 (0.00%)
* Elements of w processed with special addition: 0 (0.00%)
* Elements of w remaining: 271 (100.00%)
* UVC proof at step 61
* G1 elements in proof: 2
* G2 elements in proof: 1
* Proof size in bits: 1019
* Cached h poly size: 17407
* UVC Prove step 62
* Elements of w skipped: 0 (0.00%)
* Elements of w processed with special addition: 0 (0.00%)
* Elements of w remaining: 271 (100.00%)
* Elements of w skipped: 0 (0.00%)
* Elements of w processed with special addition: 0 (0.00%)
* Elements of w remaining: 91 (100.00%)
* Elements of w skipped: 0 (0.00%)
* Elements of w processed with special addition: 0 (0.00%)
* Elements of w remaining: 271 (100.00%)
* UVC proof at step 62
* G1 elements in proof: 2
* G2 elements in proof: 1
* Proof size in bits: 1019
* Cached h poly size: 17407
* UVC Prove step 63
* Elements of w skipped: 0 (0.00%)
* Elements of w processed with special addition: 0 (0.00%)
* Elements of w remaining: 271 (100.00%)
* Elements of w skipped: 0 (0.00%)
* Elements of w processed with special addition: 0 (0.00%)
* Elements of w remaining: 91 (100.00%)
* Elements of w skipped: 0 (0.00%)
* Elements of w processed with special addition: 0 (0.00%)
* Elements of w remaining: 271 (100.00%)
* UVC proof at step 63
* G1 elements in proof: 2
* G2 elements in proof: 1
* Proof size in bits: 1019
* Cached h poly size: 17407
* UVC Prove step 64
* Elements of w skipped: 0 (0.00%)
* Elements of w processed with special addition: 0 (0.00%)
* Elements of w remaining: 271 (100.00%)
* Elements of w skipped: 0 (0.00%)
* Elements of w processed with special addition: 0 (0.00%)
* Elements of w remaining: 91 (100.00%)
* Elements of w skipped: 0 (0.00%)
* Elements of w processed with special addition: 0 (0.00%)
* Elements of w remaining: 271 (100.00%)
* UVC proof at step 64
* G1 elements in proof: 2
* G2 elements in proof: 1
* Proof size in bits: 1019
* Cached h poly size: 17407

  Step    Prove (ms)    Verify (ms)   Proof bits    Verified  
  ------  ------------  ------------  ------------  ----------
* UVC Prove step 1
* Elements of w skipped: 0 (0.00%)
* Elements of w processed with special addition: 1 (0.37%)
* Elements of w remaining: 272 (99.63%)
* Elements of w skipped: 0 (0.00%)
* Elements of w processed with special addition: 0 (0.00%)
* Elements of w remaining: 91 (100.00%)
* Elements of w skipped: 0 (0.00%)
* Elements of w processed with special addition: 0 (0.00%)
* Elements of w remaining: 270 (100.00%)
* UVC proof at step 1
* G1 elements in proof: 2
* G2 elements in proof: 1
* Proof size in bits: 1019
* Cached h poly size: 17407
* UVC Prove step 1
* Elements of w skipped: 0 (0.00%)
* Elements of w processed with special addition: 1 (0.37%)
* Elements of w remaining: 272 (99.63%)
* Elements of w skipped: 0 (0.00%)
* Elements of w processed with special addition: 0 (0.00%)
* Elements of w remaining: 91 (100.00%)
* Elements of w skipped: 0 (0.00%)
* Elements of w processed with special addition: 0 (0.00%)
* Elements of w remaining: 270 (100.00%)
* UVC proof at step 1
* G1 elements in proof: 2
* G2 elements in proof: 1
* Proof size in bits: 1019
* Cached h poly size: 17407
* UVC Prove step 1
* Elements of w skipped: 0 (0.00%)
* Elements of w processed with special addition: 1 (0.37%)
* Elements of w remaining: 272 (99.63%)
* Elements of w skipped: 0 (0.00%)
* Elements of w processed with special addition: 0 (0.00%)
* Elements of w remaining: 91 (100.00%)
* Elements of w skipped: 0 (0.00%)
* Elements of w processed with special addition: 0 (0.00%)
* Elements of w remaining: 270 (100.00%)
* UVC proof at step 1
* G1 elements in proof: 2
* G2 elements in proof: 1
* Proof size in bits: 1019
* Cached h poly size: 17407
* UVC Prove step 1
* Elements of w skipped: 0 (0.00%)
* Elements of w processed with special addition: 1 (0.37%)
* Elements of w remaining: 272 (99.63%)
* Elements of w skipped: 0 (0.00%)
* Elements of w processed with special addition: 0 (0.00%)
* Elements of w remaining: 91 (100.00%)
* Elements of w skipped: 0 (0.00%)
* Elements of w processed with special addition: 0 (0.00%)
* Elements of w remaining: 270 (100.00%)
* UVC proof at step 1
* G1 elements in proof: 2
* G2 elements in proof: 1
* Proof size in bits: 1019
* Cached h poly size: 17407
* UVC Prove step 1
* Elements of w skipped: 0 (0.00%)
* Elements of w processed with special addition: 1 (0.37%)
* Elements of w remaining: 272 (99.63%)
* Elements of w skipped: 0 (0.00%)
* Elements of w processed with special addition: 0 (0.00%)
* Elements of w remaining: 91 (100.00%)
* Elements of w skipped: 0 (0.00%)
* Elements of w processed with special addition: 0 (0.00%)
* Elements of w remaining: 270 (100.00%)
* UVC proof at step 1
* G1 elements in proof: 2
* G2 elements in proof: 1
* Proof size in bits: 1019
* Cached h poly size: 17407
* UVC Prove step 1
* Elements of w skipped: 0 (0.00%)
* Elements of w processed with special addition: 1 (0.37%)
* Elements of w remaining: 272 (99.63%)
* Elements of w skipped: 0 (0.00%)
* Elements of w processed with special addition: 0 (0.00%)
* Elements of w remaining: 91 (100.00%)
* Elements of w skipped: 0 (0.00%)
* Elements of w processed with special addition: 0 (0.00%)
* Elements of w remaining: 270 (100.00%)
* UVC proof at step 1
* G1 elements in proof: 2
* G2 elements in proof: 1
* Proof size in bits: 1019
* Cached h poly size: 17407
* UVC Prove step 1
* Elements of w skipped: 0 (0.00%)
* Elements of w processed with special addition: 1 (0.37%)
* Elements of w remaining: 272 (99.63%)
* Elements of w skipped: 0 (0.00%)
* Elements of w processed with special addition: 0 (0.00%)
* Elements of w remaining: 91 (100.00%)
* Elements of w skipped: 0 (0.00%)
* Elements of w processed with special addition: 0 (0.00%)
* Elements of w remaining: 270 (100.00%)
* UVC proof at step 1
* G1 elements in proof: 2
* G2 elements in proof: 1
* Proof size in bits: 1019
* Cached h poly size: 17407
* UVC Prove step 1
* Elements of w skipped: 0 (0.00%)
* Elements of w processed with special addition: 1 (0.37%)
* Elements of w remaining: 272 (99.63%)
* Elements of w skipped: 0 (0.00%)
* Elements of w processed with special addition: 0 (0.00%)
* Elements of w remaining: 91 (100.00%)
* Elements of w skipped: 0 (0.00%)
* Elements of w processed with special addition: 0 (0.00%)
* Elements of w remaining: 270 (100.00%)
* UVC proof at step 1
* G1 elements in proof: 2
* G2 elements in proof: 1
* Proof size in bits: 1019
* Cached h poly size: 17407
* UVC Prove step 1
* Elements of w skipped: 0 (0.00%)
* Elements of w processed with special addition: 1 (0.37%)
* Elements of w remaining: 272 (99.63%)
* Elements of w skipped: 0 (0.00%)
* Elements of w processed with special addition: 0 (0.00%)
* Elements of w remaining: 91 (100.00%)
* Elements of w skipped: 0 (0.00%)
* Elements of w processed with special addition: 0 (0.00%)
* Elements of w remaining: 270 (100.00%)
* UVC proof at step 1
* G1 elements in proof: 2
* G2 elements in proof: 1
* Proof size in bits: 1019
* Cached h poly size: 17407
* UVC Prove step 1
* Elements of w skipped: 0 (0.00%)
* Elements of w processed with special addition: 1 (0.37%)
* Elements of w remaining: 272 (99.63%)
* Elements of w skipped: 0 (0.00%)
* Elements of w processed with special addition: 0 (0.00%)
* Elements of w remaining: 91 (100.00%)
* Elements of w skipped: 0 (0.00%)
* Elements of w processed with special addition: 0 (0.00%)
* Elements of w remaining: 270 (100.00%)
* UVC proof at step 1
* G1 elements in proof: 2
* G2 elements in proof: 1
* Proof size in bits: 1019
* Cached h poly size: 17407
* UVC Verify step 1: PASS
* UVC Verify step 1: PASS
* UVC Verify step 1: PASS
* UVC Verify step 1: PASS
* UVC Verify step 1: PASS
* UVC Verify step 1: PASS
* UVC Verify step 1: PASS
* UVC Verify step 1: PASS
* UVC Verify step 1: PASS
* UVC Verify step 1: PASS
  1       515.55        4.10          1019          PASS      
* UVC Prove step 2
* Elements of w skipped: 0 (0.00%)
* Elements of w processed with special addition: 0 (0.00%)
* Elements of w remaining: 271 (100.00%)
* Elements of w skipped: 0 (0.00%)
* Elements of w processed with special addition: 0 (0.00%)
* Elements of w remaining: 91 (100.00%)
* Elements of w skipped: 0 (0.00%)
* Elements of w processed with special addition: 0 (0.00%)
* Elements of w remaining: 271 (100.00%)
* UVC proof at step 2
* G1 elements in proof: 2
* G2 elements in proof: 1
* Proof size in bits: 1019
* Cached h poly size: 17407
* UVC Prove step 2
* Elements of w skipped: 0 (0.00%)
* Elements of w processed with special addition: 0 (0.00%)
* Elements of w remaining: 271 (100.00%)
* Elements of w skipped: 0 (0.00%)
* Elements of w processed with special addition: 0 (0.00%)
* Elements of w remaining: 91 (100.00%)
* Elements of w skipped: 0 (0.00%)
* Elements of w processed with special addition: 0 (0.00%)
* Elements of w remaining: 271 (100.00%)
* UVC proof at step 2
* G1 elements in proof: 2
* G2 elements in proof: 1
* Proof size in bits: 1019
* Cached h poly size: 17407
* UVC Prove step 2
* Elements of w skipped: 0 (0.00%)
* Elements of w processed with special addition: 0 (0.00%)
* Elements of w remaining: 271 (100.00%)
* Elements of w skipped: 0 (0.00%)
* Elements of w processed with special addition: 0 (0.00%)
* Elements of w remaining: 91 (100.00%)
* Elements of w skipped: 0 (0.00%)
* Elements of w processed with special addition: 0 (0.00%)
* Elements of w remaining: 271 (100.00%)
* UVC proof at step 2
* G1 elements in proof: 2
* G2 elements in proof: 1
* Proof size in bits: 1019
* Cached h poly size: 17407
* UVC Prove step 2
* Elements of w skipped: 0 (0.00%)
* Elements of w processed with special addition: 0 (0.00%)
* Elements of w remaining: 271 (100.00%)
* Elements of w skipped: 0 (0.00%)
* Elements of w processed with special addition: 0 (0.00%)
* Elements of w remaining: 91 (100.00%)
* Elements of w skipped: 0 (0.00%)
* Elements of w processed with special addition: 0 (0.00%)
* Elements of w remaining: 271 (100.00%)
* UVC proof at step 2
* G1 elements in proof: 2
* G2 elements in proof: 1
* Proof size in bits: 1019
* Cached h poly size: 17407
* UVC Prove step 2
* Elements of w skipped: 0 (0.00%)
* Elements of w processed with special addition: 0 (0.00%)
* Elements of w remaining: 271 (100.00%)
* Elements of w skipped: 0 (0.00%)
* Elements of w processed with special addition: 0 (0.00%)
* Elements of w remaining: 91 (100.00%)
* Elements of w skipped: 0 (0.00%)
* Elements of w processed with special addition: 0 (0.00%)
* Elements of w remaining: 271 (100.00%)
* UVC proof at step 2
* G1 elements in proof: 2
* G2 elements in proof: 1
* Proof size in bits: 1019
* Cached h poly size: 17407
* UVC Prove step 2
* Elements of w skipped: 0 (0.00%)
* Elements of w processed with special addition: 0 (0.00%)
* Elements of w remaining: 271 (100.00%)
* Elements of w skipped: 0 (0.00%)
* Elements of w processed with special addition: 0 (0.00%)
* Elements of w remaining: 91 (100.00%)
* Elements of w skipped: 0 (0.00%)
* Elements of w processed with special addition: 0 (0.00%)
* Elements of w remaining: 271 (100.00%)
* UVC proof at step 2
* G1 elements in proof: 2
* G2 elements in proof: 1
* Proof size in bits: 1019
* Cached h poly size: 17407
* UVC Prove step 2
* Elements of w skipped: 0 (0.00%)
* Elements of w processed with special addition: 0 (0.00%)
* Elements of w remaining: 271 (100.00%)
* Elements of w skipped: 0 (0.00%)
* Elements of w processed with special addition: 0 (0.00%)
* Elements of w remaining: 91 (100.00%)
* Elements of w skipped: 0 (0.00%)
* Elements of w processed with special addition: 0 (0.00%)
* Elements of w remaining: 271 (100.00%)
* UVC proof at step 2
* G1 elements in proof: 2
* G2 elements in proof: 1
* Proof size in bits: 1019
* Cached h poly size: 17407
* UVC Prove step 2
* Elements of w skipped: 0 (0.00%)
* Elements of w processed with special addition: 0 (0.00%)
* Elements of w remaining: 271 (100.00%)
* Elements of w skipped: 0 (0.00%)
* Elements of w processed with special addition: 0 (0.00%)
* Elements of w remaining: 91 (100.00%)
* Elements of w skipped: 0 (0.00%)
* Elements of w processed with special addition: 0 (0.00%)
* Elements of w remaining: 271 (100.00%)
* UVC proof at step 2
* G1 elements in proof: 2
* G2 elements in proof: 1
* Proof size in bits: 1019
* Cached h poly size: 17407
* UVC Prove step 2
* Elements of w skipped: 0 (0.00%)
* Elements of w processed with special addition: 0 (0.00%)
* Elements of w remaining: 271 (100.00%)
* Elements of w skipped: 0 (0.00%)
* Elements of w processed with special addition: 0 (0.00%)
* Elements of w remaining: 91 (100.00%)
* Elements of w skipped: 0 (0.00%)
* Elements of w processed with special addition: 0 (0.00%)
* Elements of w remaining: 271 (100.00%)
* UVC proof at step 2
* G1 elements in proof: 2
* G2 elements in proof: 1
* Proof size in bits: 1019
* Cached h poly size: 17407
* UVC Prove step 2
* Elements of w skipped: 0 (0.00%)
* Elements of w processed with special addition: 0 (0.00%)
* Elements of w remaining: 271 (100.00%)
* Elements of w skipped: 0 (0.00%)
* Elements of w processed with special addition: 0 (0.00%)
* Elements of w remaining: 91 (100.00%)
* Elements of w skipped: 0 (0.00%)
* Elements of w processed with special addition: 0 (0.00%)
* Elements of w remaining: 271 (100.00%)
* UVC proof at step 2
* G1 elements in proof: 2
* G2 elements in proof: 1
* Proof size in bits: 1019
* Cached h poly size: 17407
* UVC Verify step 2: PASS
* UVC Verify step 2: PASS
* UVC Verify step 2: PASS
* UVC Verify step 2: PASS
* UVC Verify step 2: PASS
* UVC Verify step 2: PASS
* UVC Verify step 2: PASS
* UVC Verify step 2: PASS
* UVC Verify step 2: PASS
* UVC Verify step 2: PASS
  2       519.18        4.08          1019          PASS      
* UVC Prove step 4
* Elements of w skipped: 0 (0.00%)
* Elements of w processed with special addition: 0 (0.00%)
* Elements of w remaining: 271 (100.00%)
* Elements of w skipped: 0 (0.00%)
* Elements of w processed with special addition: 0 (0.00%)
* Elements of w remaining: 91 (100.00%)
* Elements of w skipped: 0 (0.00%)
* Elements of w processed with special addition: 0 (0.00%)
* Elements of w remaining: 271 (100.00%)
* UVC proof at step 4
* G1 elements in proof: 2
* G2 elements in proof: 1
* Proof size in bits: 1019
* Cached h poly size: 17407
* UVC Prove step 4
* Elements of w skipped: 0 (0.00%)
* Elements of w processed with special addition: 0 (0.00%)
* Elements of w remaining: 271 (100.00%)
* Elements of w skipped: 0 (0.00%)
* Elements of w processed with special addition: 0 (0.00%)
* Elements of w remaining: 91 (100.00%)
* Elements of w skipped: 0 (0.00%)
* Elements of w processed with special addition: 0 (0.00%)
* Elements of w remaining: 271 (100.00%)
* UVC proof at step 4
* G1 elements in proof: 2
* G2 elements in proof: 1
* Proof size in bits: 1019
* Cached h poly size: 17407
* UVC Prove step 4
* Elements of w skipped: 0 (0.00%)
* Elements of w processed with special addition: 0 (0.00%)
* Elements of w remaining: 271 (100.00%)
* Elements of w skipped: 0 (0.00%)
* Elements of w processed with special addition: 0 (0.00%)
* Elements of w remaining: 91 (100.00%)
* Elements of w skipped: 0 (0.00%)
* Elements of w processed with special addition: 0 (0.00%)
* Elements of w remaining: 271 (100.00%)
* UVC proof at step 4
* G1 elements in proof: 2
* G2 elements in proof: 1
* Proof size in bits: 1019
* Cached h poly size: 17407
* UVC Prove step 4
* Elements of w skipped: 0 (0.00%)
* Elements of w processed with special addition: 0 (0.00%)
* Elements of w remaining: 271 (100.00%)
* Elements of w skipped: 0 (0.00%)
* Elements of w processed with special addition: 0 (0.00%)
* Elements of w remaining: 91 (100.00%)
* Elements of w skipped: 0 (0.00%)
* Elements of w processed with special addition: 0 (0.00%)
* Elements of w remaining: 271 (100.00%)
* UVC proof at step 4
* G1 elements in proof: 2
* G2 elements in proof: 1
* Proof size in bits: 1019
* Cached h poly size: 17407
* UVC Prove step 4
* Elements of w skipped: 0 (0.00%)
* Elements of w processed with special addition: 0 (0.00%)
* Elements of w remaining: 271 (100.00%)
* Elements of w skipped: 0 (0.00%)
* Elements of w processed with special addition: 0 (0.00%)
* Elements of w remaining: 91 (100.00%)
* Elements of w skipped: 0 (0.00%)
* Elements of w processed with special addition: 0 (0.00%)
* Elements of w remaining: 271 (100.00%)
* UVC proof at step 4
* G1 elements in proof: 2
* G2 elements in proof: 1
* Proof size in bits: 1019
* Cached h poly size: 17407
* UVC Prove step 4
* Elements of w skipped: 0 (0.00%)
* Elements of w processed with special addition: 0 (0.00%)
* Elements of w remaining: 271 (100.00%)
* Elements of w skipped: 0 (0.00%)
* Elements of w processed with special addition: 0 (0.00%)
* Elements of w remaining: 91 (100.00%)
* Elements of w skipped: 0 (0.00%)
* Elements of w processed with special addition: 0 (0.00%)
* Elements of w remaining: 271 (100.00%)
* UVC proof at step 4
* G1 elements in proof: 2
* G2 elements in proof: 1
* Proof size in bits: 1019
* Cached h poly size: 17407
* UVC Prove step 4
* Elements of w skipped: 0 (0.00%)
* Elements of w processed with special addition: 0 (0.00%)
* Elements of w remaining: 271 (100.00%)
* Elements of w skipped: 0 (0.00%)
* Elements of w processed with special addition: 0 (0.00%)
* Elements of w remaining: 91 (100.00%)
* Elements of w skipped: 0 (0.00%)
* Elements of w processed with special addition: 0 (0.00%)
* Elements of w remaining: 271 (100.00%)
* UVC proof at step 4
* G1 elements in proof: 2
* G2 elements in proof: 1
* Proof size in bits: 1019
* Cached h poly size: 17407
* UVC Prove step 4
* Elements of w skipped: 0 (0.00%)
* Elements of w processed with special addition: 0 (0.00%)
* Elements of w remaining: 271 (100.00%)
* Elements of w skipped: 0 (0.00%)
* Elements of w processed with special addition: 0 (0.00%)
* Elements of w remaining: 91 (100.00%)
* Elements of w skipped: 0 (0.00%)
* Elements of w processed with special addition: 0 (0.00%)
* Elements of w remaining: 271 (100.00%)
* UVC proof at step 4
* G1 elements in proof: 2
* G2 elements in proof: 1
* Proof size in bits: 1019
* Cached h poly size: 17407
* UVC Prove step 4
* Elements of w skipped: 0 (0.00%)
* Elements of w processed with special addition: 0 (0.00%)
* Elements of w remaining: 271 (100.00%)
* Elements of w skipped: 0 (0.00%)
* Elements of w processed with special addition: 0 (0.00%)
* Elements of w remaining: 91 (100.00%)
* Elements of w skipped: 0 (0.00%)
* Elements of w processed with special addition: 0 (0.00%)
* Elements of w remaining: 271 (100.00%)
* UVC proof at step 4
* G1 elements in proof: 2
* G2 elements in proof: 1
* Proof size in bits: 1019
* Cached h poly size: 17407
* UVC Prove step 4
* Elements of w skipped: 0 (0.00%)
* Elements of w processed with special addition: 0 (0.00%)
* Elements of w remaining: 271 (100.00%)
* Elements of w skipped: 0 (0.00%)
* Elements of w processed with special addition: 0 (0.00%)
* Elements of w remaining: 91 (100.00%)
* Elements of w skipped: 0 (0.00%)
* Elements of w processed with special addition: 0 (0.00%)
* Elements of w remaining: 271 (100.00%)
* UVC proof at step 4
* G1 elements in proof: 2
* G2 elements in proof: 1
* Proof size in bits: 1019
* Cached h poly size: 17407
* UVC Verify step 4: PASS
* UVC Verify step 4: PASS
* UVC Verify step 4: PASS
* UVC Verify step 4: PASS
* UVC Verify step 4: PASS
* UVC Verify step 4: PASS
* UVC Verify step 4: PASS
* UVC Verify step 4: PASS
* UVC Verify step 4: PASS
* UVC Verify step 4: PASS
  4       516.35        4.08          1019          PASS      
* UVC Prove step 8
* Elements of w skipped: 0 (0.00%)
* Elements of w processed with special addition: 0 (0.00%)
* Elements of w remaining: 271 (100.00%)
* Elements of w skipped: 0 (0.00%)
* Elements of w processed with special addition: 0 (0.00%)
* Elements of w remaining: 91 (100.00%)
* Elements of w skipped: 0 (0.00%)
* Elements of w processed with special addition: 0 (0.00%)
* Elements of w remaining: 271 (100.00%)
* UVC proof at step 8
* G1 elements in proof: 2
* G2 elements in proof: 1
* Proof size in bits: 1019
* Cached h poly size: 17407
* UVC Prove step 8
* Elements of w skipped: 0 (0.00%)
* Elements of w processed with special addition: 0 (0.00%)
* Elements of w remaining: 271 (100.00%)
* Elements of w skipped: 0 (0.00%)
* Elements of w processed with special addition: 0 (0.00%)
* Elements of w remaining: 91 (100.00%)
* Elements of w skipped: 0 (0.00%)
* Elements of w processed with special addition: 0 (0.00%)
* Elements of w remaining: 271 (100.00%)
* UVC proof at step 8
* G1 elements in proof: 2
* G2 elements in proof: 1
* Proof size in bits: 1019
* Cached h poly size: 17407
* UVC Prove step 8
* Elements of w skipped: 0 (0.00%)
* Elements of w processed with special addition: 0 (0.00%)
* Elements of w remaining: 271 (100.00%)
* Elements of w skipped: 0 (0.00%)
* Elements of w processed with special addition: 0 (0.00%)
* Elements of w remaining: 91 (100.00%)
* Elements of w skipped: 0 (0.00%)
* Elements of w processed with special addition: 0 (0.00%)
* Elements of w remaining: 271 (100.00%)
* UVC proof at step 8
* G1 elements in proof: 2
* G2 elements in proof: 1
* Proof size in bits: 1019
* Cached h poly size: 17407
* UVC Prove step 8
* Elements of w skipped: 0 (0.00%)
* Elements of w processed with special addition: 0 (0.00%)
* Elements of w remaining: 271 (100.00%)
* Elements of w skipped: 0 (0.00%)
* Elements of w processed with special addition: 0 (0.00%)
* Elements of w remaining: 91 (100.00%)
* Elements of w skipped: 0 (0.00%)
* Elements of w processed with special addition: 0 (0.00%)
* Elements of w remaining: 271 (100.00%)
* UVC proof at step 8
* G1 elements in proof: 2
* G2 elements in proof: 1
* Proof size in bits: 1019
* Cached h poly size: 17407
* UVC Prove step 8
* Elements of w skipped: 0 (0.00%)
* Elements of w processed with special addition: 0 (0.00%)
* Elements of w remaining: 271 (100.00%)
* Elements of w skipped: 0 (0.00%)
* Elements of w processed with special addition: 0 (0.00%)
* Elements of w remaining: 91 (100.00%)
* Elements of w skipped: 0 (0.00%)
* Elements of w processed with special addition: 0 (0.00%)
* Elements of w remaining: 271 (100.00%)
* UVC proof at step 8
* G1 elements in proof: 2
* G2 elements in proof: 1
* Proof size in bits: 1019
* Cached h poly size: 17407
* UVC Prove step 8
* Elements of w skipped: 0 (0.00%)
* Elements of w processed with special addition: 0 (0.00%)
* Elements of w remaining: 271 (100.00%)
* Elements of w skipped: 0 (0.00%)
* Elements of w processed with special addition: 0 (0.00%)
* Elements of w remaining: 91 (100.00%)
* Elements of w skipped: 0 (0.00%)
* Elements of w processed with special addition: 0 (0.00%)
* Elements of w remaining: 271 (100.00%)
* UVC proof at step 8
* G1 elements in proof: 2
* G2 elements in proof: 1
* Proof size in bits: 1019
* Cached h poly size: 17407
* UVC Prove step 8
* Elements of w skipped: 0 (0.00%)
* Elements of w processed with special addition: 0 (0.00%)
* Elements of w remaining: 271 (100.00%)
* Elements of w skipped: 0 (0.00%)
* Elements of w processed with special addition: 0 (0.00%)
* Elements of w remaining: 91 (100.00%)
* Elements of w skipped: 0 (0.00%)
* Elements of w processed with special addition: 0 (0.00%)
* Elements of w remaining: 271 (100.00%)
* UVC proof at step 8
* G1 elements in proof: 2
* G2 elements in proof: 1
* Proof size in bits: 1019
* Cached h poly size: 17407
* UVC Prove step 8
* Elements of w skipped: 0 (0.00%)
* Elements of w processed with special addition: 0 (0.00%)
* Elements of w remaining: 271 (100.00%)
* Elements of w skipped: 0 (0.00%)
* Elements of w processed with special addition: 0 (0.00%)
* Elements of w remaining: 91 (100.00%)
* Elements of w skipped: 0 (0.00%)
* Elements of w processed with special addition: 0 (0.00%)
* Elements of w remaining: 271 (100.00%)
* UVC proof at step 8
* G1 elements in proof: 2
* G2 elements in proof: 1
* Proof size in bits: 1019
* Cached h poly size: 17407
* UVC Prove step 8
* Elements of w skipped: 0 (0.00%)
* Elements of w processed with special addition: 0 (0.00%)
* Elements of w remaining: 271 (100.00%)
* Elements of w skipped: 0 (0.00%)
* Elements of w processed with special addition: 0 (0.00%)
* Elements of w remaining: 91 (100.00%)
* Elements of w skipped: 0 (0.00%)
* Elements of w processed with special addition: 0 (0.00%)
* Elements of w remaining: 271 (100.00%)
* UVC proof at step 8
* G1 elements in proof: 2
* G2 elements in proof: 1
* Proof size in bits: 1019
* Cached h poly size: 17407
* UVC Prove step 8
* Elements of w skipped: 0 (0.00%)
* Elements of w processed with special addition: 0 (0.00%)
* Elements of w remaining: 271 (100.00%)
* Elements of w skipped: 0 (0.00%)
* Elements of w processed with special addition: 0 (0.00%)
* Elements of w remaining: 91 (100.00%)
* Elements of w skipped: 0 (0.00%)
* Elements of w processed with special addition: 0 (0.00%)
* Elements of w remaining: 271 (100.00%)
* UVC proof at step 8
* G1 elements in proof: 2
* G2 elements in proof: 1
* Proof size in bits: 1019
* Cached h poly size: 17407
* UVC Verify step 8: PASS
* UVC Verify step 8: PASS
* UVC Verify step 8: PASS
* UVC Verify step 8: PASS
* UVC Verify step 8: PASS
* UVC Verify step 8: PASS
* UVC Verify step 8: PASS
* UVC Verify step 8: PASS
* UVC Verify step 8: PASS
* UVC Verify step 8: PASS
  8       517.17        4.22          1019          PASS      
* UVC Prove step 16
* Elements of w skipped: 0 (0.00%)
* Elements of w processed with special addition: 0 (0.00%)
* Elements of w remaining: 271 (100.00%)
* Elements of w skipped: 0 (0.00%)
* Elements of w processed with special addition: 0 (0.00%)
* Elements of w remaining: 91 (100.00%)
* Elements of w skipped: 0 (0.00%)
* Elements of w processed with special addition: 0 (0.00%)
* Elements of w remaining: 271 (100.00%)
* UVC proof at step 16
* G1 elements in proof: 2
* G2 elements in proof: 1
* Proof size in bits: 1019
* Cached h poly size: 17407
* UVC Prove step 16
* Elements of w skipped: 0 (0.00%)
* Elements of w processed with special addition: 0 (0.00%)
* Elements of w remaining: 271 (100.00%)
* Elements of w skipped: 0 (0.00%)
* Elements of w processed with special addition: 0 (0.00%)
* Elements of w remaining: 91 (100.00%)
* Elements of w skipped: 0 (0.00%)
* Elements of w processed with special addition: 0 (0.00%)
* Elements of w remaining: 271 (100.00%)
* UVC proof at step 16
* G1 elements in proof: 2
* G2 elements in proof: 1
* Proof size in bits: 1019
* Cached h poly size: 17407
* UVC Prove step 16
* Elements of w skipped: 0 (0.00%)
* Elements of w processed with special addition: 0 (0.00%)
* Elements of w remaining: 271 (100.00%)
* Elements of w skipped: 0 (0.00%)
* Elements of w processed with special addition: 0 (0.00%)
* Elements of w remaining: 91 (100.00%)
* Elements of w skipped: 0 (0.00%)
* Elements of w processed with special addition: 0 (0.00%)
* Elements of w remaining: 271 (100.00%)
* UVC proof at step 16
* G1 elements in proof: 2
* G2 elements in proof: 1
* Proof size in bits: 1019
* Cached h poly size: 17407
* UVC Prove step 16
* Elements of w skipped: 0 (0.00%)
* Elements of w processed with special addition: 0 (0.00%)
* Elements of w remaining: 271 (100.00%)
* Elements of w skipped: 0 (0.00%)
* Elements of w processed with special addition: 0 (0.00%)
* Elements of w remaining: 91 (100.00%)
* Elements of w skipped: 0 (0.00%)
* Elements of w processed with special addition: 0 (0.00%)
* Elements of w remaining: 271 (100.00%)
* UVC proof at step 16
* G1 elements in proof: 2
* G2 elements in proof: 1
* Proof size in bits: 1019
* Cached h poly size: 17407
* UVC Prove step 16
* Elements of w skipped: 0 (0.00%)
* Elements of w processed with special addition: 0 (0.00%)
* Elements of w remaining: 271 (100.00%)
* Elements of w skipped: 0 (0.00%)
* Elements of w processed with special addition: 0 (0.00%)
* Elements of w remaining: 91 (100.00%)
* Elements of w skipped: 0 (0.00%)
* Elements of w processed with special addition: 0 (0.00%)
* Elements of w remaining: 271 (100.00%)
* UVC proof at step 16
* G1 elements in proof: 2
* G2 elements in proof: 1
* Proof size in bits: 1019
* Cached h poly size: 17407
* UVC Prove step 16
* Elements of w skipped: 0 (0.00%)
* Elements of w processed with special addition: 0 (0.00%)
* Elements of w remaining: 271 (100.00%)
* Elements of w skipped: 0 (0.00%)
* Elements of w processed with special addition: 0 (0.00%)
* Elements of w remaining: 91 (100.00%)
* Elements of w skipped: 0 (0.00%)
* Elements of w processed with special addition: 0 (0.00%)
* Elements of w remaining: 271 (100.00%)
* UVC proof at step 16
* G1 elements in proof: 2
* G2 elements in proof: 1
* Proof size in bits: 1019
* Cached h poly size: 17407
* UVC Prove step 16
* Elements of w skipped: 0 (0.00%)
* Elements of w processed with special addition: 0 (0.00%)
* Elements of w remaining: 271 (100.00%)
* Elements of w skipped: 0 (0.00%)
* Elements of w processed with special addition: 0 (0.00%)
* Elements of w remaining: 91 (100.00%)
* Elements of w skipped: 0 (0.00%)
* Elements of w processed with special addition: 0 (0.00%)
* Elements of w remaining: 271 (100.00%)
* UVC proof at step 16
* G1 elements in proof: 2
* G2 elements in proof: 1
* Proof size in bits: 1019
* Cached h poly size: 17407
* UVC Prove step 16
* Elements of w skipped: 0 (0.00%)
* Elements of w processed with special addition: 0 (0.00%)
* Elements of w remaining: 271 (100.00%)
* Elements of w skipped: 0 (0.00%)
* Elements of w processed with special addition: 0 (0.00%)
* Elements of w remaining: 91 (100.00%)
* Elements of w skipped: 0 (0.00%)
* Elements of w processed with special addition: 0 (0.00%)
* Elements of w remaining: 271 (100.00%)
* UVC proof at step 16
* G1 elements in proof: 2
* G2 elements in proof: 1
* Proof size in bits: 1019
* Cached h poly size: 17407
* UVC Prove step 16
* Elements of w skipped: 0 (0.00%)
* Elements of w processed with special addition: 0 (0.00%)
* Elements of w remaining: 271 (100.00%)
* Elements of w skipped: 0 (0.00%)
* Elements of w processed with special addition: 0 (0.00%)
* Elements of w remaining: 91 (100.00%)
* Elements of w skipped: 0 (0.00%)
* Elements of w processed with special addition: 0 (0.00%)
* Elements of w remaining: 271 (100.00%)
* UVC proof at step 16
* G1 elements in proof: 2
* G2 elements in proof: 1
* Proof size in bits: 1019
* Cached h poly size: 17407
* UVC Prove step 16
* Elements of w skipped: 0 (0.00%)
* Elements of w processed with special addition: 0 (0.00%)
* Elements of w remaining: 271 (100.00%)
* Elements of w skipped: 0 (0.00%)
* Elements of w processed with special addition: 0 (0.00%)
* Elements of w remaining: 91 (100.00%)
* Elements of w skipped: 0 (0.00%)
* Elements of w processed with special addition: 0 (0.00%)
* Elements of w remaining: 271 (100.00%)
* UVC proof at step 16
* G1 elements in proof: 2
* G2 elements in proof: 1
* Proof size in bits: 1019
* Cached h poly size: 17407
* UVC Verify step 16: PASS
* UVC Verify step 16: PASS
* UVC Verify step 16: PASS
* UVC Verify step 16: PASS
* UVC Verify step 16: PASS
* UVC Verify step 16: PASS
* UVC Verify step 16: PASS
* UVC Verify step 16: PASS
* UVC Verify step 16: PASS
* UVC Verify step 16: PASS
  16      516.90        4.08          1019          PASS      
* UVC Prove step 32
* Elements of w skipped: 0 (0.00%)
* Elements of w processed with special addition: 0 (0.00%)
* Elements of w remaining: 271 (100.00%)
* Elements of w skipped: 0 (0.00%)
* Elements of w processed with special addition: 0 (0.00%)
* Elements of w remaining: 91 (100.00%)
* Elements of w skipped: 0 (0.00%)
* Elements of w processed with special addition: 0 (0.00%)
* Elements of w remaining: 271 (100.00%)
* UVC proof at step 32
* G1 elements in proof: 2
* G2 elements in proof: 1
* Proof size in bits: 1019
* Cached h poly size: 17407
* UVC Prove step 32
* Elements of w skipped: 0 (0.00%)
* Elements of w processed with special addition: 0 (0.00%)
* Elements of w remaining: 271 (100.00%)
* Elements of w skipped: 0 (0.00%)
* Elements of w processed with special addition: 0 (0.00%)
* Elements of w remaining: 91 (100.00%)
* Elements of w skipped: 0 (0.00%)
* Elements of w processed with special addition: 0 (0.00%)
* Elements of w remaining: 271 (100.00%)
* UVC proof at step 32
* G1 elements in proof: 2
* G2 elements in proof: 1
* Proof size in bits: 1019
* Cached h poly size: 17407
* UVC Prove step 32
* Elements of w skipped: 0 (0.00%)
* Elements of w processed with special addition: 0 (0.00%)
* Elements of w remaining: 271 (100.00%)
* Elements of w skipped: 0 (0.00%)
* Elements of w processed with special addition: 0 (0.00%)
* Elements of w remaining: 91 (100.00%)
* Elements of w skipped: 0 (0.00%)
* Elements of w processed with special addition: 0 (0.00%)
* Elements of w remaining: 271 (100.00%)
* UVC proof at step 32
* G1 elements in proof: 2
* G2 elements in proof: 1
* Proof size in bits: 1019
* Cached h poly size: 17407
* UVC Prove step 32
* Elements of w skipped: 0 (0.00%)
* Elements of w processed with special addition: 0 (0.00%)
* Elements of w remaining: 271 (100.00%)
* Elements of w skipped: 0 (0.00%)
* Elements of w processed with special addition: 0 (0.00%)
* Elements of w remaining: 91 (100.00%)
* Elements of w skipped: 0 (0.00%)
* Elements of w processed with special addition: 0 (0.00%)
* Elements of w remaining: 271 (100.00%)
* UVC proof at step 32
* G1 elements in proof: 2
* G2 elements in proof: 1
* Proof size in bits: 1019
* Cached h poly size: 17407
* UVC Prove step 32
* Elements of w skipped: 0 (0.00%)
* Elements of w processed with special addition: 0 (0.00%)
* Elements of w remaining: 271 (100.00%)
* Elements of w skipped: 0 (0.00%)
* Elements of w processed with special addition: 0 (0.00%)
* Elements of w remaining: 91 (100.00%)
* Elements of w skipped: 0 (0.00%)
* Elements of w processed with special addition: 0 (0.00%)
* Elements of w remaining: 271 (100.00%)
* UVC proof at step 32
* G1 elements in proof: 2
* G2 elements in proof: 1
* Proof size in bits: 1019
* Cached h poly size: 17407
* UVC Prove step 32
* Elements of w skipped: 0 (0.00%)
* Elements of w processed with special addition: 0 (0.00%)
* Elements of w remaining: 271 (100.00%)
* Elements of w skipped: 0 (0.00%)
* Elements of w processed with special addition: 0 (0.00%)
* Elements of w remaining: 91 (100.00%)
* Elements of w skipped: 0 (0.00%)
* Elements of w processed with special addition: 0 (0.00%)
* Elements of w remaining: 271 (100.00%)
* UVC proof at step 32
* G1 elements in proof: 2
* G2 elements in proof: 1
* Proof size in bits: 1019
* Cached h poly size: 17407
* UVC Prove step 32
* Elements of w skipped: 0 (0.00%)
* Elements of w processed with special addition: 0 (0.00%)
* Elements of w remaining: 271 (100.00%)
* Elements of w skipped: 0 (0.00%)
* Elements of w processed with special addition: 0 (0.00%)
* Elements of w remaining: 91 (100.00%)
* Elements of w skipped: 0 (0.00%)
* Elements of w processed with special addition: 0 (0.00%)
* Elements of w remaining: 271 (100.00%)
* UVC proof at step 32
* G1 elements in proof: 2
* G2 elements in proof: 1
* Proof size in bits: 1019
* Cached h poly size: 17407
* UVC Prove step 32
* Elements of w skipped: 0 (0.00%)
* Elements of w processed with special addition: 0 (0.00%)
* Elements of w remaining: 271 (100.00%)
* Elements of w skipped: 0 (0.00%)
* Elements of w processed with special addition: 0 (0.00%)
* Elements of w remaining: 91 (100.00%)
* Elements of w skipped: 0 (0.00%)
* Elements of w processed with special addition: 0 (0.00%)
* Elements of w remaining: 271 (100.00%)
* UVC proof at step 32
* G1 elements in proof: 2
* G2 elements in proof: 1
* Proof size in bits: 1019
* Cached h poly size: 17407
* UVC Prove step 32
* Elements of w skipped: 0 (0.00%)
* Elements of w processed with special addition: 0 (0.00%)
* Elements of w remaining: 271 (100.00%)
* Elements of w skipped: 0 (0.00%)
* Elements of w processed with special addition: 0 (0.00%)
* Elements of w remaining: 91 (100.00%)
* Elements of w skipped: 0 (0.00%)
* Elements of w processed with special addition: 0 (0.00%)
* Elements of w remaining: 271 (100.00%)
* UVC proof at step 32
* G1 elements in proof: 2
* G2 elements in proof: 1
* Proof size in bits: 1019
* Cached h poly size: 17407
* UVC Prove step 32
* Elements of w skipped: 0 (0.00%)
* Elements of w processed with special addition: 0 (0.00%)
* Elements of w remaining: 271 (100.00%)
* Elements of w skipped: 0 (0.00%)
* Elements of w processed with special addition: 0 (0.00%)
* Elements of w remaining: 91 (100.00%)
* Elements of w skipped: 0 (0.00%)
* Elements of w processed with special addition: 0 (0.00%)
* Elements of w remaining: 271 (100.00%)
* UVC proof at step 32
* G1 elements in proof: 2
* G2 elements in proof: 1
* Proof size in bits: 1019
* Cached h poly size: 17407
* UVC Verify step 32: PASS
* UVC Verify step 32: PASS
* UVC Verify step 32: PASS
* UVC Verify step 32: PASS
* UVC Verify step 32: PASS
* UVC Verify step 32: PASS
* UVC Verify step 32: PASS
* UVC Verify step 32: PASS
* UVC Verify step 32: PASS
* UVC Verify step 32: PASS
  32      515.72        4.09          1019          PASS      
* UVC Prove step 64
* Elements of w skipped: 0 (0.00%)
* Elements of w processed with special addition: 0 (0.00%)
* Elements of w remaining: 271 (100.00%)
* Elements of w skipped: 0 (0.00%)
* Elements of w processed with special addition: 0 (0.00%)
* Elements of w remaining: 91 (100.00%)
* Elements of w skipped: 0 (0.00%)
* Elements of w processed with special addition: 0 (0.00%)
* Elements of w remaining: 271 (100.00%)
* UVC proof at step 64
* G1 elements in proof: 2
* G2 elements in proof: 1
* Proof size in bits: 1019
* Cached h poly size: 17407
* UVC Prove step 64
* Elements of w skipped: 0 (0.00%)
* Elements of w processed with special addition: 0 (0.00%)
* Elements of w remaining: 271 (100.00%)
* Elements of w skipped: 0 (0.00%)
* Elements of w processed with special addition: 0 (0.00%)
* Elements of w remaining: 91 (100.00%)
* Elements of w skipped: 0 (0.00%)
* Elements of w processed with special addition: 0 (0.00%)
* Elements of w remaining: 271 (100.00%)
* UVC proof at step 64
* G1 elements in proof: 2
* G2 elements in proof: 1
* Proof size in bits: 1019
* Cached h poly size: 17407
* UVC Prove step 64
* Elements of w skipped: 0 (0.00%)
* Elements of w processed with special addition: 0 (0.00%)
* Elements of w remaining: 271 (100.00%)
* Elements of w skipped: 0 (0.00%)
* Elements of w processed with special addition: 0 (0.00%)
* Elements of w remaining: 91 (100.00%)
* Elements of w skipped: 0 (0.00%)
* Elements of w processed with special addition: 0 (0.00%)
* Elements of w remaining: 271 (100.00%)
* UVC proof at step 64
* G1 elements in proof: 2
* G2 elements in proof: 1
* Proof size in bits: 1019
* Cached h poly size: 17407
* UVC Prove step 64
* Elements of w skipped: 0 (0.00%)
* Elements of w processed with special addition: 0 (0.00%)
* Elements of w remaining: 271 (100.00%)
* Elements of w skipped: 0 (0.00%)
* Elements of w processed with special addition: 0 (0.00%)
* Elements of w remaining: 91 (100.00%)
* Elements of w skipped: 0 (0.00%)
* Elements of w processed with special addition: 0 (0.00%)
* Elements of w remaining: 271 (100.00%)
* UVC proof at step 64
* G1 elements in proof: 2
* G2 elements in proof: 1
* Proof size in bits: 1019
* Cached h poly size: 17407
* UVC Prove step 64
* Elements of w skipped: 0 (0.00%)
* Elements of w processed with special addition: 0 (0.00%)
* Elements of w remaining: 271 (100.00%)
* Elements of w skipped: 0 (0.00%)
* Elements of w processed with special addition: 0 (0.00%)
* Elements of w remaining: 91 (100.00%)
* Elements of w skipped: 0 (0.00%)
* Elements of w processed with special addition: 0 (0.00%)
* Elements of w remaining: 271 (100.00%)
* UVC proof at step 64
* G1 elements in proof: 2
* G2 elements in proof: 1
* Proof size in bits: 1019
* Cached h poly size: 17407
* UVC Prove step 64
* Elements of w skipped: 0 (0.00%)
* Elements of w processed with special addition: 0 (0.00%)
* Elements of w remaining: 271 (100.00%)
* Elements of w skipped: 0 (0.00%)
* Elements of w processed with special addition: 0 (0.00%)
* Elements of w remaining: 91 (100.00%)
* Elements of w skipped: 0 (0.00%)
* Elements of w processed with special addition: 0 (0.00%)
* Elements of w remaining: 271 (100.00%)
* UVC proof at step 64
* G1 elements in proof: 2
* G2 elements in proof: 1
* Proof size in bits: 1019
* Cached h poly size: 17407
* UVC Prove step 64
* Elements of w skipped: 0 (0.00%)
* Elements of w processed with special addition: 0 (0.00%)
* Elements of w remaining: 271 (100.00%)
* Elements of w skipped: 0 (0.00%)
* Elements of w processed with special addition: 0 (0.00%)
* Elements of w remaining: 91 (100.00%)
* Elements of w skipped: 0 (0.00%)
* Elements of w processed with special addition: 0 (0.00%)
* Elements of w remaining: 271 (100.00%)
* UVC proof at step 64
* G1 elements in proof: 2
* G2 elements in proof: 1
* Proof size in bits: 1019
* Cached h poly size: 17407
* UVC Prove step 64
* Elements of w skipped: 0 (0.00%)
* Elements of w processed with special addition: 0 (0.00%)
* Elements of w remaining: 271 (100.00%)
* Elements of w skipped: 0 (0.00%)
* Elements of w processed with special addition: 0 (0.00%)
* Elements of w remaining: 91 (100.00%)
* Elements of w skipped: 0 (0.00%)
* Elements of w processed with special addition: 0 (0.00%)
* Elements of w remaining: 271 (100.00%)
* UVC proof at step 64
* G1 elements in proof: 2
* G2 elements in proof: 1
* Proof size in bits: 1019
* Cached h poly size: 17407
* UVC Prove step 64
* Elements of w skipped: 0 (0.00%)
* Elements of w processed with special addition: 0 (0.00%)
* Elements of w remaining: 271 (100.00%)
* Elements of w skipped: 0 (0.00%)
* Elements of w processed with special addition: 0 (0.00%)
* Elements of w remaining: 91 (100.00%)
* Elements of w skipped: 0 (0.00%)
* Elements of w processed with special addition: 0 (0.00%)
* Elements of w remaining: 271 (100.00%)
* UVC proof at step 64
* G1 elements in proof: 2
* G2 elements in proof: 1
* Proof size in bits: 1019
* Cached h poly size: 17407
* UVC Prove step 64
* Elements of w skipped: 0 (0.00%)
* Elements of w processed with special addition: 0 (0.00%)
* Elements of w remaining: 271 (100.00%)
* Elements of w skipped: 0 (0.00%)
* Elements of w processed with special addition: 0 (0.00%)
* Elements of w remaining: 91 (100.00%)
* Elements of w skipped: 0 (0.00%)
* Elements of w processed with special addition: 0 (0.00%)
* Elements of w remaining: 271 (100.00%)
* UVC proof at step 64
* G1 elements in proof: 2
* G2 elements in proof: 1
* Proof size in bits: 1019
* Cached h poly size: 17407
* UVC Verify step 64: PASS
* UVC Verify step 64: PASS
* UVC Verify step 64: PASS
* UVC Verify step 64: PASS
* UVC Verify step 64: PASS
* UVC Verify step 64: PASS
* UVC Verify step 64: PASS
* UVC Verify step 64: PASS
* UVC Verify step 64: PASS
* UVC Verify step 64: PASS
  64      516.94        4.07          1019          PASS      

  UVC results written to /Users/heewonchung/Documents/00-Research/active/Updatable Verifiable Computation/Dev/results/2026-03-06_121849_paper/csv/uvc_results.csv

================================================================
Groth16 Benchmark: circuit=mimc, n=270, B=64
================================================================

  Step    C_j constr  Setup (ms)    Prove (ms)    Verify (ms)   Verified  
  ------  ----------  ------------  ------------  ------------  ----------
* Composed C_1: 270 constraints, 272 variables, 2 inputs
Swap is not beneficial, not performing
* QAP number of variables: 272
* QAP pre degree: 270
* QAP degree: 288
* QAP number of input variables: 2
* G1 window: 7
* G2 window: 5
* G1 elements in PK: 1104
* Non-zero G1 elements in PK: 922
* G2 elements in PK: 274
* Non-zero G2 elements in PK: 92
* PK size in bits: 287762
* G1 elements in VK: 2
* G2 elements in VK: 2
* GT elements in VK: 1
* VK size in bits: 1911
* Elements of w skipped: 0 (0.00%)
* Elements of w processed with special addition: 1 (0.37%)
* Elements of w remaining: 272 (99.63%)
* Elements of w skipped: 0 (0.00%)
* Elements of w processed with special addition: 0 (0.00%)
* Elements of w remaining: 91 (100.00%)
* Elements of w skipped: 0 (0.00%)
* Elements of w processed with special addition: 0 (0.00%)
* Elements of w remaining: 270 (100.00%)
* G1 elements in proof: 2
* G2 elements in proof: 1
* Proof size in bits: 1019
* Elements of w skipped: 0 (0.00%)
* Elements of w processed with special addition: 1 (0.37%)
* Elements of w remaining: 272 (99.63%)
* Elements of w skipped: 0 (0.00%)
* Elements of w processed with special addition: 0 (0.00%)
* Elements of w remaining: 91 (100.00%)
* Elements of w skipped: 0 (0.00%)
* Elements of w processed with special addition: 0 (0.00%)
* Elements of w remaining: 270 (100.00%)
* G1 elements in proof: 2
* G2 elements in proof: 1
* Proof size in bits: 1019
* Elements of w skipped: 0 (0.00%)
* Elements of w processed with special addition: 1 (0.37%)
* Elements of w remaining: 272 (99.63%)
* Elements of w skipped: 0 (0.00%)
* Elements of w processed with special addition: 0 (0.00%)
* Elements of w remaining: 91 (100.00%)
* Elements of w skipped: 0 (0.00%)
* Elements of w processed with special addition: 0 (0.00%)
* Elements of w remaining: 270 (100.00%)
* G1 elements in proof: 2
* G2 elements in proof: 1
* Proof size in bits: 1019
* Elements of w skipped: 0 (0.00%)
* Elements of w processed with special addition: 1 (0.37%)
* Elements of w remaining: 272 (99.63%)
* Elements of w skipped: 0 (0.00%)
* Elements of w processed with special addition: 0 (0.00%)
* Elements of w remaining: 91 (100.00%)
* Elements of w skipped: 0 (0.00%)
* Elements of w processed with special addition: 0 (0.00%)
* Elements of w remaining: 270 (100.00%)
* G1 elements in proof: 2
* G2 elements in proof: 1
* Proof size in bits: 1019
* Elements of w skipped: 0 (0.00%)
* Elements of w processed with special addition: 1 (0.37%)
* Elements of w remaining: 272 (99.63%)
* Elements of w skipped: 0 (0.00%)
* Elements of w processed with special addition: 0 (0.00%)
* Elements of w remaining: 91 (100.00%)
* Elements of w skipped: 0 (0.00%)
* Elements of w processed with special addition: 0 (0.00%)
* Elements of w remaining: 270 (100.00%)
* G1 elements in proof: 2
* G2 elements in proof: 1
* Proof size in bits: 1019
* Elements of w skipped: 0 (0.00%)
* Elements of w processed with special addition: 1 (0.37%)
* Elements of w remaining: 272 (99.63%)
* Elements of w skipped: 0 (0.00%)
* Elements of w processed with special addition: 0 (0.00%)
* Elements of w remaining: 91 (100.00%)
* Elements of w skipped: 0 (0.00%)
* Elements of w processed with special addition: 0 (0.00%)
* Elements of w remaining: 270 (100.00%)
* G1 elements in proof: 2
* G2 elements in proof: 1
* Proof size in bits: 1019
* Elements of w skipped: 0 (0.00%)
* Elements of w processed with special addition: 1 (0.37%)
* Elements of w remaining: 272 (99.63%)
* Elements of w skipped: 0 (0.00%)
* Elements of w processed with special addition: 0 (0.00%)
* Elements of w remaining: 91 (100.00%)
* Elements of w skipped: 0 (0.00%)
* Elements of w processed with special addition: 0 (0.00%)
* Elements of w remaining: 270 (100.00%)
* G1 elements in proof: 2
* G2 elements in proof: 1
* Proof size in bits: 1019
* Elements of w skipped: 0 (0.00%)
* Elements of w processed with special addition: 1 (0.37%)
* Elements of w remaining: 272 (99.63%)
* Elements of w skipped: 0 (0.00%)
* Elements of w processed with special addition: 0 (0.00%)
* Elements of w remaining: 91 (100.00%)
* Elements of w skipped: 0 (0.00%)
* Elements of w processed with special addition: 0 (0.00%)
* Elements of w remaining: 270 (100.00%)
* G1 elements in proof: 2
* G2 elements in proof: 1
* Proof size in bits: 1019
* Elements of w skipped: 0 (0.00%)
* Elements of w processed with special addition: 1 (0.37%)
* Elements of w remaining: 272 (99.63%)
* Elements of w skipped: 0 (0.00%)
* Elements of w processed with special addition: 0 (0.00%)
* Elements of w remaining: 91 (100.00%)
* Elements of w skipped: 0 (0.00%)
* Elements of w processed with special addition: 0 (0.00%)
* Elements of w remaining: 270 (100.00%)
* G1 elements in proof: 2
* G2 elements in proof: 1
* Proof size in bits: 1019
* Elements of w skipped: 0 (0.00%)
* Elements of w processed with special addition: 1 (0.37%)
* Elements of w remaining: 272 (99.63%)
* Elements of w skipped: 0 (0.00%)
* Elements of w processed with special addition: 0 (0.00%)
* Elements of w remaining: 91 (100.00%)
* Elements of w skipped: 0 (0.00%)
* Elements of w processed with special addition: 0 (0.00%)
* Elements of w remaining: 270 (100.00%)
* G1 elements in proof: 2
* G2 elements in proof: 1
* Proof size in bits: 1019
  1       270         55.8          72.09         4.00          PASS      
* Composed C_2: 540 constraints, 543 variables, 2 inputs
Swap is not beneficial, not performing
* QAP number of variables: 543
* QAP pre degree: 540
* QAP degree: 544
* QAP number of input variables: 2
* G1 window: 8
* G2 window: 6
* G1 elements in PK: 2173
* Non-zero G1 elements in PK: 1811
* G2 elements in PK: 545
* Non-zero G2 elements in PK: 183
* PK size in bits: 566600
* G1 elements in VK: 2
* G2 elements in VK: 2
* GT elements in VK: 1
* VK size in bits: 1911
* Elements of w skipped: 0 (0.00%)
* Elements of w processed with special addition: 1 (0.18%)
* Elements of w remaining: 543 (99.82%)
* Elements of w skipped: 0 (0.00%)
* Elements of w processed with special addition: 0 (0.00%)
* Elements of w remaining: 182 (100.00%)
* Elements of w skipped: 0 (0.00%)
* Elements of w processed with special addition: 0 (0.00%)
* Elements of w remaining: 541 (100.00%)
* G1 elements in proof: 2
* G2 elements in proof: 1
* Proof size in bits: 1019
* Elements of w skipped: 0 (0.00%)
* Elements of w processed with special addition: 1 (0.18%)
* Elements of w remaining: 543 (99.82%)
* Elements of w skipped: 0 (0.00%)
* Elements of w processed with special addition: 0 (0.00%)
* Elements of w remaining: 182 (100.00%)
* Elements of w skipped: 0 (0.00%)
* Elements of w processed with special addition: 0 (0.00%)
* Elements of w remaining: 541 (100.00%)
* G1 elements in proof: 2
* G2 elements in proof: 1
* Proof size in bits: 1019
* Elements of w skipped: 0 (0.00%)
* Elements of w processed with special addition: 1 (0.18%)
* Elements of w remaining: 543 (99.82%)
* Elements of w skipped: 0 (0.00%)
* Elements of w processed with special addition: 0 (0.00%)
* Elements of w remaining: 182 (100.00%)
* Elements of w skipped: 0 (0.00%)
* Elements of w processed with special addition: 0 (0.00%)
* Elements of w remaining: 541 (100.00%)
* G1 elements in proof: 2
* G2 elements in proof: 1
* Proof size in bits: 1019
* Elements of w skipped: 0 (0.00%)
* Elements of w processed with special addition: 1 (0.18%)
* Elements of w remaining: 543 (99.82%)
* Elements of w skipped: 0 (0.00%)
* Elements of w processed with special addition: 0 (0.00%)
* Elements of w remaining: 182 (100.00%)
* Elements of w skipped: 0 (0.00%)
* Elements of w processed with special addition: 0 (0.00%)
* Elements of w remaining: 541 (100.00%)
* G1 elements in proof: 2
* G2 elements in proof: 1
* Proof size in bits: 1019
* Elements of w skipped: 0 (0.00%)
* Elements of w processed with special addition: 1 (0.18%)
* Elements of w remaining: 543 (99.82%)
* Elements of w skipped: 0 (0.00%)
* Elements of w processed with special addition: 0 (0.00%)
* Elements of w remaining: 182 (100.00%)
* Elements of w skipped: 0 (0.00%)
* Elements of w processed with special addition: 0 (0.00%)
* Elements of w remaining: 541 (100.00%)
* G1 elements in proof: 2
* G2 elements in proof: 1
* Proof size in bits: 1019
* Elements of w skipped: 0 (0.00%)
* Elements of w processed with special addition: 1 (0.18%)
* Elements of w remaining: 543 (99.82%)
* Elements of w skipped: 0 (0.00%)
* Elements of w processed with special addition: 0 (0.00%)
* Elements of w remaining: 182 (100.00%)
* Elements of w skipped: 0 (0.00%)
* Elements of w processed with special addition: 0 (0.00%)
* Elements of w remaining: 541 (100.00%)
* G1 elements in proof: 2
* G2 elements in proof: 1
* Proof size in bits: 1019
* Elements of w skipped: 0 (0.00%)
* Elements of w processed with special addition: 1 (0.18%)
* Elements of w remaining: 543 (99.82%)
* Elements of w skipped: 0 (0.00%)
* Elements of w processed with special addition: 0 (0.00%)
* Elements of w remaining: 182 (100.00%)
* Elements of w skipped: 0 (0.00%)
* Elements of w processed with special addition: 0 (0.00%)
* Elements of w remaining: 541 (100.00%)
* G1 elements in proof: 2
* G2 elements in proof: 1
* Proof size in bits: 1019
* Elements of w skipped: 0 (0.00%)
* Elements of w processed with special addition: 1 (0.18%)
* Elements of w remaining: 543 (99.82%)
* Elements of w skipped: 0 (0.00%)
* Elements of w processed with special addition: 0 (0.00%)
* Elements of w remaining: 182 (100.00%)
* Elements of w skipped: 0 (0.00%)
* Elements of w processed with special addition: 0 (0.00%)
* Elements of w remaining: 541 (100.00%)
* G1 elements in proof: 2
* G2 elements in proof: 1
* Proof size in bits: 1019
* Elements of w skipped: 0 (0.00%)
* Elements of w processed with special addition: 1 (0.18%)
* Elements of w remaining: 543 (99.82%)
* Elements of w skipped: 0 (0.00%)
* Elements of w processed with special addition: 0 (0.00%)
* Elements of w remaining: 182 (100.00%)
* Elements of w skipped: 0 (0.00%)
* Elements of w processed with special addition: 0 (0.00%)
* Elements of w remaining: 541 (100.00%)
* G1 elements in proof: 2
* G2 elements in proof: 1
* Proof size in bits: 1019
* Elements of w skipped: 0 (0.00%)
* Elements of w processed with special addition: 1 (0.18%)
* Elements of w remaining: 543 (99.82%)
* Elements of w skipped: 0 (0.00%)
* Elements of w processed with special addition: 0 (0.00%)
* Elements of w remaining: 182 (100.00%)
* Elements of w skipped: 0 (0.00%)
* Elements of w processed with special addition: 0 (0.00%)
* Elements of w remaining: 541 (100.00%)
* G1 elements in proof: 2
* G2 elements in proof: 1
* Proof size in bits: 1019
  2       540         90.1          125.26        3.97          PASS      
* Composed C_4: 1080 constraints, 1085 variables, 2 inputs
Swap is not beneficial, not performing
* QAP number of variables: 1085
* QAP pre degree: 1080
* QAP degree: 1088
* QAP number of input variables: 2
* G1 window: 9
* G2 window: 7
* G1 elements in PK: 4343
* Non-zero G1 elements in PK: 3621
* G2 elements in PK: 1087
* Non-zero G2 elements in PK: 365
* PK size in bits: 1132436
* G1 elements in VK: 2
* G2 elements in VK: 2
* GT elements in VK: 1
* VK size in bits: 1911
* Elements of w skipped: 0 (0.00%)
* Elements of w processed with special addition: 1 (0.09%)
* Elements of w remaining: 1085 (99.91%)
* Elements of w skipped: 0 (0.00%)
* Elements of w processed with special addition: 0 (0.00%)
* Elements of w remaining: 364 (100.00%)
* Elements of w skipped: 0 (0.00%)
* Elements of w processed with special addition: 0 (0.00%)
* Elements of w remaining: 1083 (100.00%)
* G1 elements in proof: 2
* G2 elements in proof: 1
* Proof size in bits: 1019
* Elements of w skipped: 0 (0.00%)
* Elements of w processed with special addition: 1 (0.09%)
* Elements of w remaining: 1085 (99.91%)
* Elements of w skipped: 0 (0.00%)
* Elements of w processed with special addition: 0 (0.00%)
* Elements of w remaining: 364 (100.00%)
* Elements of w skipped: 0 (0.00%)
* Elements of w processed with special addition: 0 (0.00%)
* Elements of w remaining: 1083 (100.00%)
* G1 elements in proof: 2
* G2 elements in proof: 1
* Proof size in bits: 1019
* Elements of w skipped: 0 (0.00%)
* Elements of w processed with special addition: 1 (0.09%)
* Elements of w remaining: 1085 (99.91%)
* Elements of w skipped: 0 (0.00%)
* Elements of w processed with special addition: 0 (0.00%)
* Elements of w remaining: 364 (100.00%)
* Elements of w skipped: 0 (0.00%)
* Elements of w processed with special addition: 0 (0.00%)
* Elements of w remaining: 1083 (100.00%)
* G1 elements in proof: 2
* G2 elements in proof: 1
* Proof size in bits: 1019
* Elements of w skipped: 0 (0.00%)
* Elements of w processed with special addition: 1 (0.09%)
* Elements of w remaining: 1085 (99.91%)
* Elements of w skipped: 0 (0.00%)
* Elements of w processed with special addition: 0 (0.00%)
* Elements of w remaining: 364 (100.00%)
* Elements of w skipped: 0 (0.00%)
* Elements of w processed with special addition: 0 (0.00%)
* Elements of w remaining: 1083 (100.00%)
* G1 elements in proof: 2
* G2 elements in proof: 1
* Proof size in bits: 1019
* Elements of w skipped: 0 (0.00%)
* Elements of w processed with special addition: 1 (0.09%)
* Elements of w remaining: 1085 (99.91%)
* Elements of w skipped: 0 (0.00%)
* Elements of w processed with special addition: 0 (0.00%)
* Elements of w remaining: 364 (100.00%)
* Elements of w skipped: 0 (0.00%)
* Elements of w processed with special addition: 0 (0.00%)
* Elements of w remaining: 1083 (100.00%)
* G1 elements in proof: 2
* G2 elements in proof: 1
* Proof size in bits: 1019
* Elements of w skipped: 0 (0.00%)
* Elements of w processed with special addition: 1 (0.09%)
* Elements of w remaining: 1085 (99.91%)
* Elements of w skipped: 0 (0.00%)
* Elements of w processed with special addition: 0 (0.00%)
* Elements of w remaining: 364 (100.00%)
* Elements of w skipped: 0 (0.00%)
* Elements of w processed with special addition: 0 (0.00%)
* Elements of w remaining: 1083 (100.00%)
* G1 elements in proof: 2
* G2 elements in proof: 1
* Proof size in bits: 1019
* Elements of w skipped: 0 (0.00%)
* Elements of w processed with special addition: 1 (0.09%)
* Elements of w remaining: 1085 (99.91%)
* Elements of w skipped: 0 (0.00%)
* Elements of w processed with special addition: 0 (0.00%)
* Elements of w remaining: 364 (100.00%)
* Elements of w skipped: 0 (0.00%)
* Elements of w processed with special addition: 0 (0.00%)
* Elements of w remaining: 1083 (100.00%)
* G1 elements in proof: 2
* G2 elements in proof: 1
* Proof size in bits: 1019
* Elements of w skipped: 0 (0.00%)
* Elements of w processed with special addition: 1 (0.09%)
* Elements of w remaining: 1085 (99.91%)
* Elements of w skipped: 0 (0.00%)
* Elements of w processed with special addition: 0 (0.00%)
* Elements of w remaining: 364 (100.00%)
* Elements of w skipped: 0 (0.00%)
* Elements of w processed with special addition: 0 (0.00%)
* Elements of w remaining: 1083 (100.00%)
* G1 elements in proof: 2
* G2 elements in proof: 1
* Proof size in bits: 1019
* Elements of w skipped: 0 (0.00%)
* Elements of w processed with special addition: 1 (0.09%)
* Elements of w remaining: 1085 (99.91%)
* Elements of w skipped: 0 (0.00%)
* Elements of w processed with special addition: 0 (0.00%)
* Elements of w remaining: 364 (100.00%)
* Elements of w skipped: 0 (0.00%)
* Elements of w processed with special addition: 0 (0.00%)
* Elements of w remaining: 1083 (100.00%)
* G1 elements in proof: 2
* G2 elements in proof: 1
* Proof size in bits: 1019
* Elements of w skipped: 0 (0.00%)
* Elements of w processed with special addition: 1 (0.09%)
* Elements of w remaining: 1085 (99.91%)
* Elements of w skipped: 0 (0.00%)
* Elements of w processed with special addition: 0 (0.00%)
* Elements of w remaining: 364 (100.00%)
* Elements of w skipped: 0 (0.00%)
* Elements of w processed with special addition: 0 (0.00%)
* Elements of w remaining: 1083 (100.00%)
* G1 elements in proof: 2
* G2 elements in proof: 1
* Proof size in bits: 1019
  4       1080        154.3         203.53        3.98          PASS      
* Composed C_8: 2160 constraints, 2169 variables, 2 inputs
Swap is not beneficial, not performing
* QAP number of variables: 2169
* QAP pre degree: 2160
* QAP degree: 2176
* QAP number of input variables: 2
* G1 window: 9
* G2 window: 7
* G1 elements in PK: 8683
* Non-zero G1 elements in PK: 7241
* G2 elements in PK: 2171
* Non-zero G2 elements in PK: 729
* PK size in bits: 2264108
* G1 elements in VK: 2
* G2 elements in VK: 2
* GT elements in VK: 1
* VK size in bits: 1911
* Elements of w skipped: 0 (0.00%)
* Elements of w processed with special addition: 1 (0.05%)
* Elements of w remaining: 2169 (99.95%)
* Elements of w skipped: 0 (0.00%)
* Elements of w processed with special addition: 0 (0.00%)
* Elements of w remaining: 728 (100.00%)
* Elements of w skipped: 0 (0.00%)
* Elements of w processed with special addition: 0 (0.00%)
* Elements of w remaining: 2167 (100.00%)
* G1 elements in proof: 2
* G2 elements in proof: 1
* Proof size in bits: 1019
* Elements of w skipped: 0 (0.00%)
* Elements of w processed with special addition: 1 (0.05%)
* Elements of w remaining: 2169 (99.95%)
* Elements of w skipped: 0 (0.00%)
* Elements of w processed with special addition: 0 (0.00%)
* Elements of w remaining: 728 (100.00%)
* Elements of w skipped: 0 (0.00%)
* Elements of w processed with special addition: 0 (0.00%)
* Elements of w remaining: 2167 (100.00%)
* G1 elements in proof: 2
* G2 elements in proof: 1
* Proof size in bits: 1019
* Elements of w skipped: 0 (0.00%)
* Elements of w processed with special addition: 1 (0.05%)
* Elements of w remaining: 2169 (99.95%)
* Elements of w skipped: 0 (0.00%)
* Elements of w processed with special addition: 0 (0.00%)
* Elements of w remaining: 728 (100.00%)
* Elements of w skipped: 0 (0.00%)
* Elements of w processed with special addition: 0 (0.00%)
* Elements of w remaining: 2167 (100.00%)
* G1 elements in proof: 2
* G2 elements in proof: 1
* Proof size in bits: 1019
* Elements of w skipped: 0 (0.00%)
* Elements of w processed with special addition: 1 (0.05%)
* Elements of w remaining: 2169 (99.95%)
* Elements of w skipped: 0 (0.00%)
* Elements of w processed with special addition: 0 (0.00%)
* Elements of w remaining: 728 (100.00%)
* Elements of w skipped: 0 (0.00%)
* Elements of w processed with special addition: 0 (0.00%)
* Elements of w remaining: 2167 (100.00%)
* G1 elements in proof: 2
* G2 elements in proof: 1
* Proof size in bits: 1019
* Elements of w skipped: 0 (0.00%)
* Elements of w processed with special addition: 1 (0.05%)
* Elements of w remaining: 2169 (99.95%)
* Elements of w skipped: 0 (0.00%)
* Elements of w processed with special addition: 0 (0.00%)
* Elements of w remaining: 728 (100.00%)
* Elements of w skipped: 0 (0.00%)
* Elements of w processed with special addition: 0 (0.00%)
* Elements of w remaining: 2167 (100.00%)
* G1 elements in proof: 2
* G2 elements in proof: 1
* Proof size in bits: 1019
* Elements of w skipped: 0 (0.00%)
* Elements of w processed with special addition: 1 (0.05%)
* Elements of w remaining: 2169 (99.95%)
* Elements of w skipped: 0 (0.00%)
* Elements of w processed with special addition: 0 (0.00%)
* Elements of w remaining: 728 (100.00%)
* Elements of w skipped: 0 (0.00%)
* Elements of w processed with special addition: 0 (0.00%)
* Elements of w remaining: 2167 (100.00%)
* G1 elements in proof: 2
* G2 elements in proof: 1
* Proof size in bits: 1019
* Elements of w skipped: 0 (0.00%)
* Elements of w processed with special addition: 1 (0.05%)
* Elements of w remaining: 2169 (99.95%)
* Elements of w skipped: 0 (0.00%)
* Elements of w processed with special addition: 0 (0.00%)
* Elements of w remaining: 728 (100.00%)
* Elements of w skipped: 0 (0.00%)
* Elements of w processed with special addition: 0 (0.00%)
* Elements of w remaining: 2167 (100.00%)
* G1 elements in proof: 2
* G2 elements in proof: 1
* Proof size in bits: 1019
* Elements of w skipped: 0 (0.00%)
* Elements of w processed with special addition: 1 (0.05%)
* Elements of w remaining: 2169 (99.95%)
* Elements of w skipped: 0 (0.00%)
* Elements of w processed with special addition: 0 (0.00%)
* Elements of w remaining: 728 (100.00%)
* Elements of w skipped: 0 (0.00%)
* Elements of w processed with special addition: 0 (0.00%)
* Elements of w remaining: 2167 (100.00%)
* G1 elements in proof: 2
* G2 elements in proof: 1
* Proof size in bits: 1019
* Elements of w skipped: 0 (0.00%)
* Elements of w processed with special addition: 1 (0.05%)
* Elements of w remaining: 2169 (99.95%)
* Elements of w skipped: 0 (0.00%)
* Elements of w processed with special addition: 0 (0.00%)
* Elements of w remaining: 728 (100.00%)
* Elements of w skipped: 0 (0.00%)
* Elements of w processed with special addition: 0 (0.00%)
* Elements of w remaining: 2167 (100.00%)
* G1 elements in proof: 2
* G2 elements in proof: 1
* Proof size in bits: 1019
* Elements of w skipped: 0 (0.00%)
* Elements of w processed with special addition: 1 (0.05%)
* Elements of w remaining: 2169 (99.95%)
* Elements of w skipped: 0 (0.00%)
* Elements of w processed with special addition: 0 (0.00%)
* Elements of w remaining: 728 (100.00%)
* Elements of w skipped: 0 (0.00%)
* Elements of w processed with special addition: 0 (0.00%)
* Elements of w remaining: 2167 (100.00%)
* G1 elements in proof: 2
* G2 elements in proof: 1
* Proof size in bits: 1019
  8       2160        271.6         337.15        3.96          PASS      
* Composed C_16: 4320 constraints, 4337 variables, 2 inputs
Swap is not beneficial, not performing
* QAP number of variables: 4337
* QAP pre degree: 4320
* QAP degree: 4352
* QAP number of input variables: 2
* G1 window: 11
* G2 window: 8
* G1 elements in PK: 17363
* Non-zero G1 elements in PK: 14481
* G2 elements in PK: 4339
* Non-zero G2 elements in PK: 1457
* PK size in bits: 4527452
* G1 elements in VK: 2
* G2 elements in VK: 2
* GT elements in VK: 1
* VK size in bits: 1911
* Elements of w skipped: 0 (0.00%)
* Elements of w processed with special addition: 1 (0.02%)
* Elements of w remaining: 4337 (99.98%)
* Elements of w skipped: 0 (0.00%)
* Elements of w processed with special addition: 0 (0.00%)
* Elements of w remaining: 1456 (100.00%)
* Elements of w skipped: 0 (0.00%)
* Elements of w processed with special addition: 0 (0.00%)
* Elements of w remaining: 4335 (100.00%)
* G1 elements in proof: 2
* G2 elements in proof: 1
* Proof size in bits: 1019
* Elements of w skipped: 0 (0.00%)
* Elements of w processed with special addition: 1 (0.02%)
* Elements of w remaining: 4337 (99.98%)
* Elements of w skipped: 0 (0.00%)
* Elements of w processed with special addition: 0 (0.00%)
* Elements of w remaining: 1456 (100.00%)
* Elements of w skipped: 0 (0.00%)
* Elements of w processed with special addition: 0 (0.00%)
* Elements of w remaining: 4335 (100.00%)
* G1 elements in proof: 2
* G2 elements in proof: 1
* Proof size in bits: 1019
* Elements of w skipped: 0 (0.00%)
* Elements of w processed with special addition: 1 (0.02%)
* Elements of w remaining: 4337 (99.98%)
* Elements of w skipped: 0 (0.00%)
* Elements of w processed with special addition: 0 (0.00%)
* Elements of w remaining: 1456 (100.00%)
* Elements of w skipped: 0 (0.00%)
* Elements of w processed with special addition: 0 (0.00%)
* Elements of w remaining: 4335 (100.00%)
* G1 elements in proof: 2
* G2 elements in proof: 1
* Proof size in bits: 1019
* Elements of w skipped: 0 (0.00%)
* Elements of w processed with special addition: 1 (0.02%)
* Elements of w remaining: 4337 (99.98%)
* Elements of w skipped: 0 (0.00%)
* Elements of w processed with special addition: 0 (0.00%)
* Elements of w remaining: 1456 (100.00%)
* Elements of w skipped: 0 (0.00%)
* Elements of w processed with special addition: 0 (0.00%)
* Elements of w remaining: 4335 (100.00%)
* G1 elements in proof: 2
* G2 elements in proof: 1
* Proof size in bits: 1019
* Elements of w skipped: 0 (0.00%)
* Elements of w processed with special addition: 1 (0.02%)
* Elements of w remaining: 4337 (99.98%)
* Elements of w skipped: 0 (0.00%)
* Elements of w processed with special addition: 0 (0.00%)
* Elements of w remaining: 1456 (100.00%)
* Elements of w skipped: 0 (0.00%)
* Elements of w processed with special addition: 0 (0.00%)
* Elements of w remaining: 4335 (100.00%)
* G1 elements in proof: 2
* G2 elements in proof: 1
* Proof size in bits: 1019
* Elements of w skipped: 0 (0.00%)
* Elements of w processed with special addition: 1 (0.02%)
* Elements of w remaining: 4337 (99.98%)
* Elements of w skipped: 0 (0.00%)
* Elements of w processed with special addition: 0 (0.00%)
* Elements of w remaining: 1456 (100.00%)
* Elements of w skipped: 0 (0.00%)
* Elements of w processed with special addition: 0 (0.00%)
* Elements of w remaining: 4335 (100.00%)
* G1 elements in proof: 2
* G2 elements in proof: 1
* Proof size in bits: 1019
* Elements of w skipped: 0 (0.00%)
* Elements of w processed with special addition: 1 (0.02%)
* Elements of w remaining: 4337 (99.98%)
* Elements of w skipped: 0 (0.00%)
* Elements of w processed with special addition: 0 (0.00%)
* Elements of w remaining: 1456 (100.00%)
* Elements of w skipped: 0 (0.00%)
* Elements of w processed with special addition: 0 (0.00%)
* Elements of w remaining: 4335 (100.00%)
* G1 elements in proof: 2
* G2 elements in proof: 1
* Proof size in bits: 1019
* Elements of w skipped: 0 (0.00%)
* Elements of w processed with special addition: 1 (0.02%)
* Elements of w remaining: 4337 (99.98%)
* Elements of w skipped: 0 (0.00%)
* Elements of w processed with special addition: 0 (0.00%)
* Elements of w remaining: 1456 (100.00%)
* Elements of w skipped: 0 (0.00%)
* Elements of w processed with special addition: 0 (0.00%)
* Elements of w remaining: 4335 (100.00%)
* G1 elements in proof: 2
* G2 elements in proof: 1
* Proof size in bits: 1019
* Elements of w skipped: 0 (0.00%)
* Elements of w processed with special addition: 1 (0.02%)
* Elements of w remaining: 4337 (99.98%)
* Elements of w skipped: 0 (0.00%)
* Elements of w processed with special addition: 0 (0.00%)
* Elements of w remaining: 1456 (100.00%)
* Elements of w skipped: 0 (0.00%)
* Elements of w processed with special addition: 0 (0.00%)
* Elements of w remaining: 4335 (100.00%)
* G1 elements in proof: 2
* G2 elements in proof: 1
* Proof size in bits: 1019
* Elements of w skipped: 0 (0.00%)
* Elements of w processed with special addition: 1 (0.02%)
* Elements of w remaining: 4337 (99.98%)
* Elements of w skipped: 0 (0.00%)
* Elements of w processed with special addition: 0 (0.00%)
* Elements of w remaining: 1456 (100.00%)
* Elements of w skipped: 0 (0.00%)
* Elements of w processed with special addition: 0 (0.00%)
* Elements of w remaining: 4335 (100.00%)
* G1 elements in proof: 2
* G2 elements in proof: 1
* Proof size in bits: 1019
  16      4320        471.8         612.01        3.97          PASS      
* Composed C_32: 8640 constraints, 8673 variables, 2 inputs
Swap is not beneficial, not performing
* QAP number of variables: 8673
* QAP pre degree: 8640
* QAP degree: 8704
* QAP number of input variables: 2
* G1 window: 11
* G2 window: 9
* G1 elements in PK: 34723
* Non-zero G1 elements in PK: 28961
* G2 elements in PK: 8675
* Non-zero G2 elements in PK: 2913
* PK size in bits: 9054140
* G1 elements in VK: 2
* G2 elements in VK: 2
* GT elements in VK: 1
* VK size in bits: 1911
* Elements of w skipped: 0 (0.00%)
* Elements of w processed with special addition: 1 (0.01%)
* Elements of w remaining: 8673 (99.99%)
* Elements of w skipped: 0 (0.00%)
* Elements of w processed with special addition: 0 (0.00%)
* Elements of w remaining: 2912 (100.00%)
* Elements of w skipped: 0 (0.00%)
* Elements of w processed with special addition: 0 (0.00%)
* Elements of w remaining: 8671 (100.00%)
* G1 elements in proof: 2
* G2 elements in proof: 1
* Proof size in bits: 1019
* Elements of w skipped: 0 (0.00%)
* Elements of w processed with special addition: 1 (0.01%)
* Elements of w remaining: 8673 (99.99%)
* Elements of w skipped: 0 (0.00%)
* Elements of w processed with special addition: 0 (0.00%)
* Elements of w remaining: 2912 (100.00%)
* Elements of w skipped: 0 (0.00%)
* Elements of w processed with special addition: 0 (0.00%)
* Elements of w remaining: 8671 (100.00%)
* G1 elements in proof: 2
* G2 elements in proof: 1
* Proof size in bits: 1019
* Elements of w skipped: 0 (0.00%)
* Elements of w processed with special addition: 1 (0.01%)
* Elements of w remaining: 8673 (99.99%)
* Elements of w skipped: 0 (0.00%)
* Elements of w processed with special addition: 0 (0.00%)
* Elements of w remaining: 2912 (100.00%)
* Elements of w skipped: 0 (0.00%)
* Elements of w processed with special addition: 0 (0.00%)
* Elements of w remaining: 8671 (100.00%)
* G1 elements in proof: 2
* G2 elements in proof: 1
* Proof size in bits: 1019
* Elements of w skipped: 0 (0.00%)
* Elements of w processed with special addition: 1 (0.01%)
* Elements of w remaining: 8673 (99.99%)
* Elements of w skipped: 0 (0.00%)
* Elements of w processed with special addition: 0 (0.00%)
* Elements of w remaining: 2912 (100.00%)
* Elements of w skipped: 0 (0.00%)
* Elements of w processed with special addition: 0 (0.00%)
* Elements of w remaining: 8671 (100.00%)
* G1 elements in proof: 2
* G2 elements in proof: 1
* Proof size in bits: 1019
* Elements of w skipped: 0 (0.00%)
* Elements of w processed with special addition: 1 (0.01%)
* Elements of w remaining: 8673 (99.99%)
* Elements of w skipped: 0 (0.00%)
* Elements of w processed with special addition: 0 (0.00%)
* Elements of w remaining: 2912 (100.00%)
* Elements of w skipped: 0 (0.00%)
* Elements of w processed with special addition: 0 (0.00%)
* Elements of w remaining: 8671 (100.00%)
* G1 elements in proof: 2
* G2 elements in proof: 1
* Proof size in bits: 1019
* Elements of w skipped: 0 (0.00%)
* Elements of w processed with special addition: 1 (0.01%)
* Elements of w remaining: 8673 (99.99%)
* Elements of w skipped: 0 (0.00%)
* Elements of w processed with special addition: 0 (0.00%)
* Elements of w remaining: 2912 (100.00%)
* Elements of w skipped: 0 (0.00%)
* Elements of w processed with special addition: 0 (0.00%)
* Elements of w remaining: 8671 (100.00%)
* G1 elements in proof: 2
* G2 elements in proof: 1
* Proof size in bits: 1019
* Elements of w skipped: 0 (0.00%)
* Elements of w processed with special addition: 1 (0.01%)
* Elements of w remaining: 8673 (99.99%)
* Elements of w skipped: 0 (0.00%)
* Elements of w processed with special addition: 0 (0.00%)
* Elements of w remaining: 2912 (100.00%)
* Elements of w skipped: 0 (0.00%)
* Elements of w processed with special addition: 0 (0.00%)
* Elements of w remaining: 8671 (100.00%)
* G1 elements in proof: 2
* G2 elements in proof: 1
* Proof size in bits: 1019
* Elements of w skipped: 0 (0.00%)
* Elements of w processed with special addition: 1 (0.01%)
* Elements of w remaining: 8673 (99.99%)
* Elements of w skipped: 0 (0.00%)
* Elements of w processed with special addition: 0 (0.00%)
* Elements of w remaining: 2912 (100.00%)
* Elements of w skipped: 0 (0.00%)
* Elements of w processed with special addition: 0 (0.00%)
* Elements of w remaining: 8671 (100.00%)
* G1 elements in proof: 2
* G2 elements in proof: 1
* Proof size in bits: 1019
* Elements of w skipped: 0 (0.00%)
* Elements of w processed with special addition: 1 (0.01%)
* Elements of w remaining: 8673 (99.99%)
* Elements of w skipped: 0 (0.00%)
* Elements of w processed with special addition: 0 (0.00%)
* Elements of w remaining: 2912 (100.00%)
* Elements of w skipped: 0 (0.00%)
* Elements of w processed with special addition: 0 (0.00%)
* Elements of w remaining: 8671 (100.00%)
* G1 elements in proof: 2
* G2 elements in proof: 1
* Proof size in bits: 1019
* Elements of w skipped: 0 (0.00%)
* Elements of w processed with special addition: 1 (0.01%)
* Elements of w remaining: 8673 (99.99%)
* Elements of w skipped: 0 (0.00%)
* Elements of w processed with special addition: 0 (0.00%)
* Elements of w remaining: 2912 (100.00%)
* Elements of w skipped: 0 (0.00%)
* Elements of w processed with special addition: 0 (0.00%)
* Elements of w remaining: 8671 (100.00%)
* G1 elements in proof: 2
* G2 elements in proof: 1
* Proof size in bits: 1019
  32      8640        867.0         1071.62       3.97          PASS      
* Composed C_64: 17280 constraints, 17345 variables, 2 inputs
Swap is not beneficial, not performing
* QAP number of variables: 17345
* QAP pre degree: 17280
* QAP degree: 17408
* QAP number of input variables: 2
* G1 window: 11
* G2 window: 10
* G1 elements in PK: 69443
* Non-zero G1 elements in PK: 57921
* G2 elements in PK: 17347
* Non-zero G2 elements in PK: 5825
* PK size in bits: 18107516
* G1 elements in VK: 2
* G2 elements in VK: 2
* GT elements in VK: 1
* VK size in bits: 1911
* Elements of w skipped: 0 (0.00%)
* Elements of w processed with special addition: 1 (0.01%)
* Elements of w remaining: 17345 (99.99%)
* Elements of w skipped: 0 (0.00%)
* Elements of w processed with special addition: 0 (0.00%)
* Elements of w remaining: 5824 (100.00%)
* Elements of w skipped: 0 (0.00%)
* Elements of w processed with special addition: 0 (0.00%)
* Elements of w remaining: 17343 (100.00%)
* G1 elements in proof: 2
* G2 elements in proof: 1
* Proof size in bits: 1019
* Elements of w skipped: 0 (0.00%)
* Elements of w processed with special addition: 1 (0.01%)
* Elements of w remaining: 17345 (99.99%)
* Elements of w skipped: 0 (0.00%)
* Elements of w processed with special addition: 0 (0.00%)
* Elements of w remaining: 5824 (100.00%)
* Elements of w skipped: 0 (0.00%)
* Elements of w processed with special addition: 0 (0.00%)
* Elements of w remaining: 17343 (100.00%)
* G1 elements in proof: 2
* G2 elements in proof: 1
* Proof size in bits: 1019
* Elements of w skipped: 0 (0.00%)
* Elements of w processed with special addition: 1 (0.01%)
* Elements of w remaining: 17345 (99.99%)
* Elements of w skipped: 0 (0.00%)
* Elements of w processed with special addition: 0 (0.00%)
* Elements of w remaining: 5824 (100.00%)
* Elements of w skipped: 0 (0.00%)
* Elements of w processed with special addition: 0 (0.00%)
* Elements of w remaining: 17343 (100.00%)
* G1 elements in proof: 2
* G2 elements in proof: 1
* Proof size in bits: 1019
* Elements of w skipped: 0 (0.00%)
* Elements of w processed with special addition: 1 (0.01%)
* Elements of w remaining: 17345 (99.99%)
* Elements of w skipped: 0 (0.00%)
* Elements of w processed with special addition: 0 (0.00%)
* Elements of w remaining: 5824 (100.00%)
* Elements of w skipped: 0 (0.00%)
* Elements of w processed with special addition: 0 (0.00%)
* Elements of w remaining: 17343 (100.00%)
* G1 elements in proof: 2
* G2 elements in proof: 1
* Proof size in bits: 1019
* Elements of w skipped: 0 (0.00%)
* Elements of w processed with special addition: 1 (0.01%)
* Elements of w remaining: 17345 (99.99%)
* Elements of w skipped: 0 (0.00%)
* Elements of w processed with special addition: 0 (0.00%)
* Elements of w remaining: 5824 (100.00%)
* Elements of w skipped: 0 (0.00%)
* Elements of w processed with special addition: 0 (0.00%)
* Elements of w remaining: 17343 (100.00%)
* G1 elements in proof: 2
* G2 elements in proof: 1
* Proof size in bits: 1019
* Elements of w skipped: 0 (0.00%)
* Elements of w processed with special addition: 1 (0.01%)
* Elements of w remaining: 17345 (99.99%)
* Elements of w skipped: 0 (0.00%)
* Elements of w processed with special addition: 0 (0.00%)
* Elements of w remaining: 5824 (100.00%)
* Elements of w skipped: 0 (0.00%)
* Elements of w processed with special addition: 0 (0.00%)
* Elements of w remaining: 17343 (100.00%)
* G1 elements in proof: 2
* G2 elements in proof: 1
* Proof size in bits: 1019
* Elements of w skipped: 0 (0.00%)
* Elements of w processed with special addition: 1 (0.01%)
* Elements of w remaining: 17345 (99.99%)
* Elements of w skipped: 0 (0.00%)
* Elements of w processed with special addition: 0 (0.00%)
* Elements of w remaining: 5824 (100.00%)
* Elements of w skipped: 0 (0.00%)
* Elements of w processed with special addition: 0 (0.00%)
* Elements of w remaining: 17343 (100.00%)
* G1 elements in proof: 2
* G2 elements in proof: 1
* Proof size in bits: 1019
* Elements of w skipped: 0 (0.00%)
* Elements of w processed with special addition: 1 (0.01%)
* Elements of w remaining: 17345 (99.99%)
* Elements of w skipped: 0 (0.00%)
* Elements of w processed with special addition: 0 (0.00%)
* Elements of w remaining: 5824 (100.00%)
* Elements of w skipped: 0 (0.00%)
* Elements of w processed with special addition: 0 (0.00%)
* Elements of w remaining: 17343 (100.00%)
* G1 elements in proof: 2
* G2 elements in proof: 1
* Proof size in bits: 1019
* Elements of w skipped: 0 (0.00%)
* Elements of w processed with special addition: 1 (0.01%)
* Elements of w remaining: 17345 (99.99%)
* Elements of w skipped: 0 (0.00%)
* Elements of w processed with special addition: 0 (0.00%)
* Elements of w remaining: 5824 (100.00%)
* Elements of w skipped: 0 (0.00%)
* Elements of w processed with special addition: 0 (0.00%)
* Elements of w remaining: 17343 (100.00%)
* G1 elements in proof: 2
* G2 elements in proof: 1
* Proof size in bits: 1019
* Elements of w skipped: 0 (0.00%)
* Elements of w processed with special addition: 1 (0.01%)
* Elements of w remaining: 17345 (99.99%)
* Elements of w skipped: 0 (0.00%)
* Elements of w processed with special addition: 0 (0.00%)
* Elements of w remaining: 5824 (100.00%)
* Elements of w skipped: 0 (0.00%)
* Elements of w processed with special addition: 0 (0.00%)
* Elements of w remaining: 17343 (100.00%)
* G1 elements in proof: 2
* G2 elements in proof: 1
* Proof size in bits: 1019
  64      17280       1622.9        1888.05       3.99          PASS      

  Groth16 results written to /Users/heewonchung/Documents/00-Research/active/Updatable Verifiable Computation/Dev/results/2026-03-06_121849_paper/csv/groth16_results.csv

================================================================
All benchmarks complete.
================================================================
  Done in 120s

------------------------------------------------------------
  Running: [3/10] hadamard n=32 B=16
  Command: bench_comparative --circuit hadamard --n 32 --B 16 --output-dir /Users/heewonchung/Documents/00-Research/active/Updatable Verifiable Computation/Dev/results/2026-03-06_121849_paper/csv --reps 10
------------------------------------------------------------
================================================================
Comparative Benchmark: UVC vs Groth16
================================================================
  Circuit: hadamard, n=32, B=16, reps=10
  Output: /Users/heewonchung/Documents/00-Research/active/Updatable Verifiable Computation/Dev/results/2026-03-06_121849_paper/csv/

================================================================
UVC Benchmark: circuit=hadamard, n=32, B=16
================================================================
  Circuit: 32 constraints, 96 vars, state=32, transition=32

  [Setup] Generating CRS for B=16...
* UVC Setup: B=16, n=96, state=32, transition=32
* Composed C_16: 512 constraints, 1056 variables, 64 inputs
* QAP (C_B) variables: 1056, degree: 640, inputs: 64
* UVC max compositions (B): 16
* G1 elements in PK: 3746
* G2 elements in PK: 1058
* PK size in bits: 1110140
* H_query_full size: 639
* Step 2: 64 new wires (0 io, 64 wt)
* Step 3: 64 new wires (0 io, 64 wt)
* Step 4: 64 new wires (0 io, 64 wt)
* Step 5: 64 new wires (0 io, 64 wt)
* Step 6: 64 new wires (0 io, 64 wt)
* Step 7: 64 new wires (0 io, 64 wt)
* Step 8: 64 new wires (0 io, 64 wt)
* Step 9: 64 new wires (0 io, 64 wt)
* Step 10: 64 new wires (0 io, 64 wt)
* Step 11: 64 new wires (0 io, 64 wt)
* Step 12: 64 new wires (0 io, 64 wt)
* Step 13: 64 new wires (0 io, 64 wt)
* Step 14: 64 new wires (0 io, 64 wt)
* Step 15: 64 new wires (0 io, 64 wt)
* Step 16: 64 new wires (0 io, 64 wt)
* UVC VK: 16 max steps
* G2 elements in VK: 2
* GT elements in VK: 1
* gamma_ABC size: 64
  Setup: 254.4 ms, CRS: 4610 G1 + 2019 G2
  Building proof chain (steps 1..16)...
* UVC Prove step 1
* Elements of w skipped: 0 (0.00%)
* Elements of w processed with special addition: 1 (1.03%)
* Elements of w remaining: 96 (98.97%)
* Elements of w skipped: 0 (0.00%)
* Elements of w processed with special addition: 0 (0.00%)
* Elements of w remaining: 32 (100.00%)
* Elements of w skipped: 0 (0.00%)
* Elements of w processed with special addition: 0 (0.00%)
* Elements of w remaining: 32 (100.00%)
* UVC proof at step 1
* G1 elements in proof: 2
* G2 elements in proof: 1
* Proof size in bits: 1019
* Cached h poly size: 639
* UVC Prove step 2
* Elements of w skipped: 0 (0.00%)
* Elements of w processed with special addition: 0 (0.00%)
* Elements of w remaining: 64 (100.00%)
* Elements of w skipped: 0 (0.00%)
* Elements of w processed with special addition: 0 (0.00%)
* Elements of w remaining: 32 (100.00%)
* Elements of w skipped: 0 (0.00%)
* Elements of w processed with special addition: 0 (0.00%)
* Elements of w remaining: 64 (100.00%)
* UVC proof at step 2
* G1 elements in proof: 2
* G2 elements in proof: 1
* Proof size in bits: 1019
* Cached h poly size: 639
* UVC Prove step 3
* Elements of w skipped: 0 (0.00%)
* Elements of w processed with special addition: 0 (0.00%)
* Elements of w remaining: 64 (100.00%)
* Elements of w skipped: 0 (0.00%)
* Elements of w processed with special addition: 0 (0.00%)
* Elements of w remaining: 32 (100.00%)
* Elements of w skipped: 0 (0.00%)
* Elements of w processed with special addition: 0 (0.00%)
* Elements of w remaining: 64 (100.00%)
* UVC proof at step 3
* G1 elements in proof: 2
* G2 elements in proof: 1
* Proof size in bits: 1019
* Cached h poly size: 639
* UVC Prove step 4
* Elements of w skipped: 0 (0.00%)
* Elements of w processed with special addition: 0 (0.00%)
* Elements of w remaining: 64 (100.00%)
* Elements of w skipped: 0 (0.00%)
* Elements of w processed with special addition: 0 (0.00%)
* Elements of w remaining: 32 (100.00%)
* Elements of w skipped: 0 (0.00%)
* Elements of w processed with special addition: 0 (0.00%)
* Elements of w remaining: 64 (100.00%)
* UVC proof at step 4
* G1 elements in proof: 2
* G2 elements in proof: 1
* Proof size in bits: 1019
* Cached h poly size: 639
* UVC Prove step 5
* Elements of w skipped: 0 (0.00%)
* Elements of w processed with special addition: 0 (0.00%)
* Elements of w remaining: 64 (100.00%)
* Elements of w skipped: 0 (0.00%)
* Elements of w processed with special addition: 0 (0.00%)
* Elements of w remaining: 32 (100.00%)
* Elements of w skipped: 0 (0.00%)
* Elements of w processed with special addition: 0 (0.00%)
* Elements of w remaining: 64 (100.00%)
* UVC proof at step 5
* G1 elements in proof: 2
* G2 elements in proof: 1
* Proof size in bits: 1019
* Cached h poly size: 639
* UVC Prove step 6
* Elements of w skipped: 0 (0.00%)
* Elements of w processed with special addition: 0 (0.00%)
* Elements of w remaining: 64 (100.00%)
* Elements of w skipped: 0 (0.00%)
* Elements of w processed with special addition: 0 (0.00%)
* Elements of w remaining: 32 (100.00%)
* Elements of w skipped: 0 (0.00%)
* Elements of w processed with special addition: 0 (0.00%)
* Elements of w remaining: 64 (100.00%)
* UVC proof at step 6
* G1 elements in proof: 2
* G2 elements in proof: 1
* Proof size in bits: 1019
* Cached h poly size: 639
* UVC Prove step 7
* Elements of w skipped: 0 (0.00%)
* Elements of w processed with special addition: 0 (0.00%)
* Elements of w remaining: 64 (100.00%)
* Elements of w skipped: 0 (0.00%)
* Elements of w processed with special addition: 0 (0.00%)
* Elements of w remaining: 32 (100.00%)
* Elements of w skipped: 0 (0.00%)
* Elements of w processed with special addition: 0 (0.00%)
* Elements of w remaining: 64 (100.00%)
* UVC proof at step 7
* G1 elements in proof: 2
* G2 elements in proof: 1
* Proof size in bits: 1019
* Cached h poly size: 639
* UVC Prove step 8
* Elements of w skipped: 0 (0.00%)
* Elements of w processed with special addition: 0 (0.00%)
* Elements of w remaining: 64 (100.00%)
* Elements of w skipped: 0 (0.00%)
* Elements of w processed with special addition: 0 (0.00%)
* Elements of w remaining: 32 (100.00%)
* Elements of w skipped: 0 (0.00%)
* Elements of w processed with special addition: 0 (0.00%)
* Elements of w remaining: 64 (100.00%)
* UVC proof at step 8
* G1 elements in proof: 2
* G2 elements in proof: 1
* Proof size in bits: 1019
* Cached h poly size: 639
* UVC Prove step 9
* Elements of w skipped: 0 (0.00%)
* Elements of w processed with special addition: 0 (0.00%)
* Elements of w remaining: 64 (100.00%)
* Elements of w skipped: 0 (0.00%)
* Elements of w processed with special addition: 0 (0.00%)
* Elements of w remaining: 32 (100.00%)
* Elements of w skipped: 0 (0.00%)
* Elements of w processed with special addition: 0 (0.00%)
* Elements of w remaining: 64 (100.00%)
* UVC proof at step 9
* G1 elements in proof: 2
* G2 elements in proof: 1
* Proof size in bits: 1019
* Cached h poly size: 639
* UVC Prove step 10
* Elements of w skipped: 0 (0.00%)
* Elements of w processed with special addition: 0 (0.00%)
* Elements of w remaining: 64 (100.00%)
* Elements of w skipped: 0 (0.00%)
* Elements of w processed with special addition: 0 (0.00%)
* Elements of w remaining: 32 (100.00%)
* Elements of w skipped: 0 (0.00%)
* Elements of w processed with special addition: 0 (0.00%)
* Elements of w remaining: 64 (100.00%)
* UVC proof at step 10
* G1 elements in proof: 2
* G2 elements in proof: 1
* Proof size in bits: 1019
* Cached h poly size: 639
* UVC Prove step 11
* Elements of w skipped: 0 (0.00%)
* Elements of w processed with special addition: 0 (0.00%)
* Elements of w remaining: 64 (100.00%)
* Elements of w skipped: 0 (0.00%)
* Elements of w processed with special addition: 0 (0.00%)
* Elements of w remaining: 32 (100.00%)
* Elements of w skipped: 0 (0.00%)
* Elements of w processed with special addition: 0 (0.00%)
* Elements of w remaining: 64 (100.00%)
* UVC proof at step 11
* G1 elements in proof: 2
* G2 elements in proof: 1
* Proof size in bits: 1019
* Cached h poly size: 639
* UVC Prove step 12
* Elements of w skipped: 0 (0.00%)
* Elements of w processed with special addition: 0 (0.00%)
* Elements of w remaining: 64 (100.00%)
* Elements of w skipped: 0 (0.00%)
* Elements of w processed with special addition: 0 (0.00%)
* Elements of w remaining: 32 (100.00%)
* Elements of w skipped: 0 (0.00%)
* Elements of w processed with special addition: 0 (0.00%)
* Elements of w remaining: 64 (100.00%)
* UVC proof at step 12
* G1 elements in proof: 2
* G2 elements in proof: 1
* Proof size in bits: 1019
* Cached h poly size: 639
* UVC Prove step 13
* Elements of w skipped: 0 (0.00%)
* Elements of w processed with special addition: 0 (0.00%)
* Elements of w remaining: 64 (100.00%)
* Elements of w skipped: 0 (0.00%)
* Elements of w processed with special addition: 0 (0.00%)
* Elements of w remaining: 32 (100.00%)
* Elements of w skipped: 0 (0.00%)
* Elements of w processed with special addition: 0 (0.00%)
* Elements of w remaining: 64 (100.00%)
* UVC proof at step 13
* G1 elements in proof: 2
* G2 elements in proof: 1
* Proof size in bits: 1019
* Cached h poly size: 639
* UVC Prove step 14
* Elements of w skipped: 0 (0.00%)
* Elements of w processed with special addition: 0 (0.00%)
* Elements of w remaining: 64 (100.00%)
* Elements of w skipped: 0 (0.00%)
* Elements of w processed with special addition: 0 (0.00%)
* Elements of w remaining: 32 (100.00%)
* Elements of w skipped: 0 (0.00%)
* Elements of w processed with special addition: 0 (0.00%)
* Elements of w remaining: 64 (100.00%)
* UVC proof at step 14
* G1 elements in proof: 2
* G2 elements in proof: 1
* Proof size in bits: 1019
* Cached h poly size: 639
* UVC Prove step 15
* Elements of w skipped: 0 (0.00%)
* Elements of w processed with special addition: 0 (0.00%)
* Elements of w remaining: 64 (100.00%)
* Elements of w skipped: 0 (0.00%)
* Elements of w processed with special addition: 0 (0.00%)
* Elements of w remaining: 32 (100.00%)
* Elements of w skipped: 0 (0.00%)
* Elements of w processed with special addition: 0 (0.00%)
* Elements of w remaining: 64 (100.00%)
* UVC proof at step 15
* G1 elements in proof: 2
* G2 elements in proof: 1
* Proof size in bits: 1019
* Cached h poly size: 639
* UVC Prove step 16
* Elements of w skipped: 0 (0.00%)
* Elements of w processed with special addition: 0 (0.00%)
* Elements of w remaining: 64 (100.00%)
* Elements of w skipped: 0 (0.00%)
* Elements of w processed with special addition: 0 (0.00%)
* Elements of w remaining: 32 (100.00%)
* Elements of w skipped: 0 (0.00%)
* Elements of w processed with special addition: 0 (0.00%)
* Elements of w remaining: 64 (100.00%)
* UVC proof at step 16
* G1 elements in proof: 2
* G2 elements in proof: 1
* Proof size in bits: 1019
* Cached h poly size: 639

  Step    Prove (ms)    Verify (ms)   Proof bits    Verified  
  ------  ------------  ------------  ------------  ----------
* UVC Prove step 1
* Elements of w skipped: 0 (0.00%)
* Elements of w processed with special addition: 1 (1.03%)
* Elements of w remaining: 96 (98.97%)
* Elements of w skipped: 0 (0.00%)
* Elements of w processed with special addition: 0 (0.00%)
* Elements of w remaining: 32 (100.00%)
* Elements of w skipped: 0 (0.00%)
* Elements of w processed with special addition: 0 (0.00%)
* Elements of w remaining: 32 (100.00%)
* UVC proof at step 1
* G1 elements in proof: 2
* G2 elements in proof: 1
* Proof size in bits: 1019
* Cached h poly size: 639
* UVC Prove step 1
* Elements of w skipped: 0 (0.00%)
* Elements of w processed with special addition: 1 (1.03%)
* Elements of w remaining: 96 (98.97%)
* Elements of w skipped: 0 (0.00%)
* Elements of w processed with special addition: 0 (0.00%)
* Elements of w remaining: 32 (100.00%)
* Elements of w skipped: 0 (0.00%)
* Elements of w processed with special addition: 0 (0.00%)
* Elements of w remaining: 32 (100.00%)
* UVC proof at step 1
* G1 elements in proof: 2
* G2 elements in proof: 1
* Proof size in bits: 1019
* Cached h poly size: 639
* UVC Prove step 1
* Elements of w skipped: 0 (0.00%)
* Elements of w processed with special addition: 1 (1.03%)
* Elements of w remaining: 96 (98.97%)
* Elements of w skipped: 0 (0.00%)
* Elements of w processed with special addition: 0 (0.00%)
* Elements of w remaining: 32 (100.00%)
* Elements of w skipped: 0 (0.00%)
* Elements of w processed with special addition: 0 (0.00%)
* Elements of w remaining: 32 (100.00%)
* UVC proof at step 1
* G1 elements in proof: 2
* G2 elements in proof: 1
* Proof size in bits: 1019
* Cached h poly size: 639
* UVC Prove step 1
* Elements of w skipped: 0 (0.00%)
* Elements of w processed with special addition: 1 (1.03%)
* Elements of w remaining: 96 (98.97%)
* Elements of w skipped: 0 (0.00%)
* Elements of w processed with special addition: 0 (0.00%)
* Elements of w remaining: 32 (100.00%)
* Elements of w skipped: 0 (0.00%)
* Elements of w processed with special addition: 0 (0.00%)
* Elements of w remaining: 32 (100.00%)
* UVC proof at step 1
* G1 elements in proof: 2
* G2 elements in proof: 1
* Proof size in bits: 1019
* Cached h poly size: 639
* UVC Prove step 1
* Elements of w skipped: 0 (0.00%)
* Elements of w processed with special addition: 1 (1.03%)
* Elements of w remaining: 96 (98.97%)
* Elements of w skipped: 0 (0.00%)
* Elements of w processed with special addition: 0 (0.00%)
* Elements of w remaining: 32 (100.00%)
* Elements of w skipped: 0 (0.00%)
* Elements of w processed with special addition: 0 (0.00%)
* Elements of w remaining: 32 (100.00%)
* UVC proof at step 1
* G1 elements in proof: 2
* G2 elements in proof: 1
* Proof size in bits: 1019
* Cached h poly size: 639
* UVC Prove step 1
* Elements of w skipped: 0 (0.00%)
* Elements of w processed with special addition: 1 (1.03%)
* Elements of w remaining: 96 (98.97%)
* Elements of w skipped: 0 (0.00%)
* Elements of w processed with special addition: 0 (0.00%)
* Elements of w remaining: 32 (100.00%)
* Elements of w skipped: 0 (0.00%)
* Elements of w processed with special addition: 0 (0.00%)
* Elements of w remaining: 32 (100.00%)
* UVC proof at step 1
* G1 elements in proof: 2
* G2 elements in proof: 1
* Proof size in bits: 1019
* Cached h poly size: 639
* UVC Prove step 1
* Elements of w skipped: 0 (0.00%)
* Elements of w processed with special addition: 1 (1.03%)
* Elements of w remaining: 96 (98.97%)
* Elements of w skipped: 0 (0.00%)
* Elements of w processed with special addition: 0 (0.00%)
* Elements of w remaining: 32 (100.00%)
* Elements of w skipped: 0 (0.00%)
* Elements of w processed with special addition: 0 (0.00%)
* Elements of w remaining: 32 (100.00%)
* UVC proof at step 1
* G1 elements in proof: 2
* G2 elements in proof: 1
* Proof size in bits: 1019
* Cached h poly size: 639
* UVC Prove step 1
* Elements of w skipped: 0 (0.00%)
* Elements of w processed with special addition: 1 (1.03%)
* Elements of w remaining: 96 (98.97%)
* Elements of w skipped: 0 (0.00%)
* Elements of w processed with special addition: 0 (0.00%)
* Elements of w remaining: 32 (100.00%)
* Elements of w skipped: 0 (0.00%)
* Elements of w processed with special addition: 0 (0.00%)
* Elements of w remaining: 32 (100.00%)
* UVC proof at step 1
* G1 elements in proof: 2
* G2 elements in proof: 1
* Proof size in bits: 1019
* Cached h poly size: 639
* UVC Prove step 1
* Elements of w skipped: 0 (0.00%)
* Elements of w processed with special addition: 1 (1.03%)
* Elements of w remaining: 96 (98.97%)
* Elements of w skipped: 0 (0.00%)
* Elements of w processed with special addition: 0 (0.00%)
* Elements of w remaining: 32 (100.00%)
* Elements of w skipped: 0 (0.00%)
* Elements of w processed with special addition: 0 (0.00%)
* Elements of w remaining: 32 (100.00%)
* UVC proof at step 1
* G1 elements in proof: 2
* G2 elements in proof: 1
* Proof size in bits: 1019
* Cached h poly size: 639
* UVC Prove step 1
* Elements of w skipped: 0 (0.00%)
* Elements of w processed with special addition: 1 (1.03%)
* Elements of w remaining: 96 (98.97%)
* Elements of w skipped: 0 (0.00%)
* Elements of w processed with special addition: 0 (0.00%)
* Elements of w remaining: 32 (100.00%)
* Elements of w skipped: 0 (0.00%)
* Elements of w processed with special addition: 0 (0.00%)
* Elements of w remaining: 32 (100.00%)
* UVC proof at step 1
* G1 elements in proof: 2
* G2 elements in proof: 1
* Proof size in bits: 1019
* Cached h poly size: 639
* UVC Verify step 1: PASS
* UVC Verify step 1: PASS
* UVC Verify step 1: PASS
* UVC Verify step 1: PASS
* UVC Verify step 1: PASS
* UVC Verify step 1: PASS
* UVC Verify step 1: PASS
* UVC Verify step 1: PASS
* UVC Verify step 1: PASS
* UVC Verify step 1: PASS
  1       27.23         4.16          1019          PASS      
* UVC Prove step 2
* Elements of w skipped: 0 (0.00%)
* Elements of w processed with special addition: 0 (0.00%)
* Elements of w remaining: 64 (100.00%)
* Elements of w skipped: 0 (0.00%)
* Elements of w processed with special addition: 0 (0.00%)
* Elements of w remaining: 32 (100.00%)
* Elements of w skipped: 0 (0.00%)
* Elements of w processed with special addition: 0 (0.00%)
* Elements of w remaining: 64 (100.00%)
* UVC proof at step 2
* G1 elements in proof: 2
* G2 elements in proof: 1
* Proof size in bits: 1019
* Cached h poly size: 639
* UVC Prove step 2
* Elements of w skipped: 0 (0.00%)
* Elements of w processed with special addition: 0 (0.00%)
* Elements of w remaining: 64 (100.00%)
* Elements of w skipped: 0 (0.00%)
* Elements of w processed with special addition: 0 (0.00%)
* Elements of w remaining: 32 (100.00%)
* Elements of w skipped: 0 (0.00%)
* Elements of w processed with special addition: 0 (0.00%)
* Elements of w remaining: 64 (100.00%)
* UVC proof at step 2
* G1 elements in proof: 2
* G2 elements in proof: 1
* Proof size in bits: 1019
* Cached h poly size: 639
* UVC Prove step 2
* Elements of w skipped: 0 (0.00%)
* Elements of w processed with special addition: 0 (0.00%)
* Elements of w remaining: 64 (100.00%)
* Elements of w skipped: 0 (0.00%)
* Elements of w processed with special addition: 0 (0.00%)
* Elements of w remaining: 32 (100.00%)
* Elements of w skipped: 0 (0.00%)
* Elements of w processed with special addition: 0 (0.00%)
* Elements of w remaining: 64 (100.00%)
* UVC proof at step 2
* G1 elements in proof: 2
* G2 elements in proof: 1
* Proof size in bits: 1019
* Cached h poly size: 639
* UVC Prove step 2
* Elements of w skipped: 0 (0.00%)
* Elements of w processed with special addition: 0 (0.00%)
* Elements of w remaining: 64 (100.00%)
* Elements of w skipped: 0 (0.00%)
* Elements of w processed with special addition: 0 (0.00%)
* Elements of w remaining: 32 (100.00%)
* Elements of w skipped: 0 (0.00%)
* Elements of w processed with special addition: 0 (0.00%)
* Elements of w remaining: 64 (100.00%)
* UVC proof at step 2
* G1 elements in proof: 2
* G2 elements in proof: 1
* Proof size in bits: 1019
* Cached h poly size: 639
* UVC Prove step 2
* Elements of w skipped: 0 (0.00%)
* Elements of w processed with special addition: 0 (0.00%)
* Elements of w remaining: 64 (100.00%)
* Elements of w skipped: 0 (0.00%)
* Elements of w processed with special addition: 0 (0.00%)
* Elements of w remaining: 32 (100.00%)
* Elements of w skipped: 0 (0.00%)
* Elements of w processed with special addition: 0 (0.00%)
* Elements of w remaining: 64 (100.00%)
* UVC proof at step 2
* G1 elements in proof: 2
* G2 elements in proof: 1
* Proof size in bits: 1019
* Cached h poly size: 639
* UVC Prove step 2
* Elements of w skipped: 0 (0.00%)
* Elements of w processed with special addition: 0 (0.00%)
* Elements of w remaining: 64 (100.00%)
* Elements of w skipped: 0 (0.00%)
* Elements of w processed with special addition: 0 (0.00%)
* Elements of w remaining: 32 (100.00%)
* Elements of w skipped: 0 (0.00%)
* Elements of w processed with special addition: 0 (0.00%)
* Elements of w remaining: 64 (100.00%)
* UVC proof at step 2
* G1 elements in proof: 2
* G2 elements in proof: 1
* Proof size in bits: 1019
* Cached h poly size: 639
* UVC Prove step 2
* Elements of w skipped: 0 (0.00%)
* Elements of w processed with special addition: 0 (0.00%)
* Elements of w remaining: 64 (100.00%)
* Elements of w skipped: 0 (0.00%)
* Elements of w processed with special addition: 0 (0.00%)
* Elements of w remaining: 32 (100.00%)
* Elements of w skipped: 0 (0.00%)
* Elements of w processed with special addition: 0 (0.00%)
* Elements of w remaining: 64 (100.00%)
* UVC proof at step 2
* G1 elements in proof: 2
* G2 elements in proof: 1
* Proof size in bits: 1019
* Cached h poly size: 639
* UVC Prove step 2
* Elements of w skipped: 0 (0.00%)
* Elements of w processed with special addition: 0 (0.00%)
* Elements of w remaining: 64 (100.00%)
* Elements of w skipped: 0 (0.00%)
* Elements of w processed with special addition: 0 (0.00%)
* Elements of w remaining: 32 (100.00%)
* Elements of w skipped: 0 (0.00%)
* Elements of w processed with special addition: 0 (0.00%)
* Elements of w remaining: 64 (100.00%)
* UVC proof at step 2
* G1 elements in proof: 2
* G2 elements in proof: 1
* Proof size in bits: 1019
* Cached h poly size: 639
* UVC Prove step 2
* Elements of w skipped: 0 (0.00%)
* Elements of w processed with special addition: 0 (0.00%)
* Elements of w remaining: 64 (100.00%)
* Elements of w skipped: 0 (0.00%)
* Elements of w processed with special addition: 0 (0.00%)
* Elements of w remaining: 32 (100.00%)
* Elements of w skipped: 0 (0.00%)
* Elements of w processed with special addition: 0 (0.00%)
* Elements of w remaining: 64 (100.00%)
* UVC proof at step 2
* G1 elements in proof: 2
* G2 elements in proof: 1
* Proof size in bits: 1019
* Cached h poly size: 639
* UVC Prove step 2
* Elements of w skipped: 0 (0.00%)
* Elements of w processed with special addition: 0 (0.00%)
* Elements of w remaining: 64 (100.00%)
* Elements of w skipped: 0 (0.00%)
* Elements of w processed with special addition: 0 (0.00%)
* Elements of w remaining: 32 (100.00%)
* Elements of w skipped: 0 (0.00%)
* Elements of w processed with special addition: 0 (0.00%)
* Elements of w remaining: 64 (100.00%)
* UVC proof at step 2
* G1 elements in proof: 2
* G2 elements in proof: 1
* Proof size in bits: 1019
* Cached h poly size: 639
* UVC Verify step 2: PASS
* UVC Verify step 2: PASS
* UVC Verify step 2: PASS
* UVC Verify step 2: PASS
* UVC Verify step 2: PASS
* UVC Verify step 2: PASS
* UVC Verify step 2: PASS
* UVC Verify step 2: PASS
* UVC Verify step 2: PASS
* UVC Verify step 2: PASS
  2       27.31         4.19          1019          PASS      
* UVC Prove step 4
* Elements of w skipped: 0 (0.00%)
* Elements of w processed with special addition: 0 (0.00%)
* Elements of w remaining: 64 (100.00%)
* Elements of w skipped: 0 (0.00%)
* Elements of w processed with special addition: 0 (0.00%)
* Elements of w remaining: 32 (100.00%)
* Elements of w skipped: 0 (0.00%)
* Elements of w processed with special addition: 0 (0.00%)
* Elements of w remaining: 64 (100.00%)
* UVC proof at step 4
* G1 elements in proof: 2
* G2 elements in proof: 1
* Proof size in bits: 1019
* Cached h poly size: 639
* UVC Prove step 4
* Elements of w skipped: 0 (0.00%)
* Elements of w processed with special addition: 0 (0.00%)
* Elements of w remaining: 64 (100.00%)
* Elements of w skipped: 0 (0.00%)
* Elements of w processed with special addition: 0 (0.00%)
* Elements of w remaining: 32 (100.00%)
* Elements of w skipped: 0 (0.00%)
* Elements of w processed with special addition: 0 (0.00%)
* Elements of w remaining: 64 (100.00%)
* UVC proof at step 4
* G1 elements in proof: 2
* G2 elements in proof: 1
* Proof size in bits: 1019
* Cached h poly size: 639
* UVC Prove step 4
* Elements of w skipped: 0 (0.00%)
* Elements of w processed with special addition: 0 (0.00%)
* Elements of w remaining: 64 (100.00%)
* Elements of w skipped: 0 (0.00%)
* Elements of w processed with special addition: 0 (0.00%)
* Elements of w remaining: 32 (100.00%)
* Elements of w skipped: 0 (0.00%)
* Elements of w processed with special addition: 0 (0.00%)
* Elements of w remaining: 64 (100.00%)
* UVC proof at step 4
* G1 elements in proof: 2
* G2 elements in proof: 1
* Proof size in bits: 1019
* Cached h poly size: 639
* UVC Prove step 4
* Elements of w skipped: 0 (0.00%)
* Elements of w processed with special addition: 0 (0.00%)
* Elements of w remaining: 64 (100.00%)
* Elements of w skipped: 0 (0.00%)
* Elements of w processed with special addition: 0 (0.00%)
* Elements of w remaining: 32 (100.00%)
* Elements of w skipped: 0 (0.00%)
* Elements of w processed with special addition: 0 (0.00%)
* Elements of w remaining: 64 (100.00%)
* UVC proof at step 4
* G1 elements in proof: 2
* G2 elements in proof: 1
* Proof size in bits: 1019
* Cached h poly size: 639
* UVC Prove step 4
* Elements of w skipped: 0 (0.00%)
* Elements of w processed with special addition: 0 (0.00%)
* Elements of w remaining: 64 (100.00%)
* Elements of w skipped: 0 (0.00%)
* Elements of w processed with special addition: 0 (0.00%)
* Elements of w remaining: 32 (100.00%)
* Elements of w skipped: 0 (0.00%)
* Elements of w processed with special addition: 0 (0.00%)
* Elements of w remaining: 64 (100.00%)
* UVC proof at step 4
* G1 elements in proof: 2
* G2 elements in proof: 1
* Proof size in bits: 1019
* Cached h poly size: 639
* UVC Prove step 4
* Elements of w skipped: 0 (0.00%)
* Elements of w processed with special addition: 0 (0.00%)
* Elements of w remaining: 64 (100.00%)
* Elements of w skipped: 0 (0.00%)
* Elements of w processed with special addition: 0 (0.00%)
* Elements of w remaining: 32 (100.00%)
* Elements of w skipped: 0 (0.00%)
* Elements of w processed with special addition: 0 (0.00%)
* Elements of w remaining: 64 (100.00%)
* UVC proof at step 4
* G1 elements in proof: 2
* G2 elements in proof: 1
* Proof size in bits: 1019
* Cached h poly size: 639
* UVC Prove step 4
* Elements of w skipped: 0 (0.00%)
* Elements of w processed with special addition: 0 (0.00%)
* Elements of w remaining: 64 (100.00%)
* Elements of w skipped: 0 (0.00%)
* Elements of w processed with special addition: 0 (0.00%)
* Elements of w remaining: 32 (100.00%)
* Elements of w skipped: 0 (0.00%)
* Elements of w processed with special addition: 0 (0.00%)
* Elements of w remaining: 64 (100.00%)
* UVC proof at step 4
* G1 elements in proof: 2
* G2 elements in proof: 1
* Proof size in bits: 1019
* Cached h poly size: 639
* UVC Prove step 4
* Elements of w skipped: 0 (0.00%)
* Elements of w processed with special addition: 0 (0.00%)
* Elements of w remaining: 64 (100.00%)
* Elements of w skipped: 0 (0.00%)
* Elements of w processed with special addition: 0 (0.00%)
* Elements of w remaining: 32 (100.00%)
* Elements of w skipped: 0 (0.00%)
* Elements of w processed with special addition: 0 (0.00%)
* Elements of w remaining: 64 (100.00%)
* UVC proof at step 4
* G1 elements in proof: 2
* G2 elements in proof: 1
* Proof size in bits: 1019
* Cached h poly size: 639
* UVC Prove step 4
* Elements of w skipped: 0 (0.00%)
* Elements of w processed with special addition: 0 (0.00%)
* Elements of w remaining: 64 (100.00%)
* Elements of w skipped: 0 (0.00%)
* Elements of w processed with special addition: 0 (0.00%)
* Elements of w remaining: 32 (100.00%)
* Elements of w skipped: 0 (0.00%)
* Elements of w processed with special addition: 0 (0.00%)
* Elements of w remaining: 64 (100.00%)
* UVC proof at step 4
* G1 elements in proof: 2
* G2 elements in proof: 1
* Proof size in bits: 1019
* Cached h poly size: 639
* UVC Prove step 4
* Elements of w skipped: 0 (0.00%)
* Elements of w processed with special addition: 0 (0.00%)
* Elements of w remaining: 64 (100.00%)
* Elements of w skipped: 0 (0.00%)
* Elements of w processed with special addition: 0 (0.00%)
* Elements of w remaining: 32 (100.00%)
* Elements of w skipped: 0 (0.00%)
* Elements of w processed with special addition: 0 (0.00%)
* Elements of w remaining: 64 (100.00%)
* UVC proof at step 4
* G1 elements in proof: 2
* G2 elements in proof: 1
* Proof size in bits: 1019
* Cached h poly size: 639
* UVC Verify step 4: PASS
* UVC Verify step 4: PASS
* UVC Verify step 4: PASS
* UVC Verify step 4: PASS
* UVC Verify step 4: PASS
* UVC Verify step 4: PASS
* UVC Verify step 4: PASS
* UVC Verify step 4: PASS
* UVC Verify step 4: PASS
* UVC Verify step 4: PASS
  4       27.49         4.15          1019          PASS      
* UVC Prove step 8
* Elements of w skipped: 0 (0.00%)
* Elements of w processed with special addition: 0 (0.00%)
* Elements of w remaining: 64 (100.00%)
* Elements of w skipped: 0 (0.00%)
* Elements of w processed with special addition: 0 (0.00%)
* Elements of w remaining: 32 (100.00%)
* Elements of w skipped: 0 (0.00%)
* Elements of w processed with special addition: 0 (0.00%)
* Elements of w remaining: 64 (100.00%)
* UVC proof at step 8
* G1 elements in proof: 2
* G2 elements in proof: 1
* Proof size in bits: 1019
* Cached h poly size: 639
* UVC Prove step 8
* Elements of w skipped: 0 (0.00%)
* Elements of w processed with special addition: 0 (0.00%)
* Elements of w remaining: 64 (100.00%)
* Elements of w skipped: 0 (0.00%)
* Elements of w processed with special addition: 0 (0.00%)
* Elements of w remaining: 32 (100.00%)
* Elements of w skipped: 0 (0.00%)
* Elements of w processed with special addition: 0 (0.00%)
* Elements of w remaining: 64 (100.00%)
* UVC proof at step 8
* G1 elements in proof: 2
* G2 elements in proof: 1
* Proof size in bits: 1019
* Cached h poly size: 639
* UVC Prove step 8
* Elements of w skipped: 0 (0.00%)
* Elements of w processed with special addition: 0 (0.00%)
* Elements of w remaining: 64 (100.00%)
* Elements of w skipped: 0 (0.00%)
* Elements of w processed with special addition: 0 (0.00%)
* Elements of w remaining: 32 (100.00%)
* Elements of w skipped: 0 (0.00%)
* Elements of w processed with special addition: 0 (0.00%)
* Elements of w remaining: 64 (100.00%)
* UVC proof at step 8
* G1 elements in proof: 2
* G2 elements in proof: 1
* Proof size in bits: 1019
* Cached h poly size: 639
* UVC Prove step 8
* Elements of w skipped: 0 (0.00%)
* Elements of w processed with special addition: 0 (0.00%)
* Elements of w remaining: 64 (100.00%)
* Elements of w skipped: 0 (0.00%)
* Elements of w processed with special addition: 0 (0.00%)
* Elements of w remaining: 32 (100.00%)
* Elements of w skipped: 0 (0.00%)
* Elements of w processed with special addition: 0 (0.00%)
* Elements of w remaining: 64 (100.00%)
* UVC proof at step 8
* G1 elements in proof: 2
* G2 elements in proof: 1
* Proof size in bits: 1019
* Cached h poly size: 639
* UVC Prove step 8
* Elements of w skipped: 0 (0.00%)
* Elements of w processed with special addition: 0 (0.00%)
* Elements of w remaining: 64 (100.00%)
* Elements of w skipped: 0 (0.00%)
* Elements of w processed with special addition: 0 (0.00%)
* Elements of w remaining: 32 (100.00%)
* Elements of w skipped: 0 (0.00%)
* Elements of w processed with special addition: 0 (0.00%)
* Elements of w remaining: 64 (100.00%)
* UVC proof at step 8
* G1 elements in proof: 2
* G2 elements in proof: 1
* Proof size in bits: 1019
* Cached h poly size: 639
* UVC Prove step 8
* Elements of w skipped: 0 (0.00%)
* Elements of w processed with special addition: 0 (0.00%)
* Elements of w remaining: 64 (100.00%)
* Elements of w skipped: 0 (0.00%)
* Elements of w processed with special addition: 0 (0.00%)
* Elements of w remaining: 32 (100.00%)
* Elements of w skipped: 0 (0.00%)
* Elements of w processed with special addition: 0 (0.00%)
* Elements of w remaining: 64 (100.00%)
* UVC proof at step 8
* G1 elements in proof: 2
* G2 elements in proof: 1
* Proof size in bits: 1019
* Cached h poly size: 639
* UVC Prove step 8
* Elements of w skipped: 0 (0.00%)
* Elements of w processed with special addition: 0 (0.00%)
* Elements of w remaining: 64 (100.00%)
* Elements of w skipped: 0 (0.00%)
* Elements of w processed with special addition: 0 (0.00%)
* Elements of w remaining: 32 (100.00%)
* Elements of w skipped: 0 (0.00%)
* Elements of w processed with special addition: 0 (0.00%)
* Elements of w remaining: 64 (100.00%)
* UVC proof at step 8
* G1 elements in proof: 2
* G2 elements in proof: 1
* Proof size in bits: 1019
* Cached h poly size: 639
* UVC Prove step 8
* Elements of w skipped: 0 (0.00%)
* Elements of w processed with special addition: 0 (0.00%)
* Elements of w remaining: 64 (100.00%)
* Elements of w skipped: 0 (0.00%)
* Elements of w processed with special addition: 0 (0.00%)
* Elements of w remaining: 32 (100.00%)
* Elements of w skipped: 0 (0.00%)
* Elements of w processed with special addition: 0 (0.00%)
* Elements of w remaining: 64 (100.00%)
* UVC proof at step 8
* G1 elements in proof: 2
* G2 elements in proof: 1
* Proof size in bits: 1019
* Cached h poly size: 639
* UVC Prove step 8
* Elements of w skipped: 0 (0.00%)
* Elements of w processed with special addition: 0 (0.00%)
* Elements of w remaining: 64 (100.00%)
* Elements of w skipped: 0 (0.00%)
* Elements of w processed with special addition: 0 (0.00%)
* Elements of w remaining: 32 (100.00%)
* Elements of w skipped: 0 (0.00%)
* Elements of w processed with special addition: 0 (0.00%)
* Elements of w remaining: 64 (100.00%)
* UVC proof at step 8
* G1 elements in proof: 2
* G2 elements in proof: 1
* Proof size in bits: 1019
* Cached h poly size: 639
* UVC Prove step 8
* Elements of w skipped: 0 (0.00%)
* Elements of w processed with special addition: 0 (0.00%)
* Elements of w remaining: 64 (100.00%)
* Elements of w skipped: 0 (0.00%)
* Elements of w processed with special addition: 0 (0.00%)
* Elements of w remaining: 32 (100.00%)
* Elements of w skipped: 0 (0.00%)
* Elements of w processed with special addition: 0 (0.00%)
* Elements of w remaining: 64 (100.00%)
* UVC proof at step 8
* G1 elements in proof: 2
* G2 elements in proof: 1
* Proof size in bits: 1019
* Cached h poly size: 639
* UVC Verify step 8: PASS
* UVC Verify step 8: PASS
* UVC Verify step 8: PASS
* UVC Verify step 8: PASS
* UVC Verify step 8: PASS
* UVC Verify step 8: PASS
* UVC Verify step 8: PASS
* UVC Verify step 8: PASS
* UVC Verify step 8: PASS
* UVC Verify step 8: PASS
  8       27.94         4.15          1019          PASS      
* UVC Prove step 16
* Elements of w skipped: 0 (0.00%)
* Elements of w processed with special addition: 0 (0.00%)
* Elements of w remaining: 64 (100.00%)
* Elements of w skipped: 0 (0.00%)
* Elements of w processed with special addition: 0 (0.00%)
* Elements of w remaining: 32 (100.00%)
* Elements of w skipped: 0 (0.00%)
* Elements of w processed with special addition: 0 (0.00%)
* Elements of w remaining: 64 (100.00%)
* UVC proof at step 16
* G1 elements in proof: 2
* G2 elements in proof: 1
* Proof size in bits: 1019
* Cached h poly size: 639
* UVC Prove step 16
* Elements of w skipped: 0 (0.00%)
* Elements of w processed with special addition: 0 (0.00%)
* Elements of w remaining: 64 (100.00%)
* Elements of w skipped: 0 (0.00%)
* Elements of w processed with special addition: 0 (0.00%)
* Elements of w remaining: 32 (100.00%)
* Elements of w skipped: 0 (0.00%)
* Elements of w processed with special addition: 0 (0.00%)
* Elements of w remaining: 64 (100.00%)
* UVC proof at step 16
* G1 elements in proof: 2
* G2 elements in proof: 1
* Proof size in bits: 1019
* Cached h poly size: 639
* UVC Prove step 16
* Elements of w skipped: 0 (0.00%)
* Elements of w processed with special addition: 0 (0.00%)
* Elements of w remaining: 64 (100.00%)
* Elements of w skipped: 0 (0.00%)
* Elements of w processed with special addition: 0 (0.00%)
* Elements of w remaining: 32 (100.00%)
* Elements of w skipped: 0 (0.00%)
* Elements of w processed with special addition: 0 (0.00%)
* Elements of w remaining: 64 (100.00%)
* UVC proof at step 16
* G1 elements in proof: 2
* G2 elements in proof: 1
* Proof size in bits: 1019
* Cached h poly size: 639
* UVC Prove step 16
* Elements of w skipped: 0 (0.00%)
* Elements of w processed with special addition: 0 (0.00%)
* Elements of w remaining: 64 (100.00%)
* Elements of w skipped: 0 (0.00%)
* Elements of w processed with special addition: 0 (0.00%)
* Elements of w remaining: 32 (100.00%)
* Elements of w skipped: 0 (0.00%)
* Elements of w processed with special addition: 0 (0.00%)
* Elements of w remaining: 64 (100.00%)
* UVC proof at step 16
* G1 elements in proof: 2
* G2 elements in proof: 1
* Proof size in bits: 1019
* Cached h poly size: 639
* UVC Prove step 16
* Elements of w skipped: 0 (0.00%)
* Elements of w processed with special addition: 0 (0.00%)
* Elements of w remaining: 64 (100.00%)
* Elements of w skipped: 0 (0.00%)
* Elements of w processed with special addition: 0 (0.00%)
* Elements of w remaining: 32 (100.00%)
* Elements of w skipped: 0 (0.00%)
* Elements of w processed with special addition: 0 (0.00%)
* Elements of w remaining: 64 (100.00%)
* UVC proof at step 16
* G1 elements in proof: 2
* G2 elements in proof: 1
* Proof size in bits: 1019
* Cached h poly size: 639
* UVC Prove step 16
* Elements of w skipped: 0 (0.00%)
* Elements of w processed with special addition: 0 (0.00%)
* Elements of w remaining: 64 (100.00%)
* Elements of w skipped: 0 (0.00%)
* Elements of w processed with special addition: 0 (0.00%)
* Elements of w remaining: 32 (100.00%)
* Elements of w skipped: 0 (0.00%)
* Elements of w processed with special addition: 0 (0.00%)
* Elements of w remaining: 64 (100.00%)
* UVC proof at step 16
* G1 elements in proof: 2
* G2 elements in proof: 1
* Proof size in bits: 1019
* Cached h poly size: 639
* UVC Prove step 16
* Elements of w skipped: 0 (0.00%)
* Elements of w processed with special addition: 0 (0.00%)
* Elements of w remaining: 64 (100.00%)
* Elements of w skipped: 0 (0.00%)
* Elements of w processed with special addition: 0 (0.00%)
* Elements of w remaining: 32 (100.00%)
* Elements of w skipped: 0 (0.00%)
* Elements of w processed with special addition: 0 (0.00%)
* Elements of w remaining: 64 (100.00%)
* UVC proof at step 16
* G1 elements in proof: 2
* G2 elements in proof: 1
* Proof size in bits: 1019
* Cached h poly size: 639
* UVC Prove step 16
* Elements of w skipped: 0 (0.00%)
* Elements of w processed with special addition: 0 (0.00%)
* Elements of w remaining: 64 (100.00%)
* Elements of w skipped: 0 (0.00%)
* Elements of w processed with special addition: 0 (0.00%)
* Elements of w remaining: 32 (100.00%)
* Elements of w skipped: 0 (0.00%)
* Elements of w processed with special addition: 0 (0.00%)
* Elements of w remaining: 64 (100.00%)
* UVC proof at step 16
* G1 elements in proof: 2
* G2 elements in proof: 1
* Proof size in bits: 1019
* Cached h poly size: 639
* UVC Prove step 16
* Elements of w skipped: 0 (0.00%)
* Elements of w processed with special addition: 0 (0.00%)
* Elements of w remaining: 64 (100.00%)
* Elements of w skipped: 0 (0.00%)
* Elements of w processed with special addition: 0 (0.00%)
* Elements of w remaining: 32 (100.00%)
* Elements of w skipped: 0 (0.00%)
* Elements of w processed with special addition: 0 (0.00%)
* Elements of w remaining: 64 (100.00%)
* UVC proof at step 16
* G1 elements in proof: 2
* G2 elements in proof: 1
* Proof size in bits: 1019
* Cached h poly size: 639
* UVC Prove step 16
* Elements of w skipped: 0 (0.00%)
* Elements of w processed with special addition: 0 (0.00%)
* Elements of w remaining: 64 (100.00%)
* Elements of w skipped: 0 (0.00%)
* Elements of w processed with special addition: 0 (0.00%)
* Elements of w remaining: 32 (100.00%)
* Elements of w skipped: 0 (0.00%)
* Elements of w processed with special addition: 0 (0.00%)
* Elements of w remaining: 64 (100.00%)
* UVC proof at step 16
* G1 elements in proof: 2
* G2 elements in proof: 1
* Proof size in bits: 1019
* Cached h poly size: 639
* UVC Verify step 16: PASS
* UVC Verify step 16: PASS
* UVC Verify step 16: PASS
* UVC Verify step 16: PASS
* UVC Verify step 16: PASS
* UVC Verify step 16: PASS
* UVC Verify step 16: PASS
* UVC Verify step 16: PASS
* UVC Verify step 16: PASS
* UVC Verify step 16: PASS
  16      27.97         4.40          1019          PASS      

  UVC results written to /Users/heewonchung/Documents/00-Research/active/Updatable Verifiable Computation/Dev/results/2026-03-06_121849_paper/csv/uvc_results.csv

================================================================
Groth16 Benchmark: circuit=hadamard, n=32, B=16
================================================================

  Step    C_j constr  Setup (ms)    Prove (ms)    Verify (ms)   Verified  
  ------  ----------  ------------  ------------  ------------  ----------
* Composed C_1: 32 constraints, 96 variables, 64 inputs
Swap is not beneficial, not performing
* QAP number of variables: 96
* QAP pre degree: 32
* QAP degree: 128
* QAP number of input variables: 64
* G1 window: 6
* G2 window: 4
* G1 elements in PK: 354
* Non-zero G1 elements in PK: 289
* G2 elements in PK: 98
* Non-zero G2 elements in PK: 33
* PK size in bits: 92540
* G1 elements in VK: 64
* G2 elements in VK: 2
* GT elements in VK: 1
* VK size in bits: 21689
* Elements of w skipped: 0 (0.00%)
* Elements of w processed with special addition: 1 (1.03%)
* Elements of w remaining: 96 (98.97%)
* Elements of w skipped: 0 (0.00%)
* Elements of w processed with special addition: 0 (0.00%)
* Elements of w remaining: 32 (100.00%)
* Elements of w skipped: 0 (0.00%)
* Elements of w processed with special addition: 0 (0.00%)
* Elements of w remaining: 32 (100.00%)
* G1 elements in proof: 2
* G2 elements in proof: 1
* Proof size in bits: 1019
* Elements of w skipped: 0 (0.00%)
* Elements of w processed with special addition: 1 (1.03%)
* Elements of w remaining: 96 (98.97%)
* Elements of w skipped: 0 (0.00%)
* Elements of w processed with special addition: 0 (0.00%)
* Elements of w remaining: 32 (100.00%)
* Elements of w skipped: 0 (0.00%)
* Elements of w processed with special addition: 0 (0.00%)
* Elements of w remaining: 32 (100.00%)
* G1 elements in proof: 2
* G2 elements in proof: 1
* Proof size in bits: 1019
* Elements of w skipped: 0 (0.00%)
* Elements of w processed with special addition: 1 (1.03%)
* Elements of w remaining: 96 (98.97%)
* Elements of w skipped: 0 (0.00%)
* Elements of w processed with special addition: 0 (0.00%)
* Elements of w remaining: 32 (100.00%)
* Elements of w skipped: 0 (0.00%)
* Elements of w processed with special addition: 0 (0.00%)
* Elements of w remaining: 32 (100.00%)
* G1 elements in proof: 2
* G2 elements in proof: 1
* Proof size in bits: 1019
* Elements of w skipped: 0 (0.00%)
* Elements of w processed with special addition: 1 (1.03%)
* Elements of w remaining: 96 (98.97%)
* Elements of w skipped: 0 (0.00%)
* Elements of w processed with special addition: 0 (0.00%)
* Elements of w remaining: 32 (100.00%)
* Elements of w skipped: 0 (0.00%)
* Elements of w processed with special addition: 0 (0.00%)
* Elements of w remaining: 32 (100.00%)
* G1 elements in proof: 2
* G2 elements in proof: 1
* Proof size in bits: 1019
* Elements of w skipped: 0 (0.00%)
* Elements of w processed with special addition: 1 (1.03%)
* Elements of w remaining: 96 (98.97%)
* Elements of w skipped: 0 (0.00%)
* Elements of w processed with special addition: 0 (0.00%)
* Elements of w remaining: 32 (100.00%)
* Elements of w skipped: 0 (0.00%)
* Elements of w processed with special addition: 0 (0.00%)
* Elements of w remaining: 32 (100.00%)
* G1 elements in proof: 2
* G2 elements in proof: 1
* Proof size in bits: 1019
* Elements of w skipped: 0 (0.00%)
* Elements of w processed with special addition: 1 (1.03%)
* Elements of w remaining: 96 (98.97%)
* Elements of w skipped: 0 (0.00%)
* Elements of w processed with special addition: 0 (0.00%)
* Elements of w remaining: 32 (100.00%)
* Elements of w skipped: 0 (0.00%)
* Elements of w processed with special addition: 0 (0.00%)
* Elements of w remaining: 32 (100.00%)
* G1 elements in proof: 2
* G2 elements in proof: 1
* Proof size in bits: 1019
* Elements of w skipped: 0 (0.00%)
* Elements of w processed with special addition: 1 (1.03%)
* Elements of w remaining: 96 (98.97%)
* Elements of w skipped: 0 (0.00%)
* Elements of w processed with special addition: 0 (0.00%)
* Elements of w remaining: 32 (100.00%)
* Elements of w skipped: 0 (0.00%)
* Elements of w processed with special addition: 0 (0.00%)
* Elements of w remaining: 32 (100.00%)
* G1 elements in proof: 2
* G2 elements in proof: 1
* Proof size in bits: 1019
* Elements of w skipped: 0 (0.00%)
* Elements of w processed with special addition: 1 (1.03%)
* Elements of w remaining: 96 (98.97%)
* Elements of w skipped: 0 (0.00%)
* Elements of w processed with special addition: 0 (0.00%)
* Elements of w remaining: 32 (100.00%)
* Elements of w skipped: 0 (0.00%)
* Elements of w processed with special addition: 0 (0.00%)
* Elements of w remaining: 32 (100.00%)
* G1 elements in proof: 2
* G2 elements in proof: 1
* Proof size in bits: 1019
* Elements of w skipped: 0 (0.00%)
* Elements of w processed with special addition: 1 (1.03%)
* Elements of w remaining: 96 (98.97%)
* Elements of w skipped: 0 (0.00%)
* Elements of w processed with special addition: 0 (0.00%)
* Elements of w remaining: 32 (100.00%)
* Elements of w skipped: 0 (0.00%)
* Elements of w processed with special addition: 0 (0.00%)
* Elements of w remaining: 32 (100.00%)
* G1 elements in proof: 2
* G2 elements in proof: 1
* Proof size in bits: 1019
* Elements of w skipped: 0 (0.00%)
* Elements of w processed with special addition: 1 (1.03%)
* Elements of w remaining: 96 (98.97%)
* Elements of w skipped: 0 (0.00%)
* Elements of w processed with special addition: 0 (0.00%)
* Elements of w remaining: 32 (100.00%)
* Elements of w skipped: 0 (0.00%)
* Elements of w processed with special addition: 0 (0.00%)
* Elements of w remaining: 32 (100.00%)
* G1 elements in proof: 2
* G2 elements in proof: 1
* Proof size in bits: 1019
  1       32          30.6          9.88          4.18          PASS      
* Composed C_2: 64 constraints, 160 variables, 64 inputs
Swap is not beneficial, not performing
* QAP number of variables: 160
* QAP pre degree: 64
* QAP degree: 129
* QAP number of input variables: 64
* G1 window: 6
* G2 window: 5
* G1 elements in PK: 547
* Non-zero G1 elements in PK: 450
* G2 elements in PK: 162
* Non-zero G2 elements in PK: 65
* PK size in bits: 151931
* G1 elements in VK: 64
* G2 elements in VK: 2
* GT elements in VK: 1
* VK size in bits: 21689
* Elements of w skipped: 0 (0.00%)
* Elements of w processed with special addition: 1 (0.62%)
* Elements of w remaining: 160 (99.38%)
* Elements of w skipped: 0 (0.00%)
* Elements of w processed with special addition: 0 (0.00%)
* Elements of w remaining: 64 (100.00%)
* Elements of w skipped: 0 (0.00%)
* Elements of w processed with special addition: 0 (0.00%)
* Elements of w remaining: 96 (100.00%)
* G1 elements in proof: 2
* G2 elements in proof: 1
* Proof size in bits: 1019
* Elements of w skipped: 0 (0.00%)
* Elements of w processed with special addition: 1 (0.62%)
* Elements of w remaining: 160 (99.38%)
* Elements of w skipped: 0 (0.00%)
* Elements of w processed with special addition: 0 (0.00%)
* Elements of w remaining: 64 (100.00%)
* Elements of w skipped: 0 (0.00%)
* Elements of w processed with special addition: 0 (0.00%)
* Elements of w remaining: 96 (100.00%)
* G1 elements in proof: 2
* G2 elements in proof: 1
* Proof size in bits: 1019
* Elements of w skipped: 0 (0.00%)
* Elements of w processed with special addition: 1 (0.62%)
* Elements of w remaining: 160 (99.38%)
* Elements of w skipped: 0 (0.00%)
* Elements of w processed with special addition: 0 (0.00%)
* Elements of w remaining: 64 (100.00%)
* Elements of w skipped: 0 (0.00%)
* Elements of w processed with special addition: 0 (0.00%)
* Elements of w remaining: 96 (100.00%)
* G1 elements in proof: 2
* G2 elements in proof: 1
* Proof size in bits: 1019
* Elements of w skipped: 0 (0.00%)
* Elements of w processed with special addition: 1 (0.62%)
* Elements of w remaining: 160 (99.38%)
* Elements of w skipped: 0 (0.00%)
* Elements of w processed with special addition: 0 (0.00%)
* Elements of w remaining: 64 (100.00%)
* Elements of w skipped: 0 (0.00%)
* Elements of w processed with special addition: 0 (0.00%)
* Elements of w remaining: 96 (100.00%)
* G1 elements in proof: 2
* G2 elements in proof: 1
* Proof size in bits: 1019
* Elements of w skipped: 0 (0.00%)
* Elements of w processed with special addition: 1 (0.62%)
* Elements of w remaining: 160 (99.38%)
* Elements of w skipped: 0 (0.00%)
* Elements of w processed with special addition: 0 (0.00%)
* Elements of w remaining: 64 (100.00%)
* Elements of w skipped: 0 (0.00%)
* Elements of w processed with special addition: 0 (0.00%)
* Elements of w remaining: 96 (100.00%)
* G1 elements in proof: 2
* G2 elements in proof: 1
* Proof size in bits: 1019
* Elements of w skipped: 0 (0.00%)
* Elements of w processed with special addition: 1 (0.62%)
* Elements of w remaining: 160 (99.38%)
* Elements of w skipped: 0 (0.00%)
* Elements of w processed with special addition: 0 (0.00%)
* Elements of w remaining: 64 (100.00%)
* Elements of w skipped: 0 (0.00%)
* Elements of w processed with special addition: 0 (0.00%)
* Elements of w remaining: 96 (100.00%)
* G1 elements in proof: 2
* G2 elements in proof: 1
* Proof size in bits: 1019
* Elements of w skipped: 0 (0.00%)
* Elements of w processed with special addition: 1 (0.62%)
* Elements of w remaining: 160 (99.38%)
* Elements of w skipped: 0 (0.00%)
* Elements of w processed with special addition: 0 (0.00%)
* Elements of w remaining: 64 (100.00%)
* Elements of w skipped: 0 (0.00%)
* Elements of w processed with special addition: 0 (0.00%)
* Elements of w remaining: 96 (100.00%)
* G1 elements in proof: 2
* G2 elements in proof: 1
* Proof size in bits: 1019
* Elements of w skipped: 0 (0.00%)
* Elements of w processed with special addition: 1 (0.62%)
* Elements of w remaining: 160 (99.38%)
* Elements of w skipped: 0 (0.00%)
* Elements of w processed with special addition: 0 (0.00%)
* Elements of w remaining: 64 (100.00%)
* Elements of w skipped: 0 (0.00%)
* Elements of w processed with special addition: 0 (0.00%)
* Elements of w remaining: 96 (100.00%)
* G1 elements in proof: 2
* G2 elements in proof: 1
* Proof size in bits: 1019
* Elements of w skipped: 0 (0.00%)
* Elements of w processed with special addition: 1 (0.62%)
* Elements of w remaining: 160 (99.38%)
* Elements of w skipped: 0 (0.00%)
* Elements of w processed with special addition: 0 (0.00%)
* Elements of w remaining: 64 (100.00%)
* Elements of w skipped: 0 (0.00%)
* Elements of w processed with special addition: 0 (0.00%)
* Elements of w remaining: 96 (100.00%)
* G1 elements in proof: 2
* G2 elements in proof: 1
* Proof size in bits: 1019
* Elements of w skipped: 0 (0.00%)
* Elements of w processed with special addition: 1 (0.62%)
* Elements of w remaining: 160 (99.38%)
* Elements of w skipped: 0 (0.00%)
* Elements of w processed with special addition: 0 (0.00%)
* Elements of w remaining: 64 (100.00%)
* Elements of w skipped: 0 (0.00%)
* Elements of w processed with special addition: 0 (0.00%)
* Elements of w remaining: 96 (100.00%)
* G1 elements in proof: 2
* G2 elements in proof: 1
* Proof size in bits: 1019
  2       64          39.5          10.26         4.08          PASS      
* Composed C_4: 128 constraints, 288 variables, 64 inputs
Swap is not beneficial, not performing
* QAP number of variables: 288
* QAP pre degree: 128
* QAP degree: 256
* QAP number of input variables: 64
* G1 window: 7
* G2 window: 5
* G1 elements in PK: 1058
* Non-zero G1 elements in PK: 897
* G2 elements in PK: 290
* Non-zero G2 elements in PK: 129
* PK size in bits: 302588
* G1 elements in VK: 64
* G2 elements in VK: 2
* GT elements in VK: 1
* VK size in bits: 21689
* Elements of w skipped: 0 (0.00%)
* Elements of w processed with special addition: 1 (0.35%)
* Elements of w remaining: 288 (99.65%)
* Elements of w skipped: 0 (0.00%)
* Elements of w processed with special addition: 0 (0.00%)
* Elements of w remaining: 128 (100.00%)
* Elements of w skipped: 0 (0.00%)
* Elements of w processed with special addition: 0 (0.00%)
* Elements of w remaining: 224 (100.00%)
* G1 elements in proof: 2
* G2 elements in proof: 1
* Proof size in bits: 1019
* Elements of w skipped: 0 (0.00%)
* Elements of w processed with special addition: 1 (0.35%)
* Elements of w remaining: 288 (99.65%)
* Elements of w skipped: 0 (0.00%)
* Elements of w processed with special addition: 0 (0.00%)
* Elements of w remaining: 128 (100.00%)
* Elements of w skipped: 0 (0.00%)
* Elements of w processed with special addition: 0 (0.00%)
* Elements of w remaining: 224 (100.00%)
* G1 elements in proof: 2
* G2 elements in proof: 1
* Proof size in bits: 1019
* Elements of w skipped: 0 (0.00%)
* Elements of w processed with special addition: 1 (0.35%)
* Elements of w remaining: 288 (99.65%)
* Elements of w skipped: 0 (0.00%)
* Elements of w processed with special addition: 0 (0.00%)
* Elements of w remaining: 128 (100.00%)
* Elements of w skipped: 0 (0.00%)
* Elements of w processed with special addition: 0 (0.00%)
* Elements of w remaining: 224 (100.00%)
* G1 elements in proof: 2
* G2 elements in proof: 1
* Proof size in bits: 1019
* Elements of w skipped: 0 (0.00%)
* Elements of w processed with special addition: 1 (0.35%)
* Elements of w remaining: 288 (99.65%)
* Elements of w skipped: 0 (0.00%)
* Elements of w processed with special addition: 0 (0.00%)
* Elements of w remaining: 128 (100.00%)
* Elements of w skipped: 0 (0.00%)
* Elements of w processed with special addition: 0 (0.00%)
* Elements of w remaining: 224 (100.00%)
* G1 elements in proof: 2
* G2 elements in proof: 1
* Proof size in bits: 1019
* Elements of w skipped: 0 (0.00%)
* Elements of w processed with special addition: 1 (0.35%)
* Elements of w remaining: 288 (99.65%)
* Elements of w skipped: 0 (0.00%)
* Elements of w processed with special addition: 0 (0.00%)
* Elements of w remaining: 128 (100.00%)
* Elements of w skipped: 0 (0.00%)
* Elements of w processed with special addition: 0 (0.00%)
* Elements of w remaining: 224 (100.00%)
* G1 elements in proof: 2
* G2 elements in proof: 1
* Proof size in bits: 1019
* Elements of w skipped: 0 (0.00%)
* Elements of w processed with special addition: 1 (0.35%)
* Elements of w remaining: 288 (99.65%)
* Elements of w skipped: 0 (0.00%)
* Elements of w processed with special addition: 0 (0.00%)
* Elements of w remaining: 128 (100.00%)
* Elements of w skipped: 0 (0.00%)
* Elements of w processed with special addition: 0 (0.00%)
* Elements of w remaining: 224 (100.00%)
* G1 elements in proof: 2
* G2 elements in proof: 1
* Proof size in bits: 1019
* Elements of w skipped: 0 (0.00%)
* Elements of w processed with special addition: 1 (0.35%)
* Elements of w remaining: 288 (99.65%)
* Elements of w skipped: 0 (0.00%)
* Elements of w processed with special addition: 0 (0.00%)
* Elements of w remaining: 128 (100.00%)
* Elements of w skipped: 0 (0.00%)
* Elements of w processed with special addition: 0 (0.00%)
* Elements of w remaining: 224 (100.00%)
* G1 elements in proof: 2
* G2 elements in proof: 1
* Proof size in bits: 1019
* Elements of w skipped: 0 (0.00%)
* Elements of w processed with special addition: 1 (0.35%)
* Elements of w remaining: 288 (99.65%)
* Elements of w skipped: 0 (0.00%)
* Elements of w processed with special addition: 0 (0.00%)
* Elements of w remaining: 128 (100.00%)
* Elements of w skipped: 0 (0.00%)
* Elements of w processed with special addition: 0 (0.00%)
* Elements of w remaining: 224 (100.00%)
* G1 elements in proof: 2
* G2 elements in proof: 1
* Proof size in bits: 1019
* Elements of w skipped: 0 (0.00%)
* Elements of w processed with special addition: 1 (0.35%)
* Elements of w remaining: 288 (99.65%)
* Elements of w skipped: 0 (0.00%)
* Elements of w processed with special addition: 0 (0.00%)
* Elements of w remaining: 128 (100.00%)
* Elements of w skipped: 0 (0.00%)
* Elements of w processed with special addition: 0 (0.00%)
* Elements of w remaining: 224 (100.00%)
* G1 elements in proof: 2
* G2 elements in proof: 1
* Proof size in bits: 1019
* Elements of w skipped: 0 (0.00%)
* Elements of w processed with special addition: 1 (0.35%)
* Elements of w remaining: 288 (99.65%)
* Elements of w skipped: 0 (0.00%)
* Elements of w processed with special addition: 0 (0.00%)
* Elements of w remaining: 128 (100.00%)
* Elements of w skipped: 0 (0.00%)
* Elements of w processed with special addition: 0 (0.00%)
* Elements of w remaining: 224 (100.00%)
* G1 elements in proof: 2
* G2 elements in proof: 1
* Proof size in bits: 1019
  4       128         59.4          16.56         4.05          PASS      
* Composed C_8: 256 constraints, 544 variables, 64 inputs
Swap is not beneficial, not performing
* QAP number of variables: 544
* QAP pre degree: 256
* QAP degree: 384
* QAP number of input variables: 64
* G1 window: 8
* G2 window: 6
* G1 elements in PK: 1954
* Non-zero G1 elements in PK: 1665
* G2 elements in PK: 546
* Non-zero G2 elements in PK: 257
* PK size in bits: 571772
* G1 elements in VK: 64
* G2 elements in VK: 2
* GT elements in VK: 1
* VK size in bits: 21689
* Elements of w skipped: 0 (0.00%)
* Elements of w processed with special addition: 1 (0.18%)
* Elements of w remaining: 544 (99.82%)
* Elements of w skipped: 0 (0.00%)
* Elements of w processed with special addition: 0 (0.00%)
* Elements of w remaining: 256 (100.00%)
* Elements of w skipped: 0 (0.00%)
* Elements of w processed with special addition: 0 (0.00%)
* Elements of w remaining: 480 (100.00%)
* G1 elements in proof: 2
* G2 elements in proof: 1
* Proof size in bits: 1019
* Elements of w skipped: 0 (0.00%)
* Elements of w processed with special addition: 1 (0.18%)
* Elements of w remaining: 544 (99.82%)
* Elements of w skipped: 0 (0.00%)
* Elements of w processed with special addition: 0 (0.00%)
* Elements of w remaining: 256 (100.00%)
* Elements of w skipped: 0 (0.00%)
* Elements of w processed with special addition: 0 (0.00%)
* Elements of w remaining: 480 (100.00%)
* G1 elements in proof: 2
* G2 elements in proof: 1
* Proof size in bits: 1019
* Elements of w skipped: 0 (0.00%)
* Elements of w processed with special addition: 1 (0.18%)
* Elements of w remaining: 544 (99.82%)
* Elements of w skipped: 0 (0.00%)
* Elements of w processed with special addition: 0 (0.00%)
* Elements of w remaining: 256 (100.00%)
* Elements of w skipped: 0 (0.00%)
* Elements of w processed with special addition: 0 (0.00%)
* Elements of w remaining: 480 (100.00%)
* G1 elements in proof: 2
* G2 elements in proof: 1
* Proof size in bits: 1019
* Elements of w skipped: 0 (0.00%)
* Elements of w processed with special addition: 1 (0.18%)
* Elements of w remaining: 544 (99.82%)
* Elements of w skipped: 0 (0.00%)
* Elements of w processed with special addition: 0 (0.00%)
* Elements of w remaining: 256 (100.00%)
* Elements of w skipped: 0 (0.00%)
* Elements of w processed with special addition: 0 (0.00%)
* Elements of w remaining: 480 (100.00%)
* G1 elements in proof: 2
* G2 elements in proof: 1
* Proof size in bits: 1019
* Elements of w skipped: 0 (0.00%)
* Elements of w processed with special addition: 1 (0.18%)
* Elements of w remaining: 544 (99.82%)
* Elements of w skipped: 0 (0.00%)
* Elements of w processed with special addition: 0 (0.00%)
* Elements of w remaining: 256 (100.00%)
* Elements of w skipped: 0 (0.00%)
* Elements of w processed with special addition: 0 (0.00%)
* Elements of w remaining: 480 (100.00%)
* G1 elements in proof: 2
* G2 elements in proof: 1
* Proof size in bits: 1019
* Elements of w skipped: 0 (0.00%)
* Elements of w processed with special addition: 1 (0.18%)
* Elements of w remaining: 544 (99.82%)
* Elements of w skipped: 0 (0.00%)
* Elements of w processed with special addition: 0 (0.00%)
* Elements of w remaining: 256 (100.00%)
* Elements of w skipped: 0 (0.00%)
* Elements of w processed with special addition: 0 (0.00%)
* Elements of w remaining: 480 (100.00%)
* G1 elements in proof: 2
* G2 elements in proof: 1
* Proof size in bits: 1019
* Elements of w skipped: 0 (0.00%)
* Elements of w processed with special addition: 1 (0.18%)
* Elements of w remaining: 544 (99.82%)
* Elements of w skipped: 0 (0.00%)
* Elements of w processed with special addition: 0 (0.00%)
* Elements of w remaining: 256 (100.00%)
* Elements of w skipped: 0 (0.00%)
* Elements of w processed with special addition: 0 (0.00%)
* Elements of w remaining: 480 (100.00%)
* G1 elements in proof: 2
* G2 elements in proof: 1
* Proof size in bits: 1019
* Elements of w skipped: 0 (0.00%)
* Elements of w processed with special addition: 1 (0.18%)
* Elements of w remaining: 544 (99.82%)
* Elements of w skipped: 0 (0.00%)
* Elements of w processed with special addition: 0 (0.00%)
* Elements of w remaining: 256 (100.00%)
* Elements of w skipped: 0 (0.00%)
* Elements of w processed with special addition: 0 (0.00%)
* Elements of w remaining: 480 (100.00%)
* G1 elements in proof: 2
* G2 elements in proof: 1
* Proof size in bits: 1019
* Elements of w skipped: 0 (0.00%)
* Elements of w processed with special addition: 1 (0.18%)
* Elements of w remaining: 544 (99.82%)
* Elements of w skipped: 0 (0.00%)
* Elements of w processed with special addition: 0 (0.00%)
* Elements of w remaining: 256 (100.00%)
* Elements of w skipped: 0 (0.00%)
* Elements of w processed with special addition: 0 (0.00%)
* Elements of w remaining: 480 (100.00%)
* G1 elements in proof: 2
* G2 elements in proof: 1
* Proof size in bits: 1019
* Elements of w skipped: 0 (0.00%)
* Elements of w processed with special addition: 1 (0.18%)
* Elements of w remaining: 544 (99.82%)
* Elements of w skipped: 0 (0.00%)
* Elements of w processed with special addition: 0 (0.00%)
* Elements of w remaining: 256 (100.00%)
* Elements of w skipped: 0 (0.00%)
* Elements of w processed with special addition: 0 (0.00%)
* Elements of w remaining: 480 (100.00%)
* G1 elements in proof: 2
* G2 elements in proof: 1
* Proof size in bits: 1019
  8       256         92.6          23.45         4.06          PASS      
* Composed C_16: 512 constraints, 1056 variables, 64 inputs
Swap is not beneficial, not performing
* QAP number of variables: 1056
* QAP pre degree: 512
* QAP degree: 640
* QAP number of input variables: 64
* G1 window: 8
* G2 window: 7
* G1 elements in PK: 3746
* Non-zero G1 elements in PK: 3201
* G2 elements in PK: 1058
* Non-zero G2 elements in PK: 513
* PK size in bits: 1110140
* G1 elements in VK: 64
* G2 elements in VK: 2
* GT elements in VK: 1
* VK size in bits: 21689
* Elements of w skipped: 0 (0.00%)
* Elements of w processed with special addition: 1 (0.09%)
* Elements of w remaining: 1056 (99.91%)
* Elements of w skipped: 0 (0.00%)
* Elements of w processed with special addition: 0 (0.00%)
* Elements of w remaining: 512 (100.00%)
* Elements of w skipped: 0 (0.00%)
* Elements of w processed with special addition: 0 (0.00%)
* Elements of w remaining: 992 (100.00%)
* G1 elements in proof: 2
* G2 elements in proof: 1
* Proof size in bits: 1019
* Elements of w skipped: 0 (0.00%)
* Elements of w processed with special addition: 1 (0.09%)
* Elements of w remaining: 1056 (99.91%)
* Elements of w skipped: 0 (0.00%)
* Elements of w processed with special addition: 0 (0.00%)
* Elements of w remaining: 512 (100.00%)
* Elements of w skipped: 0 (0.00%)
* Elements of w processed with special addition: 0 (0.00%)
* Elements of w remaining: 992 (100.00%)
* G1 elements in proof: 2
* G2 elements in proof: 1
* Proof size in bits: 1019
* Elements of w skipped: 0 (0.00%)
* Elements of w processed with special addition: 1 (0.09%)
* Elements of w remaining: 1056 (99.91%)
* Elements of w skipped: 0 (0.00%)
* Elements of w processed with special addition: 0 (0.00%)
* Elements of w remaining: 512 (100.00%)
* Elements of w skipped: 0 (0.00%)
* Elements of w processed with special addition: 0 (0.00%)
* Elements of w remaining: 992 (100.00%)
* G1 elements in proof: 2
* G2 elements in proof: 1
* Proof size in bits: 1019
* Elements of w skipped: 0 (0.00%)
* Elements of w processed with special addition: 1 (0.09%)
* Elements of w remaining: 1056 (99.91%)
* Elements of w skipped: 0 (0.00%)
* Elements of w processed with special addition: 0 (0.00%)
* Elements of w remaining: 512 (100.00%)
* Elements of w skipped: 0 (0.00%)
* Elements of w processed with special addition: 0 (0.00%)
* Elements of w remaining: 992 (100.00%)
* G1 elements in proof: 2
* G2 elements in proof: 1
* Proof size in bits: 1019
* Elements of w skipped: 0 (0.00%)
* Elements of w processed with special addition: 1 (0.09%)
* Elements of w remaining: 1056 (99.91%)
* Elements of w skipped: 0 (0.00%)
* Elements of w processed with special addition: 0 (0.00%)
* Elements of w remaining: 512 (100.00%)
* Elements of w skipped: 0 (0.00%)
* Elements of w processed with special addition: 0 (0.00%)
* Elements of w remaining: 992 (100.00%)
* G1 elements in proof: 2
* G2 elements in proof: 1
* Proof size in bits: 1019
* Elements of w skipped: 0 (0.00%)
* Elements of w processed with special addition: 1 (0.09%)
* Elements of w remaining: 1056 (99.91%)
* Elements of w skipped: 0 (0.00%)
* Elements of w processed with special addition: 0 (0.00%)
* Elements of w remaining: 512 (100.00%)
* Elements of w skipped: 0 (0.00%)
* Elements of w processed with special addition: 0 (0.00%)
* Elements of w remaining: 992 (100.00%)
* G1 elements in proof: 2
* G2 elements in proof: 1
* Proof size in bits: 1019
* Elements of w skipped: 0 (0.00%)
* Elements of w processed with special addition: 1 (0.09%)
* Elements of w remaining: 1056 (99.91%)
* Elements of w skipped: 0 (0.00%)
* Elements of w processed with special addition: 0 (0.00%)
* Elements of w remaining: 512 (100.00%)
* Elements of w skipped: 0 (0.00%)
* Elements of w processed with special addition: 0 (0.00%)
* Elements of w remaining: 992 (100.00%)
* G1 elements in proof: 2
* G2 elements in proof: 1
* Proof size in bits: 1019
* Elements of w skipped: 0 (0.00%)
* Elements of w processed with special addition: 1 (0.09%)
* Elements of w remaining: 1056 (99.91%)
* Elements of w skipped: 0 (0.00%)
* Elements of w processed with special addition: 0 (0.00%)
* Elements of w remaining: 512 (100.00%)
* Elements of w skipped: 0 (0.00%)
* Elements of w processed with special addition: 0 (0.00%)
* Elements of w remaining: 992 (100.00%)
* G1 elements in proof: 2
* G2 elements in proof: 1
* Proof size in bits: 1019
* Elements of w skipped: 0 (0.00%)
* Elements of w processed with special addition: 1 (0.09%)
* Elements of w remaining: 1056 (99.91%)
* Elements of w skipped: 0 (0.00%)
* Elements of w processed with special addition: 0 (0.00%)
* Elements of w remaining: 512 (100.00%)
* Elements of w skipped: 0 (0.00%)
* Elements of w processed with special addition: 0 (0.00%)
* Elements of w remaining: 992 (100.00%)
* G1 elements in proof: 2
* G2 elements in proof: 1
* Proof size in bits: 1019
* Elements of w skipped: 0 (0.00%)
* Elements of w processed with special addition: 1 (0.09%)
* Elements of w remaining: 1056 (99.91%)
* Elements of w skipped: 0 (0.00%)
* Elements of w processed with special addition: 0 (0.00%)
* Elements of w remaining: 512 (100.00%)
* Elements of w skipped: 0 (0.00%)
* Elements of w processed with special addition: 0 (0.00%)
* Elements of w remaining: 992 (100.00%)
* G1 elements in proof: 2
* G2 elements in proof: 1
* Proof size in bits: 1019
  16      512         154.8         44.38         4.06          PASS      

  Groth16 results written to /Users/heewonchung/Documents/00-Research/active/Updatable Verifiable Computation/Dev/results/2026-03-06_121849_paper/csv/groth16_results.csv

================================================================
All benchmarks complete.
================================================================
  Done in 4s

------------------------------------------------------------
  Running: [4/10] hadamard n=32 B=64
  Command: bench_comparative --circuit hadamard --n 32 --B 64 --output-dir /Users/heewonchung/Documents/00-Research/active/Updatable Verifiable Computation/Dev/results/2026-03-06_121849_paper/csv --reps 10
------------------------------------------------------------
================================================================
Comparative Benchmark: UVC vs Groth16
================================================================
  Circuit: hadamard, n=32, B=64, reps=10
  Output: /Users/heewonchung/Documents/00-Research/active/Updatable Verifiable Computation/Dev/results/2026-03-06_121849_paper/csv/

================================================================
UVC Benchmark: circuit=hadamard, n=32, B=64
================================================================
  Circuit: 32 constraints, 96 vars, state=32, transition=32

  [Setup] Generating CRS for B=64...
* UVC Setup: B=64, n=96, state=32, transition=32
* Composed C_64: 2048 constraints, 4128 variables, 64 inputs
* QAP (C_B) variables: 4128, degree: 2176, inputs: 64
* UVC max compositions (B): 64
* G1 elements in PK: 14498
* G2 elements in PK: 4130
* PK size in bits: 4340348
* H_query_full size: 2175
* Step 2: 64 new wires (0 io, 64 wt)
* Step 3: 64 new wires (0 io, 64 wt)
* Step 4: 64 new wires (0 io, 64 wt)
* Step 5: 64 new wires (0 io, 64 wt)
* Step 6: 64 new wires (0 io, 64 wt)
* Step 7: 64 new wires (0 io, 64 wt)
* Step 8: 64 new wires (0 io, 64 wt)
* Step 9: 64 new wires (0 io, 64 wt)
* Step 10: 64 new wires (0 io, 64 wt)
* Step 11: 64 new wires (0 io, 64 wt)
* Step 12: 64 new wires (0 io, 64 wt)
* Step 13: 64 new wires (0 io, 64 wt)
* Step 14: 64 new wires (0 io, 64 wt)
* Step 15: 64 new wires (0 io, 64 wt)
* Step 16: 64 new wires (0 io, 64 wt)
* Step 17: 64 new wires (0 io, 64 wt)
* Step 18: 64 new wires (0 io, 64 wt)
* Step 19: 64 new wires (0 io, 64 wt)
* Step 20: 64 new wires (0 io, 64 wt)
* Step 21: 64 new wires (0 io, 64 wt)
* Step 22: 64 new wires (0 io, 64 wt)
* Step 23: 64 new wires (0 io, 64 wt)
* Step 24: 64 new wires (0 io, 64 wt)
* Step 25: 64 new wires (0 io, 64 wt)
* Step 26: 64 new wires (0 io, 64 wt)
* Step 27: 64 new wires (0 io, 64 wt)
* Step 28: 64 new wires (0 io, 64 wt)
* Step 29: 64 new wires (0 io, 64 wt)
* Step 30: 64 new wires (0 io, 64 wt)
* Step 31: 64 new wires (0 io, 64 wt)
* Step 32: 64 new wires (0 io, 64 wt)
* Step 33: 64 new wires (0 io, 64 wt)
* Step 34: 64 new wires (0 io, 64 wt)
* Step 35: 64 new wires (0 io, 64 wt)
* Step 36: 64 new wires (0 io, 64 wt)
* Step 37: 64 new wires (0 io, 64 wt)
* Step 38: 64 new wires (0 io, 64 wt)
* Step 39: 64 new wires (0 io, 64 wt)
* Step 40: 64 new wires (0 io, 64 wt)
* Step 41: 64 new wires (0 io, 64 wt)
* Step 42: 64 new wires (0 io, 64 wt)
* Step 43: 64 new wires (0 io, 64 wt)
* Step 44: 64 new wires (0 io, 64 wt)
* Step 45: 64 new wires (0 io, 64 wt)
* Step 46: 64 new wires (0 io, 64 wt)
* Step 47: 64 new wires (0 io, 64 wt)
* Step 48: 64 new wires (0 io, 64 wt)
* Step 49: 64 new wires (0 io, 64 wt)
* Step 50: 64 new wires (0 io, 64 wt)
* Step 51: 64 new wires (0 io, 64 wt)
* Step 52: 64 new wires (0 io, 64 wt)
* Step 53: 64 new wires (0 io, 64 wt)
* Step 54: 64 new wires (0 io, 64 wt)
* Step 55: 64 new wires (0 io, 64 wt)
* Step 56: 64 new wires (0 io, 64 wt)
* Step 57: 64 new wires (0 io, 64 wt)
* Step 58: 64 new wires (0 io, 64 wt)
* Step 59: 64 new wires (0 io, 64 wt)
* Step 60: 64 new wires (0 io, 64 wt)
* Step 61: 64 new wires (0 io, 64 wt)
* Step 62: 64 new wires (0 io, 64 wt)
* Step 63: 64 new wires (0 io, 64 wt)
* Step 64: 64 new wires (0 io, 64 wt)
* UVC VK: 64 max steps
* G2 elements in VK: 2
* GT elements in VK: 1
* gamma_ABC size: 64
  Setup: 786.5 ms, CRS: 18434 G1 + 8163 G2
  Building proof chain (steps 1..64)...
* UVC Prove step 1
* Elements of w skipped: 0 (0.00%)
* Elements of w processed with special addition: 1 (1.03%)
* Elements of w remaining: 96 (98.97%)
* Elements of w skipped: 0 (0.00%)
* Elements of w processed with special addition: 0 (0.00%)
* Elements of w remaining: 32 (100.00%)
* Elements of w skipped: 0 (0.00%)
* Elements of w processed with special addition: 0 (0.00%)
* Elements of w remaining: 32 (100.00%)
* UVC proof at step 1
* G1 elements in proof: 2
* G2 elements in proof: 1
* Proof size in bits: 1019
* Cached h poly size: 2175
* UVC Prove step 2
* Elements of w skipped: 0 (0.00%)
* Elements of w processed with special addition: 0 (0.00%)
* Elements of w remaining: 64 (100.00%)
* Elements of w skipped: 0 (0.00%)
* Elements of w processed with special addition: 0 (0.00%)
* Elements of w remaining: 32 (100.00%)
* Elements of w skipped: 0 (0.00%)
* Elements of w processed with special addition: 0 (0.00%)
* Elements of w remaining: 64 (100.00%)
* UVC proof at step 2
* G1 elements in proof: 2
* G2 elements in proof: 1
* Proof size in bits: 1019
* Cached h poly size: 2175
* UVC Prove step 3
* Elements of w skipped: 0 (0.00%)
* Elements of w processed with special addition: 0 (0.00%)
* Elements of w remaining: 64 (100.00%)
* Elements of w skipped: 0 (0.00%)
* Elements of w processed with special addition: 0 (0.00%)
* Elements of w remaining: 32 (100.00%)
* Elements of w skipped: 0 (0.00%)
* Elements of w processed with special addition: 0 (0.00%)
* Elements of w remaining: 64 (100.00%)
* UVC proof at step 3
* G1 elements in proof: 2
* G2 elements in proof: 1
* Proof size in bits: 1019
* Cached h poly size: 2175
* UVC Prove step 4
* Elements of w skipped: 0 (0.00%)
* Elements of w processed with special addition: 0 (0.00%)
* Elements of w remaining: 64 (100.00%)
* Elements of w skipped: 0 (0.00%)
* Elements of w processed with special addition: 0 (0.00%)
* Elements of w remaining: 32 (100.00%)
* Elements of w skipped: 0 (0.00%)
* Elements of w processed with special addition: 0 (0.00%)
* Elements of w remaining: 64 (100.00%)
* UVC proof at step 4
* G1 elements in proof: 2
* G2 elements in proof: 1
* Proof size in bits: 1019
* Cached h poly size: 2175
* UVC Prove step 5
* Elements of w skipped: 0 (0.00%)
* Elements of w processed with special addition: 0 (0.00%)
* Elements of w remaining: 64 (100.00%)
* Elements of w skipped: 0 (0.00%)
* Elements of w processed with special addition: 0 (0.00%)
* Elements of w remaining: 32 (100.00%)
* Elements of w skipped: 0 (0.00%)
* Elements of w processed with special addition: 0 (0.00%)
* Elements of w remaining: 64 (100.00%)
* UVC proof at step 5
* G1 elements in proof: 2
* G2 elements in proof: 1
* Proof size in bits: 1019
* Cached h poly size: 2175
* UVC Prove step 6
* Elements of w skipped: 0 (0.00%)
* Elements of w processed with special addition: 0 (0.00%)
* Elements of w remaining: 64 (100.00%)
* Elements of w skipped: 0 (0.00%)
* Elements of w processed with special addition: 0 (0.00%)
* Elements of w remaining: 32 (100.00%)
* Elements of w skipped: 0 (0.00%)
* Elements of w processed with special addition: 0 (0.00%)
* Elements of w remaining: 64 (100.00%)
* UVC proof at step 6
* G1 elements in proof: 2
* G2 elements in proof: 1
* Proof size in bits: 1019
* Cached h poly size: 2175
* UVC Prove step 7
* Elements of w skipped: 0 (0.00%)
* Elements of w processed with special addition: 0 (0.00%)
* Elements of w remaining: 64 (100.00%)
* Elements of w skipped: 0 (0.00%)
* Elements of w processed with special addition: 0 (0.00%)
* Elements of w remaining: 32 (100.00%)
* Elements of w skipped: 0 (0.00%)
* Elements of w processed with special addition: 0 (0.00%)
* Elements of w remaining: 64 (100.00%)
* UVC proof at step 7
* G1 elements in proof: 2
* G2 elements in proof: 1
* Proof size in bits: 1019
* Cached h poly size: 2175
* UVC Prove step 8
* Elements of w skipped: 0 (0.00%)
* Elements of w processed with special addition: 0 (0.00%)
* Elements of w remaining: 64 (100.00%)
* Elements of w skipped: 0 (0.00%)
* Elements of w processed with special addition: 0 (0.00%)
* Elements of w remaining: 32 (100.00%)
* Elements of w skipped: 0 (0.00%)
* Elements of w processed with special addition: 0 (0.00%)
* Elements of w remaining: 64 (100.00%)
* UVC proof at step 8
* G1 elements in proof: 2
* G2 elements in proof: 1
* Proof size in bits: 1019
* Cached h poly size: 2175
* UVC Prove step 9
* Elements of w skipped: 0 (0.00%)
* Elements of w processed with special addition: 0 (0.00%)
* Elements of w remaining: 64 (100.00%)
* Elements of w skipped: 0 (0.00%)
* Elements of w processed with special addition: 0 (0.00%)
* Elements of w remaining: 32 (100.00%)
* Elements of w skipped: 0 (0.00%)
* Elements of w processed with special addition: 0 (0.00%)
* Elements of w remaining: 64 (100.00%)
* UVC proof at step 9
* G1 elements in proof: 2
* G2 elements in proof: 1
* Proof size in bits: 1019
* Cached h poly size: 2175
* UVC Prove step 10
* Elements of w skipped: 0 (0.00%)
* Elements of w processed with special addition: 0 (0.00%)
* Elements of w remaining: 64 (100.00%)
* Elements of w skipped: 0 (0.00%)
* Elements of w processed with special addition: 0 (0.00%)
* Elements of w remaining: 32 (100.00%)
* Elements of w skipped: 0 (0.00%)
* Elements of w processed with special addition: 0 (0.00%)
* Elements of w remaining: 64 (100.00%)
* UVC proof at step 10
* G1 elements in proof: 2
* G2 elements in proof: 1
* Proof size in bits: 1019
* Cached h poly size: 2175
* UVC Prove step 11
* Elements of w skipped: 0 (0.00%)
* Elements of w processed with special addition: 0 (0.00%)
* Elements of w remaining: 64 (100.00%)
* Elements of w skipped: 0 (0.00%)
* Elements of w processed with special addition: 0 (0.00%)
* Elements of w remaining: 32 (100.00%)
* Elements of w skipped: 0 (0.00%)
* Elements of w processed with special addition: 0 (0.00%)
* Elements of w remaining: 64 (100.00%)
* UVC proof at step 11
* G1 elements in proof: 2
* G2 elements in proof: 1
* Proof size in bits: 1019
* Cached h poly size: 2175
* UVC Prove step 12
* Elements of w skipped: 0 (0.00%)
* Elements of w processed with special addition: 0 (0.00%)
* Elements of w remaining: 64 (100.00%)
* Elements of w skipped: 0 (0.00%)
* Elements of w processed with special addition: 0 (0.00%)
* Elements of w remaining: 32 (100.00%)
* Elements of w skipped: 0 (0.00%)
* Elements of w processed with special addition: 0 (0.00%)
* Elements of w remaining: 64 (100.00%)
* UVC proof at step 12
* G1 elements in proof: 2
* G2 elements in proof: 1
* Proof size in bits: 1019
* Cached h poly size: 2175
* UVC Prove step 13
* Elements of w skipped: 0 (0.00%)
* Elements of w processed with special addition: 0 (0.00%)
* Elements of w remaining: 64 (100.00%)
* Elements of w skipped: 0 (0.00%)
* Elements of w processed with special addition: 0 (0.00%)
* Elements of w remaining: 32 (100.00%)
* Elements of w skipped: 0 (0.00%)
* Elements of w processed with special addition: 0 (0.00%)
* Elements of w remaining: 64 (100.00%)
* UVC proof at step 13
* G1 elements in proof: 2
* G2 elements in proof: 1
* Proof size in bits: 1019
* Cached h poly size: 2175
* UVC Prove step 14
* Elements of w skipped: 0 (0.00%)
* Elements of w processed with special addition: 0 (0.00%)
* Elements of w remaining: 64 (100.00%)
* Elements of w skipped: 0 (0.00%)
* Elements of w processed with special addition: 0 (0.00%)
* Elements of w remaining: 32 (100.00%)
* Elements of w skipped: 0 (0.00%)
* Elements of w processed with special addition: 0 (0.00%)
* Elements of w remaining: 64 (100.00%)
* UVC proof at step 14
* G1 elements in proof: 2
* G2 elements in proof: 1
* Proof size in bits: 1019
* Cached h poly size: 2175
* UVC Prove step 15
* Elements of w skipped: 0 (0.00%)
* Elements of w processed with special addition: 0 (0.00%)
* Elements of w remaining: 64 (100.00%)
* Elements of w skipped: 0 (0.00%)
* Elements of w processed with special addition: 0 (0.00%)
* Elements of w remaining: 32 (100.00%)
* Elements of w skipped: 0 (0.00%)
* Elements of w processed with special addition: 0 (0.00%)
* Elements of w remaining: 64 (100.00%)
* UVC proof at step 15
* G1 elements in proof: 2
* G2 elements in proof: 1
* Proof size in bits: 1019
* Cached h poly size: 2175
* UVC Prove step 16
* Elements of w skipped: 0 (0.00%)
* Elements of w processed with special addition: 0 (0.00%)
* Elements of w remaining: 64 (100.00%)
* Elements of w skipped: 0 (0.00%)
* Elements of w processed with special addition: 0 (0.00%)
* Elements of w remaining: 32 (100.00%)
* Elements of w skipped: 0 (0.00%)
* Elements of w processed with special addition: 0 (0.00%)
* Elements of w remaining: 64 (100.00%)
* UVC proof at step 16
* G1 elements in proof: 2
* G2 elements in proof: 1
* Proof size in bits: 1019
* Cached h poly size: 2175
* UVC Prove step 17
* Elements of w skipped: 0 (0.00%)
* Elements of w processed with special addition: 0 (0.00%)
* Elements of w remaining: 64 (100.00%)
* Elements of w skipped: 0 (0.00%)
* Elements of w processed with special addition: 0 (0.00%)
* Elements of w remaining: 32 (100.00%)
* Elements of w skipped: 0 (0.00%)
* Elements of w processed with special addition: 0 (0.00%)
* Elements of w remaining: 64 (100.00%)
* UVC proof at step 17
* G1 elements in proof: 2
* G2 elements in proof: 1
* Proof size in bits: 1019
* Cached h poly size: 2175
* UVC Prove step 18
* Elements of w skipped: 0 (0.00%)
* Elements of w processed with special addition: 0 (0.00%)
* Elements of w remaining: 64 (100.00%)
* Elements of w skipped: 0 (0.00%)
* Elements of w processed with special addition: 0 (0.00%)
* Elements of w remaining: 32 (100.00%)
* Elements of w skipped: 0 (0.00%)
* Elements of w processed with special addition: 0 (0.00%)
* Elements of w remaining: 64 (100.00%)
* UVC proof at step 18
* G1 elements in proof: 2
* G2 elements in proof: 1
* Proof size in bits: 1019
* Cached h poly size: 2175
* UVC Prove step 19
* Elements of w skipped: 0 (0.00%)
* Elements of w processed with special addition: 0 (0.00%)
* Elements of w remaining: 64 (100.00%)
* Elements of w skipped: 0 (0.00%)
* Elements of w processed with special addition: 0 (0.00%)
* Elements of w remaining: 32 (100.00%)
* Elements of w skipped: 0 (0.00%)
* Elements of w processed with special addition: 0 (0.00%)
* Elements of w remaining: 64 (100.00%)
* UVC proof at step 19
* G1 elements in proof: 2
* G2 elements in proof: 1
* Proof size in bits: 1019
* Cached h poly size: 2175
* UVC Prove step 20
* Elements of w skipped: 0 (0.00%)
* Elements of w processed with special addition: 0 (0.00%)
* Elements of w remaining: 64 (100.00%)
* Elements of w skipped: 0 (0.00%)
* Elements of w processed with special addition: 0 (0.00%)
* Elements of w remaining: 32 (100.00%)
* Elements of w skipped: 0 (0.00%)
* Elements of w processed with special addition: 0 (0.00%)
* Elements of w remaining: 64 (100.00%)
* UVC proof at step 20
* G1 elements in proof: 2
* G2 elements in proof: 1
* Proof size in bits: 1019
* Cached h poly size: 2175
* UVC Prove step 21
* Elements of w skipped: 0 (0.00%)
* Elements of w processed with special addition: 0 (0.00%)
* Elements of w remaining: 64 (100.00%)
* Elements of w skipped: 0 (0.00%)
* Elements of w processed with special addition: 0 (0.00%)
* Elements of w remaining: 32 (100.00%)
* Elements of w skipped: 0 (0.00%)
* Elements of w processed with special addition: 0 (0.00%)
* Elements of w remaining: 64 (100.00%)
* UVC proof at step 21
* G1 elements in proof: 2
* G2 elements in proof: 1
* Proof size in bits: 1019
* Cached h poly size: 2175
* UVC Prove step 22
* Elements of w skipped: 0 (0.00%)
* Elements of w processed with special addition: 0 (0.00%)
* Elements of w remaining: 64 (100.00%)
* Elements of w skipped: 0 (0.00%)
* Elements of w processed with special addition: 0 (0.00%)
* Elements of w remaining: 32 (100.00%)
* Elements of w skipped: 0 (0.00%)
* Elements of w processed with special addition: 0 (0.00%)
* Elements of w remaining: 64 (100.00%)
* UVC proof at step 22
* G1 elements in proof: 2
* G2 elements in proof: 1
* Proof size in bits: 1019
* Cached h poly size: 2175
* UVC Prove step 23
* Elements of w skipped: 0 (0.00%)
* Elements of w processed with special addition: 0 (0.00%)
* Elements of w remaining: 64 (100.00%)
* Elements of w skipped: 0 (0.00%)
* Elements of w processed with special addition: 0 (0.00%)
* Elements of w remaining: 32 (100.00%)
* Elements of w skipped: 0 (0.00%)
* Elements of w processed with special addition: 0 (0.00%)
* Elements of w remaining: 64 (100.00%)
* UVC proof at step 23
* G1 elements in proof: 2
* G2 elements in proof: 1
* Proof size in bits: 1019
* Cached h poly size: 2175
* UVC Prove step 24
* Elements of w skipped: 0 (0.00%)
* Elements of w processed with special addition: 0 (0.00%)
* Elements of w remaining: 64 (100.00%)
* Elements of w skipped: 0 (0.00%)
* Elements of w processed with special addition: 0 (0.00%)
* Elements of w remaining: 32 (100.00%)
* Elements of w skipped: 0 (0.00%)
* Elements of w processed with special addition: 0 (0.00%)
* Elements of w remaining: 64 (100.00%)
* UVC proof at step 24
* G1 elements in proof: 2
* G2 elements in proof: 1
* Proof size in bits: 1019
* Cached h poly size: 2175
* UVC Prove step 25
* Elements of w skipped: 0 (0.00%)
* Elements of w processed with special addition: 0 (0.00%)
* Elements of w remaining: 64 (100.00%)
* Elements of w skipped: 0 (0.00%)
* Elements of w processed with special addition: 0 (0.00%)
* Elements of w remaining: 32 (100.00%)
* Elements of w skipped: 0 (0.00%)
* Elements of w processed with special addition: 0 (0.00%)
* Elements of w remaining: 64 (100.00%)
* UVC proof at step 25
* G1 elements in proof: 2
* G2 elements in proof: 1
* Proof size in bits: 1019
* Cached h poly size: 2175
* UVC Prove step 26
* Elements of w skipped: 0 (0.00%)
* Elements of w processed with special addition: 0 (0.00%)
* Elements of w remaining: 64 (100.00%)
* Elements of w skipped: 0 (0.00%)
* Elements of w processed with special addition: 0 (0.00%)
* Elements of w remaining: 32 (100.00%)
* Elements of w skipped: 0 (0.00%)
* Elements of w processed with special addition: 0 (0.00%)
* Elements of w remaining: 64 (100.00%)
* UVC proof at step 26
* G1 elements in proof: 2
* G2 elements in proof: 1
* Proof size in bits: 1019
* Cached h poly size: 2175
* UVC Prove step 27
* Elements of w skipped: 0 (0.00%)
* Elements of w processed with special addition: 0 (0.00%)
* Elements of w remaining: 64 (100.00%)
* Elements of w skipped: 0 (0.00%)
* Elements of w processed with special addition: 0 (0.00%)
* Elements of w remaining: 32 (100.00%)
* Elements of w skipped: 0 (0.00%)
* Elements of w processed with special addition: 0 (0.00%)
* Elements of w remaining: 64 (100.00%)
* UVC proof at step 27
* G1 elements in proof: 2
* G2 elements in proof: 1
* Proof size in bits: 1019
* Cached h poly size: 2175
* UVC Prove step 28
* Elements of w skipped: 0 (0.00%)
* Elements of w processed with special addition: 0 (0.00%)
* Elements of w remaining: 64 (100.00%)
* Elements of w skipped: 0 (0.00%)
* Elements of w processed with special addition: 0 (0.00%)
* Elements of w remaining: 32 (100.00%)
* Elements of w skipped: 0 (0.00%)
* Elements of w processed with special addition: 0 (0.00%)
* Elements of w remaining: 64 (100.00%)
* UVC proof at step 28
* G1 elements in proof: 2
* G2 elements in proof: 1
* Proof size in bits: 1019
* Cached h poly size: 2175
* UVC Prove step 29
* Elements of w skipped: 0 (0.00%)
* Elements of w processed with special addition: 0 (0.00%)
* Elements of w remaining: 64 (100.00%)
* Elements of w skipped: 0 (0.00%)
* Elements of w processed with special addition: 0 (0.00%)
* Elements of w remaining: 32 (100.00%)
* Elements of w skipped: 0 (0.00%)
* Elements of w processed with special addition: 0 (0.00%)
* Elements of w remaining: 64 (100.00%)
* UVC proof at step 29
* G1 elements in proof: 2
* G2 elements in proof: 1
* Proof size in bits: 1019
* Cached h poly size: 2175
* UVC Prove step 30
* Elements of w skipped: 0 (0.00%)
* Elements of w processed with special addition: 0 (0.00%)
* Elements of w remaining: 64 (100.00%)
* Elements of w skipped: 0 (0.00%)
* Elements of w processed with special addition: 0 (0.00%)
* Elements of w remaining: 32 (100.00%)
* Elements of w skipped: 0 (0.00%)
* Elements of w processed with special addition: 0 (0.00%)
* Elements of w remaining: 64 (100.00%)
* UVC proof at step 30
* G1 elements in proof: 2
* G2 elements in proof: 1
* Proof size in bits: 1019
* Cached h poly size: 2175
* UVC Prove step 31
* Elements of w skipped: 0 (0.00%)
* Elements of w processed with special addition: 0 (0.00%)
* Elements of w remaining: 64 (100.00%)
* Elements of w skipped: 0 (0.00%)
* Elements of w processed with special addition: 0 (0.00%)
* Elements of w remaining: 32 (100.00%)
* Elements of w skipped: 0 (0.00%)
* Elements of w processed with special addition: 0 (0.00%)
* Elements of w remaining: 64 (100.00%)
* UVC proof at step 31
* G1 elements in proof: 2
* G2 elements in proof: 1
* Proof size in bits: 1019
* Cached h poly size: 2175
* UVC Prove step 32
* Elements of w skipped: 0 (0.00%)
* Elements of w processed with special addition: 0 (0.00%)
* Elements of w remaining: 64 (100.00%)
* Elements of w skipped: 0 (0.00%)
* Elements of w processed with special addition: 0 (0.00%)
* Elements of w remaining: 32 (100.00%)
* Elements of w skipped: 0 (0.00%)
* Elements of w processed with special addition: 0 (0.00%)
* Elements of w remaining: 64 (100.00%)
* UVC proof at step 32
* G1 elements in proof: 2
* G2 elements in proof: 1
* Proof size in bits: 1019
* Cached h poly size: 2175
* UVC Prove step 33
* Elements of w skipped: 0 (0.00%)
* Elements of w processed with special addition: 0 (0.00%)
* Elements of w remaining: 64 (100.00%)
* Elements of w skipped: 0 (0.00%)
* Elements of w processed with special addition: 0 (0.00%)
* Elements of w remaining: 32 (100.00%)
* Elements of w skipped: 0 (0.00%)
* Elements of w processed with special addition: 0 (0.00%)
* Elements of w remaining: 64 (100.00%)
* UVC proof at step 33
* G1 elements in proof: 2
* G2 elements in proof: 1
* Proof size in bits: 1019
* Cached h poly size: 2175
* UVC Prove step 34
* Elements of w skipped: 0 (0.00%)
* Elements of w processed with special addition: 0 (0.00%)
* Elements of w remaining: 64 (100.00%)
* Elements of w skipped: 0 (0.00%)
* Elements of w processed with special addition: 0 (0.00%)
* Elements of w remaining: 32 (100.00%)
* Elements of w skipped: 0 (0.00%)
* Elements of w processed with special addition: 0 (0.00%)
* Elements of w remaining: 64 (100.00%)
* UVC proof at step 34
* G1 elements in proof: 2
* G2 elements in proof: 1
* Proof size in bits: 1019
* Cached h poly size: 2175
* UVC Prove step 35
* Elements of w skipped: 0 (0.00%)
* Elements of w processed with special addition: 0 (0.00%)
* Elements of w remaining: 64 (100.00%)
* Elements of w skipped: 0 (0.00%)
* Elements of w processed with special addition: 0 (0.00%)
* Elements of w remaining: 32 (100.00%)
* Elements of w skipped: 0 (0.00%)
* Elements of w processed with special addition: 0 (0.00%)
* Elements of w remaining: 64 (100.00%)
* UVC proof at step 35
* G1 elements in proof: 2
* G2 elements in proof: 1
* Proof size in bits: 1019
* Cached h poly size: 2175
* UVC Prove step 36
* Elements of w skipped: 0 (0.00%)
* Elements of w processed with special addition: 0 (0.00%)
* Elements of w remaining: 64 (100.00%)
* Elements of w skipped: 0 (0.00%)
* Elements of w processed with special addition: 0 (0.00%)
* Elements of w remaining: 32 (100.00%)
* Elements of w skipped: 0 (0.00%)
* Elements of w processed with special addition: 0 (0.00%)
* Elements of w remaining: 64 (100.00%)
* UVC proof at step 36
* G1 elements in proof: 2
* G2 elements in proof: 1
* Proof size in bits: 1019
* Cached h poly size: 2175
* UVC Prove step 37
* Elements of w skipped: 0 (0.00%)
* Elements of w processed with special addition: 0 (0.00%)
* Elements of w remaining: 64 (100.00%)
* Elements of w skipped: 0 (0.00%)
* Elements of w processed with special addition: 0 (0.00%)
* Elements of w remaining: 32 (100.00%)
* Elements of w skipped: 0 (0.00%)
* Elements of w processed with special addition: 0 (0.00%)
* Elements of w remaining: 64 (100.00%)
* UVC proof at step 37
* G1 elements in proof: 2
* G2 elements in proof: 1
* Proof size in bits: 1019
* Cached h poly size: 2175
* UVC Prove step 38
* Elements of w skipped: 0 (0.00%)
* Elements of w processed with special addition: 0 (0.00%)
* Elements of w remaining: 64 (100.00%)
* Elements of w skipped: 0 (0.00%)
* Elements of w processed with special addition: 0 (0.00%)
* Elements of w remaining: 32 (100.00%)
* Elements of w skipped: 0 (0.00%)
* Elements of w processed with special addition: 0 (0.00%)
* Elements of w remaining: 64 (100.00%)
* UVC proof at step 38
* G1 elements in proof: 2
* G2 elements in proof: 1
* Proof size in bits: 1019
* Cached h poly size: 2175
* UVC Prove step 39
* Elements of w skipped: 0 (0.00%)
* Elements of w processed with special addition: 0 (0.00%)
* Elements of w remaining: 64 (100.00%)
* Elements of w skipped: 0 (0.00%)
* Elements of w processed with special addition: 0 (0.00%)
* Elements of w remaining: 32 (100.00%)
* Elements of w skipped: 0 (0.00%)
* Elements of w processed with special addition: 0 (0.00%)
* Elements of w remaining: 64 (100.00%)
* UVC proof at step 39
* G1 elements in proof: 2
* G2 elements in proof: 1
* Proof size in bits: 1019
* Cached h poly size: 2175
* UVC Prove step 40
* Elements of w skipped: 0 (0.00%)
* Elements of w processed with special addition: 0 (0.00%)
* Elements of w remaining: 64 (100.00%)
* Elements of w skipped: 0 (0.00%)
* Elements of w processed with special addition: 0 (0.00%)
* Elements of w remaining: 32 (100.00%)
* Elements of w skipped: 0 (0.00%)
* Elements of w processed with special addition: 0 (0.00%)
* Elements of w remaining: 64 (100.00%)
* UVC proof at step 40
* G1 elements in proof: 2
* G2 elements in proof: 1
* Proof size in bits: 1019
* Cached h poly size: 2175
* UVC Prove step 41
* Elements of w skipped: 0 (0.00%)
* Elements of w processed with special addition: 0 (0.00%)
* Elements of w remaining: 64 (100.00%)
* Elements of w skipped: 0 (0.00%)
* Elements of w processed with special addition: 0 (0.00%)
* Elements of w remaining: 32 (100.00%)
* Elements of w skipped: 0 (0.00%)
* Elements of w processed with special addition: 0 (0.00%)
* Elements of w remaining: 64 (100.00%)
* UVC proof at step 41
* G1 elements in proof: 2
* G2 elements in proof: 1
* Proof size in bits: 1019
* Cached h poly size: 2175
* UVC Prove step 42
* Elements of w skipped: 0 (0.00%)
* Elements of w processed with special addition: 0 (0.00%)
* Elements of w remaining: 64 (100.00%)
* Elements of w skipped: 0 (0.00%)
* Elements of w processed with special addition: 0 (0.00%)
* Elements of w remaining: 32 (100.00%)
* Elements of w skipped: 0 (0.00%)
* Elements of w processed with special addition: 0 (0.00%)
* Elements of w remaining: 64 (100.00%)
* UVC proof at step 42
* G1 elements in proof: 2
* G2 elements in proof: 1
* Proof size in bits: 1019
* Cached h poly size: 2175
* UVC Prove step 43
* Elements of w skipped: 0 (0.00%)
* Elements of w processed with special addition: 0 (0.00%)
* Elements of w remaining: 64 (100.00%)
* Elements of w skipped: 0 (0.00%)
* Elements of w processed with special addition: 0 (0.00%)
* Elements of w remaining: 32 (100.00%)
* Elements of w skipped: 0 (0.00%)
* Elements of w processed with special addition: 0 (0.00%)
* Elements of w remaining: 64 (100.00%)
* UVC proof at step 43
* G1 elements in proof: 2
* G2 elements in proof: 1
* Proof size in bits: 1019
* Cached h poly size: 2175
* UVC Prove step 44
* Elements of w skipped: 0 (0.00%)
* Elements of w processed with special addition: 0 (0.00%)
* Elements of w remaining: 64 (100.00%)
* Elements of w skipped: 0 (0.00%)
* Elements of w processed with special addition: 0 (0.00%)
* Elements of w remaining: 32 (100.00%)
* Elements of w skipped: 0 (0.00%)
* Elements of w processed with special addition: 0 (0.00%)
* Elements of w remaining: 64 (100.00%)
* UVC proof at step 44
* G1 elements in proof: 2
* G2 elements in proof: 1
* Proof size in bits: 1019
* Cached h poly size: 2175
* UVC Prove step 45
* Elements of w skipped: 0 (0.00%)
* Elements of w processed with special addition: 0 (0.00%)
* Elements of w remaining: 64 (100.00%)
* Elements of w skipped: 0 (0.00%)
* Elements of w processed with special addition: 0 (0.00%)
* Elements of w remaining: 32 (100.00%)
* Elements of w skipped: 0 (0.00%)
* Elements of w processed with special addition: 0 (0.00%)
* Elements of w remaining: 64 (100.00%)
* UVC proof at step 45
* G1 elements in proof: 2
* G2 elements in proof: 1
* Proof size in bits: 1019
* Cached h poly size: 2175
* UVC Prove step 46
* Elements of w skipped: 0 (0.00%)
* Elements of w processed with special addition: 0 (0.00%)
* Elements of w remaining: 64 (100.00%)
* Elements of w skipped: 0 (0.00%)
* Elements of w processed with special addition: 0 (0.00%)
* Elements of w remaining: 32 (100.00%)
* Elements of w skipped: 0 (0.00%)
* Elements of w processed with special addition: 0 (0.00%)
* Elements of w remaining: 64 (100.00%)
* UVC proof at step 46
* G1 elements in proof: 2
* G2 elements in proof: 1
* Proof size in bits: 1019
* Cached h poly size: 2175
* UVC Prove step 47
* Elements of w skipped: 0 (0.00%)
* Elements of w processed with special addition: 0 (0.00%)
* Elements of w remaining: 64 (100.00%)
* Elements of w skipped: 0 (0.00%)
* Elements of w processed with special addition: 0 (0.00%)
* Elements of w remaining: 32 (100.00%)
* Elements of w skipped: 0 (0.00%)
* Elements of w processed with special addition: 0 (0.00%)
* Elements of w remaining: 64 (100.00%)
* UVC proof at step 47
* G1 elements in proof: 2
* G2 elements in proof: 1
* Proof size in bits: 1019
* Cached h poly size: 2175
* UVC Prove step 48
* Elements of w skipped: 0 (0.00%)
* Elements of w processed with special addition: 0 (0.00%)
* Elements of w remaining: 64 (100.00%)
* Elements of w skipped: 0 (0.00%)
* Elements of w processed with special addition: 0 (0.00%)
* Elements of w remaining: 32 (100.00%)
* Elements of w skipped: 0 (0.00%)
* Elements of w processed with special addition: 0 (0.00%)
* Elements of w remaining: 64 (100.00%)
* UVC proof at step 48
* G1 elements in proof: 2
* G2 elements in proof: 1
* Proof size in bits: 1019
* Cached h poly size: 2175
* UVC Prove step 49
* Elements of w skipped: 0 (0.00%)
* Elements of w processed with special addition: 0 (0.00%)
* Elements of w remaining: 64 (100.00%)
* Elements of w skipped: 0 (0.00%)
* Elements of w processed with special addition: 0 (0.00%)
* Elements of w remaining: 32 (100.00%)
* Elements of w skipped: 0 (0.00%)
* Elements of w processed with special addition: 0 (0.00%)
* Elements of w remaining: 64 (100.00%)
* UVC proof at step 49
* G1 elements in proof: 2
* G2 elements in proof: 1
* Proof size in bits: 1019
* Cached h poly size: 2175
* UVC Prove step 50
* Elements of w skipped: 0 (0.00%)
* Elements of w processed with special addition: 0 (0.00%)
* Elements of w remaining: 64 (100.00%)
* Elements of w skipped: 0 (0.00%)
* Elements of w processed with special addition: 0 (0.00%)
* Elements of w remaining: 32 (100.00%)
* Elements of w skipped: 0 (0.00%)
* Elements of w processed with special addition: 0 (0.00%)
* Elements of w remaining: 64 (100.00%)
* UVC proof at step 50
* G1 elements in proof: 2
* G2 elements in proof: 1
* Proof size in bits: 1019
* Cached h poly size: 2175
* UVC Prove step 51
* Elements of w skipped: 0 (0.00%)
* Elements of w processed with special addition: 0 (0.00%)
* Elements of w remaining: 64 (100.00%)
* Elements of w skipped: 0 (0.00%)
* Elements of w processed with special addition: 0 (0.00%)
* Elements of w remaining: 32 (100.00%)
* Elements of w skipped: 0 (0.00%)
* Elements of w processed with special addition: 0 (0.00%)
* Elements of w remaining: 64 (100.00%)
* UVC proof at step 51
* G1 elements in proof: 2
* G2 elements in proof: 1
* Proof size in bits: 1019
* Cached h poly size: 2175
* UVC Prove step 52
* Elements of w skipped: 0 (0.00%)
* Elements of w processed with special addition: 0 (0.00%)
* Elements of w remaining: 64 (100.00%)
* Elements of w skipped: 0 (0.00%)
* Elements of w processed with special addition: 0 (0.00%)
* Elements of w remaining: 32 (100.00%)
* Elements of w skipped: 0 (0.00%)
* Elements of w processed with special addition: 0 (0.00%)
* Elements of w remaining: 64 (100.00%)
* UVC proof at step 52
* G1 elements in proof: 2
* G2 elements in proof: 1
* Proof size in bits: 1019
* Cached h poly size: 2175
* UVC Prove step 53
* Elements of w skipped: 0 (0.00%)
* Elements of w processed with special addition: 0 (0.00%)
* Elements of w remaining: 64 (100.00%)
* Elements of w skipped: 0 (0.00%)
* Elements of w processed with special addition: 0 (0.00%)
* Elements of w remaining: 32 (100.00%)
* Elements of w skipped: 0 (0.00%)
* Elements of w processed with special addition: 0 (0.00%)
* Elements of w remaining: 64 (100.00%)
* UVC proof at step 53
* G1 elements in proof: 2
* G2 elements in proof: 1
* Proof size in bits: 1019
* Cached h poly size: 2175
* UVC Prove step 54
* Elements of w skipped: 0 (0.00%)
* Elements of w processed with special addition: 0 (0.00%)
* Elements of w remaining: 64 (100.00%)
* Elements of w skipped: 0 (0.00%)
* Elements of w processed with special addition: 0 (0.00%)
* Elements of w remaining: 32 (100.00%)
* Elements of w skipped: 0 (0.00%)
* Elements of w processed with special addition: 0 (0.00%)
* Elements of w remaining: 64 (100.00%)
* UVC proof at step 54
* G1 elements in proof: 2
* G2 elements in proof: 1
* Proof size in bits: 1019
* Cached h poly size: 2175
* UVC Prove step 55
* Elements of w skipped: 0 (0.00%)
* Elements of w processed with special addition: 0 (0.00%)
* Elements of w remaining: 64 (100.00%)
* Elements of w skipped: 0 (0.00%)
* Elements of w processed with special addition: 0 (0.00%)
* Elements of w remaining: 32 (100.00%)
* Elements of w skipped: 0 (0.00%)
* Elements of w processed with special addition: 0 (0.00%)
* Elements of w remaining: 64 (100.00%)
* UVC proof at step 55
* G1 elements in proof: 2
* G2 elements in proof: 1
* Proof size in bits: 1019
* Cached h poly size: 2175
* UVC Prove step 56
* Elements of w skipped: 0 (0.00%)
* Elements of w processed with special addition: 0 (0.00%)
* Elements of w remaining: 64 (100.00%)
* Elements of w skipped: 0 (0.00%)
* Elements of w processed with special addition: 0 (0.00%)
* Elements of w remaining: 32 (100.00%)
* Elements of w skipped: 0 (0.00%)
* Elements of w processed with special addition: 0 (0.00%)
* Elements of w remaining: 64 (100.00%)
* UVC proof at step 56
* G1 elements in proof: 2
* G2 elements in proof: 1
* Proof size in bits: 1019
* Cached h poly size: 2175
* UVC Prove step 57
* Elements of w skipped: 0 (0.00%)
* Elements of w processed with special addition: 0 (0.00%)
* Elements of w remaining: 64 (100.00%)
* Elements of w skipped: 0 (0.00%)
* Elements of w processed with special addition: 0 (0.00%)
* Elements of w remaining: 32 (100.00%)
* Elements of w skipped: 0 (0.00%)
* Elements of w processed with special addition: 0 (0.00%)
* Elements of w remaining: 64 (100.00%)
* UVC proof at step 57
* G1 elements in proof: 2
* G2 elements in proof: 1
* Proof size in bits: 1019
* Cached h poly size: 2175
* UVC Prove step 58
* Elements of w skipped: 0 (0.00%)
* Elements of w processed with special addition: 0 (0.00%)
* Elements of w remaining: 64 (100.00%)
* Elements of w skipped: 0 (0.00%)
* Elements of w processed with special addition: 0 (0.00%)
* Elements of w remaining: 32 (100.00%)
* Elements of w skipped: 0 (0.00%)
* Elements of w processed with special addition: 0 (0.00%)
* Elements of w remaining: 64 (100.00%)
* UVC proof at step 58
* G1 elements in proof: 2
* G2 elements in proof: 1
* Proof size in bits: 1019
* Cached h poly size: 2175
* UVC Prove step 59
* Elements of w skipped: 0 (0.00%)
* Elements of w processed with special addition: 0 (0.00%)
* Elements of w remaining: 64 (100.00%)
* Elements of w skipped: 0 (0.00%)
* Elements of w processed with special addition: 0 (0.00%)
* Elements of w remaining: 32 (100.00%)
* Elements of w skipped: 0 (0.00%)
* Elements of w processed with special addition: 0 (0.00%)
* Elements of w remaining: 64 (100.00%)
* UVC proof at step 59
* G1 elements in proof: 2
* G2 elements in proof: 1
* Proof size in bits: 1019
* Cached h poly size: 2175
* UVC Prove step 60
* Elements of w skipped: 0 (0.00%)
* Elements of w processed with special addition: 0 (0.00%)
* Elements of w remaining: 64 (100.00%)
* Elements of w skipped: 0 (0.00%)
* Elements of w processed with special addition: 0 (0.00%)
* Elements of w remaining: 32 (100.00%)
* Elements of w skipped: 0 (0.00%)
* Elements of w processed with special addition: 0 (0.00%)
* Elements of w remaining: 64 (100.00%)
* UVC proof at step 60
* G1 elements in proof: 2
* G2 elements in proof: 1
* Proof size in bits: 1019
* Cached h poly size: 2175
* UVC Prove step 61
* Elements of w skipped: 0 (0.00%)
* Elements of w processed with special addition: 0 (0.00%)
* Elements of w remaining: 64 (100.00%)
* Elements of w skipped: 0 (0.00%)
* Elements of w processed with special addition: 0 (0.00%)
* Elements of w remaining: 32 (100.00%)
* Elements of w skipped: 0 (0.00%)
* Elements of w processed with special addition: 0 (0.00%)
* Elements of w remaining: 64 (100.00%)
* UVC proof at step 61
* G1 elements in proof: 2
* G2 elements in proof: 1
* Proof size in bits: 1019
* Cached h poly size: 2175
* UVC Prove step 62
* Elements of w skipped: 0 (0.00%)
* Elements of w processed with special addition: 0 (0.00%)
* Elements of w remaining: 64 (100.00%)
* Elements of w skipped: 0 (0.00%)
* Elements of w processed with special addition: 0 (0.00%)
* Elements of w remaining: 32 (100.00%)
* Elements of w skipped: 0 (0.00%)
* Elements of w processed with special addition: 0 (0.00%)
* Elements of w remaining: 64 (100.00%)
* UVC proof at step 62
* G1 elements in proof: 2
* G2 elements in proof: 1
* Proof size in bits: 1019
* Cached h poly size: 2175
* UVC Prove step 63
* Elements of w skipped: 0 (0.00%)
* Elements of w processed with special addition: 0 (0.00%)
* Elements of w remaining: 64 (100.00%)
* Elements of w skipped: 0 (0.00%)
* Elements of w processed with special addition: 0 (0.00%)
* Elements of w remaining: 32 (100.00%)
* Elements of w skipped: 0 (0.00%)
* Elements of w processed with special addition: 0 (0.00%)
* Elements of w remaining: 64 (100.00%)
* UVC proof at step 63
* G1 elements in proof: 2
* G2 elements in proof: 1
* Proof size in bits: 1019
* Cached h poly size: 2175
* UVC Prove step 64
* Elements of w skipped: 0 (0.00%)
* Elements of w processed with special addition: 0 (0.00%)
* Elements of w remaining: 64 (100.00%)
* Elements of w skipped: 0 (0.00%)
* Elements of w processed with special addition: 0 (0.00%)
* Elements of w remaining: 32 (100.00%)
* Elements of w skipped: 0 (0.00%)
* Elements of w processed with special addition: 0 (0.00%)
* Elements of w remaining: 64 (100.00%)
* UVC proof at step 64
* G1 elements in proof: 2
* G2 elements in proof: 1
* Proof size in bits: 1019
* Cached h poly size: 2175

  Step    Prove (ms)    Verify (ms)   Proof bits    Verified  
  ------  ------------  ------------  ------------  ----------
* UVC Prove step 1
* Elements of w skipped: 0 (0.00%)
* Elements of w processed with special addition: 1 (1.03%)
* Elements of w remaining: 96 (98.97%)
* Elements of w skipped: 0 (0.00%)
* Elements of w processed with special addition: 0 (0.00%)
* Elements of w remaining: 32 (100.00%)
* Elements of w skipped: 0 (0.00%)
* Elements of w processed with special addition: 0 (0.00%)
* Elements of w remaining: 32 (100.00%)
* UVC proof at step 1
* G1 elements in proof: 2
* G2 elements in proof: 1
* Proof size in bits: 1019
* Cached h poly size: 2175
* UVC Prove step 1
* Elements of w skipped: 0 (0.00%)
* Elements of w processed with special addition: 1 (1.03%)
* Elements of w remaining: 96 (98.97%)
* Elements of w skipped: 0 (0.00%)
* Elements of w processed with special addition: 0 (0.00%)
* Elements of w remaining: 32 (100.00%)
* Elements of w skipped: 0 (0.00%)
* Elements of w processed with special addition: 0 (0.00%)
* Elements of w remaining: 32 (100.00%)
* UVC proof at step 1
* G1 elements in proof: 2
* G2 elements in proof: 1
* Proof size in bits: 1019
* Cached h poly size: 2175
* UVC Prove step 1
* Elements of w skipped: 0 (0.00%)
* Elements of w processed with special addition: 1 (1.03%)
* Elements of w remaining: 96 (98.97%)
* Elements of w skipped: 0 (0.00%)
* Elements of w processed with special addition: 0 (0.00%)
* Elements of w remaining: 32 (100.00%)
* Elements of w skipped: 0 (0.00%)
* Elements of w processed with special addition: 0 (0.00%)
* Elements of w remaining: 32 (100.00%)
* UVC proof at step 1
* G1 elements in proof: 2
* G2 elements in proof: 1
* Proof size in bits: 1019
* Cached h poly size: 2175
* UVC Prove step 1
* Elements of w skipped: 0 (0.00%)
* Elements of w processed with special addition: 1 (1.03%)
* Elements of w remaining: 96 (98.97%)
* Elements of w skipped: 0 (0.00%)
* Elements of w processed with special addition: 0 (0.00%)
* Elements of w remaining: 32 (100.00%)
* Elements of w skipped: 0 (0.00%)
* Elements of w processed with special addition: 0 (0.00%)
* Elements of w remaining: 32 (100.00%)
* UVC proof at step 1
* G1 elements in proof: 2
* G2 elements in proof: 1
* Proof size in bits: 1019
* Cached h poly size: 2175
* UVC Prove step 1
* Elements of w skipped: 0 (0.00%)
* Elements of w processed with special addition: 1 (1.03%)
* Elements of w remaining: 96 (98.97%)
* Elements of w skipped: 0 (0.00%)
* Elements of w processed with special addition: 0 (0.00%)
* Elements of w remaining: 32 (100.00%)
* Elements of w skipped: 0 (0.00%)
* Elements of w processed with special addition: 0 (0.00%)
* Elements of w remaining: 32 (100.00%)
* UVC proof at step 1
* G1 elements in proof: 2
* G2 elements in proof: 1
* Proof size in bits: 1019
* Cached h poly size: 2175
* UVC Prove step 1
* Elements of w skipped: 0 (0.00%)
* Elements of w processed with special addition: 1 (1.03%)
* Elements of w remaining: 96 (98.97%)
* Elements of w skipped: 0 (0.00%)
* Elements of w processed with special addition: 0 (0.00%)
* Elements of w remaining: 32 (100.00%)
* Elements of w skipped: 0 (0.00%)
* Elements of w processed with special addition: 0 (0.00%)
* Elements of w remaining: 32 (100.00%)
* UVC proof at step 1
* G1 elements in proof: 2
* G2 elements in proof: 1
* Proof size in bits: 1019
* Cached h poly size: 2175
* UVC Prove step 1
* Elements of w skipped: 0 (0.00%)
* Elements of w processed with special addition: 1 (1.03%)
* Elements of w remaining: 96 (98.97%)
* Elements of w skipped: 0 (0.00%)
* Elements of w processed with special addition: 0 (0.00%)
* Elements of w remaining: 32 (100.00%)
* Elements of w skipped: 0 (0.00%)
* Elements of w processed with special addition: 0 (0.00%)
* Elements of w remaining: 32 (100.00%)
* UVC proof at step 1
* G1 elements in proof: 2
* G2 elements in proof: 1
* Proof size in bits: 1019
* Cached h poly size: 2175
* UVC Prove step 1
* Elements of w skipped: 0 (0.00%)
* Elements of w processed with special addition: 1 (1.03%)
* Elements of w remaining: 96 (98.97%)
* Elements of w skipped: 0 (0.00%)
* Elements of w processed with special addition: 0 (0.00%)
* Elements of w remaining: 32 (100.00%)
* Elements of w skipped: 0 (0.00%)
* Elements of w processed with special addition: 0 (0.00%)
* Elements of w remaining: 32 (100.00%)
* UVC proof at step 1
* G1 elements in proof: 2
* G2 elements in proof: 1
* Proof size in bits: 1019
* Cached h poly size: 2175
* UVC Prove step 1
* Elements of w skipped: 0 (0.00%)
* Elements of w processed with special addition: 1 (1.03%)
* Elements of w remaining: 96 (98.97%)
* Elements of w skipped: 0 (0.00%)
* Elements of w processed with special addition: 0 (0.00%)
* Elements of w remaining: 32 (100.00%)
* Elements of w skipped: 0 (0.00%)
* Elements of w processed with special addition: 0 (0.00%)
* Elements of w remaining: 32 (100.00%)
* UVC proof at step 1
* G1 elements in proof: 2
* G2 elements in proof: 1
* Proof size in bits: 1019
* Cached h poly size: 2175
* UVC Prove step 1
* Elements of w skipped: 0 (0.00%)
* Elements of w processed with special addition: 1 (1.03%)
* Elements of w remaining: 96 (98.97%)
* Elements of w skipped: 0 (0.00%)
* Elements of w processed with special addition: 0 (0.00%)
* Elements of w remaining: 32 (100.00%)
* Elements of w skipped: 0 (0.00%)
* Elements of w processed with special addition: 0 (0.00%)
* Elements of w remaining: 32 (100.00%)
* UVC proof at step 1
* G1 elements in proof: 2
* G2 elements in proof: 1
* Proof size in bits: 1019
* Cached h poly size: 2175
* UVC Verify step 1: PASS
* UVC Verify step 1: PASS
* UVC Verify step 1: PASS
* UVC Verify step 1: PASS
* UVC Verify step 1: PASS
* UVC Verify step 1: PASS
* UVC Verify step 1: PASS
* UVC Verify step 1: PASS
* UVC Verify step 1: PASS
* UVC Verify step 1: PASS
  1       72.14         4.16          1019          PASS      
* UVC Prove step 2
* Elements of w skipped: 0 (0.00%)
* Elements of w processed with special addition: 0 (0.00%)
* Elements of w remaining: 64 (100.00%)
* Elements of w skipped: 0 (0.00%)
* Elements of w processed with special addition: 0 (0.00%)
* Elements of w remaining: 32 (100.00%)
* Elements of w skipped: 0 (0.00%)
* Elements of w processed with special addition: 0 (0.00%)
* Elements of w remaining: 64 (100.00%)
* UVC proof at step 2
* G1 elements in proof: 2
* G2 elements in proof: 1
* Proof size in bits: 1019
* Cached h poly size: 2175
* UVC Prove step 2
* Elements of w skipped: 0 (0.00%)
* Elements of w processed with special addition: 0 (0.00%)
* Elements of w remaining: 64 (100.00%)
* Elements of w skipped: 0 (0.00%)
* Elements of w processed with special addition: 0 (0.00%)
* Elements of w remaining: 32 (100.00%)
* Elements of w skipped: 0 (0.00%)
* Elements of w processed with special addition: 0 (0.00%)
* Elements of w remaining: 64 (100.00%)
* UVC proof at step 2
* G1 elements in proof: 2
* G2 elements in proof: 1
* Proof size in bits: 1019
* Cached h poly size: 2175
* UVC Prove step 2
* Elements of w skipped: 0 (0.00%)
* Elements of w processed with special addition: 0 (0.00%)
* Elements of w remaining: 64 (100.00%)
* Elements of w skipped: 0 (0.00%)
* Elements of w processed with special addition: 0 (0.00%)
* Elements of w remaining: 32 (100.00%)
* Elements of w skipped: 0 (0.00%)
* Elements of w processed with special addition: 0 (0.00%)
* Elements of w remaining: 64 (100.00%)
* UVC proof at step 2
* G1 elements in proof: 2
* G2 elements in proof: 1
* Proof size in bits: 1019
* Cached h poly size: 2175
* UVC Prove step 2
* Elements of w skipped: 0 (0.00%)
* Elements of w processed with special addition: 0 (0.00%)
* Elements of w remaining: 64 (100.00%)
* Elements of w skipped: 0 (0.00%)
* Elements of w processed with special addition: 0 (0.00%)
* Elements of w remaining: 32 (100.00%)
* Elements of w skipped: 0 (0.00%)
* Elements of w processed with special addition: 0 (0.00%)
* Elements of w remaining: 64 (100.00%)
* UVC proof at step 2
* G1 elements in proof: 2
* G2 elements in proof: 1
* Proof size in bits: 1019
* Cached h poly size: 2175
* UVC Prove step 2
* Elements of w skipped: 0 (0.00%)
* Elements of w processed with special addition: 0 (0.00%)
* Elements of w remaining: 64 (100.00%)
* Elements of w skipped: 0 (0.00%)
* Elements of w processed with special addition: 0 (0.00%)
* Elements of w remaining: 32 (100.00%)
* Elements of w skipped: 0 (0.00%)
* Elements of w processed with special addition: 0 (0.00%)
* Elements of w remaining: 64 (100.00%)
* UVC proof at step 2
* G1 elements in proof: 2
* G2 elements in proof: 1
* Proof size in bits: 1019
* Cached h poly size: 2175
* UVC Prove step 2
* Elements of w skipped: 0 (0.00%)
* Elements of w processed with special addition: 0 (0.00%)
* Elements of w remaining: 64 (100.00%)
* Elements of w skipped: 0 (0.00%)
* Elements of w processed with special addition: 0 (0.00%)
* Elements of w remaining: 32 (100.00%)
* Elements of w skipped: 0 (0.00%)
* Elements of w processed with special addition: 0 (0.00%)
* Elements of w remaining: 64 (100.00%)
* UVC proof at step 2
* G1 elements in proof: 2
* G2 elements in proof: 1
* Proof size in bits: 1019
* Cached h poly size: 2175
* UVC Prove step 2
* Elements of w skipped: 0 (0.00%)
* Elements of w processed with special addition: 0 (0.00%)
* Elements of w remaining: 64 (100.00%)
* Elements of w skipped: 0 (0.00%)
* Elements of w processed with special addition: 0 (0.00%)
* Elements of w remaining: 32 (100.00%)
* Elements of w skipped: 0 (0.00%)
* Elements of w processed with special addition: 0 (0.00%)
* Elements of w remaining: 64 (100.00%)
* UVC proof at step 2
* G1 elements in proof: 2
* G2 elements in proof: 1
* Proof size in bits: 1019
* Cached h poly size: 2175
* UVC Prove step 2
* Elements of w skipped: 0 (0.00%)
* Elements of w processed with special addition: 0 (0.00%)
* Elements of w remaining: 64 (100.00%)
* Elements of w skipped: 0 (0.00%)
* Elements of w processed with special addition: 0 (0.00%)
* Elements of w remaining: 32 (100.00%)
* Elements of w skipped: 0 (0.00%)
* Elements of w processed with special addition: 0 (0.00%)
* Elements of w remaining: 64 (100.00%)
* UVC proof at step 2
* G1 elements in proof: 2
* G2 elements in proof: 1
* Proof size in bits: 1019
* Cached h poly size: 2175
* UVC Prove step 2
* Elements of w skipped: 0 (0.00%)
* Elements of w processed with special addition: 0 (0.00%)
* Elements of w remaining: 64 (100.00%)
* Elements of w skipped: 0 (0.00%)
* Elements of w processed with special addition: 0 (0.00%)
* Elements of w remaining: 32 (100.00%)
* Elements of w skipped: 0 (0.00%)
* Elements of w processed with special addition: 0 (0.00%)
* Elements of w remaining: 64 (100.00%)
* UVC proof at step 2
* G1 elements in proof: 2
* G2 elements in proof: 1
* Proof size in bits: 1019
* Cached h poly size: 2175
* UVC Prove step 2
* Elements of w skipped: 0 (0.00%)
* Elements of w processed with special addition: 0 (0.00%)
* Elements of w remaining: 64 (100.00%)
* Elements of w skipped: 0 (0.00%)
* Elements of w processed with special addition: 0 (0.00%)
* Elements of w remaining: 32 (100.00%)
* Elements of w skipped: 0 (0.00%)
* Elements of w processed with special addition: 0 (0.00%)
* Elements of w remaining: 64 (100.00%)
* UVC proof at step 2
* G1 elements in proof: 2
* G2 elements in proof: 1
* Proof size in bits: 1019
* Cached h poly size: 2175
* UVC Verify step 2: PASS
* UVC Verify step 2: PASS
* UVC Verify step 2: PASS
* UVC Verify step 2: PASS
* UVC Verify step 2: PASS
* UVC Verify step 2: PASS
* UVC Verify step 2: PASS
* UVC Verify step 2: PASS
* UVC Verify step 2: PASS
* UVC Verify step 2: PASS
  2       72.60         4.15          1019          PASS      
* UVC Prove step 4
* Elements of w skipped: 0 (0.00%)
* Elements of w processed with special addition: 0 (0.00%)
* Elements of w remaining: 64 (100.00%)
* Elements of w skipped: 0 (0.00%)
* Elements of w processed with special addition: 0 (0.00%)
* Elements of w remaining: 32 (100.00%)
* Elements of w skipped: 0 (0.00%)
* Elements of w processed with special addition: 0 (0.00%)
* Elements of w remaining: 64 (100.00%)
* UVC proof at step 4
* G1 elements in proof: 2
* G2 elements in proof: 1
* Proof size in bits: 1019
* Cached h poly size: 2175
* UVC Prove step 4
* Elements of w skipped: 0 (0.00%)
* Elements of w processed with special addition: 0 (0.00%)
* Elements of w remaining: 64 (100.00%)
* Elements of w skipped: 0 (0.00%)
* Elements of w processed with special addition: 0 (0.00%)
* Elements of w remaining: 32 (100.00%)
* Elements of w skipped: 0 (0.00%)
* Elements of w processed with special addition: 0 (0.00%)
* Elements of w remaining: 64 (100.00%)
* UVC proof at step 4
* G1 elements in proof: 2
* G2 elements in proof: 1
* Proof size in bits: 1019
* Cached h poly size: 2175
* UVC Prove step 4
* Elements of w skipped: 0 (0.00%)
* Elements of w processed with special addition: 0 (0.00%)
* Elements of w remaining: 64 (100.00%)
* Elements of w skipped: 0 (0.00%)
* Elements of w processed with special addition: 0 (0.00%)
* Elements of w remaining: 32 (100.00%)
* Elements of w skipped: 0 (0.00%)
* Elements of w processed with special addition: 0 (0.00%)
* Elements of w remaining: 64 (100.00%)
* UVC proof at step 4
* G1 elements in proof: 2
* G2 elements in proof: 1
* Proof size in bits: 1019
* Cached h poly size: 2175
* UVC Prove step 4
* Elements of w skipped: 0 (0.00%)
* Elements of w processed with special addition: 0 (0.00%)
* Elements of w remaining: 64 (100.00%)
* Elements of w skipped: 0 (0.00%)
* Elements of w processed with special addition: 0 (0.00%)
* Elements of w remaining: 32 (100.00%)
* Elements of w skipped: 0 (0.00%)
* Elements of w processed with special addition: 0 (0.00%)
* Elements of w remaining: 64 (100.00%)
* UVC proof at step 4
* G1 elements in proof: 2
* G2 elements in proof: 1
* Proof size in bits: 1019
* Cached h poly size: 2175
* UVC Prove step 4
* Elements of w skipped: 0 (0.00%)
* Elements of w processed with special addition: 0 (0.00%)
* Elements of w remaining: 64 (100.00%)
* Elements of w skipped: 0 (0.00%)
* Elements of w processed with special addition: 0 (0.00%)
* Elements of w remaining: 32 (100.00%)
* Elements of w skipped: 0 (0.00%)
* Elements of w processed with special addition: 0 (0.00%)
* Elements of w remaining: 64 (100.00%)
* UVC proof at step 4
* G1 elements in proof: 2
* G2 elements in proof: 1
* Proof size in bits: 1019
* Cached h poly size: 2175
* UVC Prove step 4
* Elements of w skipped: 0 (0.00%)
* Elements of w processed with special addition: 0 (0.00%)
* Elements of w remaining: 64 (100.00%)
* Elements of w skipped: 0 (0.00%)
* Elements of w processed with special addition: 0 (0.00%)
* Elements of w remaining: 32 (100.00%)
* Elements of w skipped: 0 (0.00%)
* Elements of w processed with special addition: 0 (0.00%)
* Elements of w remaining: 64 (100.00%)
* UVC proof at step 4
* G1 elements in proof: 2
* G2 elements in proof: 1
* Proof size in bits: 1019
* Cached h poly size: 2175
* UVC Prove step 4
* Elements of w skipped: 0 (0.00%)
* Elements of w processed with special addition: 0 (0.00%)
* Elements of w remaining: 64 (100.00%)
* Elements of w skipped: 0 (0.00%)
* Elements of w processed with special addition: 0 (0.00%)
* Elements of w remaining: 32 (100.00%)
* Elements of w skipped: 0 (0.00%)
* Elements of w processed with special addition: 0 (0.00%)
* Elements of w remaining: 64 (100.00%)
* UVC proof at step 4
* G1 elements in proof: 2
* G2 elements in proof: 1
* Proof size in bits: 1019
* Cached h poly size: 2175
* UVC Prove step 4
* Elements of w skipped: 0 (0.00%)
* Elements of w processed with special addition: 0 (0.00%)
* Elements of w remaining: 64 (100.00%)
* Elements of w skipped: 0 (0.00%)
* Elements of w processed with special addition: 0 (0.00%)
* Elements of w remaining: 32 (100.00%)
* Elements of w skipped: 0 (0.00%)
* Elements of w processed with special addition: 0 (0.00%)
* Elements of w remaining: 64 (100.00%)
* UVC proof at step 4
* G1 elements in proof: 2
* G2 elements in proof: 1
* Proof size in bits: 1019
* Cached h poly size: 2175
* UVC Prove step 4
* Elements of w skipped: 0 (0.00%)
* Elements of w processed with special addition: 0 (0.00%)
* Elements of w remaining: 64 (100.00%)
* Elements of w skipped: 0 (0.00%)
* Elements of w processed with special addition: 0 (0.00%)
* Elements of w remaining: 32 (100.00%)
* Elements of w skipped: 0 (0.00%)
* Elements of w processed with special addition: 0 (0.00%)
* Elements of w remaining: 64 (100.00%)
* UVC proof at step 4
* G1 elements in proof: 2
* G2 elements in proof: 1
* Proof size in bits: 1019
* Cached h poly size: 2175
* UVC Prove step 4
* Elements of w skipped: 0 (0.00%)
* Elements of w processed with special addition: 0 (0.00%)
* Elements of w remaining: 64 (100.00%)
* Elements of w skipped: 0 (0.00%)
* Elements of w processed with special addition: 0 (0.00%)
* Elements of w remaining: 32 (100.00%)
* Elements of w skipped: 0 (0.00%)
* Elements of w processed with special addition: 0 (0.00%)
* Elements of w remaining: 64 (100.00%)
* UVC proof at step 4
* G1 elements in proof: 2
* G2 elements in proof: 1
* Proof size in bits: 1019
* Cached h poly size: 2175
* UVC Verify step 4: PASS
* UVC Verify step 4: PASS
* UVC Verify step 4: PASS
* UVC Verify step 4: PASS
* UVC Verify step 4: PASS
* UVC Verify step 4: PASS
* UVC Verify step 4: PASS
* UVC Verify step 4: PASS
* UVC Verify step 4: PASS
* UVC Verify step 4: PASS
  4       72.59         4.15          1019          PASS      
* UVC Prove step 8
* Elements of w skipped: 0 (0.00%)
* Elements of w processed with special addition: 0 (0.00%)
* Elements of w remaining: 64 (100.00%)
* Elements of w skipped: 0 (0.00%)
* Elements of w processed with special addition: 0 (0.00%)
* Elements of w remaining: 32 (100.00%)
* Elements of w skipped: 0 (0.00%)
* Elements of w processed with special addition: 0 (0.00%)
* Elements of w remaining: 64 (100.00%)
* UVC proof at step 8
* G1 elements in proof: 2
* G2 elements in proof: 1
* Proof size in bits: 1019
* Cached h poly size: 2175
* UVC Prove step 8
* Elements of w skipped: 0 (0.00%)
* Elements of w processed with special addition: 0 (0.00%)
* Elements of w remaining: 64 (100.00%)
* Elements of w skipped: 0 (0.00%)
* Elements of w processed with special addition: 0 (0.00%)
* Elements of w remaining: 32 (100.00%)
* Elements of w skipped: 0 (0.00%)
* Elements of w processed with special addition: 0 (0.00%)
* Elements of w remaining: 64 (100.00%)
* UVC proof at step 8
* G1 elements in proof: 2
* G2 elements in proof: 1
* Proof size in bits: 1019
* Cached h poly size: 2175
* UVC Prove step 8
* Elements of w skipped: 0 (0.00%)
* Elements of w processed with special addition: 0 (0.00%)
* Elements of w remaining: 64 (100.00%)
* Elements of w skipped: 0 (0.00%)
* Elements of w processed with special addition: 0 (0.00%)
* Elements of w remaining: 32 (100.00%)
* Elements of w skipped: 0 (0.00%)
* Elements of w processed with special addition: 0 (0.00%)
* Elements of w remaining: 64 (100.00%)
* UVC proof at step 8
* G1 elements in proof: 2
* G2 elements in proof: 1
* Proof size in bits: 1019
* Cached h poly size: 2175
* UVC Prove step 8
* Elements of w skipped: 0 (0.00%)
* Elements of w processed with special addition: 0 (0.00%)
* Elements of w remaining: 64 (100.00%)
* Elements of w skipped: 0 (0.00%)
* Elements of w processed with special addition: 0 (0.00%)
* Elements of w remaining: 32 (100.00%)
* Elements of w skipped: 0 (0.00%)
* Elements of w processed with special addition: 0 (0.00%)
* Elements of w remaining: 64 (100.00%)
* UVC proof at step 8
* G1 elements in proof: 2
* G2 elements in proof: 1
* Proof size in bits: 1019
* Cached h poly size: 2175
* UVC Prove step 8
* Elements of w skipped: 0 (0.00%)
* Elements of w processed with special addition: 0 (0.00%)
* Elements of w remaining: 64 (100.00%)
* Elements of w skipped: 0 (0.00%)
* Elements of w processed with special addition: 0 (0.00%)
* Elements of w remaining: 32 (100.00%)
* Elements of w skipped: 0 (0.00%)
* Elements of w processed with special addition: 0 (0.00%)
* Elements of w remaining: 64 (100.00%)
* UVC proof at step 8
* G1 elements in proof: 2
* G2 elements in proof: 1
* Proof size in bits: 1019
* Cached h poly size: 2175
* UVC Prove step 8
* Elements of w skipped: 0 (0.00%)
* Elements of w processed with special addition: 0 (0.00%)
* Elements of w remaining: 64 (100.00%)
* Elements of w skipped: 0 (0.00%)
* Elements of w processed with special addition: 0 (0.00%)
* Elements of w remaining: 32 (100.00%)
* Elements of w skipped: 0 (0.00%)
* Elements of w processed with special addition: 0 (0.00%)
* Elements of w remaining: 64 (100.00%)
* UVC proof at step 8
* G1 elements in proof: 2
* G2 elements in proof: 1
* Proof size in bits: 1019
* Cached h poly size: 2175
* UVC Prove step 8
* Elements of w skipped: 0 (0.00%)
* Elements of w processed with special addition: 0 (0.00%)
* Elements of w remaining: 64 (100.00%)
* Elements of w skipped: 0 (0.00%)
* Elements of w processed with special addition: 0 (0.00%)
* Elements of w remaining: 32 (100.00%)
* Elements of w skipped: 0 (0.00%)
* Elements of w processed with special addition: 0 (0.00%)
* Elements of w remaining: 64 (100.00%)
* UVC proof at step 8
* G1 elements in proof: 2
* G2 elements in proof: 1
* Proof size in bits: 1019
* Cached h poly size: 2175
* UVC Prove step 8
* Elements of w skipped: 0 (0.00%)
* Elements of w processed with special addition: 0 (0.00%)
* Elements of w remaining: 64 (100.00%)
* Elements of w skipped: 0 (0.00%)
* Elements of w processed with special addition: 0 (0.00%)
* Elements of w remaining: 32 (100.00%)
* Elements of w skipped: 0 (0.00%)
* Elements of w processed with special addition: 0 (0.00%)
* Elements of w remaining: 64 (100.00%)
* UVC proof at step 8
* G1 elements in proof: 2
* G2 elements in proof: 1
* Proof size in bits: 1019
* Cached h poly size: 2175
* UVC Prove step 8
* Elements of w skipped: 0 (0.00%)
* Elements of w processed with special addition: 0 (0.00%)
* Elements of w remaining: 64 (100.00%)
* Elements of w skipped: 0 (0.00%)
* Elements of w processed with special addition: 0 (0.00%)
* Elements of w remaining: 32 (100.00%)
* Elements of w skipped: 0 (0.00%)
* Elements of w processed with special addition: 0 (0.00%)
* Elements of w remaining: 64 (100.00%)
* UVC proof at step 8
* G1 elements in proof: 2
* G2 elements in proof: 1
* Proof size in bits: 1019
* Cached h poly size: 2175
* UVC Prove step 8
* Elements of w skipped: 0 (0.00%)
* Elements of w processed with special addition: 0 (0.00%)
* Elements of w remaining: 64 (100.00%)
* Elements of w skipped: 0 (0.00%)
* Elements of w processed with special addition: 0 (0.00%)
* Elements of w remaining: 32 (100.00%)
* Elements of w skipped: 0 (0.00%)
* Elements of w processed with special addition: 0 (0.00%)
* Elements of w remaining: 64 (100.00%)
* UVC proof at step 8
* G1 elements in proof: 2
* G2 elements in proof: 1
* Proof size in bits: 1019
* Cached h poly size: 2175
* UVC Verify step 8: PASS
* UVC Verify step 8: PASS
* UVC Verify step 8: PASS
* UVC Verify step 8: PASS
* UVC Verify step 8: PASS
* UVC Verify step 8: PASS
* UVC Verify step 8: PASS
* UVC Verify step 8: PASS
* UVC Verify step 8: PASS
* UVC Verify step 8: PASS
  8       72.94         4.15          1019          PASS      
* UVC Prove step 16
* Elements of w skipped: 0 (0.00%)
* Elements of w processed with special addition: 0 (0.00%)
* Elements of w remaining: 64 (100.00%)
* Elements of w skipped: 0 (0.00%)
* Elements of w processed with special addition: 0 (0.00%)
* Elements of w remaining: 32 (100.00%)
* Elements of w skipped: 0 (0.00%)
* Elements of w processed with special addition: 0 (0.00%)
* Elements of w remaining: 64 (100.00%)
* UVC proof at step 16
* G1 elements in proof: 2
* G2 elements in proof: 1
* Proof size in bits: 1019
* Cached h poly size: 2175
* UVC Prove step 16
* Elements of w skipped: 0 (0.00%)
* Elements of w processed with special addition: 0 (0.00%)
* Elements of w remaining: 64 (100.00%)
* Elements of w skipped: 0 (0.00%)
* Elements of w processed with special addition: 0 (0.00%)
* Elements of w remaining: 32 (100.00%)
* Elements of w skipped: 0 (0.00%)
* Elements of w processed with special addition: 0 (0.00%)
* Elements of w remaining: 64 (100.00%)
* UVC proof at step 16
* G1 elements in proof: 2
* G2 elements in proof: 1
* Proof size in bits: 1019
* Cached h poly size: 2175
* UVC Prove step 16
* Elements of w skipped: 0 (0.00%)
* Elements of w processed with special addition: 0 (0.00%)
* Elements of w remaining: 64 (100.00%)
* Elements of w skipped: 0 (0.00%)
* Elements of w processed with special addition: 0 (0.00%)
* Elements of w remaining: 32 (100.00%)
* Elements of w skipped: 0 (0.00%)
* Elements of w processed with special addition: 0 (0.00%)
* Elements of w remaining: 64 (100.00%)
* UVC proof at step 16
* G1 elements in proof: 2
* G2 elements in proof: 1
* Proof size in bits: 1019
* Cached h poly size: 2175
* UVC Prove step 16
* Elements of w skipped: 0 (0.00%)
* Elements of w processed with special addition: 0 (0.00%)
* Elements of w remaining: 64 (100.00%)
* Elements of w skipped: 0 (0.00%)
* Elements of w processed with special addition: 0 (0.00%)
* Elements of w remaining: 32 (100.00%)
* Elements of w skipped: 0 (0.00%)
* Elements of w processed with special addition: 0 (0.00%)
* Elements of w remaining: 64 (100.00%)
* UVC proof at step 16
* G1 elements in proof: 2
* G2 elements in proof: 1
* Proof size in bits: 1019
* Cached h poly size: 2175
* UVC Prove step 16
* Elements of w skipped: 0 (0.00%)
* Elements of w processed with special addition: 0 (0.00%)
* Elements of w remaining: 64 (100.00%)
* Elements of w skipped: 0 (0.00%)
* Elements of w processed with special addition: 0 (0.00%)
* Elements of w remaining: 32 (100.00%)
* Elements of w skipped: 0 (0.00%)
* Elements of w processed with special addition: 0 (0.00%)
* Elements of w remaining: 64 (100.00%)
* UVC proof at step 16
* G1 elements in proof: 2
* G2 elements in proof: 1
* Proof size in bits: 1019
* Cached h poly size: 2175
* UVC Prove step 16
* Elements of w skipped: 0 (0.00%)
* Elements of w processed with special addition: 0 (0.00%)
* Elements of w remaining: 64 (100.00%)
* Elements of w skipped: 0 (0.00%)
* Elements of w processed with special addition: 0 (0.00%)
* Elements of w remaining: 32 (100.00%)
* Elements of w skipped: 0 (0.00%)
* Elements of w processed with special addition: 0 (0.00%)
* Elements of w remaining: 64 (100.00%)
* UVC proof at step 16
* G1 elements in proof: 2
* G2 elements in proof: 1
* Proof size in bits: 1019
* Cached h poly size: 2175
* UVC Prove step 16
* Elements of w skipped: 0 (0.00%)
* Elements of w processed with special addition: 0 (0.00%)
* Elements of w remaining: 64 (100.00%)
* Elements of w skipped: 0 (0.00%)
* Elements of w processed with special addition: 0 (0.00%)
* Elements of w remaining: 32 (100.00%)
* Elements of w skipped: 0 (0.00%)
* Elements of w processed with special addition: 0 (0.00%)
* Elements of w remaining: 64 (100.00%)
* UVC proof at step 16
* G1 elements in proof: 2
* G2 elements in proof: 1
* Proof size in bits: 1019
* Cached h poly size: 2175
* UVC Prove step 16
* Elements of w skipped: 0 (0.00%)
* Elements of w processed with special addition: 0 (0.00%)
* Elements of w remaining: 64 (100.00%)
* Elements of w skipped: 0 (0.00%)
* Elements of w processed with special addition: 0 (0.00%)
* Elements of w remaining: 32 (100.00%)
* Elements of w skipped: 0 (0.00%)
* Elements of w processed with special addition: 0 (0.00%)
* Elements of w remaining: 64 (100.00%)
* UVC proof at step 16
* G1 elements in proof: 2
* G2 elements in proof: 1
* Proof size in bits: 1019
* Cached h poly size: 2175
* UVC Prove step 16
* Elements of w skipped: 0 (0.00%)
* Elements of w processed with special addition: 0 (0.00%)
* Elements of w remaining: 64 (100.00%)
* Elements of w skipped: 0 (0.00%)
* Elements of w processed with special addition: 0 (0.00%)
* Elements of w remaining: 32 (100.00%)
* Elements of w skipped: 0 (0.00%)
* Elements of w processed with special addition: 0 (0.00%)
* Elements of w remaining: 64 (100.00%)
* UVC proof at step 16
* G1 elements in proof: 2
* G2 elements in proof: 1
* Proof size in bits: 1019
* Cached h poly size: 2175
* UVC Prove step 16
* Elements of w skipped: 0 (0.00%)
* Elements of w processed with special addition: 0 (0.00%)
* Elements of w remaining: 64 (100.00%)
* Elements of w skipped: 0 (0.00%)
* Elements of w processed with special addition: 0 (0.00%)
* Elements of w remaining: 32 (100.00%)
* Elements of w skipped: 0 (0.00%)
* Elements of w processed with special addition: 0 (0.00%)
* Elements of w remaining: 64 (100.00%)
* UVC proof at step 16
* G1 elements in proof: 2
* G2 elements in proof: 1
* Proof size in bits: 1019
* Cached h poly size: 2175
* UVC Verify step 16: PASS
* UVC Verify step 16: PASS
* UVC Verify step 16: PASS
* UVC Verify step 16: PASS
* UVC Verify step 16: PASS
* UVC Verify step 16: PASS
* UVC Verify step 16: PASS
* UVC Verify step 16: PASS
* UVC Verify step 16: PASS
* UVC Verify step 16: PASS
  16      73.87         4.14          1019          PASS      
* UVC Prove step 32
* Elements of w skipped: 0 (0.00%)
* Elements of w processed with special addition: 0 (0.00%)
* Elements of w remaining: 64 (100.00%)
* Elements of w skipped: 0 (0.00%)
* Elements of w processed with special addition: 0 (0.00%)
* Elements of w remaining: 32 (100.00%)
* Elements of w skipped: 0 (0.00%)
* Elements of w processed with special addition: 0 (0.00%)
* Elements of w remaining: 64 (100.00%)
* UVC proof at step 32
* G1 elements in proof: 2
* G2 elements in proof: 1
* Proof size in bits: 1019
* Cached h poly size: 2175
* UVC Prove step 32
* Elements of w skipped: 0 (0.00%)
* Elements of w processed with special addition: 0 (0.00%)
* Elements of w remaining: 64 (100.00%)
* Elements of w skipped: 0 (0.00%)
* Elements of w processed with special addition: 0 (0.00%)
* Elements of w remaining: 32 (100.00%)
* Elements of w skipped: 0 (0.00%)
* Elements of w processed with special addition: 0 (0.00%)
* Elements of w remaining: 64 (100.00%)
* UVC proof at step 32
* G1 elements in proof: 2
* G2 elements in proof: 1
* Proof size in bits: 1019
* Cached h poly size: 2175
* UVC Prove step 32
* Elements of w skipped: 0 (0.00%)
* Elements of w processed with special addition: 0 (0.00%)
* Elements of w remaining: 64 (100.00%)
* Elements of w skipped: 0 (0.00%)
* Elements of w processed with special addition: 0 (0.00%)
* Elements of w remaining: 32 (100.00%)
* Elements of w skipped: 0 (0.00%)
* Elements of w processed with special addition: 0 (0.00%)
* Elements of w remaining: 64 (100.00%)
* UVC proof at step 32
* G1 elements in proof: 2
* G2 elements in proof: 1
* Proof size in bits: 1019
* Cached h poly size: 2175
* UVC Prove step 32
* Elements of w skipped: 0 (0.00%)
* Elements of w processed with special addition: 0 (0.00%)
* Elements of w remaining: 64 (100.00%)
* Elements of w skipped: 0 (0.00%)
* Elements of w processed with special addition: 0 (0.00%)
* Elements of w remaining: 32 (100.00%)
* Elements of w skipped: 0 (0.00%)
* Elements of w processed with special addition: 0 (0.00%)
* Elements of w remaining: 64 (100.00%)
* UVC proof at step 32
* G1 elements in proof: 2
* G2 elements in proof: 1
* Proof size in bits: 1019
* Cached h poly size: 2175
* UVC Prove step 32
* Elements of w skipped: 0 (0.00%)
* Elements of w processed with special addition: 0 (0.00%)
* Elements of w remaining: 64 (100.00%)
* Elements of w skipped: 0 (0.00%)
* Elements of w processed with special addition: 0 (0.00%)
* Elements of w remaining: 32 (100.00%)
* Elements of w skipped: 0 (0.00%)
* Elements of w processed with special addition: 0 (0.00%)
* Elements of w remaining: 64 (100.00%)
* UVC proof at step 32
* G1 elements in proof: 2
* G2 elements in proof: 1
* Proof size in bits: 1019
* Cached h poly size: 2175
* UVC Prove step 32
* Elements of w skipped: 0 (0.00%)
* Elements of w processed with special addition: 0 (0.00%)
* Elements of w remaining: 64 (100.00%)
* Elements of w skipped: 0 (0.00%)
* Elements of w processed with special addition: 0 (0.00%)
* Elements of w remaining: 32 (100.00%)
* Elements of w skipped: 0 (0.00%)
* Elements of w processed with special addition: 0 (0.00%)
* Elements of w remaining: 64 (100.00%)
* UVC proof at step 32
* G1 elements in proof: 2
* G2 elements in proof: 1
* Proof size in bits: 1019
* Cached h poly size: 2175
* UVC Prove step 32
* Elements of w skipped: 0 (0.00%)
* Elements of w processed with special addition: 0 (0.00%)
* Elements of w remaining: 64 (100.00%)
* Elements of w skipped: 0 (0.00%)
* Elements of w processed with special addition: 0 (0.00%)
* Elements of w remaining: 32 (100.00%)
* Elements of w skipped: 0 (0.00%)
* Elements of w processed with special addition: 0 (0.00%)
* Elements of w remaining: 64 (100.00%)
* UVC proof at step 32
* G1 elements in proof: 2
* G2 elements in proof: 1
* Proof size in bits: 1019
* Cached h poly size: 2175
* UVC Prove step 32
* Elements of w skipped: 0 (0.00%)
* Elements of w processed with special addition: 0 (0.00%)
* Elements of w remaining: 64 (100.00%)
* Elements of w skipped: 0 (0.00%)
* Elements of w processed with special addition: 0 (0.00%)
* Elements of w remaining: 32 (100.00%)
* Elements of w skipped: 0 (0.00%)
* Elements of w processed with special addition: 0 (0.00%)
* Elements of w remaining: 64 (100.00%)
* UVC proof at step 32
* G1 elements in proof: 2
* G2 elements in proof: 1
* Proof size in bits: 1019
* Cached h poly size: 2175
* UVC Prove step 32
* Elements of w skipped: 0 (0.00%)
* Elements of w processed with special addition: 0 (0.00%)
* Elements of w remaining: 64 (100.00%)
* Elements of w skipped: 0 (0.00%)
* Elements of w processed with special addition: 0 (0.00%)
* Elements of w remaining: 32 (100.00%)
* Elements of w skipped: 0 (0.00%)
* Elements of w processed with special addition: 0 (0.00%)
* Elements of w remaining: 64 (100.00%)
* UVC proof at step 32
* G1 elements in proof: 2
* G2 elements in proof: 1
* Proof size in bits: 1019
* Cached h poly size: 2175
* UVC Prove step 32
* Elements of w skipped: 0 (0.00%)
* Elements of w processed with special addition: 0 (0.00%)
* Elements of w remaining: 64 (100.00%)
* Elements of w skipped: 0 (0.00%)
* Elements of w processed with special addition: 0 (0.00%)
* Elements of w remaining: 32 (100.00%)
* Elements of w skipped: 0 (0.00%)
* Elements of w processed with special addition: 0 (0.00%)
* Elements of w remaining: 64 (100.00%)
* UVC proof at step 32
* G1 elements in proof: 2
* G2 elements in proof: 1
* Proof size in bits: 1019
* Cached h poly size: 2175
* UVC Verify step 32: PASS
* UVC Verify step 32: PASS
* UVC Verify step 32: PASS
* UVC Verify step 32: PASS
* UVC Verify step 32: PASS
* UVC Verify step 32: PASS
* UVC Verify step 32: PASS
* UVC Verify step 32: PASS
* UVC Verify step 32: PASS
* UVC Verify step 32: PASS
  32      76.00         4.18          1019          PASS      
* UVC Prove step 64
* Elements of w skipped: 0 (0.00%)
* Elements of w processed with special addition: 0 (0.00%)
* Elements of w remaining: 64 (100.00%)
* Elements of w skipped: 0 (0.00%)
* Elements of w processed with special addition: 0 (0.00%)
* Elements of w remaining: 32 (100.00%)
* Elements of w skipped: 0 (0.00%)
* Elements of w processed with special addition: 0 (0.00%)
* Elements of w remaining: 64 (100.00%)
* UVC proof at step 64
* G1 elements in proof: 2
* G2 elements in proof: 1
* Proof size in bits: 1019
* Cached h poly size: 2175
* UVC Prove step 64
* Elements of w skipped: 0 (0.00%)
* Elements of w processed with special addition: 0 (0.00%)
* Elements of w remaining: 64 (100.00%)
* Elements of w skipped: 0 (0.00%)
* Elements of w processed with special addition: 0 (0.00%)
* Elements of w remaining: 32 (100.00%)
* Elements of w skipped: 0 (0.00%)
* Elements of w processed with special addition: 0 (0.00%)
* Elements of w remaining: 64 (100.00%)
* UVC proof at step 64
* G1 elements in proof: 2
* G2 elements in proof: 1
* Proof size in bits: 1019
* Cached h poly size: 2175
* UVC Prove step 64
* Elements of w skipped: 0 (0.00%)
* Elements of w processed with special addition: 0 (0.00%)
* Elements of w remaining: 64 (100.00%)
* Elements of w skipped: 0 (0.00%)
* Elements of w processed with special addition: 0 (0.00%)
* Elements of w remaining: 32 (100.00%)
* Elements of w skipped: 0 (0.00%)
* Elements of w processed with special addition: 0 (0.00%)
* Elements of w remaining: 64 (100.00%)
* UVC proof at step 64
* G1 elements in proof: 2
* G2 elements in proof: 1
* Proof size in bits: 1019
* Cached h poly size: 2175
* UVC Prove step 64
* Elements of w skipped: 0 (0.00%)
* Elements of w processed with special addition: 0 (0.00%)
* Elements of w remaining: 64 (100.00%)
* Elements of w skipped: 0 (0.00%)
* Elements of w processed with special addition: 0 (0.00%)
* Elements of w remaining: 32 (100.00%)
* Elements of w skipped: 0 (0.00%)
* Elements of w processed with special addition: 0 (0.00%)
* Elements of w remaining: 64 (100.00%)
* UVC proof at step 64
* G1 elements in proof: 2
* G2 elements in proof: 1
* Proof size in bits: 1019
* Cached h poly size: 2175
* UVC Prove step 64
* Elements of w skipped: 0 (0.00%)
* Elements of w processed with special addition: 0 (0.00%)
* Elements of w remaining: 64 (100.00%)
* Elements of w skipped: 0 (0.00%)
* Elements of w processed with special addition: 0 (0.00%)
* Elements of w remaining: 32 (100.00%)
* Elements of w skipped: 0 (0.00%)
* Elements of w processed with special addition: 0 (0.00%)
* Elements of w remaining: 64 (100.00%)
* UVC proof at step 64
* G1 elements in proof: 2
* G2 elements in proof: 1
* Proof size in bits: 1019
* Cached h poly size: 2175
* UVC Prove step 64
* Elements of w skipped: 0 (0.00%)
* Elements of w processed with special addition: 0 (0.00%)
* Elements of w remaining: 64 (100.00%)
* Elements of w skipped: 0 (0.00%)
* Elements of w processed with special addition: 0 (0.00%)
* Elements of w remaining: 32 (100.00%)
* Elements of w skipped: 0 (0.00%)
* Elements of w processed with special addition: 0 (0.00%)
* Elements of w remaining: 64 (100.00%)
* UVC proof at step 64
* G1 elements in proof: 2
* G2 elements in proof: 1
* Proof size in bits: 1019
* Cached h poly size: 2175
* UVC Prove step 64
* Elements of w skipped: 0 (0.00%)
* Elements of w processed with special addition: 0 (0.00%)
* Elements of w remaining: 64 (100.00%)
* Elements of w skipped: 0 (0.00%)
* Elements of w processed with special addition: 0 (0.00%)
* Elements of w remaining: 32 (100.00%)
* Elements of w skipped: 0 (0.00%)
* Elements of w processed with special addition: 0 (0.00%)
* Elements of w remaining: 64 (100.00%)
* UVC proof at step 64
* G1 elements in proof: 2
* G2 elements in proof: 1
* Proof size in bits: 1019
* Cached h poly size: 2175
* UVC Prove step 64
* Elements of w skipped: 0 (0.00%)
* Elements of w processed with special addition: 0 (0.00%)
* Elements of w remaining: 64 (100.00%)
* Elements of w skipped: 0 (0.00%)
* Elements of w processed with special addition: 0 (0.00%)
* Elements of w remaining: 32 (100.00%)
* Elements of w skipped: 0 (0.00%)
* Elements of w processed with special addition: 0 (0.00%)
* Elements of w remaining: 64 (100.00%)
* UVC proof at step 64
* G1 elements in proof: 2
* G2 elements in proof: 1
* Proof size in bits: 1019
* Cached h poly size: 2175
* UVC Prove step 64
* Elements of w skipped: 0 (0.00%)
* Elements of w processed with special addition: 0 (0.00%)
* Elements of w remaining: 64 (100.00%)
* Elements of w skipped: 0 (0.00%)
* Elements of w processed with special addition: 0 (0.00%)
* Elements of w remaining: 32 (100.00%)
* Elements of w skipped: 0 (0.00%)
* Elements of w processed with special addition: 0 (0.00%)
* Elements of w remaining: 64 (100.00%)
* UVC proof at step 64
* G1 elements in proof: 2
* G2 elements in proof: 1
* Proof size in bits: 1019
* Cached h poly size: 2175
* UVC Prove step 64
* Elements of w skipped: 0 (0.00%)
* Elements of w processed with special addition: 0 (0.00%)
* Elements of w remaining: 64 (100.00%)
* Elements of w skipped: 0 (0.00%)
* Elements of w processed with special addition: 0 (0.00%)
* Elements of w remaining: 32 (100.00%)
* Elements of w skipped: 0 (0.00%)
* Elements of w processed with special addition: 0 (0.00%)
* Elements of w remaining: 64 (100.00%)
* UVC proof at step 64
* G1 elements in proof: 2
* G2 elements in proof: 1
* Proof size in bits: 1019
* Cached h poly size: 2175
* UVC Verify step 64: PASS
* UVC Verify step 64: PASS
* UVC Verify step 64: PASS
* UVC Verify step 64: PASS
* UVC Verify step 64: PASS
* UVC Verify step 64: PASS
* UVC Verify step 64: PASS
* UVC Verify step 64: PASS
* UVC Verify step 64: PASS
* UVC Verify step 64: PASS
  64      75.31         4.14          1019          PASS      

  UVC results written to /Users/heewonchung/Documents/00-Research/active/Updatable Verifiable Computation/Dev/results/2026-03-06_121849_paper/csv/uvc_results.csv

================================================================
Groth16 Benchmark: circuit=hadamard, n=32, B=64
================================================================

  Step    C_j constr  Setup (ms)    Prove (ms)    Verify (ms)   Verified  
  ------  ----------  ------------  ------------  ------------  ----------
* Composed C_1: 32 constraints, 96 variables, 64 inputs
Swap is not beneficial, not performing
* QAP number of variables: 96
* QAP pre degree: 32
* QAP degree: 128
* QAP number of input variables: 64
* G1 window: 6
* G2 window: 4
* G1 elements in PK: 354
* Non-zero G1 elements in PK: 289
* G2 elements in PK: 98
* Non-zero G2 elements in PK: 33
* PK size in bits: 92540
* G1 elements in VK: 64
* G2 elements in VK: 2
* GT elements in VK: 1
* VK size in bits: 21689
* Elements of w skipped: 0 (0.00%)
* Elements of w processed with special addition: 1 (1.03%)
* Elements of w remaining: 96 (98.97%)
* Elements of w skipped: 0 (0.00%)
* Elements of w processed with special addition: 0 (0.00%)
* Elements of w remaining: 32 (100.00%)
* Elements of w skipped: 0 (0.00%)
* Elements of w processed with special addition: 0 (0.00%)
* Elements of w remaining: 32 (100.00%)
* G1 elements in proof: 2
* G2 elements in proof: 1
* Proof size in bits: 1019
* Elements of w skipped: 0 (0.00%)
* Elements of w processed with special addition: 1 (1.03%)
* Elements of w remaining: 96 (98.97%)
* Elements of w skipped: 0 (0.00%)
* Elements of w processed with special addition: 0 (0.00%)
* Elements of w remaining: 32 (100.00%)
* Elements of w skipped: 0 (0.00%)
* Elements of w processed with special addition: 0 (0.00%)
* Elements of w remaining: 32 (100.00%)
* G1 elements in proof: 2
* G2 elements in proof: 1
* Proof size in bits: 1019
* Elements of w skipped: 0 (0.00%)
* Elements of w processed with special addition: 1 (1.03%)
* Elements of w remaining: 96 (98.97%)
* Elements of w skipped: 0 (0.00%)
* Elements of w processed with special addition: 0 (0.00%)
* Elements of w remaining: 32 (100.00%)
* Elements of w skipped: 0 (0.00%)
* Elements of w processed with special addition: 0 (0.00%)
* Elements of w remaining: 32 (100.00%)
* G1 elements in proof: 2
* G2 elements in proof: 1
* Proof size in bits: 1019
* Elements of w skipped: 0 (0.00%)
* Elements of w processed with special addition: 1 (1.03%)
* Elements of w remaining: 96 (98.97%)
* Elements of w skipped: 0 (0.00%)
* Elements of w processed with special addition: 0 (0.00%)
* Elements of w remaining: 32 (100.00%)
* Elements of w skipped: 0 (0.00%)
* Elements of w processed with special addition: 0 (0.00%)
* Elements of w remaining: 32 (100.00%)
* G1 elements in proof: 2
* G2 elements in proof: 1
* Proof size in bits: 1019
* Elements of w skipped: 0 (0.00%)
* Elements of w processed with special addition: 1 (1.03%)
* Elements of w remaining: 96 (98.97%)
* Elements of w skipped: 0 (0.00%)
* Elements of w processed with special addition: 0 (0.00%)
* Elements of w remaining: 32 (100.00%)
* Elements of w skipped: 0 (0.00%)
* Elements of w processed with special addition: 0 (0.00%)
* Elements of w remaining: 32 (100.00%)
* G1 elements in proof: 2
* G2 elements in proof: 1
* Proof size in bits: 1019
* Elements of w skipped: 0 (0.00%)
* Elements of w processed with special addition: 1 (1.03%)
* Elements of w remaining: 96 (98.97%)
* Elements of w skipped: 0 (0.00%)
* Elements of w processed with special addition: 0 (0.00%)
* Elements of w remaining: 32 (100.00%)
* Elements of w skipped: 0 (0.00%)
* Elements of w processed with special addition: 0 (0.00%)
* Elements of w remaining: 32 (100.00%)
* G1 elements in proof: 2
* G2 elements in proof: 1
* Proof size in bits: 1019
* Elements of w skipped: 0 (0.00%)
* Elements of w processed with special addition: 1 (1.03%)
* Elements of w remaining: 96 (98.97%)
* Elements of w skipped: 0 (0.00%)
* Elements of w processed with special addition: 0 (0.00%)
* Elements of w remaining: 32 (100.00%)
* Elements of w skipped: 0 (0.00%)
* Elements of w processed with special addition: 0 (0.00%)
* Elements of w remaining: 32 (100.00%)
* G1 elements in proof: 2
* G2 elements in proof: 1
* Proof size in bits: 1019
* Elements of w skipped: 0 (0.00%)
* Elements of w processed with special addition: 1 (1.03%)
* Elements of w remaining: 96 (98.97%)
* Elements of w skipped: 0 (0.00%)
* Elements of w processed with special addition: 0 (0.00%)
* Elements of w remaining: 32 (100.00%)
* Elements of w skipped: 0 (0.00%)
* Elements of w processed with special addition: 0 (0.00%)
* Elements of w remaining: 32 (100.00%)
* G1 elements in proof: 2
* G2 elements in proof: 1
* Proof size in bits: 1019
* Elements of w skipped: 0 (0.00%)
* Elements of w processed with special addition: 1 (1.03%)
* Elements of w remaining: 96 (98.97%)
* Elements of w skipped: 0 (0.00%)
* Elements of w processed with special addition: 0 (0.00%)
* Elements of w remaining: 32 (100.00%)
* Elements of w skipped: 0 (0.00%)
* Elements of w processed with special addition: 0 (0.00%)
* Elements of w remaining: 32 (100.00%)
* G1 elements in proof: 2
* G2 elements in proof: 1
* Proof size in bits: 1019
* Elements of w skipped: 0 (0.00%)
* Elements of w processed with special addition: 1 (1.03%)
* Elements of w remaining: 96 (98.97%)
* Elements of w skipped: 0 (0.00%)
* Elements of w processed with special addition: 0 (0.00%)
* Elements of w remaining: 32 (100.00%)
* Elements of w skipped: 0 (0.00%)
* Elements of w processed with special addition: 0 (0.00%)
* Elements of w remaining: 32 (100.00%)
* G1 elements in proof: 2
* G2 elements in proof: 1
* Proof size in bits: 1019
  1       32          29.1          9.40          4.05          PASS      
* Composed C_2: 64 constraints, 160 variables, 64 inputs
Swap is not beneficial, not performing
* QAP number of variables: 160
* QAP pre degree: 64
* QAP degree: 129
* QAP number of input variables: 64
* G1 window: 6
* G2 window: 5
* G1 elements in PK: 547
* Non-zero G1 elements in PK: 450
* G2 elements in PK: 162
* Non-zero G2 elements in PK: 65
* PK size in bits: 151931
* G1 elements in VK: 64
* G2 elements in VK: 2
* GT elements in VK: 1
* VK size in bits: 21689
* Elements of w skipped: 0 (0.00%)
* Elements of w processed with special addition: 1 (0.62%)
* Elements of w remaining: 160 (99.38%)
* Elements of w skipped: 0 (0.00%)
* Elements of w processed with special addition: 0 (0.00%)
* Elements of w remaining: 64 (100.00%)
* Elements of w skipped: 0 (0.00%)
* Elements of w processed with special addition: 0 (0.00%)
* Elements of w remaining: 96 (100.00%)
* G1 elements in proof: 2
* G2 elements in proof: 1
* Proof size in bits: 1019
* Elements of w skipped: 0 (0.00%)
* Elements of w processed with special addition: 1 (0.62%)
* Elements of w remaining: 160 (99.38%)
* Elements of w skipped: 0 (0.00%)
* Elements of w processed with special addition: 0 (0.00%)
* Elements of w remaining: 64 (100.00%)
* Elements of w skipped: 0 (0.00%)
* Elements of w processed with special addition: 0 (0.00%)
* Elements of w remaining: 96 (100.00%)
* G1 elements in proof: 2
* G2 elements in proof: 1
* Proof size in bits: 1019
* Elements of w skipped: 0 (0.00%)
* Elements of w processed with special addition: 1 (0.62%)
* Elements of w remaining: 160 (99.38%)
* Elements of w skipped: 0 (0.00%)
* Elements of w processed with special addition: 0 (0.00%)
* Elements of w remaining: 64 (100.00%)
* Elements of w skipped: 0 (0.00%)
* Elements of w processed with special addition: 0 (0.00%)
* Elements of w remaining: 96 (100.00%)
* G1 elements in proof: 2
* G2 elements in proof: 1
* Proof size in bits: 1019
* Elements of w skipped: 0 (0.00%)
* Elements of w processed with special addition: 1 (0.62%)
* Elements of w remaining: 160 (99.38%)
* Elements of w skipped: 0 (0.00%)
* Elements of w processed with special addition: 0 (0.00%)
* Elements of w remaining: 64 (100.00%)
* Elements of w skipped: 0 (0.00%)
* Elements of w processed with special addition: 0 (0.00%)
* Elements of w remaining: 96 (100.00%)
* G1 elements in proof: 2
* G2 elements in proof: 1
* Proof size in bits: 1019
* Elements of w skipped: 0 (0.00%)
* Elements of w processed with special addition: 1 (0.62%)
* Elements of w remaining: 160 (99.38%)
* Elements of w skipped: 0 (0.00%)
* Elements of w processed with special addition: 0 (0.00%)
* Elements of w remaining: 64 (100.00%)
* Elements of w skipped: 0 (0.00%)
* Elements of w processed with special addition: 0 (0.00%)
* Elements of w remaining: 96 (100.00%)
* G1 elements in proof: 2
* G2 elements in proof: 1
* Proof size in bits: 1019
* Elements of w skipped: 0 (0.00%)
* Elements of w processed with special addition: 1 (0.62%)
* Elements of w remaining: 160 (99.38%)
* Elements of w skipped: 0 (0.00%)
* Elements of w processed with special addition: 0 (0.00%)
* Elements of w remaining: 64 (100.00%)
* Elements of w skipped: 0 (0.00%)
* Elements of w processed with special addition: 0 (0.00%)
* Elements of w remaining: 96 (100.00%)
* G1 elements in proof: 2
* G2 elements in proof: 1
* Proof size in bits: 1019
* Elements of w skipped: 0 (0.00%)
* Elements of w processed with special addition: 1 (0.62%)
* Elements of w remaining: 160 (99.38%)
* Elements of w skipped: 0 (0.00%)
* Elements of w processed with special addition: 0 (0.00%)
* Elements of w remaining: 64 (100.00%)
* Elements of w skipped: 0 (0.00%)
* Elements of w processed with special addition: 0 (0.00%)
* Elements of w remaining: 96 (100.00%)
* G1 elements in proof: 2
* G2 elements in proof: 1
* Proof size in bits: 1019
* Elements of w skipped: 0 (0.00%)
* Elements of w processed with special addition: 1 (0.62%)
* Elements of w remaining: 160 (99.38%)
* Elements of w skipped: 0 (0.00%)
* Elements of w processed with special addition: 0 (0.00%)
* Elements of w remaining: 64 (100.00%)
* Elements of w skipped: 0 (0.00%)
* Elements of w processed with special addition: 0 (0.00%)
* Elements of w remaining: 96 (100.00%)
* G1 elements in proof: 2
* G2 elements in proof: 1
* Proof size in bits: 1019
* Elements of w skipped: 0 (0.00%)
* Elements of w processed with special addition: 1 (0.62%)
* Elements of w remaining: 160 (99.38%)
* Elements of w skipped: 0 (0.00%)
* Elements of w processed with special addition: 0 (0.00%)
* Elements of w remaining: 64 (100.00%)
* Elements of w skipped: 0 (0.00%)
* Elements of w processed with special addition: 0 (0.00%)
* Elements of w remaining: 96 (100.00%)
* G1 elements in proof: 2
* G2 elements in proof: 1
* Proof size in bits: 1019
* Elements of w skipped: 0 (0.00%)
* Elements of w processed with special addition: 1 (0.62%)
* Elements of w remaining: 160 (99.38%)
* Elements of w skipped: 0 (0.00%)
* Elements of w processed with special addition: 0 (0.00%)
* Elements of w remaining: 64 (100.00%)
* Elements of w skipped: 0 (0.00%)
* Elements of w processed with special addition: 0 (0.00%)
* Elements of w remaining: 96 (100.00%)
* G1 elements in proof: 2
* G2 elements in proof: 1
* Proof size in bits: 1019
  2       64          40.0          10.65         4.37          PASS      
* Composed C_4: 128 constraints, 288 variables, 64 inputs
Swap is not beneficial, not performing
* QAP number of variables: 288
* QAP pre degree: 128
* QAP degree: 256
* QAP number of input variables: 64
* G1 window: 7
* G2 window: 5
* G1 elements in PK: 1058
* Non-zero G1 elements in PK: 897
* G2 elements in PK: 290
* Non-zero G2 elements in PK: 129
* PK size in bits: 302588
* G1 elements in VK: 64
* G2 elements in VK: 2
* GT elements in VK: 1
* VK size in bits: 21689
* Elements of w skipped: 0 (0.00%)
* Elements of w processed with special addition: 1 (0.35%)
* Elements of w remaining: 288 (99.65%)
* Elements of w skipped: 0 (0.00%)
* Elements of w processed with special addition: 0 (0.00%)
* Elements of w remaining: 128 (100.00%)
* Elements of w skipped: 0 (0.00%)
* Elements of w processed with special addition: 0 (0.00%)
* Elements of w remaining: 224 (100.00%)
* G1 elements in proof: 2
* G2 elements in proof: 1
* Proof size in bits: 1019
* Elements of w skipped: 0 (0.00%)
* Elements of w processed with special addition: 1 (0.35%)
* Elements of w remaining: 288 (99.65%)
* Elements of w skipped: 0 (0.00%)
* Elements of w processed with special addition: 0 (0.00%)
* Elements of w remaining: 128 (100.00%)
* Elements of w skipped: 0 (0.00%)
* Elements of w processed with special addition: 0 (0.00%)
* Elements of w remaining: 224 (100.00%)
* G1 elements in proof: 2
* G2 elements in proof: 1
* Proof size in bits: 1019
* Elements of w skipped: 0 (0.00%)
* Elements of w processed with special addition: 1 (0.35%)
* Elements of w remaining: 288 (99.65%)
* Elements of w skipped: 0 (0.00%)
* Elements of w processed with special addition: 0 (0.00%)
* Elements of w remaining: 128 (100.00%)
* Elements of w skipped: 0 (0.00%)
* Elements of w processed with special addition: 0 (0.00%)
* Elements of w remaining: 224 (100.00%)
* G1 elements in proof: 2
* G2 elements in proof: 1
* Proof size in bits: 1019
* Elements of w skipped: 0 (0.00%)
* Elements of w processed with special addition: 1 (0.35%)
* Elements of w remaining: 288 (99.65%)
* Elements of w skipped: 0 (0.00%)
* Elements of w processed with special addition: 0 (0.00%)
* Elements of w remaining: 128 (100.00%)
* Elements of w skipped: 0 (0.00%)
* Elements of w processed with special addition: 0 (0.00%)
* Elements of w remaining: 224 (100.00%)
* G1 elements in proof: 2
* G2 elements in proof: 1
* Proof size in bits: 1019
* Elements of w skipped: 0 (0.00%)
* Elements of w processed with special addition: 1 (0.35%)
* Elements of w remaining: 288 (99.65%)
* Elements of w skipped: 0 (0.00%)
* Elements of w processed with special addition: 0 (0.00%)
* Elements of w remaining: 128 (100.00%)
* Elements of w skipped: 0 (0.00%)
* Elements of w processed with special addition: 0 (0.00%)
* Elements of w remaining: 224 (100.00%)
* G1 elements in proof: 2
* G2 elements in proof: 1
* Proof size in bits: 1019
* Elements of w skipped: 0 (0.00%)
* Elements of w processed with special addition: 1 (0.35%)
* Elements of w remaining: 288 (99.65%)
* Elements of w skipped: 0 (0.00%)
* Elements of w processed with special addition: 0 (0.00%)
* Elements of w remaining: 128 (100.00%)
* Elements of w skipped: 0 (0.00%)
* Elements of w processed with special addition: 0 (0.00%)
* Elements of w remaining: 224 (100.00%)
* G1 elements in proof: 2
* G2 elements in proof: 1
* Proof size in bits: 1019
* Elements of w skipped: 0 (0.00%)
* Elements of w processed with special addition: 1 (0.35%)
* Elements of w remaining: 288 (99.65%)
* Elements of w skipped: 0 (0.00%)
* Elements of w processed with special addition: 0 (0.00%)
* Elements of w remaining: 128 (100.00%)
* Elements of w skipped: 0 (0.00%)
* Elements of w processed with special addition: 0 (0.00%)
* Elements of w remaining: 224 (100.00%)
* G1 elements in proof: 2
* G2 elements in proof: 1
* Proof size in bits: 1019
* Elements of w skipped: 0 (0.00%)
* Elements of w processed with special addition: 1 (0.35%)
* Elements of w remaining: 288 (99.65%)
* Elements of w skipped: 0 (0.00%)
* Elements of w processed with special addition: 0 (0.00%)
* Elements of w remaining: 128 (100.00%)
* Elements of w skipped: 0 (0.00%)
* Elements of w processed with special addition: 0 (0.00%)
* Elements of w remaining: 224 (100.00%)
* G1 elements in proof: 2
* G2 elements in proof: 1
* Proof size in bits: 1019
* Elements of w skipped: 0 (0.00%)
* Elements of w processed with special addition: 1 (0.35%)
* Elements of w remaining: 288 (99.65%)
* Elements of w skipped: 0 (0.00%)
* Elements of w processed with special addition: 0 (0.00%)
* Elements of w remaining: 128 (100.00%)
* Elements of w skipped: 0 (0.00%)
* Elements of w processed with special addition: 0 (0.00%)
* Elements of w remaining: 224 (100.00%)
* G1 elements in proof: 2
* G2 elements in proof: 1
* Proof size in bits: 1019
* Elements of w skipped: 0 (0.00%)
* Elements of w processed with special addition: 1 (0.35%)
* Elements of w remaining: 288 (99.65%)
* Elements of w skipped: 0 (0.00%)
* Elements of w processed with special addition: 0 (0.00%)
* Elements of w remaining: 128 (100.00%)
* Elements of w skipped: 0 (0.00%)
* Elements of w processed with special addition: 0 (0.00%)
* Elements of w remaining: 224 (100.00%)
* G1 elements in proof: 2
* G2 elements in proof: 1
* Proof size in bits: 1019
  4       128         61.9          16.60         4.06          PASS      
* Composed C_8: 256 constraints, 544 variables, 64 inputs
Swap is not beneficial, not performing
* QAP number of variables: 544
* QAP pre degree: 256
* QAP degree: 384
* QAP number of input variables: 64
* G1 window: 8
* G2 window: 6
* G1 elements in PK: 1954
* Non-zero G1 elements in PK: 1665
* G2 elements in PK: 546
* Non-zero G2 elements in PK: 257
* PK size in bits: 571772
* G1 elements in VK: 64
* G2 elements in VK: 2
* GT elements in VK: 1
* VK size in bits: 21689
* Elements of w skipped: 0 (0.00%)
* Elements of w processed with special addition: 1 (0.18%)
* Elements of w remaining: 544 (99.82%)
* Elements of w skipped: 0 (0.00%)
* Elements of w processed with special addition: 0 (0.00%)
* Elements of w remaining: 256 (100.00%)
* Elements of w skipped: 0 (0.00%)
* Elements of w processed with special addition: 0 (0.00%)
* Elements of w remaining: 480 (100.00%)
* G1 elements in proof: 2
* G2 elements in proof: 1
* Proof size in bits: 1019
* Elements of w skipped: 0 (0.00%)
* Elements of w processed with special addition: 1 (0.18%)
* Elements of w remaining: 544 (99.82%)
* Elements of w skipped: 0 (0.00%)
* Elements of w processed with special addition: 0 (0.00%)
* Elements of w remaining: 256 (100.00%)
* Elements of w skipped: 0 (0.00%)
* Elements of w processed with special addition: 0 (0.00%)
* Elements of w remaining: 480 (100.00%)
* G1 elements in proof: 2
* G2 elements in proof: 1
* Proof size in bits: 1019
* Elements of w skipped: 0 (0.00%)
* Elements of w processed with special addition: 1 (0.18%)
* Elements of w remaining: 544 (99.82%)
* Elements of w skipped: 0 (0.00%)
* Elements of w processed with special addition: 0 (0.00%)
* Elements of w remaining: 256 (100.00%)
* Elements of w skipped: 0 (0.00%)
* Elements of w processed with special addition: 0 (0.00%)
* Elements of w remaining: 480 (100.00%)
* G1 elements in proof: 2
* G2 elements in proof: 1
* Proof size in bits: 1019
* Elements of w skipped: 0 (0.00%)
* Elements of w processed with special addition: 1 (0.18%)
* Elements of w remaining: 544 (99.82%)
* Elements of w skipped: 0 (0.00%)
* Elements of w processed with special addition: 0 (0.00%)
* Elements of w remaining: 256 (100.00%)
* Elements of w skipped: 0 (0.00%)
* Elements of w processed with special addition: 0 (0.00%)
* Elements of w remaining: 480 (100.00%)
* G1 elements in proof: 2
* G2 elements in proof: 1
* Proof size in bits: 1019
* Elements of w skipped: 0 (0.00%)
* Elements of w processed with special addition: 1 (0.18%)
* Elements of w remaining: 544 (99.82%)
* Elements of w skipped: 0 (0.00%)
* Elements of w processed with special addition: 0 (0.00%)
* Elements of w remaining: 256 (100.00%)
* Elements of w skipped: 0 (0.00%)
* Elements of w processed with special addition: 0 (0.00%)
* Elements of w remaining: 480 (100.00%)
* G1 elements in proof: 2
* G2 elements in proof: 1
* Proof size in bits: 1019
* Elements of w skipped: 0 (0.00%)
* Elements of w processed with special addition: 1 (0.18%)
* Elements of w remaining: 544 (99.82%)
* Elements of w skipped: 0 (0.00%)
* Elements of w processed with special addition: 0 (0.00%)
* Elements of w remaining: 256 (100.00%)
* Elements of w skipped: 0 (0.00%)
* Elements of w processed with special addition: 0 (0.00%)
* Elements of w remaining: 480 (100.00%)
* G1 elements in proof: 2
* G2 elements in proof: 1
* Proof size in bits: 1019
* Elements of w skipped: 0 (0.00%)
* Elements of w processed with special addition: 1 (0.18%)
* Elements of w remaining: 544 (99.82%)
* Elements of w skipped: 0 (0.00%)
* Elements of w processed with special addition: 0 (0.00%)
* Elements of w remaining: 256 (100.00%)
* Elements of w skipped: 0 (0.00%)
* Elements of w processed with special addition: 0 (0.00%)
* Elements of w remaining: 480 (100.00%)
* G1 elements in proof: 2
* G2 elements in proof: 1
* Proof size in bits: 1019
* Elements of w skipped: 0 (0.00%)
* Elements of w processed with special addition: 1 (0.18%)
* Elements of w remaining: 544 (99.82%)
* Elements of w skipped: 0 (0.00%)
* Elements of w processed with special addition: 0 (0.00%)
* Elements of w remaining: 256 (100.00%)
* Elements of w skipped: 0 (0.00%)
* Elements of w processed with special addition: 0 (0.00%)
* Elements of w remaining: 480 (100.00%)
* G1 elements in proof: 2
* G2 elements in proof: 1
* Proof size in bits: 1019
* Elements of w skipped: 0 (0.00%)
* Elements of w processed with special addition: 1 (0.18%)
* Elements of w remaining: 544 (99.82%)
* Elements of w skipped: 0 (0.00%)
* Elements of w processed with special addition: 0 (0.00%)
* Elements of w remaining: 256 (100.00%)
* Elements of w skipped: 0 (0.00%)
* Elements of w processed with special addition: 0 (0.00%)
* Elements of w remaining: 480 (100.00%)
* G1 elements in proof: 2
* G2 elements in proof: 1
* Proof size in bits: 1019
* Elements of w skipped: 0 (0.00%)
* Elements of w processed with special addition: 1 (0.18%)
* Elements of w remaining: 544 (99.82%)
* Elements of w skipped: 0 (0.00%)
* Elements of w processed with special addition: 0 (0.00%)
* Elements of w remaining: 256 (100.00%)
* Elements of w skipped: 0 (0.00%)
* Elements of w processed with special addition: 0 (0.00%)
* Elements of w remaining: 480 (100.00%)
* G1 elements in proof: 2
* G2 elements in proof: 1
* Proof size in bits: 1019
  8       256         94.0          23.38         4.05          PASS      
* Composed C_16: 512 constraints, 1056 variables, 64 inputs
Swap is not beneficial, not performing
* QAP number of variables: 1056
* QAP pre degree: 512
* QAP degree: 640
* QAP number of input variables: 64
* G1 window: 8
* G2 window: 7
* G1 elements in PK: 3746
* Non-zero G1 elements in PK: 3201
* G2 elements in PK: 1058
* Non-zero G2 elements in PK: 513
* PK size in bits: 1110140
* G1 elements in VK: 64
* G2 elements in VK: 2
* GT elements in VK: 1
* VK size in bits: 21689
* Elements of w skipped: 0 (0.00%)
* Elements of w processed with special addition: 1 (0.09%)
* Elements of w remaining: 1056 (99.91%)
* Elements of w skipped: 0 (0.00%)
* Elements of w processed with special addition: 0 (0.00%)
* Elements of w remaining: 512 (100.00%)
* Elements of w skipped: 0 (0.00%)
* Elements of w processed with special addition: 0 (0.00%)
* Elements of w remaining: 992 (100.00%)
* G1 elements in proof: 2
* G2 elements in proof: 1
* Proof size in bits: 1019
* Elements of w skipped: 0 (0.00%)
* Elements of w processed with special addition: 1 (0.09%)
* Elements of w remaining: 1056 (99.91%)
* Elements of w skipped: 0 (0.00%)
* Elements of w processed with special addition: 0 (0.00%)
* Elements of w remaining: 512 (100.00%)
* Elements of w skipped: 0 (0.00%)
* Elements of w processed with special addition: 0 (0.00%)
* Elements of w remaining: 992 (100.00%)
* G1 elements in proof: 2
* G2 elements in proof: 1
* Proof size in bits: 1019
* Elements of w skipped: 0 (0.00%)
* Elements of w processed with special addition: 1 (0.09%)
* Elements of w remaining: 1056 (99.91%)
* Elements of w skipped: 0 (0.00%)
* Elements of w processed with special addition: 0 (0.00%)
* Elements of w remaining: 512 (100.00%)
* Elements of w skipped: 0 (0.00%)
* Elements of w processed with special addition: 0 (0.00%)
* Elements of w remaining: 992 (100.00%)
* G1 elements in proof: 2
* G2 elements in proof: 1
* Proof size in bits: 1019
* Elements of w skipped: 0 (0.00%)
* Elements of w processed with special addition: 1 (0.09%)
* Elements of w remaining: 1056 (99.91%)
* Elements of w skipped: 0 (0.00%)
* Elements of w processed with special addition: 0 (0.00%)
* Elements of w remaining: 512 (100.00%)
* Elements of w skipped: 0 (0.00%)
* Elements of w processed with special addition: 0 (0.00%)
* Elements of w remaining: 992 (100.00%)
* G1 elements in proof: 2
* G2 elements in proof: 1
* Proof size in bits: 1019
* Elements of w skipped: 0 (0.00%)
* Elements of w processed with special addition: 1 (0.09%)
* Elements of w remaining: 1056 (99.91%)
* Elements of w skipped: 0 (0.00%)
* Elements of w processed with special addition: 0 (0.00%)
* Elements of w remaining: 512 (100.00%)
* Elements of w skipped: 0 (0.00%)
* Elements of w processed with special addition: 0 (0.00%)
* Elements of w remaining: 992 (100.00%)
* G1 elements in proof: 2
* G2 elements in proof: 1
* Proof size in bits: 1019
* Elements of w skipped: 0 (0.00%)
* Elements of w processed with special addition: 1 (0.09%)
* Elements of w remaining: 1056 (99.91%)
* Elements of w skipped: 0 (0.00%)
* Elements of w processed with special addition: 0 (0.00%)
* Elements of w remaining: 512 (100.00%)
* Elements of w skipped: 0 (0.00%)
* Elements of w processed with special addition: 0 (0.00%)
* Elements of w remaining: 992 (100.00%)
* G1 elements in proof: 2
* G2 elements in proof: 1
* Proof size in bits: 1019
* Elements of w skipped: 0 (0.00%)
* Elements of w processed with special addition: 1 (0.09%)
* Elements of w remaining: 1056 (99.91%)
* Elements of w skipped: 0 (0.00%)
* Elements of w processed with special addition: 0 (0.00%)
* Elements of w remaining: 512 (100.00%)
* Elements of w skipped: 0 (0.00%)
* Elements of w processed with special addition: 0 (0.00%)
* Elements of w remaining: 992 (100.00%)
* G1 elements in proof: 2
* G2 elements in proof: 1
* Proof size in bits: 1019
* Elements of w skipped: 0 (0.00%)
* Elements of w processed with special addition: 1 (0.09%)
* Elements of w remaining: 1056 (99.91%)
* Elements of w skipped: 0 (0.00%)
* Elements of w processed with special addition: 0 (0.00%)
* Elements of w remaining: 512 (100.00%)
* Elements of w skipped: 0 (0.00%)
* Elements of w processed with special addition: 0 (0.00%)
* Elements of w remaining: 992 (100.00%)
* G1 elements in proof: 2
* G2 elements in proof: 1
* Proof size in bits: 1019
* Elements of w skipped: 0 (0.00%)
* Elements of w processed with special addition: 1 (0.09%)
* Elements of w remaining: 1056 (99.91%)
* Elements of w skipped: 0 (0.00%)
* Elements of w processed with special addition: 0 (0.00%)
* Elements of w remaining: 512 (100.00%)
* Elements of w skipped: 0 (0.00%)
* Elements of w processed with special addition: 0 (0.00%)
* Elements of w remaining: 992 (100.00%)
* G1 elements in proof: 2
* G2 elements in proof: 1
* Proof size in bits: 1019
* Elements of w skipped: 0 (0.00%)
* Elements of w processed with special addition: 1 (0.09%)
* Elements of w remaining: 1056 (99.91%)
* Elements of w skipped: 0 (0.00%)
* Elements of w processed with special addition: 0 (0.00%)
* Elements of w remaining: 512 (100.00%)
* Elements of w skipped: 0 (0.00%)
* Elements of w processed with special addition: 0 (0.00%)
* Elements of w remaining: 992 (100.00%)
* G1 elements in proof: 2
* G2 elements in proof: 1
* Proof size in bits: 1019
  16      512         156.3         44.29         4.05          PASS      
* Composed C_32: 1024 constraints, 2080 variables, 64 inputs
Swap is not beneficial, not performing
* QAP number of variables: 2080
* QAP pre degree: 1024
* QAP degree: 1152
* QAP number of input variables: 64
* G1 window: 9
* G2 window: 8
* G1 elements in PK: 7330
* Non-zero G1 elements in PK: 6273
* G2 elements in PK: 2082
* Non-zero G2 elements in PK: 1025
* PK size in bits: 2186876
* G1 elements in VK: 64
* G2 elements in VK: 2
* GT elements in VK: 1
* VK size in bits: 21689
* Elements of w skipped: 0 (0.00%)
* Elements of w processed with special addition: 1 (0.05%)
* Elements of w remaining: 2080 (99.95%)
* Elements of w skipped: 0 (0.00%)
* Elements of w processed with special addition: 0 (0.00%)
* Elements of w remaining: 1024 (100.00%)
* Elements of w skipped: 0 (0.00%)
* Elements of w processed with special addition: 0 (0.00%)
* Elements of w remaining: 2016 (100.00%)
* G1 elements in proof: 2
* G2 elements in proof: 1
* Proof size in bits: 1019
* Elements of w skipped: 0 (0.00%)
* Elements of w processed with special addition: 1 (0.05%)
* Elements of w remaining: 2080 (99.95%)
* Elements of w skipped: 0 (0.00%)
* Elements of w processed with special addition: 0 (0.00%)
* Elements of w remaining: 1024 (100.00%)
* Elements of w skipped: 0 (0.00%)
* Elements of w processed with special addition: 0 (0.00%)
* Elements of w remaining: 2016 (100.00%)
* G1 elements in proof: 2
* G2 elements in proof: 1
* Proof size in bits: 1019
* Elements of w skipped: 0 (0.00%)
* Elements of w processed with special addition: 1 (0.05%)
* Elements of w remaining: 2080 (99.95%)
* Elements of w skipped: 0 (0.00%)
* Elements of w processed with special addition: 0 (0.00%)
* Elements of w remaining: 1024 (100.00%)
* Elements of w skipped: 0 (0.00%)
* Elements of w processed with special addition: 0 (0.00%)
* Elements of w remaining: 2016 (100.00%)
* G1 elements in proof: 2
* G2 elements in proof: 1
* Proof size in bits: 1019
* Elements of w skipped: 0 (0.00%)
* Elements of w processed with special addition: 1 (0.05%)
* Elements of w remaining: 2080 (99.95%)
* Elements of w skipped: 0 (0.00%)
* Elements of w processed with special addition: 0 (0.00%)
* Elements of w remaining: 1024 (100.00%)
* Elements of w skipped: 0 (0.00%)
* Elements of w processed with special addition: 0 (0.00%)
* Elements of w remaining: 2016 (100.00%)
* G1 elements in proof: 2
* G2 elements in proof: 1
* Proof size in bits: 1019
* Elements of w skipped: 0 (0.00%)
* Elements of w processed with special addition: 1 (0.05%)
* Elements of w remaining: 2080 (99.95%)
* Elements of w skipped: 0 (0.00%)
* Elements of w processed with special addition: 0 (0.00%)
* Elements of w remaining: 1024 (100.00%)
* Elements of w skipped: 0 (0.00%)
* Elements of w processed with special addition: 0 (0.00%)
* Elements of w remaining: 2016 (100.00%)
* G1 elements in proof: 2
* G2 elements in proof: 1
* Proof size in bits: 1019
* Elements of w skipped: 0 (0.00%)
* Elements of w processed with special addition: 1 (0.05%)
* Elements of w remaining: 2080 (99.95%)
* Elements of w skipped: 0 (0.00%)
* Elements of w processed with special addition: 0 (0.00%)
* Elements of w remaining: 1024 (100.00%)
* Elements of w skipped: 0 (0.00%)
* Elements of w processed with special addition: 0 (0.00%)
* Elements of w remaining: 2016 (100.00%)
* G1 elements in proof: 2
* G2 elements in proof: 1
* Proof size in bits: 1019
* Elements of w skipped: 0 (0.00%)
* Elements of w processed with special addition: 1 (0.05%)
* Elements of w remaining: 2080 (99.95%)
* Elements of w skipped: 0 (0.00%)
* Elements of w processed with special addition: 0 (0.00%)
* Elements of w remaining: 1024 (100.00%)
* Elements of w skipped: 0 (0.00%)
* Elements of w processed with special addition: 0 (0.00%)
* Elements of w remaining: 2016 (100.00%)
* G1 elements in proof: 2
* G2 elements in proof: 1
* Proof size in bits: 1019
* Elements of w skipped: 0 (0.00%)
* Elements of w processed with special addition: 1 (0.05%)
* Elements of w remaining: 2080 (99.95%)
* Elements of w skipped: 0 (0.00%)
* Elements of w processed with special addition: 0 (0.00%)
* Elements of w remaining: 1024 (100.00%)
* Elements of w skipped: 0 (0.00%)
* Elements of w processed with special addition: 0 (0.00%)
* Elements of w remaining: 2016 (100.00%)
* G1 elements in proof: 2
* G2 elements in proof: 1
* Proof size in bits: 1019
* Elements of w skipped: 0 (0.00%)
* Elements of w processed with special addition: 1 (0.05%)
* Elements of w remaining: 2080 (99.95%)
* Elements of w skipped: 0 (0.00%)
* Elements of w processed with special addition: 0 (0.00%)
* Elements of w remaining: 1024 (100.00%)
* Elements of w skipped: 0 (0.00%)
* Elements of w processed with special addition: 0 (0.00%)
* Elements of w remaining: 2016 (100.00%)
* G1 elements in proof: 2
* G2 elements in proof: 1
* Proof size in bits: 1019
* Elements of w skipped: 0 (0.00%)
* Elements of w processed with special addition: 1 (0.05%)
* Elements of w remaining: 2080 (99.95%)
* Elements of w skipped: 0 (0.00%)
* Elements of w processed with special addition: 0 (0.00%)
* Elements of w remaining: 1024 (100.00%)
* Elements of w skipped: 0 (0.00%)
* Elements of w processed with special addition: 0 (0.00%)
* Elements of w remaining: 2016 (100.00%)
* G1 elements in proof: 2
* G2 elements in proof: 1
* Proof size in bits: 1019
  32      1024        268.6         91.29         4.05          PASS      
* Composed C_64: 2048 constraints, 4128 variables, 64 inputs
Swap is not beneficial, not performing
* QAP number of variables: 4128
* QAP pre degree: 2048
* QAP degree: 2176
* QAP number of input variables: 64
* G1 window: 11
* G2 window: 9
* G1 elements in PK: 14498
* Non-zero G1 elements in PK: 12417
* G2 elements in PK: 4130
* Non-zero G2 elements in PK: 2049
* PK size in bits: 4340348
* G1 elements in VK: 64
* G2 elements in VK: 2
* GT elements in VK: 1
* VK size in bits: 21689
* Elements of w skipped: 0 (0.00%)
* Elements of w processed with special addition: 1 (0.02%)
* Elements of w remaining: 4128 (99.98%)
* Elements of w skipped: 0 (0.00%)
* Elements of w processed with special addition: 0 (0.00%)
* Elements of w remaining: 2048 (100.00%)
* Elements of w skipped: 0 (0.00%)
* Elements of w processed with special addition: 0 (0.00%)
* Elements of w remaining: 4064 (100.00%)
* G1 elements in proof: 2
* G2 elements in proof: 1
* Proof size in bits: 1019
* Elements of w skipped: 0 (0.00%)
* Elements of w processed with special addition: 1 (0.02%)
* Elements of w remaining: 4128 (99.98%)
* Elements of w skipped: 0 (0.00%)
* Elements of w processed with special addition: 0 (0.00%)
* Elements of w remaining: 2048 (100.00%)
* Elements of w skipped: 0 (0.00%)
* Elements of w processed with special addition: 0 (0.00%)
* Elements of w remaining: 4064 (100.00%)
* G1 elements in proof: 2
* G2 elements in proof: 1
* Proof size in bits: 1019
* Elements of w skipped: 0 (0.00%)
* Elements of w processed with special addition: 1 (0.02%)
* Elements of w remaining: 4128 (99.98%)
* Elements of w skipped: 0 (0.00%)
* Elements of w processed with special addition: 0 (0.00%)
* Elements of w remaining: 2048 (100.00%)
* Elements of w skipped: 0 (0.00%)
* Elements of w processed with special addition: 0 (0.00%)
* Elements of w remaining: 4064 (100.00%)
* G1 elements in proof: 2
* G2 elements in proof: 1
* Proof size in bits: 1019
* Elements of w skipped: 0 (0.00%)
* Elements of w processed with special addition: 1 (0.02%)
* Elements of w remaining: 4128 (99.98%)
* Elements of w skipped: 0 (0.00%)
* Elements of w processed with special addition: 0 (0.00%)
* Elements of w remaining: 2048 (100.00%)
* Elements of w skipped: 0 (0.00%)
* Elements of w processed with special addition: 0 (0.00%)
* Elements of w remaining: 4064 (100.00%)
* G1 elements in proof: 2
* G2 elements in proof: 1
* Proof size in bits: 1019
* Elements of w skipped: 0 (0.00%)
* Elements of w processed with special addition: 1 (0.02%)
* Elements of w remaining: 4128 (99.98%)
* Elements of w skipped: 0 (0.00%)
* Elements of w processed with special addition: 0 (0.00%)
* Elements of w remaining: 2048 (100.00%)
* Elements of w skipped: 0 (0.00%)
* Elements of w processed with special addition: 0 (0.00%)
* Elements of w remaining: 4064 (100.00%)
* G1 elements in proof: 2
* G2 elements in proof: 1
* Proof size in bits: 1019
* Elements of w skipped: 0 (0.00%)
* Elements of w processed with special addition: 1 (0.02%)
* Elements of w remaining: 4128 (99.98%)
* Elements of w skipped: 0 (0.00%)
* Elements of w processed with special addition: 0 (0.00%)
* Elements of w remaining: 2048 (100.00%)
* Elements of w skipped: 0 (0.00%)
* Elements of w processed with special addition: 0 (0.00%)
* Elements of w remaining: 4064 (100.00%)
* G1 elements in proof: 2
* G2 elements in proof: 1
* Proof size in bits: 1019
* Elements of w skipped: 0 (0.00%)
* Elements of w processed with special addition: 1 (0.02%)
* Elements of w remaining: 4128 (99.98%)
* Elements of w skipped: 0 (0.00%)
* Elements of w processed with special addition: 0 (0.00%)
* Elements of w remaining: 2048 (100.00%)
* Elements of w skipped: 0 (0.00%)
* Elements of w processed with special addition: 0 (0.00%)
* Elements of w remaining: 4064 (100.00%)
* G1 elements in proof: 2
* G2 elements in proof: 1
* Proof size in bits: 1019
* Elements of w skipped: 0 (0.00%)
* Elements of w processed with special addition: 1 (0.02%)
* Elements of w remaining: 4128 (99.98%)
* Elements of w skipped: 0 (0.00%)
* Elements of w processed with special addition: 0 (0.00%)
* Elements of w remaining: 2048 (100.00%)
* Elements of w skipped: 0 (0.00%)
* Elements of w processed with special addition: 0 (0.00%)
* Elements of w remaining: 4064 (100.00%)
* G1 elements in proof: 2
* G2 elements in proof: 1
* Proof size in bits: 1019
* Elements of w skipped: 0 (0.00%)
* Elements of w processed with special addition: 1 (0.02%)
* Elements of w remaining: 4128 (99.98%)
* Elements of w skipped: 0 (0.00%)
* Elements of w processed with special addition: 0 (0.00%)
* Elements of w remaining: 2048 (100.00%)
* Elements of w skipped: 0 (0.00%)
* Elements of w processed with special addition: 0 (0.00%)
* Elements of w remaining: 4064 (100.00%)
* G1 elements in proof: 2
* G2 elements in proof: 1
* Proof size in bits: 1019
* Elements of w skipped: 0 (0.00%)
* Elements of w processed with special addition: 1 (0.02%)
* Elements of w remaining: 4128 (99.98%)
* Elements of w skipped: 0 (0.00%)
* Elements of w processed with special addition: 0 (0.00%)
* Elements of w remaining: 2048 (100.00%)
* Elements of w skipped: 0 (0.00%)
* Elements of w processed with special addition: 0 (0.00%)
* Elements of w remaining: 4064 (100.00%)
* G1 elements in proof: 2
* G2 elements in proof: 1
* Proof size in bits: 1019
  64      2048        460.2         185.00        4.05          PASS      

  Groth16 results written to /Users/heewonchung/Documents/00-Research/active/Updatable Verifiable Computation/Dev/results/2026-03-06_121849_paper/csv/groth16_results.csv

================================================================
All benchmarks complete.
================================================================
  Done in 16s

------------------------------------------------------------
  Running: [5/10] hadamard n=128 B=16
  Command: bench_comparative --circuit hadamard --n 128 --B 16 --output-dir /Users/heewonchung/Documents/00-Research/active/Updatable Verifiable Computation/Dev/results/2026-03-06_121849_paper/csv --reps 10
------------------------------------------------------------
================================================================
Comparative Benchmark: UVC vs Groth16
================================================================
  Circuit: hadamard, n=128, B=16, reps=10
  Output: /Users/heewonchung/Documents/00-Research/active/Updatable Verifiable Computation/Dev/results/2026-03-06_121849_paper/csv/

================================================================
UVC Benchmark: circuit=hadamard, n=128, B=16
================================================================
  Circuit: 128 constraints, 384 vars, state=128, transition=128

  [Setup] Generating CRS for B=16...
* UVC Setup: B=16, n=384, state=128, transition=128
* Composed C_16: 2048 constraints, 4224 variables, 256 inputs
* QAP (C_B) variables: 4224, degree: 2560, inputs: 256
* UVC max compositions (B): 16
* G1 elements in PK: 14978
* G2 elements in PK: 4226
* PK size in bits: 4438268
* H_query_full size: 2559
* Step 2: 256 new wires (0 io, 256 wt)
* Step 3: 256 new wires (0 io, 256 wt)
* Step 4: 256 new wires (0 io, 256 wt)
* Step 5: 256 new wires (0 io, 256 wt)
* Step 6: 256 new wires (0 io, 256 wt)
* Step 7: 256 new wires (0 io, 256 wt)
* Step 8: 256 new wires (0 io, 256 wt)
* Step 9: 256 new wires (0 io, 256 wt)
* Step 10: 256 new wires (0 io, 256 wt)
* Step 11: 256 new wires (0 io, 256 wt)
* Step 12: 256 new wires (0 io, 256 wt)
* Step 13: 256 new wires (0 io, 256 wt)
* Step 14: 256 new wires (0 io, 256 wt)
* Step 15: 256 new wires (0 io, 256 wt)
* Step 16: 256 new wires (0 io, 256 wt)
* UVC VK: 16 max steps
* G2 elements in VK: 2
* GT elements in VK: 1
* gamma_ABC size: 256
  Setup: 797.7 ms, CRS: 18434 G1 + 8067 G2
  Building proof chain (steps 1..16)...
* UVC Prove step 1
* Elements of w skipped: 0 (0.00%)
* Elements of w processed with special addition: 1 (0.26%)
* Elements of w remaining: 384 (99.74%)
* Elements of w skipped: 0 (0.00%)
* Elements of w processed with special addition: 0 (0.00%)
* Elements of w remaining: 128 (100.00%)
* Elements of w skipped: 0 (0.00%)
* Elements of w processed with special addition: 0 (0.00%)
* Elements of w remaining: 128 (100.00%)
* UVC proof at step 1
* G1 elements in proof: 2
* G2 elements in proof: 1
* Proof size in bits: 1019
* Cached h poly size: 2559
* UVC Prove step 2
* Elements of w skipped: 0 (0.00%)
* Elements of w processed with special addition: 0 (0.00%)
* Elements of w remaining: 256 (100.00%)
* Elements of w skipped: 0 (0.00%)
* Elements of w processed with special addition: 0 (0.00%)
* Elements of w remaining: 128 (100.00%)
* Elements of w skipped: 0 (0.00%)
* Elements of w processed with special addition: 0 (0.00%)
* Elements of w remaining: 256 (100.00%)
* UVC proof at step 2
* G1 elements in proof: 2
* G2 elements in proof: 1
* Proof size in bits: 1019
* Cached h poly size: 2559
* UVC Prove step 3
* Elements of w skipped: 0 (0.00%)
* Elements of w processed with special addition: 0 (0.00%)
* Elements of w remaining: 256 (100.00%)
* Elements of w skipped: 0 (0.00%)
* Elements of w processed with special addition: 0 (0.00%)
* Elements of w remaining: 128 (100.00%)
* Elements of w skipped: 0 (0.00%)
* Elements of w processed with special addition: 0 (0.00%)
* Elements of w remaining: 256 (100.00%)
* UVC proof at step 3
* G1 elements in proof: 2
* G2 elements in proof: 1
* Proof size in bits: 1019
* Cached h poly size: 2559
* UVC Prove step 4
* Elements of w skipped: 0 (0.00%)
* Elements of w processed with special addition: 0 (0.00%)
* Elements of w remaining: 256 (100.00%)
* Elements of w skipped: 0 (0.00%)
* Elements of w processed with special addition: 0 (0.00%)
* Elements of w remaining: 128 (100.00%)
* Elements of w skipped: 0 (0.00%)
* Elements of w processed with special addition: 0 (0.00%)
* Elements of w remaining: 256 (100.00%)
* UVC proof at step 4
* G1 elements in proof: 2
* G2 elements in proof: 1
* Proof size in bits: 1019
* Cached h poly size: 2559
* UVC Prove step 5
* Elements of w skipped: 0 (0.00%)
* Elements of w processed with special addition: 0 (0.00%)
* Elements of w remaining: 256 (100.00%)
* Elements of w skipped: 0 (0.00%)
* Elements of w processed with special addition: 0 (0.00%)
* Elements of w remaining: 128 (100.00%)
* Elements of w skipped: 0 (0.00%)
* Elements of w processed with special addition: 0 (0.00%)
* Elements of w remaining: 256 (100.00%)
* UVC proof at step 5
* G1 elements in proof: 2
* G2 elements in proof: 1
* Proof size in bits: 1019
* Cached h poly size: 2559
* UVC Prove step 6
* Elements of w skipped: 0 (0.00%)
* Elements of w processed with special addition: 0 (0.00%)
* Elements of w remaining: 256 (100.00%)
* Elements of w skipped: 0 (0.00%)
* Elements of w processed with special addition: 0 (0.00%)
* Elements of w remaining: 128 (100.00%)
* Elements of w skipped: 0 (0.00%)
* Elements of w processed with special addition: 0 (0.00%)
* Elements of w remaining: 256 (100.00%)
* UVC proof at step 6
* G1 elements in proof: 2
* G2 elements in proof: 1
* Proof size in bits: 1019
* Cached h poly size: 2559
* UVC Prove step 7
* Elements of w skipped: 0 (0.00%)
* Elements of w processed with special addition: 0 (0.00%)
* Elements of w remaining: 256 (100.00%)
* Elements of w skipped: 0 (0.00%)
* Elements of w processed with special addition: 0 (0.00%)
* Elements of w remaining: 128 (100.00%)
* Elements of w skipped: 0 (0.00%)
* Elements of w processed with special addition: 0 (0.00%)
* Elements of w remaining: 256 (100.00%)
* UVC proof at step 7
* G1 elements in proof: 2
* G2 elements in proof: 1
* Proof size in bits: 1019
* Cached h poly size: 2559
* UVC Prove step 8
* Elements of w skipped: 0 (0.00%)
* Elements of w processed with special addition: 0 (0.00%)
* Elements of w remaining: 256 (100.00%)
* Elements of w skipped: 0 (0.00%)
* Elements of w processed with special addition: 0 (0.00%)
* Elements of w remaining: 128 (100.00%)
* Elements of w skipped: 0 (0.00%)
* Elements of w processed with special addition: 0 (0.00%)
* Elements of w remaining: 256 (100.00%)
* UVC proof at step 8
* G1 elements in proof: 2
* G2 elements in proof: 1
* Proof size in bits: 1019
* Cached h poly size: 2559
* UVC Prove step 9
* Elements of w skipped: 0 (0.00%)
* Elements of w processed with special addition: 0 (0.00%)
* Elements of w remaining: 256 (100.00%)
* Elements of w skipped: 0 (0.00%)
* Elements of w processed with special addition: 0 (0.00%)
* Elements of w remaining: 128 (100.00%)
* Elements of w skipped: 0 (0.00%)
* Elements of w processed with special addition: 0 (0.00%)
* Elements of w remaining: 256 (100.00%)
* UVC proof at step 9
* G1 elements in proof: 2
* G2 elements in proof: 1
* Proof size in bits: 1019
* Cached h poly size: 2559
* UVC Prove step 10
* Elements of w skipped: 0 (0.00%)
* Elements of w processed with special addition: 0 (0.00%)
* Elements of w remaining: 256 (100.00%)
* Elements of w skipped: 0 (0.00%)
* Elements of w processed with special addition: 0 (0.00%)
* Elements of w remaining: 128 (100.00%)
* Elements of w skipped: 0 (0.00%)
* Elements of w processed with special addition: 0 (0.00%)
* Elements of w remaining: 256 (100.00%)
* UVC proof at step 10
* G1 elements in proof: 2
* G2 elements in proof: 1
* Proof size in bits: 1019
* Cached h poly size: 2559
* UVC Prove step 11
* Elements of w skipped: 0 (0.00%)
* Elements of w processed with special addition: 0 (0.00%)
* Elements of w remaining: 256 (100.00%)
* Elements of w skipped: 0 (0.00%)
* Elements of w processed with special addition: 0 (0.00%)
* Elements of w remaining: 128 (100.00%)
* Elements of w skipped: 0 (0.00%)
* Elements of w processed with special addition: 0 (0.00%)
* Elements of w remaining: 256 (100.00%)
* UVC proof at step 11
* G1 elements in proof: 2
* G2 elements in proof: 1
* Proof size in bits: 1019
* Cached h poly size: 2559
* UVC Prove step 12
* Elements of w skipped: 0 (0.00%)
* Elements of w processed with special addition: 0 (0.00%)
* Elements of w remaining: 256 (100.00%)
* Elements of w skipped: 0 (0.00%)
* Elements of w processed with special addition: 0 (0.00%)
* Elements of w remaining: 128 (100.00%)
* Elements of w skipped: 0 (0.00%)
* Elements of w processed with special addition: 0 (0.00%)
* Elements of w remaining: 256 (100.00%)
* UVC proof at step 12
* G1 elements in proof: 2
* G2 elements in proof: 1
* Proof size in bits: 1019
* Cached h poly size: 2559
* UVC Prove step 13
* Elements of w skipped: 0 (0.00%)
* Elements of w processed with special addition: 0 (0.00%)
* Elements of w remaining: 256 (100.00%)
* Elements of w skipped: 0 (0.00%)
* Elements of w processed with special addition: 0 (0.00%)
* Elements of w remaining: 128 (100.00%)
* Elements of w skipped: 0 (0.00%)
* Elements of w processed with special addition: 0 (0.00%)
* Elements of w remaining: 256 (100.00%)
* UVC proof at step 13
* G1 elements in proof: 2
* G2 elements in proof: 1
* Proof size in bits: 1019
* Cached h poly size: 2559
* UVC Prove step 14
* Elements of w skipped: 0 (0.00%)
* Elements of w processed with special addition: 0 (0.00%)
* Elements of w remaining: 256 (100.00%)
* Elements of w skipped: 0 (0.00%)
* Elements of w processed with special addition: 0 (0.00%)
* Elements of w remaining: 128 (100.00%)
* Elements of w skipped: 0 (0.00%)
* Elements of w processed with special addition: 0 (0.00%)
* Elements of w remaining: 256 (100.00%)
* UVC proof at step 14
* G1 elements in proof: 2
* G2 elements in proof: 1
* Proof size in bits: 1019
* Cached h poly size: 2559
* UVC Prove step 15
* Elements of w skipped: 0 (0.00%)
* Elements of w processed with special addition: 0 (0.00%)
* Elements of w remaining: 256 (100.00%)
* Elements of w skipped: 0 (0.00%)
* Elements of w processed with special addition: 0 (0.00%)
* Elements of w remaining: 128 (100.00%)
* Elements of w skipped: 0 (0.00%)
* Elements of w processed with special addition: 0 (0.00%)
* Elements of w remaining: 256 (100.00%)
* UVC proof at step 15
* G1 elements in proof: 2
* G2 elements in proof: 1
* Proof size in bits: 1019
* Cached h poly size: 2559
* UVC Prove step 16
* Elements of w skipped: 0 (0.00%)
* Elements of w processed with special addition: 0 (0.00%)
* Elements of w remaining: 256 (100.00%)
* Elements of w skipped: 0 (0.00%)
* Elements of w processed with special addition: 0 (0.00%)
* Elements of w remaining: 128 (100.00%)
* Elements of w skipped: 0 (0.00%)
* Elements of w processed with special addition: 0 (0.00%)
* Elements of w remaining: 256 (100.00%)
* UVC proof at step 16
* G1 elements in proof: 2
* G2 elements in proof: 1
* Proof size in bits: 1019
* Cached h poly size: 2559

  Step    Prove (ms)    Verify (ms)   Proof bits    Verified  
  ------  ------------  ------------  ------------  ----------
* UVC Prove step 1
* Elements of w skipped: 0 (0.00%)
* Elements of w processed with special addition: 1 (0.26%)
* Elements of w remaining: 384 (99.74%)
* Elements of w skipped: 0 (0.00%)
* Elements of w processed with special addition: 0 (0.00%)
* Elements of w remaining: 128 (100.00%)
* Elements of w skipped: 0 (0.00%)
* Elements of w processed with special addition: 0 (0.00%)
* Elements of w remaining: 128 (100.00%)
* UVC proof at step 1
* G1 elements in proof: 2
* G2 elements in proof: 1
* Proof size in bits: 1019
* Cached h poly size: 2559
* UVC Prove step 1
* Elements of w skipped: 0 (0.00%)
* Elements of w processed with special addition: 1 (0.26%)
* Elements of w remaining: 384 (99.74%)
* Elements of w skipped: 0 (0.00%)
* Elements of w processed with special addition: 0 (0.00%)
* Elements of w remaining: 128 (100.00%)
* Elements of w skipped: 0 (0.00%)
* Elements of w processed with special addition: 0 (0.00%)
* Elements of w remaining: 128 (100.00%)
* UVC proof at step 1
* G1 elements in proof: 2
* G2 elements in proof: 1
* Proof size in bits: 1019
* Cached h poly size: 2559
* UVC Prove step 1
* Elements of w skipped: 0 (0.00%)
* Elements of w processed with special addition: 1 (0.26%)
* Elements of w remaining: 384 (99.74%)
* Elements of w skipped: 0 (0.00%)
* Elements of w processed with special addition: 0 (0.00%)
* Elements of w remaining: 128 (100.00%)
* Elements of w skipped: 0 (0.00%)
* Elements of w processed with special addition: 0 (0.00%)
* Elements of w remaining: 128 (100.00%)
* UVC proof at step 1
* G1 elements in proof: 2
* G2 elements in proof: 1
* Proof size in bits: 1019
* Cached h poly size: 2559
* UVC Prove step 1
* Elements of w skipped: 0 (0.00%)
* Elements of w processed with special addition: 1 (0.26%)
* Elements of w remaining: 384 (99.74%)
* Elements of w skipped: 0 (0.00%)
* Elements of w processed with special addition: 0 (0.00%)
* Elements of w remaining: 128 (100.00%)
* Elements of w skipped: 0 (0.00%)
* Elements of w processed with special addition: 0 (0.00%)
* Elements of w remaining: 128 (100.00%)
* UVC proof at step 1
* G1 elements in proof: 2
* G2 elements in proof: 1
* Proof size in bits: 1019
* Cached h poly size: 2559
* UVC Prove step 1
* Elements of w skipped: 0 (0.00%)
* Elements of w processed with special addition: 1 (0.26%)
* Elements of w remaining: 384 (99.74%)
* Elements of w skipped: 0 (0.00%)
* Elements of w processed with special addition: 0 (0.00%)
* Elements of w remaining: 128 (100.00%)
* Elements of w skipped: 0 (0.00%)
* Elements of w processed with special addition: 0 (0.00%)
* Elements of w remaining: 128 (100.00%)
* UVC proof at step 1
* G1 elements in proof: 2
* G2 elements in proof: 1
* Proof size in bits: 1019
* Cached h poly size: 2559
* UVC Prove step 1
* Elements of w skipped: 0 (0.00%)
* Elements of w processed with special addition: 1 (0.26%)
* Elements of w remaining: 384 (99.74%)
* Elements of w skipped: 0 (0.00%)
* Elements of w processed with special addition: 0 (0.00%)
* Elements of w remaining: 128 (100.00%)
* Elements of w skipped: 0 (0.00%)
* Elements of w processed with special addition: 0 (0.00%)
* Elements of w remaining: 128 (100.00%)
* UVC proof at step 1
* G1 elements in proof: 2
* G2 elements in proof: 1
* Proof size in bits: 1019
* Cached h poly size: 2559
* UVC Prove step 1
* Elements of w skipped: 0 (0.00%)
* Elements of w processed with special addition: 1 (0.26%)
* Elements of w remaining: 384 (99.74%)
* Elements of w skipped: 0 (0.00%)
* Elements of w processed with special addition: 0 (0.00%)
* Elements of w remaining: 128 (100.00%)
* Elements of w skipped: 0 (0.00%)
* Elements of w processed with special addition: 0 (0.00%)
* Elements of w remaining: 128 (100.00%)
* UVC proof at step 1
* G1 elements in proof: 2
* G2 elements in proof: 1
* Proof size in bits: 1019
* Cached h poly size: 2559
* UVC Prove step 1
* Elements of w skipped: 0 (0.00%)
* Elements of w processed with special addition: 1 (0.26%)
* Elements of w remaining: 384 (99.74%)
* Elements of w skipped: 0 (0.00%)
* Elements of w processed with special addition: 0 (0.00%)
* Elements of w remaining: 128 (100.00%)
* Elements of w skipped: 0 (0.00%)
* Elements of w processed with special addition: 0 (0.00%)
* Elements of w remaining: 128 (100.00%)
* UVC proof at step 1
* G1 elements in proof: 2
* G2 elements in proof: 1
* Proof size in bits: 1019
* Cached h poly size: 2559
* UVC Prove step 1
* Elements of w skipped: 0 (0.00%)
* Elements of w processed with special addition: 1 (0.26%)
* Elements of w remaining: 384 (99.74%)
* Elements of w skipped: 0 (0.00%)
* Elements of w processed with special addition: 0 (0.00%)
* Elements of w remaining: 128 (100.00%)
* Elements of w skipped: 0 (0.00%)
* Elements of w processed with special addition: 0 (0.00%)
* Elements of w remaining: 128 (100.00%)
* UVC proof at step 1
* G1 elements in proof: 2
* G2 elements in proof: 1
* Proof size in bits: 1019
* Cached h poly size: 2559
* UVC Prove step 1
* Elements of w skipped: 0 (0.00%)
* Elements of w processed with special addition: 1 (0.26%)
* Elements of w remaining: 384 (99.74%)
* Elements of w skipped: 0 (0.00%)
* Elements of w processed with special addition: 0 (0.00%)
* Elements of w remaining: 128 (100.00%)
* Elements of w skipped: 0 (0.00%)
* Elements of w processed with special addition: 0 (0.00%)
* Elements of w remaining: 128 (100.00%)
* UVC proof at step 1
* G1 elements in proof: 2
* G2 elements in proof: 1
* Proof size in bits: 1019
* Cached h poly size: 2559
* UVC Verify step 1: PASS
* UVC Verify step 1: PASS
* UVC Verify step 1: PASS
* UVC Verify step 1: PASS
* UVC Verify step 1: PASS
* UVC Verify step 1: PASS
* UVC Verify step 1: PASS
* UVC Verify step 1: PASS
* UVC Verify step 1: PASS
* UVC Verify step 1: PASS
  1       82.54         4.39          1019          PASS      
* UVC Prove step 2
* Elements of w skipped: 0 (0.00%)
* Elements of w processed with special addition: 0 (0.00%)
* Elements of w remaining: 256 (100.00%)
* Elements of w skipped: 0 (0.00%)
* Elements of w processed with special addition: 0 (0.00%)
* Elements of w remaining: 128 (100.00%)
* Elements of w skipped: 0 (0.00%)
* Elements of w processed with special addition: 0 (0.00%)
* Elements of w remaining: 256 (100.00%)
* UVC proof at step 2
* G1 elements in proof: 2
* G2 elements in proof: 1
* Proof size in bits: 1019
* Cached h poly size: 2559
* UVC Prove step 2
* Elements of w skipped: 0 (0.00%)
* Elements of w processed with special addition: 0 (0.00%)
* Elements of w remaining: 256 (100.00%)
* Elements of w skipped: 0 (0.00%)
* Elements of w processed with special addition: 0 (0.00%)
* Elements of w remaining: 128 (100.00%)
* Elements of w skipped: 0 (0.00%)
* Elements of w processed with special addition: 0 (0.00%)
* Elements of w remaining: 256 (100.00%)
* UVC proof at step 2
* G1 elements in proof: 2
* G2 elements in proof: 1
* Proof size in bits: 1019
* Cached h poly size: 2559
* UVC Prove step 2
* Elements of w skipped: 0 (0.00%)
* Elements of w processed with special addition: 0 (0.00%)
* Elements of w remaining: 256 (100.00%)
* Elements of w skipped: 0 (0.00%)
* Elements of w processed with special addition: 0 (0.00%)
* Elements of w remaining: 128 (100.00%)
* Elements of w skipped: 0 (0.00%)
* Elements of w processed with special addition: 0 (0.00%)
* Elements of w remaining: 256 (100.00%)
* UVC proof at step 2
* G1 elements in proof: 2
* G2 elements in proof: 1
* Proof size in bits: 1019
* Cached h poly size: 2559
* UVC Prove step 2
* Elements of w skipped: 0 (0.00%)
* Elements of w processed with special addition: 0 (0.00%)
* Elements of w remaining: 256 (100.00%)
* Elements of w skipped: 0 (0.00%)
* Elements of w processed with special addition: 0 (0.00%)
* Elements of w remaining: 128 (100.00%)
* Elements of w skipped: 0 (0.00%)
* Elements of w processed with special addition: 0 (0.00%)
* Elements of w remaining: 256 (100.00%)
* UVC proof at step 2
* G1 elements in proof: 2
* G2 elements in proof: 1
* Proof size in bits: 1019
* Cached h poly size: 2559
* UVC Prove step 2
* Elements of w skipped: 0 (0.00%)
* Elements of w processed with special addition: 0 (0.00%)
* Elements of w remaining: 256 (100.00%)
* Elements of w skipped: 0 (0.00%)
* Elements of w processed with special addition: 0 (0.00%)
* Elements of w remaining: 128 (100.00%)
* Elements of w skipped: 0 (0.00%)
* Elements of w processed with special addition: 0 (0.00%)
* Elements of w remaining: 256 (100.00%)
* UVC proof at step 2
* G1 elements in proof: 2
* G2 elements in proof: 1
* Proof size in bits: 1019
* Cached h poly size: 2559
* UVC Prove step 2
* Elements of w skipped: 0 (0.00%)
* Elements of w processed with special addition: 0 (0.00%)
* Elements of w remaining: 256 (100.00%)
* Elements of w skipped: 0 (0.00%)
* Elements of w processed with special addition: 0 (0.00%)
* Elements of w remaining: 128 (100.00%)
* Elements of w skipped: 0 (0.00%)
* Elements of w processed with special addition: 0 (0.00%)
* Elements of w remaining: 256 (100.00%)
* UVC proof at step 2
* G1 elements in proof: 2
* G2 elements in proof: 1
* Proof size in bits: 1019
* Cached h poly size: 2559
* UVC Prove step 2
* Elements of w skipped: 0 (0.00%)
* Elements of w processed with special addition: 0 (0.00%)
* Elements of w remaining: 256 (100.00%)
* Elements of w skipped: 0 (0.00%)
* Elements of w processed with special addition: 0 (0.00%)
* Elements of w remaining: 128 (100.00%)
* Elements of w skipped: 0 (0.00%)
* Elements of w processed with special addition: 0 (0.00%)
* Elements of w remaining: 256 (100.00%)
* UVC proof at step 2
* G1 elements in proof: 2
* G2 elements in proof: 1
* Proof size in bits: 1019
* Cached h poly size: 2559
* UVC Prove step 2
* Elements of w skipped: 0 (0.00%)
* Elements of w processed with special addition: 0 (0.00%)
* Elements of w remaining: 256 (100.00%)
* Elements of w skipped: 0 (0.00%)
* Elements of w processed with special addition: 0 (0.00%)
* Elements of w remaining: 128 (100.00%)
* Elements of w skipped: 0 (0.00%)
* Elements of w processed with special addition: 0 (0.00%)
* Elements of w remaining: 256 (100.00%)
* UVC proof at step 2
* G1 elements in proof: 2
* G2 elements in proof: 1
* Proof size in bits: 1019
* Cached h poly size: 2559
* UVC Prove step 2
* Elements of w skipped: 0 (0.00%)
* Elements of w processed with special addition: 0 (0.00%)
* Elements of w remaining: 256 (100.00%)
* Elements of w skipped: 0 (0.00%)
* Elements of w processed with special addition: 0 (0.00%)
* Elements of w remaining: 128 (100.00%)
* Elements of w skipped: 0 (0.00%)
* Elements of w processed with special addition: 0 (0.00%)
* Elements of w remaining: 256 (100.00%)
* UVC proof at step 2
* G1 elements in proof: 2
* G2 elements in proof: 1
* Proof size in bits: 1019
* Cached h poly size: 2559
* UVC Prove step 2
* Elements of w skipped: 0 (0.00%)
* Elements of w processed with special addition: 0 (0.00%)
* Elements of w remaining: 256 (100.00%)
* Elements of w skipped: 0 (0.00%)
* Elements of w processed with special addition: 0 (0.00%)
* Elements of w remaining: 128 (100.00%)
* Elements of w skipped: 0 (0.00%)
* Elements of w processed with special addition: 0 (0.00%)
* Elements of w remaining: 256 (100.00%)
* UVC proof at step 2
* G1 elements in proof: 2
* G2 elements in proof: 1
* Proof size in bits: 1019
* Cached h poly size: 2559
* UVC Verify step 2: PASS
* UVC Verify step 2: PASS
* UVC Verify step 2: PASS
* UVC Verify step 2: PASS
* UVC Verify step 2: PASS
* UVC Verify step 2: PASS
* UVC Verify step 2: PASS
* UVC Verify step 2: PASS
* UVC Verify step 2: PASS
* UVC Verify step 2: PASS
  2       83.06         4.38          1019          PASS      
* UVC Prove step 4
* Elements of w skipped: 0 (0.00%)
* Elements of w processed with special addition: 0 (0.00%)
* Elements of w remaining: 256 (100.00%)
* Elements of w skipped: 0 (0.00%)
* Elements of w processed with special addition: 0 (0.00%)
* Elements of w remaining: 128 (100.00%)
* Elements of w skipped: 0 (0.00%)
* Elements of w processed with special addition: 0 (0.00%)
* Elements of w remaining: 256 (100.00%)
* UVC proof at step 4
* G1 elements in proof: 2
* G2 elements in proof: 1
* Proof size in bits: 1019
* Cached h poly size: 2559
* UVC Prove step 4
* Elements of w skipped: 0 (0.00%)
* Elements of w processed with special addition: 0 (0.00%)
* Elements of w remaining: 256 (100.00%)
* Elements of w skipped: 0 (0.00%)
* Elements of w processed with special addition: 0 (0.00%)
* Elements of w remaining: 128 (100.00%)
* Elements of w skipped: 0 (0.00%)
* Elements of w processed with special addition: 0 (0.00%)
* Elements of w remaining: 256 (100.00%)
* UVC proof at step 4
* G1 elements in proof: 2
* G2 elements in proof: 1
* Proof size in bits: 1019
* Cached h poly size: 2559
* UVC Prove step 4
* Elements of w skipped: 0 (0.00%)
* Elements of w processed with special addition: 0 (0.00%)
* Elements of w remaining: 256 (100.00%)
* Elements of w skipped: 0 (0.00%)
* Elements of w processed with special addition: 0 (0.00%)
* Elements of w remaining: 128 (100.00%)
* Elements of w skipped: 0 (0.00%)
* Elements of w processed with special addition: 0 (0.00%)
* Elements of w remaining: 256 (100.00%)
* UVC proof at step 4
* G1 elements in proof: 2
* G2 elements in proof: 1
* Proof size in bits: 1019
* Cached h poly size: 2559
* UVC Prove step 4
* Elements of w skipped: 0 (0.00%)
* Elements of w processed with special addition: 0 (0.00%)
* Elements of w remaining: 256 (100.00%)
* Elements of w skipped: 0 (0.00%)
* Elements of w processed with special addition: 0 (0.00%)
* Elements of w remaining: 128 (100.00%)
* Elements of w skipped: 0 (0.00%)
* Elements of w processed with special addition: 0 (0.00%)
* Elements of w remaining: 256 (100.00%)
* UVC proof at step 4
* G1 elements in proof: 2
* G2 elements in proof: 1
* Proof size in bits: 1019
* Cached h poly size: 2559
* UVC Prove step 4
* Elements of w skipped: 0 (0.00%)
* Elements of w processed with special addition: 0 (0.00%)
* Elements of w remaining: 256 (100.00%)
* Elements of w skipped: 0 (0.00%)
* Elements of w processed with special addition: 0 (0.00%)
* Elements of w remaining: 128 (100.00%)
* Elements of w skipped: 0 (0.00%)
* Elements of w processed with special addition: 0 (0.00%)
* Elements of w remaining: 256 (100.00%)
* UVC proof at step 4
* G1 elements in proof: 2
* G2 elements in proof: 1
* Proof size in bits: 1019
* Cached h poly size: 2559
* UVC Prove step 4
* Elements of w skipped: 0 (0.00%)
* Elements of w processed with special addition: 0 (0.00%)
* Elements of w remaining: 256 (100.00%)
* Elements of w skipped: 0 (0.00%)
* Elements of w processed with special addition: 0 (0.00%)
* Elements of w remaining: 128 (100.00%)
* Elements of w skipped: 0 (0.00%)
* Elements of w processed with special addition: 0 (0.00%)
* Elements of w remaining: 256 (100.00%)
* UVC proof at step 4
* G1 elements in proof: 2
* G2 elements in proof: 1
* Proof size in bits: 1019
* Cached h poly size: 2559
* UVC Prove step 4
* Elements of w skipped: 0 (0.00%)
* Elements of w processed with special addition: 0 (0.00%)
* Elements of w remaining: 256 (100.00%)
* Elements of w skipped: 0 (0.00%)
* Elements of w processed with special addition: 0 (0.00%)
* Elements of w remaining: 128 (100.00%)
* Elements of w skipped: 0 (0.00%)
* Elements of w processed with special addition: 0 (0.00%)
* Elements of w remaining: 256 (100.00%)
* UVC proof at step 4
* G1 elements in proof: 2
* G2 elements in proof: 1
* Proof size in bits: 1019
* Cached h poly size: 2559
* UVC Prove step 4
* Elements of w skipped: 0 (0.00%)
* Elements of w processed with special addition: 0 (0.00%)
* Elements of w remaining: 256 (100.00%)
* Elements of w skipped: 0 (0.00%)
* Elements of w processed with special addition: 0 (0.00%)
* Elements of w remaining: 128 (100.00%)
* Elements of w skipped: 0 (0.00%)
* Elements of w processed with special addition: 0 (0.00%)
* Elements of w remaining: 256 (100.00%)
* UVC proof at step 4
* G1 elements in proof: 2
* G2 elements in proof: 1
* Proof size in bits: 1019
* Cached h poly size: 2559
* UVC Prove step 4
* Elements of w skipped: 0 (0.00%)
* Elements of w processed with special addition: 0 (0.00%)
* Elements of w remaining: 256 (100.00%)
* Elements of w skipped: 0 (0.00%)
* Elements of w processed with special addition: 0 (0.00%)
* Elements of w remaining: 128 (100.00%)
* Elements of w skipped: 0 (0.00%)
* Elements of w processed with special addition: 0 (0.00%)
* Elements of w remaining: 256 (100.00%)
* UVC proof at step 4
* G1 elements in proof: 2
* G2 elements in proof: 1
* Proof size in bits: 1019
* Cached h poly size: 2559
* UVC Prove step 4
* Elements of w skipped: 0 (0.00%)
* Elements of w processed with special addition: 0 (0.00%)
* Elements of w remaining: 256 (100.00%)
* Elements of w skipped: 0 (0.00%)
* Elements of w processed with special addition: 0 (0.00%)
* Elements of w remaining: 128 (100.00%)
* Elements of w skipped: 0 (0.00%)
* Elements of w processed with special addition: 0 (0.00%)
* Elements of w remaining: 256 (100.00%)
* UVC proof at step 4
* G1 elements in proof: 2
* G2 elements in proof: 1
* Proof size in bits: 1019
* Cached h poly size: 2559
* UVC Verify step 4: PASS
* UVC Verify step 4: PASS
* UVC Verify step 4: PASS
* UVC Verify step 4: PASS
* UVC Verify step 4: PASS
* UVC Verify step 4: PASS
* UVC Verify step 4: PASS
* UVC Verify step 4: PASS
* UVC Verify step 4: PASS
* UVC Verify step 4: PASS
  4       84.49         4.39          1019          PASS      
* UVC Prove step 8
* Elements of w skipped: 0 (0.00%)
* Elements of w processed with special addition: 0 (0.00%)
* Elements of w remaining: 256 (100.00%)
* Elements of w skipped: 0 (0.00%)
* Elements of w processed with special addition: 0 (0.00%)
* Elements of w remaining: 128 (100.00%)
* Elements of w skipped: 0 (0.00%)
* Elements of w processed with special addition: 0 (0.00%)
* Elements of w remaining: 256 (100.00%)
* UVC proof at step 8
* G1 elements in proof: 2
* G2 elements in proof: 1
* Proof size in bits: 1019
* Cached h poly size: 2559
* UVC Prove step 8
* Elements of w skipped: 0 (0.00%)
* Elements of w processed with special addition: 0 (0.00%)
* Elements of w remaining: 256 (100.00%)
* Elements of w skipped: 0 (0.00%)
* Elements of w processed with special addition: 0 (0.00%)
* Elements of w remaining: 128 (100.00%)
* Elements of w skipped: 0 (0.00%)
* Elements of w processed with special addition: 0 (0.00%)
* Elements of w remaining: 256 (100.00%)
* UVC proof at step 8
* G1 elements in proof: 2
* G2 elements in proof: 1
* Proof size in bits: 1019
* Cached h poly size: 2559
* UVC Prove step 8
* Elements of w skipped: 0 (0.00%)
* Elements of w processed with special addition: 0 (0.00%)
* Elements of w remaining: 256 (100.00%)
* Elements of w skipped: 0 (0.00%)
* Elements of w processed with special addition: 0 (0.00%)
* Elements of w remaining: 128 (100.00%)
* Elements of w skipped: 0 (0.00%)
* Elements of w processed with special addition: 0 (0.00%)
* Elements of w remaining: 256 (100.00%)
* UVC proof at step 8
* G1 elements in proof: 2
* G2 elements in proof: 1
* Proof size in bits: 1019
* Cached h poly size: 2559
* UVC Prove step 8
* Elements of w skipped: 0 (0.00%)
* Elements of w processed with special addition: 0 (0.00%)
* Elements of w remaining: 256 (100.00%)
* Elements of w skipped: 0 (0.00%)
* Elements of w processed with special addition: 0 (0.00%)
* Elements of w remaining: 128 (100.00%)
* Elements of w skipped: 0 (0.00%)
* Elements of w processed with special addition: 0 (0.00%)
* Elements of w remaining: 256 (100.00%)
* UVC proof at step 8
* G1 elements in proof: 2
* G2 elements in proof: 1
* Proof size in bits: 1019
* Cached h poly size: 2559
* UVC Prove step 8
* Elements of w skipped: 0 (0.00%)
* Elements of w processed with special addition: 0 (0.00%)
* Elements of w remaining: 256 (100.00%)
* Elements of w skipped: 0 (0.00%)
* Elements of w processed with special addition: 0 (0.00%)
* Elements of w remaining: 128 (100.00%)
* Elements of w skipped: 0 (0.00%)
* Elements of w processed with special addition: 0 (0.00%)
* Elements of w remaining: 256 (100.00%)
* UVC proof at step 8
* G1 elements in proof: 2
* G2 elements in proof: 1
* Proof size in bits: 1019
* Cached h poly size: 2559
* UVC Prove step 8
* Elements of w skipped: 0 (0.00%)
* Elements of w processed with special addition: 0 (0.00%)
* Elements of w remaining: 256 (100.00%)
* Elements of w skipped: 0 (0.00%)
* Elements of w processed with special addition: 0 (0.00%)
* Elements of w remaining: 128 (100.00%)
* Elements of w skipped: 0 (0.00%)
* Elements of w processed with special addition: 0 (0.00%)
* Elements of w remaining: 256 (100.00%)
* UVC proof at step 8
* G1 elements in proof: 2
* G2 elements in proof: 1
* Proof size in bits: 1019
* Cached h poly size: 2559
* UVC Prove step 8
* Elements of w skipped: 0 (0.00%)
* Elements of w processed with special addition: 0 (0.00%)
* Elements of w remaining: 256 (100.00%)
* Elements of w skipped: 0 (0.00%)
* Elements of w processed with special addition: 0 (0.00%)
* Elements of w remaining: 128 (100.00%)
* Elements of w skipped: 0 (0.00%)
* Elements of w processed with special addition: 0 (0.00%)
* Elements of w remaining: 256 (100.00%)
* UVC proof at step 8
* G1 elements in proof: 2
* G2 elements in proof: 1
* Proof size in bits: 1019
* Cached h poly size: 2559
* UVC Prove step 8
* Elements of w skipped: 0 (0.00%)
* Elements of w processed with special addition: 0 (0.00%)
* Elements of w remaining: 256 (100.00%)
* Elements of w skipped: 0 (0.00%)
* Elements of w processed with special addition: 0 (0.00%)
* Elements of w remaining: 128 (100.00%)
* Elements of w skipped: 0 (0.00%)
* Elements of w processed with special addition: 0 (0.00%)
* Elements of w remaining: 256 (100.00%)
* UVC proof at step 8
* G1 elements in proof: 2
* G2 elements in proof: 1
* Proof size in bits: 1019
* Cached h poly size: 2559
* UVC Prove step 8
* Elements of w skipped: 0 (0.00%)
* Elements of w processed with special addition: 0 (0.00%)
* Elements of w remaining: 256 (100.00%)
* Elements of w skipped: 0 (0.00%)
* Elements of w processed with special addition: 0 (0.00%)
* Elements of w remaining: 128 (100.00%)
* Elements of w skipped: 0 (0.00%)
* Elements of w processed with special addition: 0 (0.00%)
* Elements of w remaining: 256 (100.00%)
* UVC proof at step 8
* G1 elements in proof: 2
* G2 elements in proof: 1
* Proof size in bits: 1019
* Cached h poly size: 2559
* UVC Prove step 8
* Elements of w skipped: 0 (0.00%)
* Elements of w processed with special addition: 0 (0.00%)
* Elements of w remaining: 256 (100.00%)
* Elements of w skipped: 0 (0.00%)
* Elements of w processed with special addition: 0 (0.00%)
* Elements of w remaining: 128 (100.00%)
* Elements of w skipped: 0 (0.00%)
* Elements of w processed with special addition: 0 (0.00%)
* Elements of w remaining: 256 (100.00%)
* UVC proof at step 8
* G1 elements in proof: 2
* G2 elements in proof: 1
* Proof size in bits: 1019
* Cached h poly size: 2559
* UVC Verify step 8: PASS
* UVC Verify step 8: PASS
* UVC Verify step 8: PASS
* UVC Verify step 8: PASS
* UVC Verify step 8: PASS
* UVC Verify step 8: PASS
* UVC Verify step 8: PASS
* UVC Verify step 8: PASS
* UVC Verify step 8: PASS
* UVC Verify step 8: PASS
  8       85.79         4.38          1019          PASS      
* UVC Prove step 16
* Elements of w skipped: 0 (0.00%)
* Elements of w processed with special addition: 0 (0.00%)
* Elements of w remaining: 256 (100.00%)
* Elements of w skipped: 0 (0.00%)
* Elements of w processed with special addition: 0 (0.00%)
* Elements of w remaining: 128 (100.00%)
* Elements of w skipped: 0 (0.00%)
* Elements of w processed with special addition: 0 (0.00%)
* Elements of w remaining: 256 (100.00%)
* UVC proof at step 16
* G1 elements in proof: 2
* G2 elements in proof: 1
* Proof size in bits: 1019
* Cached h poly size: 2559
* UVC Prove step 16
* Elements of w skipped: 0 (0.00%)
* Elements of w processed with special addition: 0 (0.00%)
* Elements of w remaining: 256 (100.00%)
* Elements of w skipped: 0 (0.00%)
* Elements of w processed with special addition: 0 (0.00%)
* Elements of w remaining: 128 (100.00%)
* Elements of w skipped: 0 (0.00%)
* Elements of w processed with special addition: 0 (0.00%)
* Elements of w remaining: 256 (100.00%)
* UVC proof at step 16
* G1 elements in proof: 2
* G2 elements in proof: 1
* Proof size in bits: 1019
* Cached h poly size: 2559
* UVC Prove step 16
* Elements of w skipped: 0 (0.00%)
* Elements of w processed with special addition: 0 (0.00%)
* Elements of w remaining: 256 (100.00%)
* Elements of w skipped: 0 (0.00%)
* Elements of w processed with special addition: 0 (0.00%)
* Elements of w remaining: 128 (100.00%)
* Elements of w skipped: 0 (0.00%)
* Elements of w processed with special addition: 0 (0.00%)
* Elements of w remaining: 256 (100.00%)
* UVC proof at step 16
* G1 elements in proof: 2
* G2 elements in proof: 1
* Proof size in bits: 1019
* Cached h poly size: 2559
* UVC Prove step 16
* Elements of w skipped: 0 (0.00%)
* Elements of w processed with special addition: 0 (0.00%)
* Elements of w remaining: 256 (100.00%)
* Elements of w skipped: 0 (0.00%)
* Elements of w processed with special addition: 0 (0.00%)
* Elements of w remaining: 128 (100.00%)
* Elements of w skipped: 0 (0.00%)
* Elements of w processed with special addition: 0 (0.00%)
* Elements of w remaining: 256 (100.00%)
* UVC proof at step 16
* G1 elements in proof: 2
* G2 elements in proof: 1
* Proof size in bits: 1019
* Cached h poly size: 2559
* UVC Prove step 16
* Elements of w skipped: 0 (0.00%)
* Elements of w processed with special addition: 0 (0.00%)
* Elements of w remaining: 256 (100.00%)
* Elements of w skipped: 0 (0.00%)
* Elements of w processed with special addition: 0 (0.00%)
* Elements of w remaining: 128 (100.00%)
* Elements of w skipped: 0 (0.00%)
* Elements of w processed with special addition: 0 (0.00%)
* Elements of w remaining: 256 (100.00%)
* UVC proof at step 16
* G1 elements in proof: 2
* G2 elements in proof: 1
* Proof size in bits: 1019
* Cached h poly size: 2559
* UVC Prove step 16
* Elements of w skipped: 0 (0.00%)
* Elements of w processed with special addition: 0 (0.00%)
* Elements of w remaining: 256 (100.00%)
* Elements of w skipped: 0 (0.00%)
* Elements of w processed with special addition: 0 (0.00%)
* Elements of w remaining: 128 (100.00%)
* Elements of w skipped: 0 (0.00%)
* Elements of w processed with special addition: 0 (0.00%)
* Elements of w remaining: 256 (100.00%)
* UVC proof at step 16
* G1 elements in proof: 2
* G2 elements in proof: 1
* Proof size in bits: 1019
* Cached h poly size: 2559
* UVC Prove step 16
* Elements of w skipped: 0 (0.00%)
* Elements of w processed with special addition: 0 (0.00%)
* Elements of w remaining: 256 (100.00%)
* Elements of w skipped: 0 (0.00%)
* Elements of w processed with special addition: 0 (0.00%)
* Elements of w remaining: 128 (100.00%)
* Elements of w skipped: 0 (0.00%)
* Elements of w processed with special addition: 0 (0.00%)
* Elements of w remaining: 256 (100.00%)
* UVC proof at step 16
* G1 elements in proof: 2
* G2 elements in proof: 1
* Proof size in bits: 1019
* Cached h poly size: 2559
* UVC Prove step 16
* Elements of w skipped: 0 (0.00%)
* Elements of w processed with special addition: 0 (0.00%)
* Elements of w remaining: 256 (100.00%)
* Elements of w skipped: 0 (0.00%)
* Elements of w processed with special addition: 0 (0.00%)
* Elements of w remaining: 128 (100.00%)
* Elements of w skipped: 0 (0.00%)
* Elements of w processed with special addition: 0 (0.00%)
* Elements of w remaining: 256 (100.00%)
* UVC proof at step 16
* G1 elements in proof: 2
* G2 elements in proof: 1
* Proof size in bits: 1019
* Cached h poly size: 2559
* UVC Prove step 16
* Elements of w skipped: 0 (0.00%)
* Elements of w processed with special addition: 0 (0.00%)
* Elements of w remaining: 256 (100.00%)
* Elements of w skipped: 0 (0.00%)
* Elements of w processed with special addition: 0 (0.00%)
* Elements of w remaining: 128 (100.00%)
* Elements of w skipped: 0 (0.00%)
* Elements of w processed with special addition: 0 (0.00%)
* Elements of w remaining: 256 (100.00%)
* UVC proof at step 16
* G1 elements in proof: 2
* G2 elements in proof: 1
* Proof size in bits: 1019
* Cached h poly size: 2559
* UVC Prove step 16
* Elements of w skipped: 0 (0.00%)
* Elements of w processed with special addition: 0 (0.00%)
* Elements of w remaining: 256 (100.00%)
* Elements of w skipped: 0 (0.00%)
* Elements of w processed with special addition: 0 (0.00%)
* Elements of w remaining: 128 (100.00%)
* Elements of w skipped: 0 (0.00%)
* Elements of w processed with special addition: 0 (0.00%)
* Elements of w remaining: 256 (100.00%)
* UVC proof at step 16
* G1 elements in proof: 2
* G2 elements in proof: 1
* Proof size in bits: 1019
* Cached h poly size: 2559
* UVC Verify step 16: PASS
* UVC Verify step 16: PASS
* UVC Verify step 16: PASS
* UVC Verify step 16: PASS
* UVC Verify step 16: PASS
* UVC Verify step 16: PASS
* UVC Verify step 16: PASS
* UVC Verify step 16: PASS
* UVC Verify step 16: PASS
* UVC Verify step 16: PASS
  16      85.82         4.37          1019          PASS      

  UVC results written to /Users/heewonchung/Documents/00-Research/active/Updatable Verifiable Computation/Dev/results/2026-03-06_121849_paper/csv/uvc_results.csv

================================================================
Groth16 Benchmark: circuit=hadamard, n=128, B=16
================================================================

  Step    C_j constr  Setup (ms)    Prove (ms)    Verify (ms)   Verified  
  ------  ----------  ------------  ------------  ------------  ----------
* Composed C_1: 128 constraints, 384 variables, 256 inputs
Swap is not beneficial, not performing
* QAP number of variables: 384
* QAP pre degree: 128
* QAP degree: 512
* QAP number of input variables: 256
* G1 window: 7
* G2 window: 5
* G1 elements in PK: 1410
* Non-zero G1 elements in PK: 1153
* G2 elements in PK: 386
* Non-zero G2 elements in PK: 129
* PK size in bits: 367868
* G1 elements in VK: 256
* G2 elements in VK: 2
* GT elements in VK: 1
* VK size in bits: 82937
* Elements of w skipped: 0 (0.00%)
* Elements of w processed with special addition: 1 (0.26%)
* Elements of w remaining: 384 (99.74%)
* Elements of w skipped: 0 (0.00%)
* Elements of w processed with special addition: 0 (0.00%)
* Elements of w remaining: 128 (100.00%)
* Elements of w skipped: 0 (0.00%)
* Elements of w processed with special addition: 0 (0.00%)
* Elements of w remaining: 128 (100.00%)
* G1 elements in proof: 2
* G2 elements in proof: 1
* Proof size in bits: 1019
* Elements of w skipped: 0 (0.00%)
* Elements of w processed with special addition: 1 (0.26%)
* Elements of w remaining: 384 (99.74%)
* Elements of w skipped: 0 (0.00%)
* Elements of w processed with special addition: 0 (0.00%)
* Elements of w remaining: 128 (100.00%)
* Elements of w skipped: 0 (0.00%)
* Elements of w processed with special addition: 0 (0.00%)
* Elements of w remaining: 128 (100.00%)
* G1 elements in proof: 2
* G2 elements in proof: 1
* Proof size in bits: 1019
* Elements of w skipped: 0 (0.00%)
* Elements of w processed with special addition: 1 (0.26%)
* Elements of w remaining: 384 (99.74%)
* Elements of w skipped: 0 (0.00%)
* Elements of w processed with special addition: 0 (0.00%)
* Elements of w remaining: 128 (100.00%)
* Elements of w skipped: 0 (0.00%)
* Elements of w processed with special addition: 0 (0.00%)
* Elements of w remaining: 128 (100.00%)
* G1 elements in proof: 2
* G2 elements in proof: 1
* Proof size in bits: 1019
* Elements of w skipped: 0 (0.00%)
* Elements of w processed with special addition: 1 (0.26%)
* Elements of w remaining: 384 (99.74%)
* Elements of w skipped: 0 (0.00%)
* Elements of w processed with special addition: 0 (0.00%)
* Elements of w remaining: 128 (100.00%)
* Elements of w skipped: 0 (0.00%)
* Elements of w processed with special addition: 0 (0.00%)
* Elements of w remaining: 128 (100.00%)
* G1 elements in proof: 2
* G2 elements in proof: 1
* Proof size in bits: 1019
* Elements of w skipped: 0 (0.00%)
* Elements of w processed with special addition: 1 (0.26%)
* Elements of w remaining: 384 (99.74%)
* Elements of w skipped: 0 (0.00%)
* Elements of w processed with special addition: 0 (0.00%)
* Elements of w remaining: 128 (100.00%)
* Elements of w skipped: 0 (0.00%)
* Elements of w processed with special addition: 0 (0.00%)
* Elements of w remaining: 128 (100.00%)
* G1 elements in proof: 2
* G2 elements in proof: 1
* Proof size in bits: 1019
* Elements of w skipped: 0 (0.00%)
* Elements of w processed with special addition: 1 (0.26%)
* Elements of w remaining: 384 (99.74%)
* Elements of w skipped: 0 (0.00%)
* Elements of w processed with special addition: 0 (0.00%)
* Elements of w remaining: 128 (100.00%)
* Elements of w skipped: 0 (0.00%)
* Elements of w processed with special addition: 0 (0.00%)
* Elements of w remaining: 128 (100.00%)
* G1 elements in proof: 2
* G2 elements in proof: 1
* Proof size in bits: 1019
* Elements of w skipped: 0 (0.00%)
* Elements of w processed with special addition: 1 (0.26%)
* Elements of w remaining: 384 (99.74%)
* Elements of w skipped: 0 (0.00%)
* Elements of w processed with special addition: 0 (0.00%)
* Elements of w remaining: 128 (100.00%)
* Elements of w skipped: 0 (0.00%)
* Elements of w processed with special addition: 0 (0.00%)
* Elements of w remaining: 128 (100.00%)
* G1 elements in proof: 2
* G2 elements in proof: 1
* Proof size in bits: 1019
* Elements of w skipped: 0 (0.00%)
* Elements of w processed with special addition: 1 (0.26%)
* Elements of w remaining: 384 (99.74%)
* Elements of w skipped: 0 (0.00%)
* Elements of w processed with special addition: 0 (0.00%)
* Elements of w remaining: 128 (100.00%)
* Elements of w skipped: 0 (0.00%)
* Elements of w processed with special addition: 0 (0.00%)
* Elements of w remaining: 128 (100.00%)
* G1 elements in proof: 2
* G2 elements in proof: 1
* Proof size in bits: 1019
* Elements of w skipped: 0 (0.00%)
* Elements of w processed with special addition: 1 (0.26%)
* Elements of w remaining: 384 (99.74%)
* Elements of w skipped: 0 (0.00%)
* Elements of w processed with special addition: 0 (0.00%)
* Elements of w remaining: 128 (100.00%)
* Elements of w skipped: 0 (0.00%)
* Elements of w processed with special addition: 0 (0.00%)
* Elements of w remaining: 128 (100.00%)
* G1 elements in proof: 2
* G2 elements in proof: 1
* Proof size in bits: 1019
* Elements of w skipped: 0 (0.00%)
* Elements of w processed with special addition: 1 (0.26%)
* Elements of w remaining: 384 (99.74%)
* Elements of w skipped: 0 (0.00%)
* Elements of w processed with special addition: 0 (0.00%)
* Elements of w remaining: 128 (100.00%)
* Elements of w skipped: 0 (0.00%)
* Elements of w processed with special addition: 0 (0.00%)
* Elements of w remaining: 128 (100.00%)
* G1 elements in proof: 2
* G2 elements in proof: 1
* Proof size in bits: 1019
  1       128         71.3          24.02         4.27          PASS      
* Composed C_2: 256 constraints, 640 variables, 256 inputs
Swap is not beneficial, not performing
* QAP number of variables: 640
* QAP pre degree: 256
* QAP degree: 513
* QAP number of input variables: 256
* G1 window: 8
* G2 window: 6
* G1 elements in PK: 2179
* Non-zero G1 elements in PK: 1794
* G2 elements in PK: 642
* Non-zero G2 elements in PK: 257
* PK size in bits: 604667
* G1 elements in VK: 256
* G2 elements in VK: 2
* GT elements in VK: 1
* VK size in bits: 82937
* Elements of w skipped: 0 (0.00%)
* Elements of w processed with special addition: 1 (0.16%)
* Elements of w remaining: 640 (99.84%)
* Elements of w skipped: 0 (0.00%)
* Elements of w processed with special addition: 0 (0.00%)
* Elements of w remaining: 256 (100.00%)
* Elements of w skipped: 0 (0.00%)
* Elements of w processed with special addition: 0 (0.00%)
* Elements of w remaining: 384 (100.00%)
* G1 elements in proof: 2
* G2 elements in proof: 1
* Proof size in bits: 1019
* Elements of w skipped: 0 (0.00%)
* Elements of w processed with special addition: 1 (0.16%)
* Elements of w remaining: 640 (99.84%)
* Elements of w skipped: 0 (0.00%)
* Elements of w processed with special addition: 0 (0.00%)
* Elements of w remaining: 256 (100.00%)
* Elements of w skipped: 0 (0.00%)
* Elements of w processed with special addition: 0 (0.00%)
* Elements of w remaining: 384 (100.00%)
* G1 elements in proof: 2
* G2 elements in proof: 1
* Proof size in bits: 1019
* Elements of w skipped: 0 (0.00%)
* Elements of w processed with special addition: 1 (0.16%)
* Elements of w remaining: 640 (99.84%)
* Elements of w skipped: 0 (0.00%)
* Elements of w processed with special addition: 0 (0.00%)
* Elements of w remaining: 256 (100.00%)
* Elements of w skipped: 0 (0.00%)
* Elements of w processed with special addition: 0 (0.00%)
* Elements of w remaining: 384 (100.00%)
* G1 elements in proof: 2
* G2 elements in proof: 1
* Proof size in bits: 1019
* Elements of w skipped: 0 (0.00%)
* Elements of w processed with special addition: 1 (0.16%)
* Elements of w remaining: 640 (99.84%)
* Elements of w skipped: 0 (0.00%)
* Elements of w processed with special addition: 0 (0.00%)
* Elements of w remaining: 256 (100.00%)
* Elements of w skipped: 0 (0.00%)
* Elements of w processed with special addition: 0 (0.00%)
* Elements of w remaining: 384 (100.00%)
* G1 elements in proof: 2
* G2 elements in proof: 1
* Proof size in bits: 1019
* Elements of w skipped: 0 (0.00%)
* Elements of w processed with special addition: 1 (0.16%)
* Elements of w remaining: 640 (99.84%)
* Elements of w skipped: 0 (0.00%)
* Elements of w processed with special addition: 0 (0.00%)
* Elements of w remaining: 256 (100.00%)
* Elements of w skipped: 0 (0.00%)
* Elements of w processed with special addition: 0 (0.00%)
* Elements of w remaining: 384 (100.00%)
* G1 elements in proof: 2
* G2 elements in proof: 1
* Proof size in bits: 1019
* Elements of w skipped: 0 (0.00%)
* Elements of w processed with special addition: 1 (0.16%)
* Elements of w remaining: 640 (99.84%)
* Elements of w skipped: 0 (0.00%)
* Elements of w processed with special addition: 0 (0.00%)
* Elements of w remaining: 256 (100.00%)
* Elements of w skipped: 0 (0.00%)
* Elements of w processed with special addition: 0 (0.00%)
* Elements of w remaining: 384 (100.00%)
* G1 elements in proof: 2
* G2 elements in proof: 1
* Proof size in bits: 1019
* Elements of w skipped: 0 (0.00%)
* Elements of w processed with special addition: 1 (0.16%)
* Elements of w remaining: 640 (99.84%)
* Elements of w skipped: 0 (0.00%)
* Elements of w processed with special addition: 0 (0.00%)
* Elements of w remaining: 256 (100.00%)
* Elements of w skipped: 0 (0.00%)
* Elements of w processed with special addition: 0 (0.00%)
* Elements of w remaining: 384 (100.00%)
* G1 elements in proof: 2
* G2 elements in proof: 1
* Proof size in bits: 1019
* Elements of w skipped: 0 (0.00%)
* Elements of w processed with special addition: 1 (0.16%)
* Elements of w remaining: 640 (99.84%)
* Elements of w skipped: 0 (0.00%)
* Elements of w processed with special addition: 0 (0.00%)
* Elements of w remaining: 256 (100.00%)
* Elements of w skipped: 0 (0.00%)
* Elements of w processed with special addition: 0 (0.00%)
* Elements of w remaining: 384 (100.00%)
* G1 elements in proof: 2
* G2 elements in proof: 1
* Proof size in bits: 1019
* Elements of w skipped: 0 (0.00%)
* Elements of w processed with special addition: 1 (0.16%)
* Elements of w remaining: 640 (99.84%)
* Elements of w skipped: 0 (0.00%)
* Elements of w processed with special addition: 0 (0.00%)
* Elements of w remaining: 256 (100.00%)
* Elements of w skipped: 0 (0.00%)
* Elements of w processed with special addition: 0 (0.00%)
* Elements of w remaining: 384 (100.00%)
* G1 elements in proof: 2
* G2 elements in proof: 1
* Proof size in bits: 1019
* Elements of w skipped: 0 (0.00%)
* Elements of w processed with special addition: 1 (0.16%)
* Elements of w remaining: 640 (99.84%)
* Elements of w skipped: 0 (0.00%)
* Elements of w processed with special addition: 0 (0.00%)
* Elements of w remaining: 256 (100.00%)
* Elements of w skipped: 0 (0.00%)
* Elements of w processed with special addition: 0 (0.00%)
* Elements of w remaining: 384 (100.00%)
* G1 elements in proof: 2
* G2 elements in proof: 1
* Proof size in bits: 1019
  2       256         100.2         25.83         4.27          PASS      
* Composed C_4: 512 constraints, 1152 variables, 256 inputs
Swap is not beneficial, not performing
* QAP number of variables: 1152
* QAP pre degree: 512
* QAP degree: 1024
* QAP number of input variables: 256
* G1 window: 8
* G2 window: 7
* G1 elements in PK: 4226
* Non-zero G1 elements in PK: 3585
* G2 elements in PK: 1154
* Non-zero G2 elements in PK: 513
* PK size in bits: 1208060
* G1 elements in VK: 256
* G2 elements in VK: 2
* GT elements in VK: 1
* VK size in bits: 82937
* Elements of w skipped: 0 (0.00%)
* Elements of w processed with special addition: 1 (0.09%)
* Elements of w remaining: 1152 (99.91%)
* Elements of w skipped: 0 (0.00%)
* Elements of w processed with special addition: 0 (0.00%)
* Elements of w remaining: 512 (100.00%)
* Elements of w skipped: 0 (0.00%)
* Elements of w processed with special addition: 0 (0.00%)
* Elements of w remaining: 896 (100.00%)
* G1 elements in proof: 2
* G2 elements in proof: 1
* Proof size in bits: 1019
* Elements of w skipped: 0 (0.00%)
* Elements of w processed with special addition: 1 (0.09%)
* Elements of w remaining: 1152 (99.91%)
* Elements of w skipped: 0 (0.00%)
* Elements of w processed with special addition: 0 (0.00%)
* Elements of w remaining: 512 (100.00%)
* Elements of w skipped: 0 (0.00%)
* Elements of w processed with special addition: 0 (0.00%)
* Elements of w remaining: 896 (100.00%)
* G1 elements in proof: 2
* G2 elements in proof: 1
* Proof size in bits: 1019
* Elements of w skipped: 0 (0.00%)
* Elements of w processed with special addition: 1 (0.09%)
* Elements of w remaining: 1152 (99.91%)
* Elements of w skipped: 0 (0.00%)
* Elements of w processed with special addition: 0 (0.00%)
* Elements of w remaining: 512 (100.00%)
* Elements of w skipped: 0 (0.00%)
* Elements of w processed with special addition: 0 (0.00%)
* Elements of w remaining: 896 (100.00%)
* G1 elements in proof: 2
* G2 elements in proof: 1
* Proof size in bits: 1019
* Elements of w skipped: 0 (0.00%)
* Elements of w processed with special addition: 1 (0.09%)
* Elements of w remaining: 1152 (99.91%)
* Elements of w skipped: 0 (0.00%)
* Elements of w processed with special addition: 0 (0.00%)
* Elements of w remaining: 512 (100.00%)
* Elements of w skipped: 0 (0.00%)
* Elements of w processed with special addition: 0 (0.00%)
* Elements of w remaining: 896 (100.00%)
* G1 elements in proof: 2
* G2 elements in proof: 1
* Proof size in bits: 1019
* Elements of w skipped: 0 (0.00%)
* Elements of w processed with special addition: 1 (0.09%)
* Elements of w remaining: 1152 (99.91%)
* Elements of w skipped: 0 (0.00%)
* Elements of w processed with special addition: 0 (0.00%)
* Elements of w remaining: 512 (100.00%)
* Elements of w skipped: 0 (0.00%)
* Elements of w processed with special addition: 0 (0.00%)
* Elements of w remaining: 896 (100.00%)
* G1 elements in proof: 2
* G2 elements in proof: 1
* Proof size in bits: 1019
* Elements of w skipped: 0 (0.00%)
* Elements of w processed with special addition: 1 (0.09%)
* Elements of w remaining: 1152 (99.91%)
* Elements of w skipped: 0 (0.00%)
* Elements of w processed with special addition: 0 (0.00%)
* Elements of w remaining: 512 (100.00%)
* Elements of w skipped: 0 (0.00%)
* Elements of w processed with special addition: 0 (0.00%)
* Elements of w remaining: 896 (100.00%)
* G1 elements in proof: 2
* G2 elements in proof: 1
* Proof size in bits: 1019
* Elements of w skipped: 0 (0.00%)
* Elements of w processed with special addition: 1 (0.09%)
* Elements of w remaining: 1152 (99.91%)
* Elements of w skipped: 0 (0.00%)
* Elements of w processed with special addition: 0 (0.00%)
* Elements of w remaining: 512 (100.00%)
* Elements of w skipped: 0 (0.00%)
* Elements of w processed with special addition: 0 (0.00%)
* Elements of w remaining: 896 (100.00%)
* G1 elements in proof: 2
* G2 elements in proof: 1
* Proof size in bits: 1019
* Elements of w skipped: 0 (0.00%)
* Elements of w processed with special addition: 1 (0.09%)
* Elements of w remaining: 1152 (99.91%)
* Elements of w skipped: 0 (0.00%)
* Elements of w processed with special addition: 0 (0.00%)
* Elements of w remaining: 512 (100.00%)
* Elements of w skipped: 0 (0.00%)
* Elements of w processed with special addition: 0 (0.00%)
* Elements of w remaining: 896 (100.00%)
* G1 elements in proof: 2
* G2 elements in proof: 1
* Proof size in bits: 1019
* Elements of w skipped: 0 (0.00%)
* Elements of w processed with special addition: 1 (0.09%)
* Elements of w remaining: 1152 (99.91%)
* Elements of w skipped: 0 (0.00%)
* Elements of w processed with special addition: 0 (0.00%)
* Elements of w remaining: 512 (100.00%)
* Elements of w skipped: 0 (0.00%)
* Elements of w processed with special addition: 0 (0.00%)
* Elements of w remaining: 896 (100.00%)
* G1 elements in proof: 2
* G2 elements in proof: 1
* Proof size in bits: 1019
* Elements of w skipped: 0 (0.00%)
* Elements of w processed with special addition: 1 (0.09%)
* Elements of w remaining: 1152 (99.91%)
* Elements of w skipped: 0 (0.00%)
* Elements of w processed with special addition: 0 (0.00%)
* Elements of w remaining: 512 (100.00%)
* Elements of w skipped: 0 (0.00%)
* Elements of w processed with special addition: 0 (0.00%)
* Elements of w remaining: 896 (100.00%)
* G1 elements in proof: 2
* G2 elements in proof: 1
* Proof size in bits: 1019
  4       512         167.3         45.78         4.29          PASS      
* Composed C_8: 1024 constraints, 2176 variables, 256 inputs
Swap is not beneficial, not performing
* QAP number of variables: 2176
* QAP pre degree: 1024
* QAP degree: 1536
* QAP number of input variables: 256
* G1 window: 9
* G2 window: 8
* G1 elements in PK: 7810
* Non-zero G1 elements in PK: 6657
* G2 elements in PK: 2178
* Non-zero G2 elements in PK: 1025
* PK size in bits: 2284796
* G1 elements in VK: 256
* G2 elements in VK: 2
* GT elements in VK: 1
* VK size in bits: 82937
* Elements of w skipped: 0 (0.00%)
* Elements of w processed with special addition: 1 (0.05%)
* Elements of w remaining: 2176 (99.95%)
* Elements of w skipped: 0 (0.00%)
* Elements of w processed with special addition: 0 (0.00%)
* Elements of w remaining: 1024 (100.00%)
* Elements of w skipped: 0 (0.00%)
* Elements of w processed with special addition: 0 (0.00%)
* Elements of w remaining: 1920 (100.00%)
* G1 elements in proof: 2
* G2 elements in proof: 1
* Proof size in bits: 1019
* Elements of w skipped: 0 (0.00%)
* Elements of w processed with special addition: 1 (0.05%)
* Elements of w remaining: 2176 (99.95%)
* Elements of w skipped: 0 (0.00%)
* Elements of w processed with special addition: 0 (0.00%)
* Elements of w remaining: 1024 (100.00%)
* Elements of w skipped: 0 (0.00%)
* Elements of w processed with special addition: 0 (0.00%)
* Elements of w remaining: 1920 (100.00%)
* G1 elements in proof: 2
* G2 elements in proof: 1
* Proof size in bits: 1019
* Elements of w skipped: 0 (0.00%)
* Elements of w processed with special addition: 1 (0.05%)
* Elements of w remaining: 2176 (99.95%)
* Elements of w skipped: 0 (0.00%)
* Elements of w processed with special addition: 0 (0.00%)
* Elements of w remaining: 1024 (100.00%)
* Elements of w skipped: 0 (0.00%)
* Elements of w processed with special addition: 0 (0.00%)
* Elements of w remaining: 1920 (100.00%)
* G1 elements in proof: 2
* G2 elements in proof: 1
* Proof size in bits: 1019
* Elements of w skipped: 0 (0.00%)
* Elements of w processed with special addition: 1 (0.05%)
* Elements of w remaining: 2176 (99.95%)
* Elements of w skipped: 0 (0.00%)
* Elements of w processed with special addition: 0 (0.00%)
* Elements of w remaining: 1024 (100.00%)
* Elements of w skipped: 0 (0.00%)
* Elements of w processed with special addition: 0 (0.00%)
* Elements of w remaining: 1920 (100.00%)
* G1 elements in proof: 2
* G2 elements in proof: 1
* Proof size in bits: 1019
* Elements of w skipped: 0 (0.00%)
* Elements of w processed with special addition: 1 (0.05%)
* Elements of w remaining: 2176 (99.95%)
* Elements of w skipped: 0 (0.00%)
* Elements of w processed with special addition: 0 (0.00%)
* Elements of w remaining: 1024 (100.00%)
* Elements of w skipped: 0 (0.00%)
* Elements of w processed with special addition: 0 (0.00%)
* Elements of w remaining: 1920 (100.00%)
* G1 elements in proof: 2
* G2 elements in proof: 1
* Proof size in bits: 1019
* Elements of w skipped: 0 (0.00%)
* Elements of w processed with special addition: 1 (0.05%)
* Elements of w remaining: 2176 (99.95%)
* Elements of w skipped: 0 (0.00%)
* Elements of w processed with special addition: 0 (0.00%)
* Elements of w remaining: 1024 (100.00%)
* Elements of w skipped: 0 (0.00%)
* Elements of w processed with special addition: 0 (0.00%)
* Elements of w remaining: 1920 (100.00%)
* G1 elements in proof: 2
* G2 elements in proof: 1
* Proof size in bits: 1019
* Elements of w skipped: 0 (0.00%)
* Elements of w processed with special addition: 1 (0.05%)
* Elements of w remaining: 2176 (99.95%)
* Elements of w skipped: 0 (0.00%)
* Elements of w processed with special addition: 0 (0.00%)
* Elements of w remaining: 1024 (100.00%)
* Elements of w skipped: 0 (0.00%)
* Elements of w processed with special addition: 0 (0.00%)
* Elements of w remaining: 1920 (100.00%)
* G1 elements in proof: 2
* G2 elements in proof: 1
* Proof size in bits: 1019
* Elements of w skipped: 0 (0.00%)
* Elements of w processed with special addition: 1 (0.05%)
* Elements of w remaining: 2176 (99.95%)
* Elements of w skipped: 0 (0.00%)
* Elements of w processed with special addition: 0 (0.00%)
* Elements of w remaining: 1024 (100.00%)
* Elements of w skipped: 0 (0.00%)
* Elements of w processed with special addition: 0 (0.00%)
* Elements of w remaining: 1920 (100.00%)
* G1 elements in proof: 2
* G2 elements in proof: 1
* Proof size in bits: 1019
* Elements of w skipped: 0 (0.00%)
* Elements of w processed with special addition: 1 (0.05%)
* Elements of w remaining: 2176 (99.95%)
* Elements of w skipped: 0 (0.00%)
* Elements of w processed with special addition: 0 (0.00%)
* Elements of w remaining: 1024 (100.00%)
* Elements of w skipped: 0 (0.00%)
* Elements of w processed with special addition: 0 (0.00%)
* Elements of w remaining: 1920 (100.00%)
* G1 elements in proof: 2
* G2 elements in proof: 1
* Proof size in bits: 1019
* Elements of w skipped: 0 (0.00%)
* Elements of w processed with special addition: 1 (0.05%)
* Elements of w remaining: 2176 (99.95%)
* Elements of w skipped: 0 (0.00%)
* Elements of w processed with special addition: 0 (0.00%)
* Elements of w remaining: 1024 (100.00%)
* Elements of w skipped: 0 (0.00%)
* Elements of w processed with special addition: 0 (0.00%)
* Elements of w remaining: 1920 (100.00%)
* G1 elements in proof: 2
* G2 elements in proof: 1
* Proof size in bits: 1019
  8       1024        279.4         76.40         4.28          PASS      
* Composed C_16: 2048 constraints, 4224 variables, 256 inputs
Swap is not beneficial, not performing
* QAP number of variables: 4224
* QAP pre degree: 2048
* QAP degree: 2560
* QAP number of input variables: 256
* G1 window: 11
* G2 window: 9
* G1 elements in PK: 14978
* Non-zero G1 elements in PK: 12801
* G2 elements in PK: 4226
* Non-zero G2 elements in PK: 2049
* PK size in bits: 4438268
* G1 elements in VK: 256
* G2 elements in VK: 2
* GT elements in VK: 1
* VK size in bits: 82937
* Elements of w skipped: 0 (0.00%)
* Elements of w processed with special addition: 1 (0.02%)
* Elements of w remaining: 4224 (99.98%)
* Elements of w skipped: 0 (0.00%)
* Elements of w processed with special addition: 0 (0.00%)
* Elements of w remaining: 2048 (100.00%)
* Elements of w skipped: 0 (0.00%)
* Elements of w processed with special addition: 0 (0.00%)
* Elements of w remaining: 3968 (100.00%)
* G1 elements in proof: 2
* G2 elements in proof: 1
* Proof size in bits: 1019
* Elements of w skipped: 0 (0.00%)
* Elements of w processed with special addition: 1 (0.02%)
* Elements of w remaining: 4224 (99.98%)
* Elements of w skipped: 0 (0.00%)
* Elements of w processed with special addition: 0 (0.00%)
* Elements of w remaining: 2048 (100.00%)
* Elements of w skipped: 0 (0.00%)
* Elements of w processed with special addition: 0 (0.00%)
* Elements of w remaining: 3968 (100.00%)
* G1 elements in proof: 2
* G2 elements in proof: 1
* Proof size in bits: 1019
* Elements of w skipped: 0 (0.00%)
* Elements of w processed with special addition: 1 (0.02%)
* Elements of w remaining: 4224 (99.98%)
* Elements of w skipped: 0 (0.00%)
* Elements of w processed with special addition: 0 (0.00%)
* Elements of w remaining: 2048 (100.00%)
* Elements of w skipped: 0 (0.00%)
* Elements of w processed with special addition: 0 (0.00%)
* Elements of w remaining: 3968 (100.00%)
* G1 elements in proof: 2
* G2 elements in proof: 1
* Proof size in bits: 1019
* Elements of w skipped: 0 (0.00%)
* Elements of w processed with special addition: 1 (0.02%)
* Elements of w remaining: 4224 (99.98%)
* Elements of w skipped: 0 (0.00%)
* Elements of w processed with special addition: 0 (0.00%)
* Elements of w remaining: 2048 (100.00%)
* Elements of w skipped: 0 (0.00%)
* Elements of w processed with special addition: 0 (0.00%)
* Elements of w remaining: 3968 (100.00%)
* G1 elements in proof: 2
* G2 elements in proof: 1
* Proof size in bits: 1019
* Elements of w skipped: 0 (0.00%)
* Elements of w processed with special addition: 1 (0.02%)
* Elements of w remaining: 4224 (99.98%)
* Elements of w skipped: 0 (0.00%)
* Elements of w processed with special addition: 0 (0.00%)
* Elements of w remaining: 2048 (100.00%)
* Elements of w skipped: 0 (0.00%)
* Elements of w processed with special addition: 0 (0.00%)
* Elements of w remaining: 3968 (100.00%)
* G1 elements in proof: 2
* G2 elements in proof: 1
* Proof size in bits: 1019
* Elements of w skipped: 0 (0.00%)
* Elements of w processed with special addition: 1 (0.02%)
* Elements of w remaining: 4224 (99.98%)
* Elements of w skipped: 0 (0.00%)
* Elements of w processed with special addition: 0 (0.00%)
* Elements of w remaining: 2048 (100.00%)
* Elements of w skipped: 0 (0.00%)
* Elements of w processed with special addition: 0 (0.00%)
* Elements of w remaining: 3968 (100.00%)
* G1 elements in proof: 2
* G2 elements in proof: 1
* Proof size in bits: 1019
* Elements of w skipped: 0 (0.00%)
* Elements of w processed with special addition: 1 (0.02%)
* Elements of w remaining: 4224 (99.98%)
* Elements of w skipped: 0 (0.00%)
* Elements of w processed with special addition: 0 (0.00%)
* Elements of w remaining: 2048 (100.00%)
* Elements of w skipped: 0 (0.00%)
* Elements of w processed with special addition: 0 (0.00%)
* Elements of w remaining: 3968 (100.00%)
* G1 elements in proof: 2
* G2 elements in proof: 1
* Proof size in bits: 1019
* Elements of w skipped: 0 (0.00%)
* Elements of w processed with special addition: 1 (0.02%)
* Elements of w remaining: 4224 (99.98%)
* Elements of w skipped: 0 (0.00%)
* Elements of w processed with special addition: 0 (0.00%)
* Elements of w remaining: 2048 (100.00%)
* Elements of w skipped: 0 (0.00%)
* Elements of w processed with special addition: 0 (0.00%)
* Elements of w remaining: 3968 (100.00%)
* G1 elements in proof: 2
* G2 elements in proof: 1
* Proof size in bits: 1019
* Elements of w skipped: 0 (0.00%)
* Elements of w processed with special addition: 1 (0.02%)
* Elements of w remaining: 4224 (99.98%)
* Elements of w skipped: 0 (0.00%)
* Elements of w processed with special addition: 0 (0.00%)
* Elements of w remaining: 2048 (100.00%)
* Elements of w skipped: 0 (0.00%)
* Elements of w processed with special addition: 0 (0.00%)
* Elements of w remaining: 3968 (100.00%)
* G1 elements in proof: 2
* G2 elements in proof: 1
* Proof size in bits: 1019
* Elements of w skipped: 0 (0.00%)
* Elements of w processed with special addition: 1 (0.02%)
* Elements of w remaining: 4224 (99.98%)
* Elements of w skipped: 0 (0.00%)
* Elements of w processed with special addition: 0 (0.00%)
* Elements of w remaining: 2048 (100.00%)
* Elements of w skipped: 0 (0.00%)
* Elements of w processed with special addition: 0 (0.00%)
* Elements of w remaining: 3968 (100.00%)
* G1 elements in proof: 2
* G2 elements in proof: 1
* Proof size in bits: 1019
  16      2048        471.9         138.22        4.41          PASS      

  Groth16 results written to /Users/heewonchung/Documents/00-Research/active/Updatable Verifiable Computation/Dev/results/2026-03-06_121849_paper/csv/groth16_results.csv

================================================================
All benchmarks complete.
================================================================
  Done in 11s

------------------------------------------------------------
  Running: [6/10] hadamard n=128 B=64
  Command: bench_comparative --circuit hadamard --n 128 --B 64 --output-dir /Users/heewonchung/Documents/00-Research/active/Updatable Verifiable Computation/Dev/results/2026-03-06_121849_paper/csv --reps 10
------------------------------------------------------------
================================================================
Comparative Benchmark: UVC vs Groth16
================================================================
  Circuit: hadamard, n=128, B=64, reps=10
  Output: /Users/heewonchung/Documents/00-Research/active/Updatable Verifiable Computation/Dev/results/2026-03-06_121849_paper/csv/

================================================================
UVC Benchmark: circuit=hadamard, n=128, B=64
================================================================
  Circuit: 128 constraints, 384 vars, state=128, transition=128

  [Setup] Generating CRS for B=64...
* UVC Setup: B=64, n=384, state=128, transition=128
* Composed C_64: 8192 constraints, 16512 variables, 256 inputs
* QAP (C_B) variables: 16512, degree: 8704, inputs: 256
* UVC max compositions (B): 64
* G1 elements in PK: 57986
* G2 elements in PK: 16514
* PK size in bits: 17359100
* H_query_full size: 8703
* Step 2: 256 new wires (0 io, 256 wt)
* Step 3: 256 new wires (0 io, 256 wt)
* Step 4: 256 new wires (0 io, 256 wt)
* Step 5: 256 new wires (0 io, 256 wt)
* Step 6: 256 new wires (0 io, 256 wt)
* Step 7: 256 new wires (0 io, 256 wt)
* Step 8: 256 new wires (0 io, 256 wt)
* Step 9: 256 new wires (0 io, 256 wt)
* Step 10: 256 new wires (0 io, 256 wt)
* Step 11: 256 new wires (0 io, 256 wt)
* Step 12: 256 new wires (0 io, 256 wt)
* Step 13: 256 new wires (0 io, 256 wt)
* Step 14: 256 new wires (0 io, 256 wt)
* Step 15: 256 new wires (0 io, 256 wt)
* Step 16: 256 new wires (0 io, 256 wt)
* Step 17: 256 new wires (0 io, 256 wt)
* Step 18: 256 new wires (0 io, 256 wt)
* Step 19: 256 new wires (0 io, 256 wt)
* Step 20: 256 new wires (0 io, 256 wt)
* Step 21: 256 new wires (0 io, 256 wt)
* Step 22: 256 new wires (0 io, 256 wt)
* Step 23: 256 new wires (0 io, 256 wt)
* Step 24: 256 new wires (0 io, 256 wt)
* Step 25: 256 new wires (0 io, 256 wt)
* Step 26: 256 new wires (0 io, 256 wt)
* Step 27: 256 new wires (0 io, 256 wt)
* Step 28: 256 new wires (0 io, 256 wt)
* Step 29: 256 new wires (0 io, 256 wt)
* Step 30: 256 new wires (0 io, 256 wt)
* Step 31: 256 new wires (0 io, 256 wt)
* Step 32: 256 new wires (0 io, 256 wt)
* Step 33: 256 new wires (0 io, 256 wt)
* Step 34: 256 new wires (0 io, 256 wt)
* Step 35: 256 new wires (0 io, 256 wt)
* Step 36: 256 new wires (0 io, 256 wt)
* Step 37: 256 new wires (0 io, 256 wt)
* Step 38: 256 new wires (0 io, 256 wt)
* Step 39: 256 new wires (0 io, 256 wt)
* Step 40: 256 new wires (0 io, 256 wt)
* Step 41: 256 new wires (0 io, 256 wt)
* Step 42: 256 new wires (0 io, 256 wt)
* Step 43: 256 new wires (0 io, 256 wt)
* Step 44: 256 new wires (0 io, 256 wt)
* Step 45: 256 new wires (0 io, 256 wt)
* Step 46: 256 new wires (0 io, 256 wt)
* Step 47: 256 new wires (0 io, 256 wt)
* Step 48: 256 new wires (0 io, 256 wt)
* Step 49: 256 new wires (0 io, 256 wt)
* Step 50: 256 new wires (0 io, 256 wt)
* Step 51: 256 new wires (0 io, 256 wt)
* Step 52: 256 new wires (0 io, 256 wt)
* Step 53: 256 new wires (0 io, 256 wt)
* Step 54: 256 new wires (0 io, 256 wt)
* Step 55: 256 new wires (0 io, 256 wt)
* Step 56: 256 new wires (0 io, 256 wt)
* Step 57: 256 new wires (0 io, 256 wt)
* Step 58: 256 new wires (0 io, 256 wt)
* Step 59: 256 new wires (0 io, 256 wt)
* Step 60: 256 new wires (0 io, 256 wt)
* Step 61: 256 new wires (0 io, 256 wt)
* Step 62: 256 new wires (0 io, 256 wt)
* Step 63: 256 new wires (0 io, 256 wt)
* Step 64: 256 new wires (0 io, 256 wt)
* UVC VK: 64 max steps
* G2 elements in VK: 2
* GT elements in VK: 1
* gamma_ABC size: 256
  Setup: 2938.1 ms, CRS: 73730 G1 + 32643 G2
  Building proof chain (steps 1..64)...
* UVC Prove step 1
* Elements of w skipped: 0 (0.00%)
* Elements of w processed with special addition: 1 (0.26%)
* Elements of w remaining: 384 (99.74%)
* Elements of w skipped: 0 (0.00%)
* Elements of w processed with special addition: 0 (0.00%)
* Elements of w remaining: 128 (100.00%)
* Elements of w skipped: 0 (0.00%)
* Elements of w processed with special addition: 0 (0.00%)
* Elements of w remaining: 128 (100.00%)
* UVC proof at step 1
* G1 elements in proof: 2
* G2 elements in proof: 1
* Proof size in bits: 1019
* Cached h poly size: 8703
* UVC Prove step 2
* Elements of w skipped: 0 (0.00%)
* Elements of w processed with special addition: 0 (0.00%)
* Elements of w remaining: 256 (100.00%)
* Elements of w skipped: 0 (0.00%)
* Elements of w processed with special addition: 0 (0.00%)
* Elements of w remaining: 128 (100.00%)
* Elements of w skipped: 0 (0.00%)
* Elements of w processed with special addition: 0 (0.00%)
* Elements of w remaining: 256 (100.00%)
* UVC proof at step 2
* G1 elements in proof: 2
* G2 elements in proof: 1
* Proof size in bits: 1019
* Cached h poly size: 8703
* UVC Prove step 3
* Elements of w skipped: 0 (0.00%)
* Elements of w processed with special addition: 0 (0.00%)
* Elements of w remaining: 256 (100.00%)
* Elements of w skipped: 0 (0.00%)
* Elements of w processed with special addition: 0 (0.00%)
* Elements of w remaining: 128 (100.00%)
* Elements of w skipped: 0 (0.00%)
* Elements of w processed with special addition: 0 (0.00%)
* Elements of w remaining: 256 (100.00%)
* UVC proof at step 3
* G1 elements in proof: 2
* G2 elements in proof: 1
* Proof size in bits: 1019
* Cached h poly size: 8703
* UVC Prove step 4
* Elements of w skipped: 0 (0.00%)
* Elements of w processed with special addition: 0 (0.00%)
* Elements of w remaining: 256 (100.00%)
* Elements of w skipped: 0 (0.00%)
* Elements of w processed with special addition: 0 (0.00%)
* Elements of w remaining: 128 (100.00%)
* Elements of w skipped: 0 (0.00%)
* Elements of w processed with special addition: 0 (0.00%)
* Elements of w remaining: 256 (100.00%)
* UVC proof at step 4
* G1 elements in proof: 2
* G2 elements in proof: 1
* Proof size in bits: 1019
* Cached h poly size: 8703
* UVC Prove step 5
* Elements of w skipped: 0 (0.00%)
* Elements of w processed with special addition: 0 (0.00%)
* Elements of w remaining: 256 (100.00%)
* Elements of w skipped: 0 (0.00%)
* Elements of w processed with special addition: 0 (0.00%)
* Elements of w remaining: 128 (100.00%)
* Elements of w skipped: 0 (0.00%)
* Elements of w processed with special addition: 0 (0.00%)
* Elements of w remaining: 256 (100.00%)
* UVC proof at step 5
* G1 elements in proof: 2
* G2 elements in proof: 1
* Proof size in bits: 1019
* Cached h poly size: 8703
* UVC Prove step 6
* Elements of w skipped: 0 (0.00%)
* Elements of w processed with special addition: 0 (0.00%)
* Elements of w remaining: 256 (100.00%)
* Elements of w skipped: 0 (0.00%)
* Elements of w processed with special addition: 0 (0.00%)
* Elements of w remaining: 128 (100.00%)
* Elements of w skipped: 0 (0.00%)
* Elements of w processed with special addition: 0 (0.00%)
* Elements of w remaining: 256 (100.00%)
* UVC proof at step 6
* G1 elements in proof: 2
* G2 elements in proof: 1
* Proof size in bits: 1019
* Cached h poly size: 8703
* UVC Prove step 7
* Elements of w skipped: 0 (0.00%)
* Elements of w processed with special addition: 0 (0.00%)
* Elements of w remaining: 256 (100.00%)
* Elements of w skipped: 0 (0.00%)
* Elements of w processed with special addition: 0 (0.00%)
* Elements of w remaining: 128 (100.00%)
* Elements of w skipped: 0 (0.00%)
* Elements of w processed with special addition: 0 (0.00%)
* Elements of w remaining: 256 (100.00%)
* UVC proof at step 7
* G1 elements in proof: 2
* G2 elements in proof: 1
* Proof size in bits: 1019
* Cached h poly size: 8703
* UVC Prove step 8
* Elements of w skipped: 0 (0.00%)
* Elements of w processed with special addition: 0 (0.00%)
* Elements of w remaining: 256 (100.00%)
* Elements of w skipped: 0 (0.00%)
* Elements of w processed with special addition: 0 (0.00%)
* Elements of w remaining: 128 (100.00%)
* Elements of w skipped: 0 (0.00%)
* Elements of w processed with special addition: 0 (0.00%)
* Elements of w remaining: 256 (100.00%)
* UVC proof at step 8
* G1 elements in proof: 2
* G2 elements in proof: 1
* Proof size in bits: 1019
* Cached h poly size: 8703
* UVC Prove step 9
* Elements of w skipped: 0 (0.00%)
* Elements of w processed with special addition: 0 (0.00%)
* Elements of w remaining: 256 (100.00%)
* Elements of w skipped: 0 (0.00%)
* Elements of w processed with special addition: 0 (0.00%)
* Elements of w remaining: 128 (100.00%)
* Elements of w skipped: 0 (0.00%)
* Elements of w processed with special addition: 0 (0.00%)
* Elements of w remaining: 256 (100.00%)
* UVC proof at step 9
* G1 elements in proof: 2
* G2 elements in proof: 1
* Proof size in bits: 1019
* Cached h poly size: 8703
* UVC Prove step 10
* Elements of w skipped: 0 (0.00%)
* Elements of w processed with special addition: 0 (0.00%)
* Elements of w remaining: 256 (100.00%)
* Elements of w skipped: 0 (0.00%)
* Elements of w processed with special addition: 0 (0.00%)
* Elements of w remaining: 128 (100.00%)
* Elements of w skipped: 0 (0.00%)
* Elements of w processed with special addition: 0 (0.00%)
* Elements of w remaining: 256 (100.00%)
* UVC proof at step 10
* G1 elements in proof: 2
* G2 elements in proof: 1
* Proof size in bits: 1019
* Cached h poly size: 8703
* UVC Prove step 11
* Elements of w skipped: 0 (0.00%)
* Elements of w processed with special addition: 0 (0.00%)
* Elements of w remaining: 256 (100.00%)
* Elements of w skipped: 0 (0.00%)
* Elements of w processed with special addition: 0 (0.00%)
* Elements of w remaining: 128 (100.00%)
* Elements of w skipped: 0 (0.00%)
* Elements of w processed with special addition: 0 (0.00%)
* Elements of w remaining: 256 (100.00%)
* UVC proof at step 11
* G1 elements in proof: 2
* G2 elements in proof: 1
* Proof size in bits: 1019
* Cached h poly size: 8703
* UVC Prove step 12
* Elements of w skipped: 0 (0.00%)
* Elements of w processed with special addition: 0 (0.00%)
* Elements of w remaining: 256 (100.00%)
* Elements of w skipped: 0 (0.00%)
* Elements of w processed with special addition: 0 (0.00%)
* Elements of w remaining: 128 (100.00%)
* Elements of w skipped: 0 (0.00%)
* Elements of w processed with special addition: 0 (0.00%)
* Elements of w remaining: 256 (100.00%)
* UVC proof at step 12
* G1 elements in proof: 2
* G2 elements in proof: 1
* Proof size in bits: 1019
* Cached h poly size: 8703
* UVC Prove step 13
* Elements of w skipped: 0 (0.00%)
* Elements of w processed with special addition: 0 (0.00%)
* Elements of w remaining: 256 (100.00%)
* Elements of w skipped: 0 (0.00%)
* Elements of w processed with special addition: 0 (0.00%)
* Elements of w remaining: 128 (100.00%)
* Elements of w skipped: 0 (0.00%)
* Elements of w processed with special addition: 0 (0.00%)
* Elements of w remaining: 256 (100.00%)
* UVC proof at step 13
* G1 elements in proof: 2
* G2 elements in proof: 1
* Proof size in bits: 1019
* Cached h poly size: 8703
* UVC Prove step 14
* Elements of w skipped: 0 (0.00%)
* Elements of w processed with special addition: 0 (0.00%)
* Elements of w remaining: 256 (100.00%)
* Elements of w skipped: 0 (0.00%)
* Elements of w processed with special addition: 0 (0.00%)
* Elements of w remaining: 128 (100.00%)
* Elements of w skipped: 0 (0.00%)
* Elements of w processed with special addition: 0 (0.00%)
* Elements of w remaining: 256 (100.00%)
* UVC proof at step 14
* G1 elements in proof: 2
* G2 elements in proof: 1
* Proof size in bits: 1019
* Cached h poly size: 8703
* UVC Prove step 15
* Elements of w skipped: 0 (0.00%)
* Elements of w processed with special addition: 0 (0.00%)
* Elements of w remaining: 256 (100.00%)
* Elements of w skipped: 0 (0.00%)
* Elements of w processed with special addition: 0 (0.00%)
* Elements of w remaining: 128 (100.00%)
* Elements of w skipped: 0 (0.00%)
* Elements of w processed with special addition: 0 (0.00%)
* Elements of w remaining: 256 (100.00%)
* UVC proof at step 15
* G1 elements in proof: 2
* G2 elements in proof: 1
* Proof size in bits: 1019
* Cached h poly size: 8703
* UVC Prove step 16
* Elements of w skipped: 0 (0.00%)
* Elements of w processed with special addition: 0 (0.00%)
* Elements of w remaining: 256 (100.00%)
* Elements of w skipped: 0 (0.00%)
* Elements of w processed with special addition: 0 (0.00%)
* Elements of w remaining: 128 (100.00%)
* Elements of w skipped: 0 (0.00%)
* Elements of w processed with special addition: 0 (0.00%)
* Elements of w remaining: 256 (100.00%)
* UVC proof at step 16
* G1 elements in proof: 2
* G2 elements in proof: 1
* Proof size in bits: 1019
* Cached h poly size: 8703
* UVC Prove step 17
* Elements of w skipped: 0 (0.00%)
* Elements of w processed with special addition: 0 (0.00%)
* Elements of w remaining: 256 (100.00%)
* Elements of w skipped: 0 (0.00%)
* Elements of w processed with special addition: 0 (0.00%)
* Elements of w remaining: 128 (100.00%)
* Elements of w skipped: 0 (0.00%)
* Elements of w processed with special addition: 0 (0.00%)
* Elements of w remaining: 256 (100.00%)
* UVC proof at step 17
* G1 elements in proof: 2
* G2 elements in proof: 1
* Proof size in bits: 1019
* Cached h poly size: 8703
* UVC Prove step 18
* Elements of w skipped: 0 (0.00%)
* Elements of w processed with special addition: 0 (0.00%)
* Elements of w remaining: 256 (100.00%)
* Elements of w skipped: 0 (0.00%)
* Elements of w processed with special addition: 0 (0.00%)
* Elements of w remaining: 128 (100.00%)
* Elements of w skipped: 0 (0.00%)
* Elements of w processed with special addition: 0 (0.00%)
* Elements of w remaining: 256 (100.00%)
* UVC proof at step 18
* G1 elements in proof: 2
* G2 elements in proof: 1
* Proof size in bits: 1019
* Cached h poly size: 8703
* UVC Prove step 19
* Elements of w skipped: 0 (0.00%)
* Elements of w processed with special addition: 0 (0.00%)
* Elements of w remaining: 256 (100.00%)
* Elements of w skipped: 0 (0.00%)
* Elements of w processed with special addition: 0 (0.00%)
* Elements of w remaining: 128 (100.00%)
* Elements of w skipped: 0 (0.00%)
* Elements of w processed with special addition: 0 (0.00%)
* Elements of w remaining: 256 (100.00%)
* UVC proof at step 19
* G1 elements in proof: 2
* G2 elements in proof: 1
* Proof size in bits: 1019
* Cached h poly size: 8703
* UVC Prove step 20
* Elements of w skipped: 0 (0.00%)
* Elements of w processed with special addition: 0 (0.00%)
* Elements of w remaining: 256 (100.00%)
* Elements of w skipped: 0 (0.00%)
* Elements of w processed with special addition: 0 (0.00%)
* Elements of w remaining: 128 (100.00%)
* Elements of w skipped: 0 (0.00%)
* Elements of w processed with special addition: 0 (0.00%)
* Elements of w remaining: 256 (100.00%)
* UVC proof at step 20
* G1 elements in proof: 2
* G2 elements in proof: 1
* Proof size in bits: 1019
* Cached h poly size: 8703
* UVC Prove step 21
* Elements of w skipped: 0 (0.00%)
* Elements of w processed with special addition: 0 (0.00%)
* Elements of w remaining: 256 (100.00%)
* Elements of w skipped: 0 (0.00%)
* Elements of w processed with special addition: 0 (0.00%)
* Elements of w remaining: 128 (100.00%)
* Elements of w skipped: 0 (0.00%)
* Elements of w processed with special addition: 0 (0.00%)
* Elements of w remaining: 256 (100.00%)
* UVC proof at step 21
* G1 elements in proof: 2
* G2 elements in proof: 1
* Proof size in bits: 1019
* Cached h poly size: 8703
* UVC Prove step 22
* Elements of w skipped: 0 (0.00%)
* Elements of w processed with special addition: 0 (0.00%)
* Elements of w remaining: 256 (100.00%)
* Elements of w skipped: 0 (0.00%)
* Elements of w processed with special addition: 0 (0.00%)
* Elements of w remaining: 128 (100.00%)
* Elements of w skipped: 0 (0.00%)
* Elements of w processed with special addition: 0 (0.00%)
* Elements of w remaining: 256 (100.00%)
* UVC proof at step 22
* G1 elements in proof: 2
* G2 elements in proof: 1
* Proof size in bits: 1019
* Cached h poly size: 8703
* UVC Prove step 23
* Elements of w skipped: 0 (0.00%)
* Elements of w processed with special addition: 0 (0.00%)
* Elements of w remaining: 256 (100.00%)
* Elements of w skipped: 0 (0.00%)
* Elements of w processed with special addition: 0 (0.00%)
* Elements of w remaining: 128 (100.00%)
* Elements of w skipped: 0 (0.00%)
* Elements of w processed with special addition: 0 (0.00%)
* Elements of w remaining: 256 (100.00%)
* UVC proof at step 23
* G1 elements in proof: 2
* G2 elements in proof: 1
* Proof size in bits: 1019
* Cached h poly size: 8703
* UVC Prove step 24
* Elements of w skipped: 0 (0.00%)
* Elements of w processed with special addition: 0 (0.00%)
* Elements of w remaining: 256 (100.00%)
* Elements of w skipped: 0 (0.00%)
* Elements of w processed with special addition: 0 (0.00%)
* Elements of w remaining: 128 (100.00%)
* Elements of w skipped: 0 (0.00%)
* Elements of w processed with special addition: 0 (0.00%)
* Elements of w remaining: 256 (100.00%)
* UVC proof at step 24
* G1 elements in proof: 2
* G2 elements in proof: 1
* Proof size in bits: 1019
* Cached h poly size: 8703
* UVC Prove step 25
* Elements of w skipped: 0 (0.00%)
* Elements of w processed with special addition: 0 (0.00%)
* Elements of w remaining: 256 (100.00%)
* Elements of w skipped: 0 (0.00%)
* Elements of w processed with special addition: 0 (0.00%)
* Elements of w remaining: 128 (100.00%)
* Elements of w skipped: 0 (0.00%)
* Elements of w processed with special addition: 0 (0.00%)
* Elements of w remaining: 256 (100.00%)
* UVC proof at step 25
* G1 elements in proof: 2
* G2 elements in proof: 1
* Proof size in bits: 1019
* Cached h poly size: 8703
* UVC Prove step 26
* Elements of w skipped: 0 (0.00%)
* Elements of w processed with special addition: 0 (0.00%)
* Elements of w remaining: 256 (100.00%)
* Elements of w skipped: 0 (0.00%)
* Elements of w processed with special addition: 0 (0.00%)
* Elements of w remaining: 128 (100.00%)
* Elements of w skipped: 0 (0.00%)
* Elements of w processed with special addition: 0 (0.00%)
* Elements of w remaining: 256 (100.00%)
* UVC proof at step 26
* G1 elements in proof: 2
* G2 elements in proof: 1
* Proof size in bits: 1019
* Cached h poly size: 8703
* UVC Prove step 27
* Elements of w skipped: 0 (0.00%)
* Elements of w processed with special addition: 0 (0.00%)
* Elements of w remaining: 256 (100.00%)
* Elements of w skipped: 0 (0.00%)
* Elements of w processed with special addition: 0 (0.00%)
* Elements of w remaining: 128 (100.00%)
* Elements of w skipped: 0 (0.00%)
* Elements of w processed with special addition: 0 (0.00%)
* Elements of w remaining: 256 (100.00%)
* UVC proof at step 27
* G1 elements in proof: 2
* G2 elements in proof: 1
* Proof size in bits: 1019
* Cached h poly size: 8703
* UVC Prove step 28
* Elements of w skipped: 0 (0.00%)
* Elements of w processed with special addition: 0 (0.00%)
* Elements of w remaining: 256 (100.00%)
* Elements of w skipped: 0 (0.00%)
* Elements of w processed with special addition: 0 (0.00%)
* Elements of w remaining: 128 (100.00%)
* Elements of w skipped: 0 (0.00%)
* Elements of w processed with special addition: 0 (0.00%)
* Elements of w remaining: 256 (100.00%)
* UVC proof at step 28
* G1 elements in proof: 2
* G2 elements in proof: 1
* Proof size in bits: 1019
* Cached h poly size: 8703
* UVC Prove step 29
* Elements of w skipped: 0 (0.00%)
* Elements of w processed with special addition: 0 (0.00%)
* Elements of w remaining: 256 (100.00%)
* Elements of w skipped: 0 (0.00%)
* Elements of w processed with special addition: 0 (0.00%)
* Elements of w remaining: 128 (100.00%)
* Elements of w skipped: 0 (0.00%)
* Elements of w processed with special addition: 0 (0.00%)
* Elements of w remaining: 256 (100.00%)
* UVC proof at step 29
* G1 elements in proof: 2
* G2 elements in proof: 1
* Proof size in bits: 1019
* Cached h poly size: 8703
* UVC Prove step 30
* Elements of w skipped: 0 (0.00%)
* Elements of w processed with special addition: 0 (0.00%)
* Elements of w remaining: 256 (100.00%)
* Elements of w skipped: 0 (0.00%)
* Elements of w processed with special addition: 0 (0.00%)
* Elements of w remaining: 128 (100.00%)
* Elements of w skipped: 0 (0.00%)
* Elements of w processed with special addition: 0 (0.00%)
* Elements of w remaining: 256 (100.00%)
* UVC proof at step 30
* G1 elements in proof: 2
* G2 elements in proof: 1
* Proof size in bits: 1019
* Cached h poly size: 8703
* UVC Prove step 31
* Elements of w skipped: 0 (0.00%)
* Elements of w processed with special addition: 0 (0.00%)
* Elements of w remaining: 256 (100.00%)
* Elements of w skipped: 0 (0.00%)
* Elements of w processed with special addition: 0 (0.00%)
* Elements of w remaining: 128 (100.00%)
* Elements of w skipped: 0 (0.00%)
* Elements of w processed with special addition: 0 (0.00%)
* Elements of w remaining: 256 (100.00%)
* UVC proof at step 31
* G1 elements in proof: 2
* G2 elements in proof: 1
* Proof size in bits: 1019
* Cached h poly size: 8703
* UVC Prove step 32
* Elements of w skipped: 0 (0.00%)
* Elements of w processed with special addition: 0 (0.00%)
* Elements of w remaining: 256 (100.00%)
* Elements of w skipped: 0 (0.00%)
* Elements of w processed with special addition: 0 (0.00%)
* Elements of w remaining: 128 (100.00%)
* Elements of w skipped: 0 (0.00%)
* Elements of w processed with special addition: 0 (0.00%)
* Elements of w remaining: 256 (100.00%)
* UVC proof at step 32
* G1 elements in proof: 2
* G2 elements in proof: 1
* Proof size in bits: 1019
* Cached h poly size: 8703
* UVC Prove step 33
* Elements of w skipped: 0 (0.00%)
* Elements of w processed with special addition: 0 (0.00%)
* Elements of w remaining: 256 (100.00%)
* Elements of w skipped: 0 (0.00%)
* Elements of w processed with special addition: 0 (0.00%)
* Elements of w remaining: 128 (100.00%)
* Elements of w skipped: 0 (0.00%)
* Elements of w processed with special addition: 0 (0.00%)
* Elements of w remaining: 256 (100.00%)
* UVC proof at step 33
* G1 elements in proof: 2
* G2 elements in proof: 1
* Proof size in bits: 1019
* Cached h poly size: 8703
* UVC Prove step 34
* Elements of w skipped: 0 (0.00%)
* Elements of w processed with special addition: 0 (0.00%)
* Elements of w remaining: 256 (100.00%)
* Elements of w skipped: 0 (0.00%)
* Elements of w processed with special addition: 0 (0.00%)
* Elements of w remaining: 128 (100.00%)
* Elements of w skipped: 0 (0.00%)
* Elements of w processed with special addition: 0 (0.00%)
* Elements of w remaining: 256 (100.00%)
* UVC proof at step 34
* G1 elements in proof: 2
* G2 elements in proof: 1
* Proof size in bits: 1019
* Cached h poly size: 8703
* UVC Prove step 35
* Elements of w skipped: 0 (0.00%)
* Elements of w processed with special addition: 0 (0.00%)
* Elements of w remaining: 256 (100.00%)
* Elements of w skipped: 0 (0.00%)
* Elements of w processed with special addition: 0 (0.00%)
* Elements of w remaining: 128 (100.00%)
* Elements of w skipped: 0 (0.00%)
* Elements of w processed with special addition: 0 (0.00%)
* Elements of w remaining: 256 (100.00%)
* UVC proof at step 35
* G1 elements in proof: 2
* G2 elements in proof: 1
* Proof size in bits: 1019
* Cached h poly size: 8703
* UVC Prove step 36
* Elements of w skipped: 0 (0.00%)
* Elements of w processed with special addition: 0 (0.00%)
* Elements of w remaining: 256 (100.00%)
* Elements of w skipped: 0 (0.00%)
* Elements of w processed with special addition: 0 (0.00%)
* Elements of w remaining: 128 (100.00%)
* Elements of w skipped: 0 (0.00%)
* Elements of w processed with special addition: 0 (0.00%)
* Elements of w remaining: 256 (100.00%)
* UVC proof at step 36
* G1 elements in proof: 2
* G2 elements in proof: 1
* Proof size in bits: 1019
* Cached h poly size: 8703
* UVC Prove step 37
* Elements of w skipped: 0 (0.00%)
* Elements of w processed with special addition: 0 (0.00%)
* Elements of w remaining: 256 (100.00%)
* Elements of w skipped: 0 (0.00%)
* Elements of w processed with special addition: 0 (0.00%)
* Elements of w remaining: 128 (100.00%)
* Elements of w skipped: 0 (0.00%)
* Elements of w processed with special addition: 0 (0.00%)
* Elements of w remaining: 256 (100.00%)
* UVC proof at step 37
* G1 elements in proof: 2
* G2 elements in proof: 1
* Proof size in bits: 1019
* Cached h poly size: 8703
* UVC Prove step 38
* Elements of w skipped: 0 (0.00%)
* Elements of w processed with special addition: 0 (0.00%)
* Elements of w remaining: 256 (100.00%)
* Elements of w skipped: 0 (0.00%)
* Elements of w processed with special addition: 0 (0.00%)
* Elements of w remaining: 128 (100.00%)
* Elements of w skipped: 0 (0.00%)
* Elements of w processed with special addition: 0 (0.00%)
* Elements of w remaining: 256 (100.00%)
* UVC proof at step 38
* G1 elements in proof: 2
* G2 elements in proof: 1
* Proof size in bits: 1019
* Cached h poly size: 8703
* UVC Prove step 39
* Elements of w skipped: 0 (0.00%)
* Elements of w processed with special addition: 0 (0.00%)
* Elements of w remaining: 256 (100.00%)
* Elements of w skipped: 0 (0.00%)
* Elements of w processed with special addition: 0 (0.00%)
* Elements of w remaining: 128 (100.00%)
* Elements of w skipped: 0 (0.00%)
* Elements of w processed with special addition: 0 (0.00%)
* Elements of w remaining: 256 (100.00%)
* UVC proof at step 39
* G1 elements in proof: 2
* G2 elements in proof: 1
* Proof size in bits: 1019
* Cached h poly size: 8703
* UVC Prove step 40
* Elements of w skipped: 0 (0.00%)
* Elements of w processed with special addition: 0 (0.00%)
* Elements of w remaining: 256 (100.00%)
* Elements of w skipped: 0 (0.00%)
* Elements of w processed with special addition: 0 (0.00%)
* Elements of w remaining: 128 (100.00%)
* Elements of w skipped: 0 (0.00%)
* Elements of w processed with special addition: 0 (0.00%)
* Elements of w remaining: 256 (100.00%)
* UVC proof at step 40
* G1 elements in proof: 2
* G2 elements in proof: 1
* Proof size in bits: 1019
* Cached h poly size: 8703
* UVC Prove step 41
* Elements of w skipped: 0 (0.00%)
* Elements of w processed with special addition: 0 (0.00%)
* Elements of w remaining: 256 (100.00%)
* Elements of w skipped: 0 (0.00%)
* Elements of w processed with special addition: 0 (0.00%)
* Elements of w remaining: 128 (100.00%)
* Elements of w skipped: 0 (0.00%)
* Elements of w processed with special addition: 0 (0.00%)
* Elements of w remaining: 256 (100.00%)
* UVC proof at step 41
* G1 elements in proof: 2
* G2 elements in proof: 1
* Proof size in bits: 1019
* Cached h poly size: 8703
* UVC Prove step 42
* Elements of w skipped: 0 (0.00%)
* Elements of w processed with special addition: 0 (0.00%)
* Elements of w remaining: 256 (100.00%)
* Elements of w skipped: 0 (0.00%)
* Elements of w processed with special addition: 0 (0.00%)
* Elements of w remaining: 128 (100.00%)
* Elements of w skipped: 0 (0.00%)
* Elements of w processed with special addition: 0 (0.00%)
* Elements of w remaining: 256 (100.00%)
* UVC proof at step 42
* G1 elements in proof: 2
* G2 elements in proof: 1
* Proof size in bits: 1019
* Cached h poly size: 8703
* UVC Prove step 43
* Elements of w skipped: 0 (0.00%)
* Elements of w processed with special addition: 0 (0.00%)
* Elements of w remaining: 256 (100.00%)
* Elements of w skipped: 0 (0.00%)
* Elements of w processed with special addition: 0 (0.00%)
* Elements of w remaining: 128 (100.00%)
* Elements of w skipped: 0 (0.00%)
* Elements of w processed with special addition: 0 (0.00%)
* Elements of w remaining: 256 (100.00%)
* UVC proof at step 43
* G1 elements in proof: 2
* G2 elements in proof: 1
* Proof size in bits: 1019
* Cached h poly size: 8703
* UVC Prove step 44
* Elements of w skipped: 0 (0.00%)
* Elements of w processed with special addition: 0 (0.00%)
* Elements of w remaining: 256 (100.00%)
* Elements of w skipped: 0 (0.00%)
* Elements of w processed with special addition: 0 (0.00%)
* Elements of w remaining: 128 (100.00%)
* Elements of w skipped: 0 (0.00%)
* Elements of w processed with special addition: 0 (0.00%)
* Elements of w remaining: 256 (100.00%)
* UVC proof at step 44
* G1 elements in proof: 2
* G2 elements in proof: 1
* Proof size in bits: 1019
* Cached h poly size: 8703
* UVC Prove step 45
* Elements of w skipped: 0 (0.00%)
* Elements of w processed with special addition: 0 (0.00%)
* Elements of w remaining: 256 (100.00%)
* Elements of w skipped: 0 (0.00%)
* Elements of w processed with special addition: 0 (0.00%)
* Elements of w remaining: 128 (100.00%)
* Elements of w skipped: 0 (0.00%)
* Elements of w processed with special addition: 0 (0.00%)
* Elements of w remaining: 256 (100.00%)
* UVC proof at step 45
* G1 elements in proof: 2
* G2 elements in proof: 1
* Proof size in bits: 1019
* Cached h poly size: 8703
* UVC Prove step 46
* Elements of w skipped: 0 (0.00%)
* Elements of w processed with special addition: 0 (0.00%)
* Elements of w remaining: 256 (100.00%)
* Elements of w skipped: 0 (0.00%)
* Elements of w processed with special addition: 0 (0.00%)
* Elements of w remaining: 128 (100.00%)
* Elements of w skipped: 0 (0.00%)
* Elements of w processed with special addition: 0 (0.00%)
* Elements of w remaining: 256 (100.00%)
* UVC proof at step 46
* G1 elements in proof: 2
* G2 elements in proof: 1
* Proof size in bits: 1019
* Cached h poly size: 8703
* UVC Prove step 47
* Elements of w skipped: 0 (0.00%)
* Elements of w processed with special addition: 0 (0.00%)
* Elements of w remaining: 256 (100.00%)
* Elements of w skipped: 0 (0.00%)
* Elements of w processed with special addition: 0 (0.00%)
* Elements of w remaining: 128 (100.00%)
* Elements of w skipped: 0 (0.00%)
* Elements of w processed with special addition: 0 (0.00%)
* Elements of w remaining: 256 (100.00%)
* UVC proof at step 47
* G1 elements in proof: 2
* G2 elements in proof: 1
* Proof size in bits: 1019
* Cached h poly size: 8703
* UVC Prove step 48
* Elements of w skipped: 0 (0.00%)
* Elements of w processed with special addition: 0 (0.00%)
* Elements of w remaining: 256 (100.00%)
* Elements of w skipped: 0 (0.00%)
* Elements of w processed with special addition: 0 (0.00%)
* Elements of w remaining: 128 (100.00%)
* Elements of w skipped: 0 (0.00%)
* Elements of w processed with special addition: 0 (0.00%)
* Elements of w remaining: 256 (100.00%)
* UVC proof at step 48
* G1 elements in proof: 2
* G2 elements in proof: 1
* Proof size in bits: 1019
* Cached h poly size: 8703
* UVC Prove step 49
* Elements of w skipped: 0 (0.00%)
* Elements of w processed with special addition: 0 (0.00%)
* Elements of w remaining: 256 (100.00%)
* Elements of w skipped: 0 (0.00%)
* Elements of w processed with special addition: 0 (0.00%)
* Elements of w remaining: 128 (100.00%)
* Elements of w skipped: 0 (0.00%)
* Elements of w processed with special addition: 0 (0.00%)
* Elements of w remaining: 256 (100.00%)
* UVC proof at step 49
* G1 elements in proof: 2
* G2 elements in proof: 1
* Proof size in bits: 1019
* Cached h poly size: 8703
* UVC Prove step 50
* Elements of w skipped: 0 (0.00%)
* Elements of w processed with special addition: 0 (0.00%)
* Elements of w remaining: 256 (100.00%)
* Elements of w skipped: 0 (0.00%)
* Elements of w processed with special addition: 0 (0.00%)
* Elements of w remaining: 128 (100.00%)
* Elements of w skipped: 0 (0.00%)
* Elements of w processed with special addition: 0 (0.00%)
* Elements of w remaining: 256 (100.00%)
* UVC proof at step 50
* G1 elements in proof: 2
* G2 elements in proof: 1
* Proof size in bits: 1019
* Cached h poly size: 8703
* UVC Prove step 51
* Elements of w skipped: 0 (0.00%)
* Elements of w processed with special addition: 0 (0.00%)
* Elements of w remaining: 256 (100.00%)
* Elements of w skipped: 0 (0.00%)
* Elements of w processed with special addition: 0 (0.00%)
* Elements of w remaining: 128 (100.00%)
* Elements of w skipped: 0 (0.00%)
* Elements of w processed with special addition: 0 (0.00%)
* Elements of w remaining: 256 (100.00%)
* UVC proof at step 51
* G1 elements in proof: 2
* G2 elements in proof: 1
* Proof size in bits: 1019
* Cached h poly size: 8703
* UVC Prove step 52
* Elements of w skipped: 0 (0.00%)
* Elements of w processed with special addition: 0 (0.00%)
* Elements of w remaining: 256 (100.00%)
* Elements of w skipped: 0 (0.00%)
* Elements of w processed with special addition: 0 (0.00%)
* Elements of w remaining: 128 (100.00%)
* Elements of w skipped: 0 (0.00%)
* Elements of w processed with special addition: 0 (0.00%)
* Elements of w remaining: 256 (100.00%)
* UVC proof at step 52
* G1 elements in proof: 2
* G2 elements in proof: 1
* Proof size in bits: 1019
* Cached h poly size: 8703
* UVC Prove step 53
* Elements of w skipped: 0 (0.00%)
* Elements of w processed with special addition: 0 (0.00%)
* Elements of w remaining: 256 (100.00%)
* Elements of w skipped: 0 (0.00%)
* Elements of w processed with special addition: 0 (0.00%)
* Elements of w remaining: 128 (100.00%)
* Elements of w skipped: 0 (0.00%)
* Elements of w processed with special addition: 0 (0.00%)
* Elements of w remaining: 256 (100.00%)
* UVC proof at step 53
* G1 elements in proof: 2
* G2 elements in proof: 1
* Proof size in bits: 1019
* Cached h poly size: 8703
* UVC Prove step 54
* Elements of w skipped: 0 (0.00%)
* Elements of w processed with special addition: 0 (0.00%)
* Elements of w remaining: 256 (100.00%)
* Elements of w skipped: 0 (0.00%)
* Elements of w processed with special addition: 0 (0.00%)
* Elements of w remaining: 128 (100.00%)
* Elements of w skipped: 0 (0.00%)
* Elements of w processed with special addition: 0 (0.00%)
* Elements of w remaining: 256 (100.00%)
* UVC proof at step 54
* G1 elements in proof: 2
* G2 elements in proof: 1
* Proof size in bits: 1019
* Cached h poly size: 8703
* UVC Prove step 55
* Elements of w skipped: 0 (0.00%)
* Elements of w processed with special addition: 0 (0.00%)
* Elements of w remaining: 256 (100.00%)
* Elements of w skipped: 0 (0.00%)
* Elements of w processed with special addition: 0 (0.00%)
* Elements of w remaining: 128 (100.00%)
* Elements of w skipped: 0 (0.00%)
* Elements of w processed with special addition: 0 (0.00%)
* Elements of w remaining: 256 (100.00%)
* UVC proof at step 55
* G1 elements in proof: 2
* G2 elements in proof: 1
* Proof size in bits: 1019
* Cached h poly size: 8703
* UVC Prove step 56
* Elements of w skipped: 0 (0.00%)
* Elements of w processed with special addition: 0 (0.00%)
* Elements of w remaining: 256 (100.00%)
* Elements of w skipped: 0 (0.00%)
* Elements of w processed with special addition: 0 (0.00%)
* Elements of w remaining: 128 (100.00%)
* Elements of w skipped: 0 (0.00%)
* Elements of w processed with special addition: 0 (0.00%)
* Elements of w remaining: 256 (100.00%)
* UVC proof at step 56
* G1 elements in proof: 2
* G2 elements in proof: 1
* Proof size in bits: 1019
* Cached h poly size: 8703
* UVC Prove step 57
* Elements of w skipped: 0 (0.00%)
* Elements of w processed with special addition: 0 (0.00%)
* Elements of w remaining: 256 (100.00%)
* Elements of w skipped: 0 (0.00%)
* Elements of w processed with special addition: 0 (0.00%)
* Elements of w remaining: 128 (100.00%)
* Elements of w skipped: 0 (0.00%)
* Elements of w processed with special addition: 0 (0.00%)
* Elements of w remaining: 256 (100.00%)
* UVC proof at step 57
* G1 elements in proof: 2
* G2 elements in proof: 1
* Proof size in bits: 1019
* Cached h poly size: 8703
* UVC Prove step 58
* Elements of w skipped: 0 (0.00%)
* Elements of w processed with special addition: 0 (0.00%)
* Elements of w remaining: 256 (100.00%)
* Elements of w skipped: 0 (0.00%)
* Elements of w processed with special addition: 0 (0.00%)
* Elements of w remaining: 128 (100.00%)
* Elements of w skipped: 0 (0.00%)
* Elements of w processed with special addition: 0 (0.00%)
* Elements of w remaining: 256 (100.00%)
* UVC proof at step 58
* G1 elements in proof: 2
* G2 elements in proof: 1
* Proof size in bits: 1019
* Cached h poly size: 8703
* UVC Prove step 59
* Elements of w skipped: 0 (0.00%)
* Elements of w processed with special addition: 0 (0.00%)
* Elements of w remaining: 256 (100.00%)
* Elements of w skipped: 0 (0.00%)
* Elements of w processed with special addition: 0 (0.00%)
* Elements of w remaining: 128 (100.00%)
* Elements of w skipped: 0 (0.00%)
* Elements of w processed with special addition: 0 (0.00%)
* Elements of w remaining: 256 (100.00%)
* UVC proof at step 59
* G1 elements in proof: 2
* G2 elements in proof: 1
* Proof size in bits: 1019
* Cached h poly size: 8703
* UVC Prove step 60
* Elements of w skipped: 0 (0.00%)
* Elements of w processed with special addition: 0 (0.00%)
* Elements of w remaining: 256 (100.00%)
* Elements of w skipped: 0 (0.00%)
* Elements of w processed with special addition: 0 (0.00%)
* Elements of w remaining: 128 (100.00%)
* Elements of w skipped: 0 (0.00%)
* Elements of w processed with special addition: 0 (0.00%)
* Elements of w remaining: 256 (100.00%)
* UVC proof at step 60
* G1 elements in proof: 2
* G2 elements in proof: 1
* Proof size in bits: 1019
* Cached h poly size: 8703
* UVC Prove step 61
* Elements of w skipped: 0 (0.00%)
* Elements of w processed with special addition: 0 (0.00%)
* Elements of w remaining: 256 (100.00%)
* Elements of w skipped: 0 (0.00%)
* Elements of w processed with special addition: 0 (0.00%)
* Elements of w remaining: 128 (100.00%)
* Elements of w skipped: 0 (0.00%)
* Elements of w processed with special addition: 0 (0.00%)
* Elements of w remaining: 256 (100.00%)
* UVC proof at step 61
* G1 elements in proof: 2
* G2 elements in proof: 1
* Proof size in bits: 1019
* Cached h poly size: 8703
* UVC Prove step 62
* Elements of w skipped: 0 (0.00%)
* Elements of w processed with special addition: 0 (0.00%)
* Elements of w remaining: 256 (100.00%)
* Elements of w skipped: 0 (0.00%)
* Elements of w processed with special addition: 0 (0.00%)
* Elements of w remaining: 128 (100.00%)
* Elements of w skipped: 0 (0.00%)
* Elements of w processed with special addition: 0 (0.00%)
* Elements of w remaining: 256 (100.00%)
* UVC proof at step 62
* G1 elements in proof: 2
* G2 elements in proof: 1
* Proof size in bits: 1019
* Cached h poly size: 8703
* UVC Prove step 63
* Elements of w skipped: 0 (0.00%)
* Elements of w processed with special addition: 0 (0.00%)
* Elements of w remaining: 256 (100.00%)
* Elements of w skipped: 0 (0.00%)
* Elements of w processed with special addition: 0 (0.00%)
* Elements of w remaining: 128 (100.00%)
* Elements of w skipped: 0 (0.00%)
* Elements of w processed with special addition: 0 (0.00%)
* Elements of w remaining: 256 (100.00%)
* UVC proof at step 63
* G1 elements in proof: 2
* G2 elements in proof: 1
* Proof size in bits: 1019
* Cached h poly size: 8703
* UVC Prove step 64
* Elements of w skipped: 0 (0.00%)
* Elements of w processed with special addition: 0 (0.00%)
* Elements of w remaining: 256 (100.00%)
* Elements of w skipped: 0 (0.00%)
* Elements of w processed with special addition: 0 (0.00%)
* Elements of w remaining: 128 (100.00%)
* Elements of w skipped: 0 (0.00%)
* Elements of w processed with special addition: 0 (0.00%)
* Elements of w remaining: 256 (100.00%)
* UVC proof at step 64
* G1 elements in proof: 2
* G2 elements in proof: 1
* Proof size in bits: 1019
* Cached h poly size: 8703

  Step    Prove (ms)    Verify (ms)   Proof bits    Verified  
  ------  ------------  ------------  ------------  ----------
* UVC Prove step 1
* Elements of w skipped: 0 (0.00%)
* Elements of w processed with special addition: 1 (0.26%)
* Elements of w remaining: 384 (99.74%)
* Elements of w skipped: 0 (0.00%)
* Elements of w processed with special addition: 0 (0.00%)
* Elements of w remaining: 128 (100.00%)
* Elements of w skipped: 0 (0.00%)
* Elements of w processed with special addition: 0 (0.00%)
* Elements of w remaining: 128 (100.00%)
* UVC proof at step 1
* G1 elements in proof: 2
* G2 elements in proof: 1
* Proof size in bits: 1019
* Cached h poly size: 8703
* UVC Prove step 1
* Elements of w skipped: 0 (0.00%)
* Elements of w processed with special addition: 1 (0.26%)
* Elements of w remaining: 384 (99.74%)
* Elements of w skipped: 0 (0.00%)
* Elements of w processed with special addition: 0 (0.00%)
* Elements of w remaining: 128 (100.00%)
* Elements of w skipped: 0 (0.00%)
* Elements of w processed with special addition: 0 (0.00%)
* Elements of w remaining: 128 (100.00%)
* UVC proof at step 1
* G1 elements in proof: 2
* G2 elements in proof: 1
* Proof size in bits: 1019
* Cached h poly size: 8703
* UVC Prove step 1
* Elements of w skipped: 0 (0.00%)
* Elements of w processed with special addition: 1 (0.26%)
* Elements of w remaining: 384 (99.74%)
* Elements of w skipped: 0 (0.00%)
* Elements of w processed with special addition: 0 (0.00%)
* Elements of w remaining: 128 (100.00%)
* Elements of w skipped: 0 (0.00%)
* Elements of w processed with special addition: 0 (0.00%)
* Elements of w remaining: 128 (100.00%)
* UVC proof at step 1
* G1 elements in proof: 2
* G2 elements in proof: 1
* Proof size in bits: 1019
* Cached h poly size: 8703
* UVC Prove step 1
* Elements of w skipped: 0 (0.00%)
* Elements of w processed with special addition: 1 (0.26%)
* Elements of w remaining: 384 (99.74%)
* Elements of w skipped: 0 (0.00%)
* Elements of w processed with special addition: 0 (0.00%)
* Elements of w remaining: 128 (100.00%)
* Elements of w skipped: 0 (0.00%)
* Elements of w processed with special addition: 0 (0.00%)
* Elements of w remaining: 128 (100.00%)
* UVC proof at step 1
* G1 elements in proof: 2
* G2 elements in proof: 1
* Proof size in bits: 1019
* Cached h poly size: 8703
* UVC Prove step 1
* Elements of w skipped: 0 (0.00%)
* Elements of w processed with special addition: 1 (0.26%)
* Elements of w remaining: 384 (99.74%)
* Elements of w skipped: 0 (0.00%)
* Elements of w processed with special addition: 0 (0.00%)
* Elements of w remaining: 128 (100.00%)
* Elements of w skipped: 0 (0.00%)
* Elements of w processed with special addition: 0 (0.00%)
* Elements of w remaining: 128 (100.00%)
* UVC proof at step 1
* G1 elements in proof: 2
* G2 elements in proof: 1
* Proof size in bits: 1019
* Cached h poly size: 8703
* UVC Prove step 1
* Elements of w skipped: 0 (0.00%)
* Elements of w processed with special addition: 1 (0.26%)
* Elements of w remaining: 384 (99.74%)
* Elements of w skipped: 0 (0.00%)
* Elements of w processed with special addition: 0 (0.00%)
* Elements of w remaining: 128 (100.00%)
* Elements of w skipped: 0 (0.00%)
* Elements of w processed with special addition: 0 (0.00%)
* Elements of w remaining: 128 (100.00%)
* UVC proof at step 1
* G1 elements in proof: 2
* G2 elements in proof: 1
* Proof size in bits: 1019
* Cached h poly size: 8703
* UVC Prove step 1
* Elements of w skipped: 0 (0.00%)
* Elements of w processed with special addition: 1 (0.26%)
* Elements of w remaining: 384 (99.74%)
* Elements of w skipped: 0 (0.00%)
* Elements of w processed with special addition: 0 (0.00%)
* Elements of w remaining: 128 (100.00%)
* Elements of w skipped: 0 (0.00%)
* Elements of w processed with special addition: 0 (0.00%)
* Elements of w remaining: 128 (100.00%)
* UVC proof at step 1
* G1 elements in proof: 2
* G2 elements in proof: 1
* Proof size in bits: 1019
* Cached h poly size: 8703
* UVC Prove step 1
* Elements of w skipped: 0 (0.00%)
* Elements of w processed with special addition: 1 (0.26%)
* Elements of w remaining: 384 (99.74%)
* Elements of w skipped: 0 (0.00%)
* Elements of w processed with special addition: 0 (0.00%)
* Elements of w remaining: 128 (100.00%)
* Elements of w skipped: 0 (0.00%)
* Elements of w processed with special addition: 0 (0.00%)
* Elements of w remaining: 128 (100.00%)
* UVC proof at step 1
* G1 elements in proof: 2
* G2 elements in proof: 1
* Proof size in bits: 1019
* Cached h poly size: 8703
* UVC Prove step 1
* Elements of w skipped: 0 (0.00%)
* Elements of w processed with special addition: 1 (0.26%)
* Elements of w remaining: 384 (99.74%)
* Elements of w skipped: 0 (0.00%)
* Elements of w processed with special addition: 0 (0.00%)
* Elements of w remaining: 128 (100.00%)
* Elements of w skipped: 0 (0.00%)
* Elements of w processed with special addition: 0 (0.00%)
* Elements of w remaining: 128 (100.00%)
* UVC proof at step 1
* G1 elements in proof: 2
* G2 elements in proof: 1
* Proof size in bits: 1019
* Cached h poly size: 8703
* UVC Prove step 1
* Elements of w skipped: 0 (0.00%)
* Elements of w processed with special addition: 1 (0.26%)
* Elements of w remaining: 384 (99.74%)
* Elements of w skipped: 0 (0.00%)
* Elements of w processed with special addition: 0 (0.00%)
* Elements of w remaining: 128 (100.00%)
* Elements of w skipped: 0 (0.00%)
* Elements of w processed with special addition: 0 (0.00%)
* Elements of w remaining: 128 (100.00%)
* UVC proof at step 1
* G1 elements in proof: 2
* G2 elements in proof: 1
* Proof size in bits: 1019
* Cached h poly size: 8703
* UVC Verify step 1: PASS
* UVC Verify step 1: PASS
* UVC Verify step 1: PASS
* UVC Verify step 1: PASS
* UVC Verify step 1: PASS
* UVC Verify step 1: PASS
* UVC Verify step 1: PASS
* UVC Verify step 1: PASS
* UVC Verify step 1: PASS
* UVC Verify step 1: PASS
  1       257.37        4.39          1019          PASS      
* UVC Prove step 2
* Elements of w skipped: 0 (0.00%)
* Elements of w processed with special addition: 0 (0.00%)
* Elements of w remaining: 256 (100.00%)
* Elements of w skipped: 0 (0.00%)
* Elements of w processed with special addition: 0 (0.00%)
* Elements of w remaining: 128 (100.00%)
* Elements of w skipped: 0 (0.00%)
* Elements of w processed with special addition: 0 (0.00%)
* Elements of w remaining: 256 (100.00%)
* UVC proof at step 2
* G1 elements in proof: 2
* G2 elements in proof: 1
* Proof size in bits: 1019
* Cached h poly size: 8703
* UVC Prove step 2
* Elements of w skipped: 0 (0.00%)
* Elements of w processed with special addition: 0 (0.00%)
* Elements of w remaining: 256 (100.00%)
* Elements of w skipped: 0 (0.00%)
* Elements of w processed with special addition: 0 (0.00%)
* Elements of w remaining: 128 (100.00%)
* Elements of w skipped: 0 (0.00%)
* Elements of w processed with special addition: 0 (0.00%)
* Elements of w remaining: 256 (100.00%)
* UVC proof at step 2
* G1 elements in proof: 2
* G2 elements in proof: 1
* Proof size in bits: 1019
* Cached h poly size: 8703
* UVC Prove step 2
* Elements of w skipped: 0 (0.00%)
* Elements of w processed with special addition: 0 (0.00%)
* Elements of w remaining: 256 (100.00%)
* Elements of w skipped: 0 (0.00%)
* Elements of w processed with special addition: 0 (0.00%)
* Elements of w remaining: 128 (100.00%)
* Elements of w skipped: 0 (0.00%)
* Elements of w processed with special addition: 0 (0.00%)
* Elements of w remaining: 256 (100.00%)
* UVC proof at step 2
* G1 elements in proof: 2
* G2 elements in proof: 1
* Proof size in bits: 1019
* Cached h poly size: 8703
* UVC Prove step 2
* Elements of w skipped: 0 (0.00%)
* Elements of w processed with special addition: 0 (0.00%)
* Elements of w remaining: 256 (100.00%)
* Elements of w skipped: 0 (0.00%)
* Elements of w processed with special addition: 0 (0.00%)
* Elements of w remaining: 128 (100.00%)
* Elements of w skipped: 0 (0.00%)
* Elements of w processed with special addition: 0 (0.00%)
* Elements of w remaining: 256 (100.00%)
* UVC proof at step 2
* G1 elements in proof: 2
* G2 elements in proof: 1
* Proof size in bits: 1019
* Cached h poly size: 8703
* UVC Prove step 2
* Elements of w skipped: 0 (0.00%)
* Elements of w processed with special addition: 0 (0.00%)
* Elements of w remaining: 256 (100.00%)
* Elements of w skipped: 0 (0.00%)
* Elements of w processed with special addition: 0 (0.00%)
* Elements of w remaining: 128 (100.00%)
* Elements of w skipped: 0 (0.00%)
* Elements of w processed with special addition: 0 (0.00%)
* Elements of w remaining: 256 (100.00%)
* UVC proof at step 2
* G1 elements in proof: 2
* G2 elements in proof: 1
* Proof size in bits: 1019
* Cached h poly size: 8703
* UVC Prove step 2
* Elements of w skipped: 0 (0.00%)
* Elements of w processed with special addition: 0 (0.00%)
* Elements of w remaining: 256 (100.00%)
* Elements of w skipped: 0 (0.00%)
* Elements of w processed with special addition: 0 (0.00%)
* Elements of w remaining: 128 (100.00%)
* Elements of w skipped: 0 (0.00%)
* Elements of w processed with special addition: 0 (0.00%)
* Elements of w remaining: 256 (100.00%)
* UVC proof at step 2
* G1 elements in proof: 2
* G2 elements in proof: 1
* Proof size in bits: 1019
* Cached h poly size: 8703
* UVC Prove step 2
* Elements of w skipped: 0 (0.00%)
* Elements of w processed with special addition: 0 (0.00%)
* Elements of w remaining: 256 (100.00%)
* Elements of w skipped: 0 (0.00%)
* Elements of w processed with special addition: 0 (0.00%)
* Elements of w remaining: 128 (100.00%)
* Elements of w skipped: 0 (0.00%)
* Elements of w processed with special addition: 0 (0.00%)
* Elements of w remaining: 256 (100.00%)
* UVC proof at step 2
* G1 elements in proof: 2
* G2 elements in proof: 1
* Proof size in bits: 1019
* Cached h poly size: 8703
* UVC Prove step 2
* Elements of w skipped: 0 (0.00%)
* Elements of w processed with special addition: 0 (0.00%)
* Elements of w remaining: 256 (100.00%)
* Elements of w skipped: 0 (0.00%)
* Elements of w processed with special addition: 0 (0.00%)
* Elements of w remaining: 128 (100.00%)
* Elements of w skipped: 0 (0.00%)
* Elements of w processed with special addition: 0 (0.00%)
* Elements of w remaining: 256 (100.00%)
* UVC proof at step 2
* G1 elements in proof: 2
* G2 elements in proof: 1
* Proof size in bits: 1019
* Cached h poly size: 8703
* UVC Prove step 2
* Elements of w skipped: 0 (0.00%)
* Elements of w processed with special addition: 0 (0.00%)
* Elements of w remaining: 256 (100.00%)
* Elements of w skipped: 0 (0.00%)
* Elements of w processed with special addition: 0 (0.00%)
* Elements of w remaining: 128 (100.00%)
* Elements of w skipped: 0 (0.00%)
* Elements of w processed with special addition: 0 (0.00%)
* Elements of w remaining: 256 (100.00%)
* UVC proof at step 2
* G1 elements in proof: 2
* G2 elements in proof: 1
* Proof size in bits: 1019
* Cached h poly size: 8703
* UVC Prove step 2
* Elements of w skipped: 0 (0.00%)
* Elements of w processed with special addition: 0 (0.00%)
* Elements of w remaining: 256 (100.00%)
* Elements of w skipped: 0 (0.00%)
* Elements of w processed with special addition: 0 (0.00%)
* Elements of w remaining: 128 (100.00%)
* Elements of w skipped: 0 (0.00%)
* Elements of w processed with special addition: 0 (0.00%)
* Elements of w remaining: 256 (100.00%)
* UVC proof at step 2
* G1 elements in proof: 2
* G2 elements in proof: 1
* Proof size in bits: 1019
* Cached h poly size: 8703
* UVC Verify step 2: PASS
* UVC Verify step 2: PASS
* UVC Verify step 2: PASS
* UVC Verify step 2: PASS
* UVC Verify step 2: PASS
* UVC Verify step 2: PASS
* UVC Verify step 2: PASS
* UVC Verify step 2: PASS
* UVC Verify step 2: PASS
* UVC Verify step 2: PASS
  2       257.83        4.38          1019          PASS      
* UVC Prove step 4
* Elements of w skipped: 0 (0.00%)
* Elements of w processed with special addition: 0 (0.00%)
* Elements of w remaining: 256 (100.00%)
* Elements of w skipped: 0 (0.00%)
* Elements of w processed with special addition: 0 (0.00%)
* Elements of w remaining: 128 (100.00%)
* Elements of w skipped: 0 (0.00%)
* Elements of w processed with special addition: 0 (0.00%)
* Elements of w remaining: 256 (100.00%)
* UVC proof at step 4
* G1 elements in proof: 2
* G2 elements in proof: 1
* Proof size in bits: 1019
* Cached h poly size: 8703
* UVC Prove step 4
* Elements of w skipped: 0 (0.00%)
* Elements of w processed with special addition: 0 (0.00%)
* Elements of w remaining: 256 (100.00%)
* Elements of w skipped: 0 (0.00%)
* Elements of w processed with special addition: 0 (0.00%)
* Elements of w remaining: 128 (100.00%)
* Elements of w skipped: 0 (0.00%)
* Elements of w processed with special addition: 0 (0.00%)
* Elements of w remaining: 256 (100.00%)
* UVC proof at step 4
* G1 elements in proof: 2
* G2 elements in proof: 1
* Proof size in bits: 1019
* Cached h poly size: 8703
* UVC Prove step 4
* Elements of w skipped: 0 (0.00%)
* Elements of w processed with special addition: 0 (0.00%)
* Elements of w remaining: 256 (100.00%)
* Elements of w skipped: 0 (0.00%)
* Elements of w processed with special addition: 0 (0.00%)
* Elements of w remaining: 128 (100.00%)
* Elements of w skipped: 0 (0.00%)
* Elements of w processed with special addition: 0 (0.00%)
* Elements of w remaining: 256 (100.00%)
* UVC proof at step 4
* G1 elements in proof: 2
* G2 elements in proof: 1
* Proof size in bits: 1019
* Cached h poly size: 8703
* UVC Prove step 4
* Elements of w skipped: 0 (0.00%)
* Elements of w processed with special addition: 0 (0.00%)
* Elements of w remaining: 256 (100.00%)
* Elements of w skipped: 0 (0.00%)
* Elements of w processed with special addition: 0 (0.00%)
* Elements of w remaining: 128 (100.00%)
* Elements of w skipped: 0 (0.00%)
* Elements of w processed with special addition: 0 (0.00%)
* Elements of w remaining: 256 (100.00%)
* UVC proof at step 4
* G1 elements in proof: 2
* G2 elements in proof: 1
* Proof size in bits: 1019
* Cached h poly size: 8703
* UVC Prove step 4
* Elements of w skipped: 0 (0.00%)
* Elements of w processed with special addition: 0 (0.00%)
* Elements of w remaining: 256 (100.00%)
* Elements of w skipped: 0 (0.00%)
* Elements of w processed with special addition: 0 (0.00%)
* Elements of w remaining: 128 (100.00%)
* Elements of w skipped: 0 (0.00%)
* Elements of w processed with special addition: 0 (0.00%)
* Elements of w remaining: 256 (100.00%)
* UVC proof at step 4
* G1 elements in proof: 2
* G2 elements in proof: 1
* Proof size in bits: 1019
* Cached h poly size: 8703
* UVC Prove step 4
* Elements of w skipped: 0 (0.00%)
* Elements of w processed with special addition: 0 (0.00%)
* Elements of w remaining: 256 (100.00%)
* Elements of w skipped: 0 (0.00%)
* Elements of w processed with special addition: 0 (0.00%)
* Elements of w remaining: 128 (100.00%)
* Elements of w skipped: 0 (0.00%)
* Elements of w processed with special addition: 0 (0.00%)
* Elements of w remaining: 256 (100.00%)
* UVC proof at step 4
* G1 elements in proof: 2
* G2 elements in proof: 1
* Proof size in bits: 1019
* Cached h poly size: 8703
* UVC Prove step 4
* Elements of w skipped: 0 (0.00%)
* Elements of w processed with special addition: 0 (0.00%)
* Elements of w remaining: 256 (100.00%)
* Elements of w skipped: 0 (0.00%)
* Elements of w processed with special addition: 0 (0.00%)
* Elements of w remaining: 128 (100.00%)
* Elements of w skipped: 0 (0.00%)
* Elements of w processed with special addition: 0 (0.00%)
* Elements of w remaining: 256 (100.00%)
* UVC proof at step 4
* G1 elements in proof: 2
* G2 elements in proof: 1
* Proof size in bits: 1019
* Cached h poly size: 8703
* UVC Prove step 4
* Elements of w skipped: 0 (0.00%)
* Elements of w processed with special addition: 0 (0.00%)
* Elements of w remaining: 256 (100.00%)
* Elements of w skipped: 0 (0.00%)
* Elements of w processed with special addition: 0 (0.00%)
* Elements of w remaining: 128 (100.00%)
* Elements of w skipped: 0 (0.00%)
* Elements of w processed with special addition: 0 (0.00%)
* Elements of w remaining: 256 (100.00%)
* UVC proof at step 4
* G1 elements in proof: 2
* G2 elements in proof: 1
* Proof size in bits: 1019
* Cached h poly size: 8703
* UVC Prove step 4
* Elements of w skipped: 0 (0.00%)
* Elements of w processed with special addition: 0 (0.00%)
* Elements of w remaining: 256 (100.00%)
* Elements of w skipped: 0 (0.00%)
* Elements of w processed with special addition: 0 (0.00%)
* Elements of w remaining: 128 (100.00%)
* Elements of w skipped: 0 (0.00%)
* Elements of w processed with special addition: 0 (0.00%)
* Elements of w remaining: 256 (100.00%)
* UVC proof at step 4
* G1 elements in proof: 2
* G2 elements in proof: 1
* Proof size in bits: 1019
* Cached h poly size: 8703
* UVC Prove step 4
* Elements of w skipped: 0 (0.00%)
* Elements of w processed with special addition: 0 (0.00%)
* Elements of w remaining: 256 (100.00%)
* Elements of w skipped: 0 (0.00%)
* Elements of w processed with special addition: 0 (0.00%)
* Elements of w remaining: 128 (100.00%)
* Elements of w skipped: 0 (0.00%)
* Elements of w processed with special addition: 0 (0.00%)
* Elements of w remaining: 256 (100.00%)
* UVC proof at step 4
* G1 elements in proof: 2
* G2 elements in proof: 1
* Proof size in bits: 1019
* Cached h poly size: 8703
* UVC Verify step 4: PASS
* UVC Verify step 4: PASS
* UVC Verify step 4: PASS
* UVC Verify step 4: PASS
* UVC Verify step 4: PASS
* UVC Verify step 4: PASS
* UVC Verify step 4: PASS
* UVC Verify step 4: PASS
* UVC Verify step 4: PASS
* UVC Verify step 4: PASS
  4       259.98        4.40          1019          PASS      
* UVC Prove step 8
* Elements of w skipped: 0 (0.00%)
* Elements of w processed with special addition: 0 (0.00%)
* Elements of w remaining: 256 (100.00%)
* Elements of w skipped: 0 (0.00%)
* Elements of w processed with special addition: 0 (0.00%)
* Elements of w remaining: 128 (100.00%)
* Elements of w skipped: 0 (0.00%)
* Elements of w processed with special addition: 0 (0.00%)
* Elements of w remaining: 256 (100.00%)
* UVC proof at step 8
* G1 elements in proof: 2
* G2 elements in proof: 1
* Proof size in bits: 1019
* Cached h poly size: 8703
* UVC Prove step 8
* Elements of w skipped: 0 (0.00%)
* Elements of w processed with special addition: 0 (0.00%)
* Elements of w remaining: 256 (100.00%)
* Elements of w skipped: 0 (0.00%)
* Elements of w processed with special addition: 0 (0.00%)
* Elements of w remaining: 128 (100.00%)
* Elements of w skipped: 0 (0.00%)
* Elements of w processed with special addition: 0 (0.00%)
* Elements of w remaining: 256 (100.00%)
* UVC proof at step 8
* G1 elements in proof: 2
* G2 elements in proof: 1
* Proof size in bits: 1019
* Cached h poly size: 8703
* UVC Prove step 8
* Elements of w skipped: 0 (0.00%)
* Elements of w processed with special addition: 0 (0.00%)
* Elements of w remaining: 256 (100.00%)
* Elements of w skipped: 0 (0.00%)
* Elements of w processed with special addition: 0 (0.00%)
* Elements of w remaining: 128 (100.00%)
* Elements of w skipped: 0 (0.00%)
* Elements of w processed with special addition: 0 (0.00%)
* Elements of w remaining: 256 (100.00%)
* UVC proof at step 8
* G1 elements in proof: 2
* G2 elements in proof: 1
* Proof size in bits: 1019
* Cached h poly size: 8703
* UVC Prove step 8
* Elements of w skipped: 0 (0.00%)
* Elements of w processed with special addition: 0 (0.00%)
* Elements of w remaining: 256 (100.00%)
* Elements of w skipped: 0 (0.00%)
* Elements of w processed with special addition: 0 (0.00%)
* Elements of w remaining: 128 (100.00%)
* Elements of w skipped: 0 (0.00%)
* Elements of w processed with special addition: 0 (0.00%)
* Elements of w remaining: 256 (100.00%)
* UVC proof at step 8
* G1 elements in proof: 2
* G2 elements in proof: 1
* Proof size in bits: 1019
* Cached h poly size: 8703
* UVC Prove step 8
* Elements of w skipped: 0 (0.00%)
* Elements of w processed with special addition: 0 (0.00%)
* Elements of w remaining: 256 (100.00%)
* Elements of w skipped: 0 (0.00%)
* Elements of w processed with special addition: 0 (0.00%)
* Elements of w remaining: 128 (100.00%)
* Elements of w skipped: 0 (0.00%)
* Elements of w processed with special addition: 0 (0.00%)
* Elements of w remaining: 256 (100.00%)
* UVC proof at step 8
* G1 elements in proof: 2
* G2 elements in proof: 1
* Proof size in bits: 1019
* Cached h poly size: 8703
* UVC Prove step 8
* Elements of w skipped: 0 (0.00%)
* Elements of w processed with special addition: 0 (0.00%)
* Elements of w remaining: 256 (100.00%)
* Elements of w skipped: 0 (0.00%)
* Elements of w processed with special addition: 0 (0.00%)
* Elements of w remaining: 128 (100.00%)
* Elements of w skipped: 0 (0.00%)
* Elements of w processed with special addition: 0 (0.00%)
* Elements of w remaining: 256 (100.00%)
* UVC proof at step 8
* G1 elements in proof: 2
* G2 elements in proof: 1
* Proof size in bits: 1019
* Cached h poly size: 8703
* UVC Prove step 8
* Elements of w skipped: 0 (0.00%)
* Elements of w processed with special addition: 0 (0.00%)
* Elements of w remaining: 256 (100.00%)
* Elements of w skipped: 0 (0.00%)
* Elements of w processed with special addition: 0 (0.00%)
* Elements of w remaining: 128 (100.00%)
* Elements of w skipped: 0 (0.00%)
* Elements of w processed with special addition: 0 (0.00%)
* Elements of w remaining: 256 (100.00%)
* UVC proof at step 8
* G1 elements in proof: 2
* G2 elements in proof: 1
* Proof size in bits: 1019
* Cached h poly size: 8703
* UVC Prove step 8
* Elements of w skipped: 0 (0.00%)
* Elements of w processed with special addition: 0 (0.00%)
* Elements of w remaining: 256 (100.00%)
* Elements of w skipped: 0 (0.00%)
* Elements of w processed with special addition: 0 (0.00%)
* Elements of w remaining: 128 (100.00%)
* Elements of w skipped: 0 (0.00%)
* Elements of w processed with special addition: 0 (0.00%)
* Elements of w remaining: 256 (100.00%)
* UVC proof at step 8
* G1 elements in proof: 2
* G2 elements in proof: 1
* Proof size in bits: 1019
* Cached h poly size: 8703
* UVC Prove step 8
* Elements of w skipped: 0 (0.00%)
* Elements of w processed with special addition: 0 (0.00%)
* Elements of w remaining: 256 (100.00%)
* Elements of w skipped: 0 (0.00%)
* Elements of w processed with special addition: 0 (0.00%)
* Elements of w remaining: 128 (100.00%)
* Elements of w skipped: 0 (0.00%)
* Elements of w processed with special addition: 0 (0.00%)
* Elements of w remaining: 256 (100.00%)
* UVC proof at step 8
* G1 elements in proof: 2
* G2 elements in proof: 1
* Proof size in bits: 1019
* Cached h poly size: 8703
* UVC Prove step 8
* Elements of w skipped: 0 (0.00%)
* Elements of w processed with special addition: 0 (0.00%)
* Elements of w remaining: 256 (100.00%)
* Elements of w skipped: 0 (0.00%)
* Elements of w processed with special addition: 0 (0.00%)
* Elements of w remaining: 128 (100.00%)
* Elements of w skipped: 0 (0.00%)
* Elements of w processed with special addition: 0 (0.00%)
* Elements of w remaining: 256 (100.00%)
* UVC proof at step 8
* G1 elements in proof: 2
* G2 elements in proof: 1
* Proof size in bits: 1019
* Cached h poly size: 8703
* UVC Verify step 8: PASS
* UVC Verify step 8: PASS
* UVC Verify step 8: PASS
* UVC Verify step 8: PASS
* UVC Verify step 8: PASS
* UVC Verify step 8: PASS
* UVC Verify step 8: PASS
* UVC Verify step 8: PASS
* UVC Verify step 8: PASS
* UVC Verify step 8: PASS
  8       268.37        4.53          1019          PASS      
* UVC Prove step 16
* Elements of w skipped: 0 (0.00%)
* Elements of w processed with special addition: 0 (0.00%)
* Elements of w remaining: 256 (100.00%)
* Elements of w skipped: 0 (0.00%)
* Elements of w processed with special addition: 0 (0.00%)
* Elements of w remaining: 128 (100.00%)
* Elements of w skipped: 0 (0.00%)
* Elements of w processed with special addition: 0 (0.00%)
* Elements of w remaining: 256 (100.00%)
* UVC proof at step 16
* G1 elements in proof: 2
* G2 elements in proof: 1
* Proof size in bits: 1019
* Cached h poly size: 8703
* UVC Prove step 16
* Elements of w skipped: 0 (0.00%)
* Elements of w processed with special addition: 0 (0.00%)
* Elements of w remaining: 256 (100.00%)
* Elements of w skipped: 0 (0.00%)
* Elements of w processed with special addition: 0 (0.00%)
* Elements of w remaining: 128 (100.00%)
* Elements of w skipped: 0 (0.00%)
* Elements of w processed with special addition: 0 (0.00%)
* Elements of w remaining: 256 (100.00%)
* UVC proof at step 16
* G1 elements in proof: 2
* G2 elements in proof: 1
* Proof size in bits: 1019
* Cached h poly size: 8703
* UVC Prove step 16
* Elements of w skipped: 0 (0.00%)
* Elements of w processed with special addition: 0 (0.00%)
* Elements of w remaining: 256 (100.00%)
* Elements of w skipped: 0 (0.00%)
* Elements of w processed with special addition: 0 (0.00%)
* Elements of w remaining: 128 (100.00%)
* Elements of w skipped: 0 (0.00%)
* Elements of w processed with special addition: 0 (0.00%)
* Elements of w remaining: 256 (100.00%)
* UVC proof at step 16
* G1 elements in proof: 2
* G2 elements in proof: 1
* Proof size in bits: 1019
* Cached h poly size: 8703
* UVC Prove step 16
* Elements of w skipped: 0 (0.00%)
* Elements of w processed with special addition: 0 (0.00%)
* Elements of w remaining: 256 (100.00%)
* Elements of w skipped: 0 (0.00%)
* Elements of w processed with special addition: 0 (0.00%)
* Elements of w remaining: 128 (100.00%)
* Elements of w skipped: 0 (0.00%)
* Elements of w processed with special addition: 0 (0.00%)
* Elements of w remaining: 256 (100.00%)
* UVC proof at step 16
* G1 elements in proof: 2
* G2 elements in proof: 1
* Proof size in bits: 1019
* Cached h poly size: 8703
* UVC Prove step 16
* Elements of w skipped: 0 (0.00%)
* Elements of w processed with special addition: 0 (0.00%)
* Elements of w remaining: 256 (100.00%)
* Elements of w skipped: 0 (0.00%)
* Elements of w processed with special addition: 0 (0.00%)
* Elements of w remaining: 128 (100.00%)
* Elements of w skipped: 0 (0.00%)
* Elements of w processed with special addition: 0 (0.00%)
* Elements of w remaining: 256 (100.00%)
* UVC proof at step 16
* G1 elements in proof: 2
* G2 elements in proof: 1
* Proof size in bits: 1019
* Cached h poly size: 8703
* UVC Prove step 16
* Elements of w skipped: 0 (0.00%)
* Elements of w processed with special addition: 0 (0.00%)
* Elements of w remaining: 256 (100.00%)
* Elements of w skipped: 0 (0.00%)
* Elements of w processed with special addition: 0 (0.00%)
* Elements of w remaining: 128 (100.00%)
* Elements of w skipped: 0 (0.00%)
* Elements of w processed with special addition: 0 (0.00%)
* Elements of w remaining: 256 (100.00%)
* UVC proof at step 16
* G1 elements in proof: 2
* G2 elements in proof: 1
* Proof size in bits: 1019
* Cached h poly size: 8703
* UVC Prove step 16
* Elements of w skipped: 0 (0.00%)
* Elements of w processed with special addition: 0 (0.00%)
* Elements of w remaining: 256 (100.00%)
* Elements of w skipped: 0 (0.00%)
* Elements of w processed with special addition: 0 (0.00%)
* Elements of w remaining: 128 (100.00%)
* Elements of w skipped: 0 (0.00%)
* Elements of w processed with special addition: 0 (0.00%)
* Elements of w remaining: 256 (100.00%)
* UVC proof at step 16
* G1 elements in proof: 2
* G2 elements in proof: 1
* Proof size in bits: 1019
* Cached h poly size: 8703
* UVC Prove step 16
* Elements of w skipped: 0 (0.00%)
* Elements of w processed with special addition: 0 (0.00%)
* Elements of w remaining: 256 (100.00%)
* Elements of w skipped: 0 (0.00%)
* Elements of w processed with special addition: 0 (0.00%)
* Elements of w remaining: 128 (100.00%)
* Elements of w skipped: 0 (0.00%)
* Elements of w processed with special addition: 0 (0.00%)
* Elements of w remaining: 256 (100.00%)
* UVC proof at step 16
* G1 elements in proof: 2
* G2 elements in proof: 1
* Proof size in bits: 1019
* Cached h poly size: 8703
* UVC Prove step 16
* Elements of w skipped: 0 (0.00%)
* Elements of w processed with special addition: 0 (0.00%)
* Elements of w remaining: 256 (100.00%)
* Elements of w skipped: 0 (0.00%)
* Elements of w processed with special addition: 0 (0.00%)
* Elements of w remaining: 128 (100.00%)
* Elements of w skipped: 0 (0.00%)
* Elements of w processed with special addition: 0 (0.00%)
* Elements of w remaining: 256 (100.00%)
* UVC proof at step 16
* G1 elements in proof: 2
* G2 elements in proof: 1
* Proof size in bits: 1019
* Cached h poly size: 8703
* UVC Prove step 16
* Elements of w skipped: 0 (0.00%)
* Elements of w processed with special addition: 0 (0.00%)
* Elements of w remaining: 256 (100.00%)
* Elements of w skipped: 0 (0.00%)
* Elements of w processed with special addition: 0 (0.00%)
* Elements of w remaining: 128 (100.00%)
* Elements of w skipped: 0 (0.00%)
* Elements of w processed with special addition: 0 (0.00%)
* Elements of w remaining: 256 (100.00%)
* UVC proof at step 16
* G1 elements in proof: 2
* G2 elements in proof: 1
* Proof size in bits: 1019
* Cached h poly size: 8703
* UVC Verify step 16: PASS
* UVC Verify step 16: PASS
* UVC Verify step 16: PASS
* UVC Verify step 16: PASS
* UVC Verify step 16: PASS
* UVC Verify step 16: PASS
* UVC Verify step 16: PASS
* UVC Verify step 16: PASS
* UVC Verify step 16: PASS
* UVC Verify step 16: PASS
  16      273.73        4.53          1019          PASS      
* UVC Prove step 32
* Elements of w skipped: 0 (0.00%)
* Elements of w processed with special addition: 0 (0.00%)
* Elements of w remaining: 256 (100.00%)
* Elements of w skipped: 0 (0.00%)
* Elements of w processed with special addition: 0 (0.00%)
* Elements of w remaining: 128 (100.00%)
* Elements of w skipped: 0 (0.00%)
* Elements of w processed with special addition: 0 (0.00%)
* Elements of w remaining: 256 (100.00%)
* UVC proof at step 32
* G1 elements in proof: 2
* G2 elements in proof: 1
* Proof size in bits: 1019
* Cached h poly size: 8703
* UVC Prove step 32
* Elements of w skipped: 0 (0.00%)
* Elements of w processed with special addition: 0 (0.00%)
* Elements of w remaining: 256 (100.00%)
* Elements of w skipped: 0 (0.00%)
* Elements of w processed with special addition: 0 (0.00%)
* Elements of w remaining: 128 (100.00%)
* Elements of w skipped: 0 (0.00%)
* Elements of w processed with special addition: 0 (0.00%)
* Elements of w remaining: 256 (100.00%)
* UVC proof at step 32
* G1 elements in proof: 2
* G2 elements in proof: 1
* Proof size in bits: 1019
* Cached h poly size: 8703
* UVC Prove step 32
* Elements of w skipped: 0 (0.00%)
* Elements of w processed with special addition: 0 (0.00%)
* Elements of w remaining: 256 (100.00%)
* Elements of w skipped: 0 (0.00%)
* Elements of w processed with special addition: 0 (0.00%)
* Elements of w remaining: 128 (100.00%)
* Elements of w skipped: 0 (0.00%)
* Elements of w processed with special addition: 0 (0.00%)
* Elements of w remaining: 256 (100.00%)
* UVC proof at step 32
* G1 elements in proof: 2
* G2 elements in proof: 1
* Proof size in bits: 1019
* Cached h poly size: 8703
* UVC Prove step 32
* Elements of w skipped: 0 (0.00%)
* Elements of w processed with special addition: 0 (0.00%)
* Elements of w remaining: 256 (100.00%)
* Elements of w skipped: 0 (0.00%)
* Elements of w processed with special addition: 0 (0.00%)
* Elements of w remaining: 128 (100.00%)
* Elements of w skipped: 0 (0.00%)
* Elements of w processed with special addition: 0 (0.00%)
* Elements of w remaining: 256 (100.00%)
* UVC proof at step 32
* G1 elements in proof: 2
* G2 elements in proof: 1
* Proof size in bits: 1019
* Cached h poly size: 8703
* UVC Prove step 32
* Elements of w skipped: 0 (0.00%)
* Elements of w processed with special addition: 0 (0.00%)
* Elements of w remaining: 256 (100.00%)
* Elements of w skipped: 0 (0.00%)
* Elements of w processed with special addition: 0 (0.00%)
* Elements of w remaining: 128 (100.00%)
* Elements of w skipped: 0 (0.00%)
* Elements of w processed with special addition: 0 (0.00%)
* Elements of w remaining: 256 (100.00%)
* UVC proof at step 32
* G1 elements in proof: 2
* G2 elements in proof: 1
* Proof size in bits: 1019
* Cached h poly size: 8703
* UVC Prove step 32
* Elements of w skipped: 0 (0.00%)
* Elements of w processed with special addition: 0 (0.00%)
* Elements of w remaining: 256 (100.00%)
* Elements of w skipped: 0 (0.00%)
* Elements of w processed with special addition: 0 (0.00%)
* Elements of w remaining: 128 (100.00%)
* Elements of w skipped: 0 (0.00%)
* Elements of w processed with special addition: 0 (0.00%)
* Elements of w remaining: 256 (100.00%)
* UVC proof at step 32
* G1 elements in proof: 2
* G2 elements in proof: 1
* Proof size in bits: 1019
* Cached h poly size: 8703
* UVC Prove step 32
* Elements of w skipped: 0 (0.00%)
* Elements of w processed with special addition: 0 (0.00%)
* Elements of w remaining: 256 (100.00%)
* Elements of w skipped: 0 (0.00%)
* Elements of w processed with special addition: 0 (0.00%)
* Elements of w remaining: 128 (100.00%)
* Elements of w skipped: 0 (0.00%)
* Elements of w processed with special addition: 0 (0.00%)
* Elements of w remaining: 256 (100.00%)
* UVC proof at step 32
* G1 elements in proof: 2
* G2 elements in proof: 1
* Proof size in bits: 1019
* Cached h poly size: 8703
* UVC Prove step 32
* Elements of w skipped: 0 (0.00%)
* Elements of w processed with special addition: 0 (0.00%)
* Elements of w remaining: 256 (100.00%)
* Elements of w skipped: 0 (0.00%)
* Elements of w processed with special addition: 0 (0.00%)
* Elements of w remaining: 128 (100.00%)
* Elements of w skipped: 0 (0.00%)
* Elements of w processed with special addition: 0 (0.00%)
* Elements of w remaining: 256 (100.00%)
* UVC proof at step 32
* G1 elements in proof: 2
* G2 elements in proof: 1
* Proof size in bits: 1019
* Cached h poly size: 8703
* UVC Prove step 32
* Elements of w skipped: 0 (0.00%)
* Elements of w processed with special addition: 0 (0.00%)
* Elements of w remaining: 256 (100.00%)
* Elements of w skipped: 0 (0.00%)
* Elements of w processed with special addition: 0 (0.00%)
* Elements of w remaining: 128 (100.00%)
* Elements of w skipped: 0 (0.00%)
* Elements of w processed with special addition: 0 (0.00%)
* Elements of w remaining: 256 (100.00%)
* UVC proof at step 32
* G1 elements in proof: 2
* G2 elements in proof: 1
* Proof size in bits: 1019
* Cached h poly size: 8703
* UVC Prove step 32
* Elements of w skipped: 0 (0.00%)
* Elements of w processed with special addition: 0 (0.00%)
* Elements of w remaining: 256 (100.00%)
* Elements of w skipped: 0 (0.00%)
* Elements of w processed with special addition: 0 (0.00%)
* Elements of w remaining: 128 (100.00%)
* Elements of w skipped: 0 (0.00%)
* Elements of w processed with special addition: 0 (0.00%)
* Elements of w remaining: 256 (100.00%)
* UVC proof at step 32
* G1 elements in proof: 2
* G2 elements in proof: 1
* Proof size in bits: 1019
* Cached h poly size: 8703
* UVC Verify step 32: PASS
* UVC Verify step 32: PASS
* UVC Verify step 32: PASS
* UVC Verify step 32: PASS
* UVC Verify step 32: PASS
* UVC Verify step 32: PASS
* UVC Verify step 32: PASS
* UVC Verify step 32: PASS
* UVC Verify step 32: PASS
* UVC Verify step 32: PASS
  32      273.36        4.39          1019          PASS      
* UVC Prove step 64
* Elements of w skipped: 0 (0.00%)
* Elements of w processed with special addition: 0 (0.00%)
* Elements of w remaining: 256 (100.00%)
* Elements of w skipped: 0 (0.00%)
* Elements of w processed with special addition: 0 (0.00%)
* Elements of w remaining: 128 (100.00%)
* Elements of w skipped: 0 (0.00%)
* Elements of w processed with special addition: 0 (0.00%)
* Elements of w remaining: 256 (100.00%)
* UVC proof at step 64
* G1 elements in proof: 2
* G2 elements in proof: 1
* Proof size in bits: 1019
* Cached h poly size: 8703
* UVC Prove step 64
* Elements of w skipped: 0 (0.00%)
* Elements of w processed with special addition: 0 (0.00%)
* Elements of w remaining: 256 (100.00%)
* Elements of w skipped: 0 (0.00%)
* Elements of w processed with special addition: 0 (0.00%)
* Elements of w remaining: 128 (100.00%)
* Elements of w skipped: 0 (0.00%)
* Elements of w processed with special addition: 0 (0.00%)
* Elements of w remaining: 256 (100.00%)
* UVC proof at step 64
* G1 elements in proof: 2
* G2 elements in proof: 1
* Proof size in bits: 1019
* Cached h poly size: 8703
* UVC Prove step 64
* Elements of w skipped: 0 (0.00%)
* Elements of w processed with special addition: 0 (0.00%)
* Elements of w remaining: 256 (100.00%)
* Elements of w skipped: 0 (0.00%)
* Elements of w processed with special addition: 0 (0.00%)
* Elements of w remaining: 128 (100.00%)
* Elements of w skipped: 0 (0.00%)
* Elements of w processed with special addition: 0 (0.00%)
* Elements of w remaining: 256 (100.00%)
* UVC proof at step 64
* G1 elements in proof: 2
* G2 elements in proof: 1
* Proof size in bits: 1019
* Cached h poly size: 8703
* UVC Prove step 64
* Elements of w skipped: 0 (0.00%)
* Elements of w processed with special addition: 0 (0.00%)
* Elements of w remaining: 256 (100.00%)
* Elements of w skipped: 0 (0.00%)
* Elements of w processed with special addition: 0 (0.00%)
* Elements of w remaining: 128 (100.00%)
* Elements of w skipped: 0 (0.00%)
* Elements of w processed with special addition: 0 (0.00%)
* Elements of w remaining: 256 (100.00%)
* UVC proof at step 64
* G1 elements in proof: 2
* G2 elements in proof: 1
* Proof size in bits: 1019
* Cached h poly size: 8703
* UVC Prove step 64
* Elements of w skipped: 0 (0.00%)
* Elements of w processed with special addition: 0 (0.00%)
* Elements of w remaining: 256 (100.00%)
* Elements of w skipped: 0 (0.00%)
* Elements of w processed with special addition: 0 (0.00%)
* Elements of w remaining: 128 (100.00%)
* Elements of w skipped: 0 (0.00%)
* Elements of w processed with special addition: 0 (0.00%)
* Elements of w remaining: 256 (100.00%)
* UVC proof at step 64
* G1 elements in proof: 2
* G2 elements in proof: 1
* Proof size in bits: 1019
* Cached h poly size: 8703
* UVC Prove step 64
* Elements of w skipped: 0 (0.00%)
* Elements of w processed with special addition: 0 (0.00%)
* Elements of w remaining: 256 (100.00%)
* Elements of w skipped: 0 (0.00%)
* Elements of w processed with special addition: 0 (0.00%)
* Elements of w remaining: 128 (100.00%)
* Elements of w skipped: 0 (0.00%)
* Elements of w processed with special addition: 0 (0.00%)
* Elements of w remaining: 256 (100.00%)
* UVC proof at step 64
* G1 elements in proof: 2
* G2 elements in proof: 1
* Proof size in bits: 1019
* Cached h poly size: 8703
* UVC Prove step 64
* Elements of w skipped: 0 (0.00%)
* Elements of w processed with special addition: 0 (0.00%)
* Elements of w remaining: 256 (100.00%)
* Elements of w skipped: 0 (0.00%)
* Elements of w processed with special addition: 0 (0.00%)
* Elements of w remaining: 128 (100.00%)
* Elements of w skipped: 0 (0.00%)
* Elements of w processed with special addition: 0 (0.00%)
* Elements of w remaining: 256 (100.00%)
* UVC proof at step 64
* G1 elements in proof: 2
* G2 elements in proof: 1
* Proof size in bits: 1019
* Cached h poly size: 8703
* UVC Prove step 64
* Elements of w skipped: 0 (0.00%)
* Elements of w processed with special addition: 0 (0.00%)
* Elements of w remaining: 256 (100.00%)
* Elements of w skipped: 0 (0.00%)
* Elements of w processed with special addition: 0 (0.00%)
* Elements of w remaining: 128 (100.00%)
* Elements of w skipped: 0 (0.00%)
* Elements of w processed with special addition: 0 (0.00%)
* Elements of w remaining: 256 (100.00%)
* UVC proof at step 64
* G1 elements in proof: 2
* G2 elements in proof: 1
* Proof size in bits: 1019
* Cached h poly size: 8703
* UVC Prove step 64
* Elements of w skipped: 0 (0.00%)
* Elements of w processed with special addition: 0 (0.00%)
* Elements of w remaining: 256 (100.00%)
* Elements of w skipped: 0 (0.00%)
* Elements of w processed with special addition: 0 (0.00%)
* Elements of w remaining: 128 (100.00%)
* Elements of w skipped: 0 (0.00%)
* Elements of w processed with special addition: 0 (0.00%)
* Elements of w remaining: 256 (100.00%)
* UVC proof at step 64
* G1 elements in proof: 2
* G2 elements in proof: 1
* Proof size in bits: 1019
* Cached h poly size: 8703
* UVC Prove step 64
* Elements of w skipped: 0 (0.00%)
* Elements of w processed with special addition: 0 (0.00%)
* Elements of w remaining: 256 (100.00%)
* Elements of w skipped: 0 (0.00%)
* Elements of w processed with special addition: 0 (0.00%)
* Elements of w remaining: 128 (100.00%)
* Elements of w skipped: 0 (0.00%)
* Elements of w processed with special addition: 0 (0.00%)
* Elements of w remaining: 256 (100.00%)
* UVC proof at step 64
* G1 elements in proof: 2
* G2 elements in proof: 1
* Proof size in bits: 1019
* Cached h poly size: 8703
* UVC Verify step 64: PASS
* UVC Verify step 64: PASS
* UVC Verify step 64: PASS
* UVC Verify step 64: PASS
* UVC Verify step 64: PASS
* UVC Verify step 64: PASS
* UVC Verify step 64: PASS
* UVC Verify step 64: PASS
* UVC Verify step 64: PASS
* UVC Verify step 64: PASS
  64      266.94        4.39          1019          PASS      

  UVC results written to /Users/heewonchung/Documents/00-Research/active/Updatable Verifiable Computation/Dev/results/2026-03-06_121849_paper/csv/uvc_results.csv

================================================================
Groth16 Benchmark: circuit=hadamard, n=128, B=64
================================================================

  Step    C_j constr  Setup (ms)    Prove (ms)    Verify (ms)   Verified  
  ------  ----------  ------------  ------------  ------------  ----------
* Composed C_1: 128 constraints, 384 variables, 256 inputs
Swap is not beneficial, not performing
* QAP number of variables: 384
* QAP pre degree: 128
* QAP degree: 512
* QAP number of input variables: 256
* G1 window: 7
* G2 window: 5
* G1 elements in PK: 1410
* Non-zero G1 elements in PK: 1153
* G2 elements in PK: 386
* Non-zero G2 elements in PK: 129
* PK size in bits: 367868
* G1 elements in VK: 256
* G2 elements in VK: 2
* GT elements in VK: 1
* VK size in bits: 82937
* Elements of w skipped: 0 (0.00%)
* Elements of w processed with special addition: 1 (0.26%)
* Elements of w remaining: 384 (99.74%)
* Elements of w skipped: 0 (0.00%)
* Elements of w processed with special addition: 0 (0.00%)
* Elements of w remaining: 128 (100.00%)
* Elements of w skipped: 0 (0.00%)
* Elements of w processed with special addition: 0 (0.00%)
* Elements of w remaining: 128 (100.00%)
* G1 elements in proof: 2
* G2 elements in proof: 1
* Proof size in bits: 1019
* Elements of w skipped: 0 (0.00%)
* Elements of w processed with special addition: 1 (0.26%)
* Elements of w remaining: 384 (99.74%)
* Elements of w skipped: 0 (0.00%)
* Elements of w processed with special addition: 0 (0.00%)
* Elements of w remaining: 128 (100.00%)
* Elements of w skipped: 0 (0.00%)
* Elements of w processed with special addition: 0 (0.00%)
* Elements of w remaining: 128 (100.00%)
* G1 elements in proof: 2
* G2 elements in proof: 1
* Proof size in bits: 1019
* Elements of w skipped: 0 (0.00%)
* Elements of w processed with special addition: 1 (0.26%)
* Elements of w remaining: 384 (99.74%)
* Elements of w skipped: 0 (0.00%)
* Elements of w processed with special addition: 0 (0.00%)
* Elements of w remaining: 128 (100.00%)
* Elements of w skipped: 0 (0.00%)
* Elements of w processed with special addition: 0 (0.00%)
* Elements of w remaining: 128 (100.00%)
* G1 elements in proof: 2
* G2 elements in proof: 1
* Proof size in bits: 1019
* Elements of w skipped: 0 (0.00%)
* Elements of w processed with special addition: 1 (0.26%)
* Elements of w remaining: 384 (99.74%)
* Elements of w skipped: 0 (0.00%)
* Elements of w processed with special addition: 0 (0.00%)
* Elements of w remaining: 128 (100.00%)
* Elements of w skipped: 0 (0.00%)
* Elements of w processed with special addition: 0 (0.00%)
* Elements of w remaining: 128 (100.00%)
* G1 elements in proof: 2
* G2 elements in proof: 1
* Proof size in bits: 1019
* Elements of w skipped: 0 (0.00%)
* Elements of w processed with special addition: 1 (0.26%)
* Elements of w remaining: 384 (99.74%)
* Elements of w skipped: 0 (0.00%)
* Elements of w processed with special addition: 0 (0.00%)
* Elements of w remaining: 128 (100.00%)
* Elements of w skipped: 0 (0.00%)
* Elements of w processed with special addition: 0 (0.00%)
* Elements of w remaining: 128 (100.00%)
* G1 elements in proof: 2
* G2 elements in proof: 1
* Proof size in bits: 1019
* Elements of w skipped: 0 (0.00%)
* Elements of w processed with special addition: 1 (0.26%)
* Elements of w remaining: 384 (99.74%)
* Elements of w skipped: 0 (0.00%)
* Elements of w processed with special addition: 0 (0.00%)
* Elements of w remaining: 128 (100.00%)
* Elements of w skipped: 0 (0.00%)
* Elements of w processed with special addition: 0 (0.00%)
* Elements of w remaining: 128 (100.00%)
* G1 elements in proof: 2
* G2 elements in proof: 1
* Proof size in bits: 1019
* Elements of w skipped: 0 (0.00%)
* Elements of w processed with special addition: 1 (0.26%)
* Elements of w remaining: 384 (99.74%)
* Elements of w skipped: 0 (0.00%)
* Elements of w processed with special addition: 0 (0.00%)
* Elements of w remaining: 128 (100.00%)
* Elements of w skipped: 0 (0.00%)
* Elements of w processed with special addition: 0 (0.00%)
* Elements of w remaining: 128 (100.00%)
* G1 elements in proof: 2
* G2 elements in proof: 1
* Proof size in bits: 1019
* Elements of w skipped: 0 (0.00%)
* Elements of w processed with special addition: 1 (0.26%)
* Elements of w remaining: 384 (99.74%)
* Elements of w skipped: 0 (0.00%)
* Elements of w processed with special addition: 0 (0.00%)
* Elements of w remaining: 128 (100.00%)
* Elements of w skipped: 0 (0.00%)
* Elements of w processed with special addition: 0 (0.00%)
* Elements of w remaining: 128 (100.00%)
* G1 elements in proof: 2
* G2 elements in proof: 1
* Proof size in bits: 1019
* Elements of w skipped: 0 (0.00%)
* Elements of w processed with special addition: 1 (0.26%)
* Elements of w remaining: 384 (99.74%)
* Elements of w skipped: 0 (0.00%)
* Elements of w processed with special addition: 0 (0.00%)
* Elements of w remaining: 128 (100.00%)
* Elements of w skipped: 0 (0.00%)
* Elements of w processed with special addition: 0 (0.00%)
* Elements of w remaining: 128 (100.00%)
* G1 elements in proof: 2
* G2 elements in proof: 1
* Proof size in bits: 1019
* Elements of w skipped: 0 (0.00%)
* Elements of w processed with special addition: 1 (0.26%)
* Elements of w remaining: 384 (99.74%)
* Elements of w skipped: 0 (0.00%)
* Elements of w processed with special addition: 0 (0.00%)
* Elements of w remaining: 128 (100.00%)
* Elements of w skipped: 0 (0.00%)
* Elements of w processed with special addition: 0 (0.00%)
* Elements of w remaining: 128 (100.00%)
* G1 elements in proof: 2
* G2 elements in proof: 1
* Proof size in bits: 1019
  1       128         71.3          23.16         4.30          PASS      
* Composed C_2: 256 constraints, 640 variables, 256 inputs
Swap is not beneficial, not performing
* QAP number of variables: 640
* QAP pre degree: 256
* QAP degree: 513
* QAP number of input variables: 256
* G1 window: 8
* G2 window: 6
* G1 elements in PK: 2179
* Non-zero G1 elements in PK: 1794
* G2 elements in PK: 642
* Non-zero G2 elements in PK: 257
* PK size in bits: 604667
* G1 elements in VK: 256
* G2 elements in VK: 2
* GT elements in VK: 1
* VK size in bits: 82937
* Elements of w skipped: 0 (0.00%)
* Elements of w processed with special addition: 1 (0.16%)
* Elements of w remaining: 640 (99.84%)
* Elements of w skipped: 0 (0.00%)
* Elements of w processed with special addition: 0 (0.00%)
* Elements of w remaining: 256 (100.00%)
* Elements of w skipped: 0 (0.00%)
* Elements of w processed with special addition: 0 (0.00%)
* Elements of w remaining: 384 (100.00%)
* G1 elements in proof: 2
* G2 elements in proof: 1
* Proof size in bits: 1019
* Elements of w skipped: 0 (0.00%)
* Elements of w processed with special addition: 1 (0.16%)
* Elements of w remaining: 640 (99.84%)
* Elements of w skipped: 0 (0.00%)
* Elements of w processed with special addition: 0 (0.00%)
* Elements of w remaining: 256 (100.00%)
* Elements of w skipped: 0 (0.00%)
* Elements of w processed with special addition: 0 (0.00%)
* Elements of w remaining: 384 (100.00%)
* G1 elements in proof: 2
* G2 elements in proof: 1
* Proof size in bits: 1019
* Elements of w skipped: 0 (0.00%)
* Elements of w processed with special addition: 1 (0.16%)
* Elements of w remaining: 640 (99.84%)
* Elements of w skipped: 0 (0.00%)
* Elements of w processed with special addition: 0 (0.00%)
* Elements of w remaining: 256 (100.00%)
* Elements of w skipped: 0 (0.00%)
* Elements of w processed with special addition: 0 (0.00%)
* Elements of w remaining: 384 (100.00%)
* G1 elements in proof: 2
* G2 elements in proof: 1
* Proof size in bits: 1019
* Elements of w skipped: 0 (0.00%)
* Elements of w processed with special addition: 1 (0.16%)
* Elements of w remaining: 640 (99.84%)
* Elements of w skipped: 0 (0.00%)
* Elements of w processed with special addition: 0 (0.00%)
* Elements of w remaining: 256 (100.00%)
* Elements of w skipped: 0 (0.00%)
* Elements of w processed with special addition: 0 (0.00%)
* Elements of w remaining: 384 (100.00%)
* G1 elements in proof: 2
* G2 elements in proof: 1
* Proof size in bits: 1019
* Elements of w skipped: 0 (0.00%)
* Elements of w processed with special addition: 1 (0.16%)
* Elements of w remaining: 640 (99.84%)
* Elements of w skipped: 0 (0.00%)
* Elements of w processed with special addition: 0 (0.00%)
* Elements of w remaining: 256 (100.00%)
* Elements of w skipped: 0 (0.00%)
* Elements of w processed with special addition: 0 (0.00%)
* Elements of w remaining: 384 (100.00%)
* G1 elements in proof: 2
* G2 elements in proof: 1
* Proof size in bits: 1019
* Elements of w skipped: 0 (0.00%)
* Elements of w processed with special addition: 1 (0.16%)
* Elements of w remaining: 640 (99.84%)
* Elements of w skipped: 0 (0.00%)
* Elements of w processed with special addition: 0 (0.00%)
* Elements of w remaining: 256 (100.00%)
* Elements of w skipped: 0 (0.00%)
* Elements of w processed with special addition: 0 (0.00%)
* Elements of w remaining: 384 (100.00%)
* G1 elements in proof: 2
* G2 elements in proof: 1
* Proof size in bits: 1019
* Elements of w skipped: 0 (0.00%)
* Elements of w processed with special addition: 1 (0.16%)
* Elements of w remaining: 640 (99.84%)
* Elements of w skipped: 0 (0.00%)
* Elements of w processed with special addition: 0 (0.00%)
* Elements of w remaining: 256 (100.00%)
* Elements of w skipped: 0 (0.00%)
* Elements of w processed with special addition: 0 (0.00%)
* Elements of w remaining: 384 (100.00%)
* G1 elements in proof: 2
* G2 elements in proof: 1
* Proof size in bits: 1019
* Elements of w skipped: 0 (0.00%)
* Elements of w processed with special addition: 1 (0.16%)
* Elements of w remaining: 640 (99.84%)
* Elements of w skipped: 0 (0.00%)
* Elements of w processed with special addition: 0 (0.00%)
* Elements of w remaining: 256 (100.00%)
* Elements of w skipped: 0 (0.00%)
* Elements of w processed with special addition: 0 (0.00%)
* Elements of w remaining: 384 (100.00%)
* G1 elements in proof: 2
* G2 elements in proof: 1
* Proof size in bits: 1019
* Elements of w skipped: 0 (0.00%)
* Elements of w processed with special addition: 1 (0.16%)
* Elements of w remaining: 640 (99.84%)
* Elements of w skipped: 0 (0.00%)
* Elements of w processed with special addition: 0 (0.00%)
* Elements of w remaining: 256 (100.00%)
* Elements of w skipped: 0 (0.00%)
* Elements of w processed with special addition: 0 (0.00%)
* Elements of w remaining: 384 (100.00%)
* G1 elements in proof: 2
* G2 elements in proof: 1
* Proof size in bits: 1019
* Elements of w skipped: 0 (0.00%)
* Elements of w processed with special addition: 1 (0.16%)
* Elements of w remaining: 640 (99.84%)
* Elements of w skipped: 0 (0.00%)
* Elements of w processed with special addition: 0 (0.00%)
* Elements of w remaining: 256 (100.00%)
* Elements of w skipped: 0 (0.00%)
* Elements of w processed with special addition: 0 (0.00%)
* Elements of w remaining: 384 (100.00%)
* G1 elements in proof: 2
* G2 elements in proof: 1
* Proof size in bits: 1019
  2       256         100.1         26.82         4.45          PASS      
* Composed C_4: 512 constraints, 1152 variables, 256 inputs
Swap is not beneficial, not performing
* QAP number of variables: 1152
* QAP pre degree: 512
* QAP degree: 1024
* QAP number of input variables: 256
* G1 window: 8
* G2 window: 7
* G1 elements in PK: 4226
* Non-zero G1 elements in PK: 3585
* G2 elements in PK: 1154
* Non-zero G2 elements in PK: 513
* PK size in bits: 1208060
* G1 elements in VK: 256
* G2 elements in VK: 2
* GT elements in VK: 1
* VK size in bits: 82937
* Elements of w skipped: 0 (0.00%)
* Elements of w processed with special addition: 1 (0.09%)
* Elements of w remaining: 1152 (99.91%)
* Elements of w skipped: 0 (0.00%)
* Elements of w processed with special addition: 0 (0.00%)
* Elements of w remaining: 512 (100.00%)
* Elements of w skipped: 0 (0.00%)
* Elements of w processed with special addition: 0 (0.00%)
* Elements of w remaining: 896 (100.00%)
* G1 elements in proof: 2
* G2 elements in proof: 1
* Proof size in bits: 1019
* Elements of w skipped: 0 (0.00%)
* Elements of w processed with special addition: 1 (0.09%)
* Elements of w remaining: 1152 (99.91%)
* Elements of w skipped: 0 (0.00%)
* Elements of w processed with special addition: 0 (0.00%)
* Elements of w remaining: 512 (100.00%)
* Elements of w skipped: 0 (0.00%)
* Elements of w processed with special addition: 0 (0.00%)
* Elements of w remaining: 896 (100.00%)
* G1 elements in proof: 2
* G2 elements in proof: 1
* Proof size in bits: 1019
* Elements of w skipped: 0 (0.00%)
* Elements of w processed with special addition: 1 (0.09%)
* Elements of w remaining: 1152 (99.91%)
* Elements of w skipped: 0 (0.00%)
* Elements of w processed with special addition: 0 (0.00%)
* Elements of w remaining: 512 (100.00%)
* Elements of w skipped: 0 (0.00%)
* Elements of w processed with special addition: 0 (0.00%)
* Elements of w remaining: 896 (100.00%)
* G1 elements in proof: 2
* G2 elements in proof: 1
* Proof size in bits: 1019
* Elements of w skipped: 0 (0.00%)
* Elements of w processed with special addition: 1 (0.09%)
* Elements of w remaining: 1152 (99.91%)
* Elements of w skipped: 0 (0.00%)
* Elements of w processed with special addition: 0 (0.00%)
* Elements of w remaining: 512 (100.00%)
* Elements of w skipped: 0 (0.00%)
* Elements of w processed with special addition: 0 (0.00%)
* Elements of w remaining: 896 (100.00%)
* G1 elements in proof: 2
* G2 elements in proof: 1
* Proof size in bits: 1019
* Elements of w skipped: 0 (0.00%)
* Elements of w processed with special addition: 1 (0.09%)
* Elements of w remaining: 1152 (99.91%)
* Elements of w skipped: 0 (0.00%)
* Elements of w processed with special addition: 0 (0.00%)
* Elements of w remaining: 512 (100.00%)
* Elements of w skipped: 0 (0.00%)
* Elements of w processed with special addition: 0 (0.00%)
* Elements of w remaining: 896 (100.00%)
* G1 elements in proof: 2
* G2 elements in proof: 1
* Proof size in bits: 1019
* Elements of w skipped: 0 (0.00%)
* Elements of w processed with special addition: 1 (0.09%)
* Elements of w remaining: 1152 (99.91%)
* Elements of w skipped: 0 (0.00%)
* Elements of w processed with special addition: 0 (0.00%)
* Elements of w remaining: 512 (100.00%)
* Elements of w skipped: 0 (0.00%)
* Elements of w processed with special addition: 0 (0.00%)
* Elements of w remaining: 896 (100.00%)
* G1 elements in proof: 2
* G2 elements in proof: 1
* Proof size in bits: 1019
* Elements of w skipped: 0 (0.00%)
* Elements of w processed with special addition: 1 (0.09%)
* Elements of w remaining: 1152 (99.91%)
* Elements of w skipped: 0 (0.00%)
* Elements of w processed with special addition: 0 (0.00%)
* Elements of w remaining: 512 (100.00%)
* Elements of w skipped: 0 (0.00%)
* Elements of w processed with special addition: 0 (0.00%)
* Elements of w remaining: 896 (100.00%)
* G1 elements in proof: 2
* G2 elements in proof: 1
* Proof size in bits: 1019
* Elements of w skipped: 0 (0.00%)
* Elements of w processed with special addition: 1 (0.09%)
* Elements of w remaining: 1152 (99.91%)
* Elements of w skipped: 0 (0.00%)
* Elements of w processed with special addition: 0 (0.00%)
* Elements of w remaining: 512 (100.00%)
* Elements of w skipped: 0 (0.00%)
* Elements of w processed with special addition: 0 (0.00%)
* Elements of w remaining: 896 (100.00%)
* G1 elements in proof: 2
* G2 elements in proof: 1
* Proof size in bits: 1019
* Elements of w skipped: 0 (0.00%)
* Elements of w processed with special addition: 1 (0.09%)
* Elements of w remaining: 1152 (99.91%)
* Elements of w skipped: 0 (0.00%)
* Elements of w processed with special addition: 0 (0.00%)
* Elements of w remaining: 512 (100.00%)
* Elements of w skipped: 0 (0.00%)
* Elements of w processed with special addition: 0 (0.00%)
* Elements of w remaining: 896 (100.00%)
* G1 elements in proof: 2
* G2 elements in proof: 1
* Proof size in bits: 1019
* Elements of w skipped: 0 (0.00%)
* Elements of w processed with special addition: 1 (0.09%)
* Elements of w remaining: 1152 (99.91%)
* Elements of w skipped: 0 (0.00%)
* Elements of w processed with special addition: 0 (0.00%)
* Elements of w remaining: 512 (100.00%)
* Elements of w skipped: 0 (0.00%)
* Elements of w processed with special addition: 0 (0.00%)
* Elements of w remaining: 896 (100.00%)
* G1 elements in proof: 2
* G2 elements in proof: 1
* Proof size in bits: 1019
  4       512         171.7         45.85         4.28          PASS      
* Composed C_8: 1024 constraints, 2176 variables, 256 inputs
Swap is not beneficial, not performing
* QAP number of variables: 2176
* QAP pre degree: 1024
* QAP degree: 1536
* QAP number of input variables: 256
* G1 window: 9
* G2 window: 8
* G1 elements in PK: 7810
* Non-zero G1 elements in PK: 6657
* G2 elements in PK: 2178
* Non-zero G2 elements in PK: 1025
* PK size in bits: 2284796
* G1 elements in VK: 256
* G2 elements in VK: 2
* GT elements in VK: 1
* VK size in bits: 82937
* Elements of w skipped: 0 (0.00%)
* Elements of w processed with special addition: 1 (0.05%)
* Elements of w remaining: 2176 (99.95%)
* Elements of w skipped: 0 (0.00%)
* Elements of w processed with special addition: 0 (0.00%)
* Elements of w remaining: 1024 (100.00%)
* Elements of w skipped: 0 (0.00%)
* Elements of w processed with special addition: 0 (0.00%)
* Elements of w remaining: 1920 (100.00%)
* G1 elements in proof: 2
* G2 elements in proof: 1
* Proof size in bits: 1019
* Elements of w skipped: 0 (0.00%)
* Elements of w processed with special addition: 1 (0.05%)
* Elements of w remaining: 2176 (99.95%)
* Elements of w skipped: 0 (0.00%)
* Elements of w processed with special addition: 0 (0.00%)
* Elements of w remaining: 1024 (100.00%)
* Elements of w skipped: 0 (0.00%)
* Elements of w processed with special addition: 0 (0.00%)
* Elements of w remaining: 1920 (100.00%)
* G1 elements in proof: 2
* G2 elements in proof: 1
* Proof size in bits: 1019
* Elements of w skipped: 0 (0.00%)
* Elements of w processed with special addition: 1 (0.05%)
* Elements of w remaining: 2176 (99.95%)
* Elements of w skipped: 0 (0.00%)
* Elements of w processed with special addition: 0 (0.00%)
* Elements of w remaining: 1024 (100.00%)
* Elements of w skipped: 0 (0.00%)
* Elements of w processed with special addition: 0 (0.00%)
* Elements of w remaining: 1920 (100.00%)
* G1 elements in proof: 2
* G2 elements in proof: 1
* Proof size in bits: 1019
* Elements of w skipped: 0 (0.00%)
* Elements of w processed with special addition: 1 (0.05%)
* Elements of w remaining: 2176 (99.95%)
* Elements of w skipped: 0 (0.00%)
* Elements of w processed with special addition: 0 (0.00%)
* Elements of w remaining: 1024 (100.00%)
* Elements of w skipped: 0 (0.00%)
* Elements of w processed with special addition: 0 (0.00%)
* Elements of w remaining: 1920 (100.00%)
* G1 elements in proof: 2
* G2 elements in proof: 1
* Proof size in bits: 1019
* Elements of w skipped: 0 (0.00%)
* Elements of w processed with special addition: 1 (0.05%)
* Elements of w remaining: 2176 (99.95%)
* Elements of w skipped: 0 (0.00%)
* Elements of w processed with special addition: 0 (0.00%)
* Elements of w remaining: 1024 (100.00%)
* Elements of w skipped: 0 (0.00%)
* Elements of w processed with special addition: 0 (0.00%)
* Elements of w remaining: 1920 (100.00%)
* G1 elements in proof: 2
* G2 elements in proof: 1
* Proof size in bits: 1019
* Elements of w skipped: 0 (0.00%)
* Elements of w processed with special addition: 1 (0.05%)
* Elements of w remaining: 2176 (99.95%)
* Elements of w skipped: 0 (0.00%)
* Elements of w processed with special addition: 0 (0.00%)
* Elements of w remaining: 1024 (100.00%)
* Elements of w skipped: 0 (0.00%)
* Elements of w processed with special addition: 0 (0.00%)
* Elements of w remaining: 1920 (100.00%)
* G1 elements in proof: 2
* G2 elements in proof: 1
* Proof size in bits: 1019
* Elements of w skipped: 0 (0.00%)
* Elements of w processed with special addition: 1 (0.05%)
* Elements of w remaining: 2176 (99.95%)
* Elements of w skipped: 0 (0.00%)
* Elements of w processed with special addition: 0 (0.00%)
* Elements of w remaining: 1024 (100.00%)
* Elements of w skipped: 0 (0.00%)
* Elements of w processed with special addition: 0 (0.00%)
* Elements of w remaining: 1920 (100.00%)
* G1 elements in proof: 2
* G2 elements in proof: 1
* Proof size in bits: 1019
* Elements of w skipped: 0 (0.00%)
* Elements of w processed with special addition: 1 (0.05%)
* Elements of w remaining: 2176 (99.95%)
* Elements of w skipped: 0 (0.00%)
* Elements of w processed with special addition: 0 (0.00%)
* Elements of w remaining: 1024 (100.00%)
* Elements of w skipped: 0 (0.00%)
* Elements of w processed with special addition: 0 (0.00%)
* Elements of w remaining: 1920 (100.00%)
* G1 elements in proof: 2
* G2 elements in proof: 1
* Proof size in bits: 1019
* Elements of w skipped: 0 (0.00%)
* Elements of w processed with special addition: 1 (0.05%)
* Elements of w remaining: 2176 (99.95%)
* Elements of w skipped: 0 (0.00%)
* Elements of w processed with special addition: 0 (0.00%)
* Elements of w remaining: 1024 (100.00%)
* Elements of w skipped: 0 (0.00%)
* Elements of w processed with special addition: 0 (0.00%)
* Elements of w remaining: 1920 (100.00%)
* G1 elements in proof: 2
* G2 elements in proof: 1
* Proof size in bits: 1019
* Elements of w skipped: 0 (0.00%)
* Elements of w processed with special addition: 1 (0.05%)
* Elements of w remaining: 2176 (99.95%)
* Elements of w skipped: 0 (0.00%)
* Elements of w processed with special addition: 0 (0.00%)
* Elements of w remaining: 1024 (100.00%)
* Elements of w skipped: 0 (0.00%)
* Elements of w processed with special addition: 0 (0.00%)
* Elements of w remaining: 1920 (100.00%)
* G1 elements in proof: 2
* G2 elements in proof: 1
* Proof size in bits: 1019
  8       1024        279.0         76.66         4.27          PASS      
* Composed C_16: 2048 constraints, 4224 variables, 256 inputs
Swap is not beneficial, not performing
* QAP number of variables: 4224
* QAP pre degree: 2048
* QAP degree: 2560
* QAP number of input variables: 256
* G1 window: 11
* G2 window: 9
* G1 elements in PK: 14978
* Non-zero G1 elements in PK: 12801
* G2 elements in PK: 4226
* Non-zero G2 elements in PK: 2049
* PK size in bits: 4438268
* G1 elements in VK: 256
* G2 elements in VK: 2
* GT elements in VK: 1
* VK size in bits: 82937
* Elements of w skipped: 0 (0.00%)
* Elements of w processed with special addition: 1 (0.02%)
* Elements of w remaining: 4224 (99.98%)
* Elements of w skipped: 0 (0.00%)
* Elements of w processed with special addition: 0 (0.00%)
* Elements of w remaining: 2048 (100.00%)
* Elements of w skipped: 0 (0.00%)
* Elements of w processed with special addition: 0 (0.00%)
* Elements of w remaining: 3968 (100.00%)
* G1 elements in proof: 2
* G2 elements in proof: 1
* Proof size in bits: 1019
* Elements of w skipped: 0 (0.00%)
* Elements of w processed with special addition: 1 (0.02%)
* Elements of w remaining: 4224 (99.98%)
* Elements of w skipped: 0 (0.00%)
* Elements of w processed with special addition: 0 (0.00%)
* Elements of w remaining: 2048 (100.00%)
* Elements of w skipped: 0 (0.00%)
* Elements of w processed with special addition: 0 (0.00%)
* Elements of w remaining: 3968 (100.00%)
* G1 elements in proof: 2
* G2 elements in proof: 1
* Proof size in bits: 1019
* Elements of w skipped: 0 (0.00%)
* Elements of w processed with special addition: 1 (0.02%)
* Elements of w remaining: 4224 (99.98%)
* Elements of w skipped: 0 (0.00%)
* Elements of w processed with special addition: 0 (0.00%)
* Elements of w remaining: 2048 (100.00%)
* Elements of w skipped: 0 (0.00%)
* Elements of w processed with special addition: 0 (0.00%)
* Elements of w remaining: 3968 (100.00%)
* G1 elements in proof: 2
* G2 elements in proof: 1
* Proof size in bits: 1019
* Elements of w skipped: 0 (0.00%)
* Elements of w processed with special addition: 1 (0.02%)
* Elements of w remaining: 4224 (99.98%)
* Elements of w skipped: 0 (0.00%)
* Elements of w processed with special addition: 0 (0.00%)
* Elements of w remaining: 2048 (100.00%)
* Elements of w skipped: 0 (0.00%)
* Elements of w processed with special addition: 0 (0.00%)
* Elements of w remaining: 3968 (100.00%)
* G1 elements in proof: 2
* G2 elements in proof: 1
* Proof size in bits: 1019
* Elements of w skipped: 0 (0.00%)
* Elements of w processed with special addition: 1 (0.02%)
* Elements of w remaining: 4224 (99.98%)
* Elements of w skipped: 0 (0.00%)
* Elements of w processed with special addition: 0 (0.00%)
* Elements of w remaining: 2048 (100.00%)
* Elements of w skipped: 0 (0.00%)
* Elements of w processed with special addition: 0 (0.00%)
* Elements of w remaining: 3968 (100.00%)
* G1 elements in proof: 2
* G2 elements in proof: 1
* Proof size in bits: 1019
* Elements of w skipped: 0 (0.00%)
* Elements of w processed with special addition: 1 (0.02%)
* Elements of w remaining: 4224 (99.98%)
* Elements of w skipped: 0 (0.00%)
* Elements of w processed with special addition: 0 (0.00%)
* Elements of w remaining: 2048 (100.00%)
* Elements of w skipped: 0 (0.00%)
* Elements of w processed with special addition: 0 (0.00%)
* Elements of w remaining: 3968 (100.00%)
* G1 elements in proof: 2
* G2 elements in proof: 1
* Proof size in bits: 1019
* Elements of w skipped: 0 (0.00%)
* Elements of w processed with special addition: 1 (0.02%)
* Elements of w remaining: 4224 (99.98%)
* Elements of w skipped: 0 (0.00%)
* Elements of w processed with special addition: 0 (0.00%)
* Elements of w remaining: 2048 (100.00%)
* Elements of w skipped: 0 (0.00%)
* Elements of w processed with special addition: 0 (0.00%)
* Elements of w remaining: 3968 (100.00%)
* G1 elements in proof: 2
* G2 elements in proof: 1
* Proof size in bits: 1019
* Elements of w skipped: 0 (0.00%)
* Elements of w processed with special addition: 1 (0.02%)
* Elements of w remaining: 4224 (99.98%)
* Elements of w skipped: 0 (0.00%)
* Elements of w processed with special addition: 0 (0.00%)
* Elements of w remaining: 2048 (100.00%)
* Elements of w skipped: 0 (0.00%)
* Elements of w processed with special addition: 0 (0.00%)
* Elements of w remaining: 3968 (100.00%)
* G1 elements in proof: 2
* G2 elements in proof: 1
* Proof size in bits: 1019
* Elements of w skipped: 0 (0.00%)
* Elements of w processed with special addition: 1 (0.02%)
* Elements of w remaining: 4224 (99.98%)
* Elements of w skipped: 0 (0.00%)
* Elements of w processed with special addition: 0 (0.00%)
* Elements of w remaining: 2048 (100.00%)
* Elements of w skipped: 0 (0.00%)
* Elements of w processed with special addition: 0 (0.00%)
* Elements of w remaining: 3968 (100.00%)
* G1 elements in proof: 2
* G2 elements in proof: 1
* Proof size in bits: 1019
* Elements of w skipped: 0 (0.00%)
* Elements of w processed with special addition: 1 (0.02%)
* Elements of w remaining: 4224 (99.98%)
* Elements of w skipped: 0 (0.00%)
* Elements of w processed with special addition: 0 (0.00%)
* Elements of w remaining: 2048 (100.00%)
* Elements of w skipped: 0 (0.00%)
* Elements of w processed with special addition: 0 (0.00%)
* Elements of w remaining: 3968 (100.00%)
* G1 elements in proof: 2
* G2 elements in proof: 1
* Proof size in bits: 1019
  16      2048        472.2         133.79        4.42          PASS      
* Composed C_32: 4096 constraints, 8320 variables, 256 inputs
Swap is not beneficial, not performing
* QAP number of variables: 8320
* QAP pre degree: 4096
* QAP degree: 4608
* QAP number of input variables: 256
* G1 window: 11
* G2 window: 9
* G1 elements in PK: 29314
* Non-zero G1 elements in PK: 25089
* G2 elements in PK: 8322
* Non-zero G2 elements in PK: 4097
* PK size in bits: 8745212
* G1 elements in VK: 256
* G2 elements in VK: 2
* GT elements in VK: 1
* VK size in bits: 82937
* Elements of w skipped: 0 (0.00%)
* Elements of w processed with special addition: 1 (0.01%)
* Elements of w remaining: 8320 (99.99%)
* Elements of w skipped: 0 (0.00%)
* Elements of w processed with special addition: 0 (0.00%)
* Elements of w remaining: 4096 (100.00%)
* Elements of w skipped: 0 (0.00%)
* Elements of w processed with special addition: 0 (0.00%)
* Elements of w remaining: 8064 (100.00%)
* G1 elements in proof: 2
* G2 elements in proof: 1
* Proof size in bits: 1019
* Elements of w skipped: 0 (0.00%)
* Elements of w processed with special addition: 1 (0.01%)
* Elements of w remaining: 8320 (99.99%)
* Elements of w skipped: 0 (0.00%)
* Elements of w processed with special addition: 0 (0.00%)
* Elements of w remaining: 4096 (100.00%)
* Elements of w skipped: 0 (0.00%)
* Elements of w processed with special addition: 0 (0.00%)
* Elements of w remaining: 8064 (100.00%)
* G1 elements in proof: 2
* G2 elements in proof: 1
* Proof size in bits: 1019
* Elements of w skipped: 0 (0.00%)
* Elements of w processed with special addition: 1 (0.01%)
* Elements of w remaining: 8320 (99.99%)
* Elements of w skipped: 0 (0.00%)
* Elements of w processed with special addition: 0 (0.00%)
* Elements of w remaining: 4096 (100.00%)
* Elements of w skipped: 0 (0.00%)
* Elements of w processed with special addition: 0 (0.00%)
* Elements of w remaining: 8064 (100.00%)
* G1 elements in proof: 2
* G2 elements in proof: 1
* Proof size in bits: 1019
* Elements of w skipped: 0 (0.00%)
* Elements of w processed with special addition: 1 (0.01%)
* Elements of w remaining: 8320 (99.99%)
* Elements of w skipped: 0 (0.00%)
* Elements of w processed with special addition: 0 (0.00%)
* Elements of w remaining: 4096 (100.00%)
* Elements of w skipped: 0 (0.00%)
* Elements of w processed with special addition: 0 (0.00%)
* Elements of w remaining: 8064 (100.00%)
* G1 elements in proof: 2
* G2 elements in proof: 1
* Proof size in bits: 1019
* Elements of w skipped: 0 (0.00%)
* Elements of w processed with special addition: 1 (0.01%)
* Elements of w remaining: 8320 (99.99%)
* Elements of w skipped: 0 (0.00%)
* Elements of w processed with special addition: 0 (0.00%)
* Elements of w remaining: 4096 (100.00%)
* Elements of w skipped: 0 (0.00%)
* Elements of w processed with special addition: 0 (0.00%)
* Elements of w remaining: 8064 (100.00%)
* G1 elements in proof: 2
* G2 elements in proof: 1
* Proof size in bits: 1019
* Elements of w skipped: 0 (0.00%)
* Elements of w processed with special addition: 1 (0.01%)
* Elements of w remaining: 8320 (99.99%)
* Elements of w skipped: 0 (0.00%)
* Elements of w processed with special addition: 0 (0.00%)
* Elements of w remaining: 4096 (100.00%)
* Elements of w skipped: 0 (0.00%)
* Elements of w processed with special addition: 0 (0.00%)
* Elements of w remaining: 8064 (100.00%)
* G1 elements in proof: 2
* G2 elements in proof: 1
* Proof size in bits: 1019
* Elements of w skipped: 0 (0.00%)
* Elements of w processed with special addition: 1 (0.01%)
* Elements of w remaining: 8320 (99.99%)
* Elements of w skipped: 0 (0.00%)
* Elements of w processed with special addition: 0 (0.00%)
* Elements of w remaining: 4096 (100.00%)
* Elements of w skipped: 0 (0.00%)
* Elements of w processed with special addition: 0 (0.00%)
* Elements of w remaining: 8064 (100.00%)
* G1 elements in proof: 2
* G2 elements in proof: 1
* Proof size in bits: 1019
* Elements of w skipped: 0 (0.00%)
* Elements of w processed with special addition: 1 (0.01%)
* Elements of w remaining: 8320 (99.99%)
* Elements of w skipped: 0 (0.00%)
* Elements of w processed with special addition: 0 (0.00%)
* Elements of w remaining: 4096 (100.00%)
* Elements of w skipped: 0 (0.00%)
* Elements of w processed with special addition: 0 (0.00%)
* Elements of w remaining: 8064 (100.00%)
* G1 elements in proof: 2
* G2 elements in proof: 1
* Proof size in bits: 1019
* Elements of w skipped: 0 (0.00%)
* Elements of w processed with special addition: 1 (0.01%)
* Elements of w remaining: 8320 (99.99%)
* Elements of w skipped: 0 (0.00%)
* Elements of w processed with special addition: 0 (0.00%)
* Elements of w remaining: 4096 (100.00%)
* Elements of w skipped: 0 (0.00%)
* Elements of w processed with special addition: 0 (0.00%)
* Elements of w remaining: 8064 (100.00%)
* G1 elements in proof: 2
* G2 elements in proof: 1
* Proof size in bits: 1019
* Elements of w skipped: 0 (0.00%)
* Elements of w processed with special addition: 1 (0.01%)
* Elements of w remaining: 8320 (99.99%)
* Elements of w skipped: 0 (0.00%)
* Elements of w processed with special addition: 0 (0.00%)
* Elements of w remaining: 4096 (100.00%)
* Elements of w skipped: 0 (0.00%)
* Elements of w processed with special addition: 0 (0.00%)
* Elements of w remaining: 8064 (100.00%)
* G1 elements in proof: 2
* G2 elements in proof: 1
* Proof size in bits: 1019
  32      4096        888.4         313.69        4.51          PASS      
* Composed C_64: 8192 constraints, 16512 variables, 256 inputs
Swap is not beneficial, not performing
* QAP number of variables: 16512
* QAP pre degree: 8192
* QAP degree: 8704
* QAP number of input variables: 256
* G1 window: 11
* G2 window: 10
* G1 elements in PK: 57986
* Non-zero G1 elements in PK: 49665
* G2 elements in PK: 16514
* Non-zero G2 elements in PK: 8193
* PK size in bits: 17359100
* G1 elements in VK: 256
* G2 elements in VK: 2
* GT elements in VK: 1
* VK size in bits: 82937
* Elements of w skipped: 0 (0.00%)
* Elements of w processed with special addition: 1 (0.01%)
* Elements of w remaining: 16512 (99.99%)
* Elements of w skipped: 0 (0.00%)
* Elements of w processed with special addition: 0 (0.00%)
* Elements of w remaining: 8192 (100.00%)
* Elements of w skipped: 0 (0.00%)
* Elements of w processed with special addition: 0 (0.00%)
* Elements of w remaining: 16256 (100.00%)
* G1 elements in proof: 2
* G2 elements in proof: 1
* Proof size in bits: 1019
* Elements of w skipped: 0 (0.00%)
* Elements of w processed with special addition: 1 (0.01%)
* Elements of w remaining: 16512 (99.99%)
* Elements of w skipped: 0 (0.00%)
* Elements of w processed with special addition: 0 (0.00%)
* Elements of w remaining: 8192 (100.00%)
* Elements of w skipped: 0 (0.00%)
* Elements of w processed with special addition: 0 (0.00%)
* Elements of w remaining: 16256 (100.00%)
* G1 elements in proof: 2
* G2 elements in proof: 1
* Proof size in bits: 1019
* Elements of w skipped: 0 (0.00%)
* Elements of w processed with special addition: 1 (0.01%)
* Elements of w remaining: 16512 (99.99%)
* Elements of w skipped: 0 (0.00%)
* Elements of w processed with special addition: 0 (0.00%)
* Elements of w remaining: 8192 (100.00%)
* Elements of w skipped: 0 (0.00%)
* Elements of w processed with special addition: 0 (0.00%)
* Elements of w remaining: 16256 (100.00%)
* G1 elements in proof: 2
* G2 elements in proof: 1
* Proof size in bits: 1019
* Elements of w skipped: 0 (0.00%)
* Elements of w processed with special addition: 1 (0.01%)
* Elements of w remaining: 16512 (99.99%)
* Elements of w skipped: 0 (0.00%)
* Elements of w processed with special addition: 0 (0.00%)
* Elements of w remaining: 8192 (100.00%)
* Elements of w skipped: 0 (0.00%)
* Elements of w processed with special addition: 0 (0.00%)
* Elements of w remaining: 16256 (100.00%)
* G1 elements in proof: 2
* G2 elements in proof: 1
* Proof size in bits: 1019
* Elements of w skipped: 0 (0.00%)
* Elements of w processed with special addition: 1 (0.01%)
* Elements of w remaining: 16512 (99.99%)
* Elements of w skipped: 0 (0.00%)
* Elements of w processed with special addition: 0 (0.00%)
* Elements of w remaining: 8192 (100.00%)
* Elements of w skipped: 0 (0.00%)
* Elements of w processed with special addition: 0 (0.00%)
* Elements of w remaining: 16256 (100.00%)
* G1 elements in proof: 2
* G2 elements in proof: 1
* Proof size in bits: 1019
* Elements of w skipped: 0 (0.00%)
* Elements of w processed with special addition: 1 (0.01%)
* Elements of w remaining: 16512 (99.99%)
* Elements of w skipped: 0 (0.00%)
* Elements of w processed with special addition: 0 (0.00%)
* Elements of w remaining: 8192 (100.00%)
* Elements of w skipped: 0 (0.00%)
* Elements of w processed with special addition: 0 (0.00%)
* Elements of w remaining: 16256 (100.00%)
* G1 elements in proof: 2
* G2 elements in proof: 1
* Proof size in bits: 1019
* Elements of w skipped: 0 (0.00%)
* Elements of w processed with special addition: 1 (0.01%)
* Elements of w remaining: 16512 (99.99%)
* Elements of w skipped: 0 (0.00%)
* Elements of w processed with special addition: 0 (0.00%)
* Elements of w remaining: 8192 (100.00%)
* Elements of w skipped: 0 (0.00%)
* Elements of w processed with special addition: 0 (0.00%)
* Elements of w remaining: 16256 (100.00%)
* G1 elements in proof: 2
* G2 elements in proof: 1
* Proof size in bits: 1019
* Elements of w skipped: 0 (0.00%)
* Elements of w processed with special addition: 1 (0.01%)
* Elements of w remaining: 16512 (99.99%)
* Elements of w skipped: 0 (0.00%)
* Elements of w processed with special addition: 0 (0.00%)
* Elements of w remaining: 8192 (100.00%)
* Elements of w skipped: 0 (0.00%)
* Elements of w processed with special addition: 0 (0.00%)
* Elements of w remaining: 16256 (100.00%)
* G1 elements in proof: 2
* G2 elements in proof: 1
* Proof size in bits: 1019
* Elements of w skipped: 0 (0.00%)
* Elements of w processed with special addition: 1 (0.01%)
* Elements of w remaining: 16512 (99.99%)
* Elements of w skipped: 0 (0.00%)
* Elements of w processed with special addition: 0 (0.00%)
* Elements of w remaining: 8192 (100.00%)
* Elements of w skipped: 0 (0.00%)
* Elements of w processed with special addition: 0 (0.00%)
* Elements of w remaining: 16256 (100.00%)
* G1 elements in proof: 2
* G2 elements in proof: 1
* Proof size in bits: 1019
* Elements of w skipped: 0 (0.00%)
* Elements of w processed with special addition: 1 (0.01%)
* Elements of w remaining: 16512 (99.99%)
* Elements of w skipped: 0 (0.00%)
* Elements of w processed with special addition: 0 (0.00%)
* Elements of w remaining: 8192 (100.00%)
* Elements of w skipped: 0 (0.00%)
* Elements of w processed with special addition: 0 (0.00%)
* Elements of w remaining: 16256 (100.00%)
* G1 elements in proof: 2
* G2 elements in proof: 1
* Proof size in bits: 1019
  64      8192        1644.6        619.50        4.56          PASS      

  Groth16 results written to /Users/heewonchung/Documents/00-Research/active/Updatable Verifiable Computation/Dev/results/2026-03-06_121849_paper/csv/groth16_results.csv

================================================================
All benchmarks complete.
================================================================
  Done in 56s

------------------------------------------------------------
  Running: [7/10] scalable n=1024 B=16
  Command: bench_comparative --circuit scalable --n 1024 --B 16 --output-dir /Users/heewonchung/Documents/00-Research/active/Updatable Verifiable Computation/Dev/results/2026-03-06_121849_paper/csv --reps 10
------------------------------------------------------------
================================================================
Comparative Benchmark: UVC vs Groth16
================================================================
  Circuit: scalable, n=1024, B=16, reps=10
  Output: /Users/heewonchung/Documents/00-Research/active/Updatable Verifiable Computation/Dev/results/2026-03-06_121849_paper/csv/

================================================================
UVC Benchmark: circuit=scalable, n=1024, B=16
================================================================
  Circuit: 1024 constraints, 1026 vars, state=1, transition=1

  [Setup] Generating CRS for B=16...
* UVC Setup: B=16, n=1026, state=1, transition=1
* Composed C_16: 16384 constraints, 16401 variables, 2 inputs
* QAP (C_B) variables: 16401, degree: 16388, inputs: 2
* UVC max compositions (B): 16
* G1 elements in PK: 65591
* G2 elements in PK: 16403
* PK size in bits: 26109656
* H_query_full size: 16387
* Step 2: 1025 new wires (0 io, 1025 wt)
* Step 3: 1025 new wires (0 io, 1025 wt)
* Step 4: 1025 new wires (0 io, 1025 wt)
* Step 5: 1025 new wires (0 io, 1025 wt)
* Step 6: 1025 new wires (0 io, 1025 wt)
* Step 7: 1025 new wires (0 io, 1025 wt)
* Step 8: 1025 new wires (0 io, 1025 wt)
* Step 9: 1025 new wires (0 io, 1025 wt)
* Step 10: 1025 new wires (0 io, 1025 wt)
* Step 11: 1025 new wires (0 io, 1025 wt)
* Step 12: 1025 new wires (0 io, 1025 wt)
* Step 13: 1025 new wires (0 io, 1025 wt)
* Step 14: 1025 new wires (0 io, 1025 wt)
* Step 15: 1025 new wires (0 io, 1025 wt)
* Step 16: 1025 new wires (0 io, 1025 wt)
* UVC VK: 16 max steps
* G2 elements in VK: 2
* GT elements in VK: 1
* gamma_ABC size: 2
  Setup: 4647.1 ms, CRS: 79940 G1 + 31779 G2
  Building proof chain (steps 1..16)...
* UVC Prove step 1
* Elements of w skipped: 0 (0.00%)
* Elements of w processed with special addition: 1 (0.10%)
* Elements of w remaining: 1026 (99.90%)
* Elements of w skipped: 0 (0.00%)
* Elements of w processed with special addition: 0 (0.00%)
* Elements of w remaining: 1024 (100.00%)
* Elements of w skipped: 0 (0.00%)
* Elements of w processed with special addition: 0 (0.00%)
* Elements of w remaining: 1024 (100.00%)
* UVC proof at step 1
* G1 elements in proof: 2
* G2 elements in proof: 1
* Proof size in bits: 1019
* Cached h poly size: 16387
* UVC Prove step 2
* Elements of w skipped: 0 (0.00%)
* Elements of w processed with special addition: 0 (0.00%)
* Elements of w remaining: 1025 (100.00%)
* Elements of w skipped: 0 (0.00%)
* Elements of w processed with special addition: 0 (0.00%)
* Elements of w remaining: 1024 (100.00%)
* Elements of w skipped: 0 (0.00%)
* Elements of w processed with special addition: 0 (0.00%)
* Elements of w remaining: 1025 (100.00%)
* UVC proof at step 2
* G1 elements in proof: 2
* G2 elements in proof: 1
* Proof size in bits: 1019
* Cached h poly size: 16387
* UVC Prove step 3
* Elements of w skipped: 0 (0.00%)
* Elements of w processed with special addition: 0 (0.00%)
* Elements of w remaining: 1025 (100.00%)
* Elements of w skipped: 0 (0.00%)
* Elements of w processed with special addition: 0 (0.00%)
* Elements of w remaining: 1024 (100.00%)
* Elements of w skipped: 0 (0.00%)
* Elements of w processed with special addition: 0 (0.00%)
* Elements of w remaining: 1025 (100.00%)
* UVC proof at step 3
* G1 elements in proof: 2
* G2 elements in proof: 1
* Proof size in bits: 1019
* Cached h poly size: 16387
* UVC Prove step 4
* Elements of w skipped: 0 (0.00%)
* Elements of w processed with special addition: 0 (0.00%)
* Elements of w remaining: 1025 (100.00%)
* Elements of w skipped: 0 (0.00%)
* Elements of w processed with special addition: 0 (0.00%)
* Elements of w remaining: 1024 (100.00%)
* Elements of w skipped: 0 (0.00%)
* Elements of w processed with special addition: 0 (0.00%)
* Elements of w remaining: 1025 (100.00%)
* UVC proof at step 4
* G1 elements in proof: 2
* G2 elements in proof: 1
* Proof size in bits: 1019
* Cached h poly size: 16387
* UVC Prove step 5
* Elements of w skipped: 0 (0.00%)
* Elements of w processed with special addition: 0 (0.00%)
* Elements of w remaining: 1025 (100.00%)
* Elements of w skipped: 0 (0.00%)
* Elements of w processed with special addition: 0 (0.00%)
* Elements of w remaining: 1024 (100.00%)
* Elements of w skipped: 0 (0.00%)
* Elements of w processed with special addition: 0 (0.00%)
* Elements of w remaining: 1025 (100.00%)
* UVC proof at step 5
* G1 elements in proof: 2
* G2 elements in proof: 1
* Proof size in bits: 1019
* Cached h poly size: 16387
* UVC Prove step 6
* Elements of w skipped: 0 (0.00%)
* Elements of w processed with special addition: 0 (0.00%)
* Elements of w remaining: 1025 (100.00%)
* Elements of w skipped: 0 (0.00%)
* Elements of w processed with special addition: 0 (0.00%)
* Elements of w remaining: 1024 (100.00%)
* Elements of w skipped: 0 (0.00%)
* Elements of w processed with special addition: 0 (0.00%)
* Elements of w remaining: 1025 (100.00%)
* UVC proof at step 6
* G1 elements in proof: 2
* G2 elements in proof: 1
* Proof size in bits: 1019
* Cached h poly size: 16387
* UVC Prove step 7
* Elements of w skipped: 0 (0.00%)
* Elements of w processed with special addition: 0 (0.00%)
* Elements of w remaining: 1025 (100.00%)
* Elements of w skipped: 0 (0.00%)
* Elements of w processed with special addition: 0 (0.00%)
* Elements of w remaining: 1024 (100.00%)
* Elements of w skipped: 0 (0.00%)
* Elements of w processed with special addition: 0 (0.00%)
* Elements of w remaining: 1025 (100.00%)
* UVC proof at step 7
* G1 elements in proof: 2
* G2 elements in proof: 1
* Proof size in bits: 1019
* Cached h poly size: 16387
* UVC Prove step 8
* Elements of w skipped: 0 (0.00%)
* Elements of w processed with special addition: 0 (0.00%)
* Elements of w remaining: 1025 (100.00%)
* Elements of w skipped: 0 (0.00%)
* Elements of w processed with special addition: 0 (0.00%)
* Elements of w remaining: 1024 (100.00%)
* Elements of w skipped: 0 (0.00%)
* Elements of w processed with special addition: 0 (0.00%)
* Elements of w remaining: 1025 (100.00%)
* UVC proof at step 8
* G1 elements in proof: 2
* G2 elements in proof: 1
* Proof size in bits: 1019
* Cached h poly size: 16387
* UVC Prove step 9
* Elements of w skipped: 0 (0.00%)
* Elements of w processed with special addition: 0 (0.00%)
* Elements of w remaining: 1025 (100.00%)
* Elements of w skipped: 0 (0.00%)
* Elements of w processed with special addition: 0 (0.00%)
* Elements of w remaining: 1024 (100.00%)
* Elements of w skipped: 0 (0.00%)
* Elements of w processed with special addition: 0 (0.00%)
* Elements of w remaining: 1025 (100.00%)
* UVC proof at step 9
* G1 elements in proof: 2
* G2 elements in proof: 1
* Proof size in bits: 1019
* Cached h poly size: 16387
* UVC Prove step 10
* Elements of w skipped: 0 (0.00%)
* Elements of w processed with special addition: 0 (0.00%)
* Elements of w remaining: 1025 (100.00%)
* Elements of w skipped: 0 (0.00%)
* Elements of w processed with special addition: 0 (0.00%)
* Elements of w remaining: 1024 (100.00%)
* Elements of w skipped: 0 (0.00%)
* Elements of w processed with special addition: 0 (0.00%)
* Elements of w remaining: 1025 (100.00%)
* UVC proof at step 10
* G1 elements in proof: 2
* G2 elements in proof: 1
* Proof size in bits: 1019
* Cached h poly size: 16387
* UVC Prove step 11
* Elements of w skipped: 0 (0.00%)
* Elements of w processed with special addition: 0 (0.00%)
* Elements of w remaining: 1025 (100.00%)
* Elements of w skipped: 0 (0.00%)
* Elements of w processed with special addition: 0 (0.00%)
* Elements of w remaining: 1024 (100.00%)
* Elements of w skipped: 0 (0.00%)
* Elements of w processed with special addition: 0 (0.00%)
* Elements of w remaining: 1025 (100.00%)
* UVC proof at step 11
* G1 elements in proof: 2
* G2 elements in proof: 1
* Proof size in bits: 1019
* Cached h poly size: 16387
* UVC Prove step 12
* Elements of w skipped: 0 (0.00%)
* Elements of w processed with special addition: 0 (0.00%)
* Elements of w remaining: 1025 (100.00%)
* Elements of w skipped: 0 (0.00%)
* Elements of w processed with special addition: 0 (0.00%)
* Elements of w remaining: 1024 (100.00%)
* Elements of w skipped: 0 (0.00%)
* Elements of w processed with special addition: 0 (0.00%)
* Elements of w remaining: 1025 (100.00%)
* UVC proof at step 12
* G1 elements in proof: 2
* G2 elements in proof: 1
* Proof size in bits: 1019
* Cached h poly size: 16387
* UVC Prove step 13
* Elements of w skipped: 0 (0.00%)
* Elements of w processed with special addition: 0 (0.00%)
* Elements of w remaining: 1025 (100.00%)
* Elements of w skipped: 0 (0.00%)
* Elements of w processed with special addition: 0 (0.00%)
* Elements of w remaining: 1024 (100.00%)
* Elements of w skipped: 0 (0.00%)
* Elements of w processed with special addition: 0 (0.00%)
* Elements of w remaining: 1025 (100.00%)
* UVC proof at step 13
* G1 elements in proof: 2
* G2 elements in proof: 1
* Proof size in bits: 1019
* Cached h poly size: 16387
* UVC Prove step 14
* Elements of w skipped: 0 (0.00%)
* Elements of w processed with special addition: 0 (0.00%)
* Elements of w remaining: 1025 (100.00%)
* Elements of w skipped: 0 (0.00%)
* Elements of w processed with special addition: 0 (0.00%)
* Elements of w remaining: 1024 (100.00%)
* Elements of w skipped: 0 (0.00%)
* Elements of w processed with special addition: 0 (0.00%)
* Elements of w remaining: 1025 (100.00%)
* UVC proof at step 14
* G1 elements in proof: 2
* G2 elements in proof: 1
* Proof size in bits: 1019
* Cached h poly size: 16387
* UVC Prove step 15
* Elements of w skipped: 0 (0.00%)
* Elements of w processed with special addition: 0 (0.00%)
* Elements of w remaining: 1025 (100.00%)
* Elements of w skipped: 0 (0.00%)
* Elements of w processed with special addition: 0 (0.00%)
* Elements of w remaining: 1024 (100.00%)
* Elements of w skipped: 0 (0.00%)
* Elements of w processed with special addition: 0 (0.00%)
* Elements of w remaining: 1025 (100.00%)
* UVC proof at step 15
* G1 elements in proof: 2
* G2 elements in proof: 1
* Proof size in bits: 1019
* Cached h poly size: 16387
* UVC Prove step 16
* Elements of w skipped: 0 (0.00%)
* Elements of w processed with special addition: 0 (0.00%)
* Elements of w remaining: 1025 (100.00%)
* Elements of w skipped: 0 (0.00%)
* Elements of w processed with special addition: 0 (0.00%)
* Elements of w remaining: 1024 (100.00%)
* Elements of w skipped: 0 (0.00%)
* Elements of w processed with special addition: 0 (0.00%)
* Elements of w remaining: 1025 (100.00%)
* UVC proof at step 16
* G1 elements in proof: 2
* G2 elements in proof: 1
* Proof size in bits: 1019
* Cached h poly size: 16387

  Step    Prove (ms)    Verify (ms)   Proof bits    Verified  
  ------  ------------  ------------  ------------  ----------
* UVC Prove step 1
* Elements of w skipped: 0 (0.00%)
* Elements of w processed with special addition: 1 (0.10%)
* Elements of w remaining: 1026 (99.90%)
* Elements of w skipped: 0 (0.00%)
* Elements of w processed with special addition: 0 (0.00%)
* Elements of w remaining: 1024 (100.00%)
* Elements of w skipped: 0 (0.00%)
* Elements of w processed with special addition: 0 (0.00%)
* Elements of w remaining: 1024 (100.00%)
* UVC proof at step 1
* G1 elements in proof: 2
* G2 elements in proof: 1
* Proof size in bits: 1019
* Cached h poly size: 16387
* UVC Prove step 1
* Elements of w skipped: 0 (0.00%)
* Elements of w processed with special addition: 1 (0.10%)
* Elements of w remaining: 1026 (99.90%)
* Elements of w skipped: 0 (0.00%)
* Elements of w processed with special addition: 0 (0.00%)
* Elements of w remaining: 1024 (100.00%)
* Elements of w skipped: 0 (0.00%)
* Elements of w processed with special addition: 0 (0.00%)
* Elements of w remaining: 1024 (100.00%)
* UVC proof at step 1
* G1 elements in proof: 2
* G2 elements in proof: 1
* Proof size in bits: 1019
* Cached h poly size: 16387
* UVC Prove step 1
* Elements of w skipped: 0 (0.00%)
* Elements of w processed with special addition: 1 (0.10%)
* Elements of w remaining: 1026 (99.90%)
* Elements of w skipped: 0 (0.00%)
* Elements of w processed with special addition: 0 (0.00%)
* Elements of w remaining: 1024 (100.00%)
* Elements of w skipped: 0 (0.00%)
* Elements of w processed with special addition: 0 (0.00%)
* Elements of w remaining: 1024 (100.00%)
* UVC proof at step 1
* G1 elements in proof: 2
* G2 elements in proof: 1
* Proof size in bits: 1019
* Cached h poly size: 16387
* UVC Prove step 1
* Elements of w skipped: 0 (0.00%)
* Elements of w processed with special addition: 1 (0.10%)
* Elements of w remaining: 1026 (99.90%)
* Elements of w skipped: 0 (0.00%)
* Elements of w processed with special addition: 0 (0.00%)
* Elements of w remaining: 1024 (100.00%)
* Elements of w skipped: 0 (0.00%)
* Elements of w processed with special addition: 0 (0.00%)
* Elements of w remaining: 1024 (100.00%)
* UVC proof at step 1
* G1 elements in proof: 2
* G2 elements in proof: 1
* Proof size in bits: 1019
* Cached h poly size: 16387
* UVC Prove step 1
* Elements of w skipped: 0 (0.00%)
* Elements of w processed with special addition: 1 (0.10%)
* Elements of w remaining: 1026 (99.90%)
* Elements of w skipped: 0 (0.00%)
* Elements of w processed with special addition: 0 (0.00%)
* Elements of w remaining: 1024 (100.00%)
* Elements of w skipped: 0 (0.00%)
* Elements of w processed with special addition: 0 (0.00%)
* Elements of w remaining: 1024 (100.00%)
* UVC proof at step 1
* G1 elements in proof: 2
* G2 elements in proof: 1
* Proof size in bits: 1019
* Cached h poly size: 16387
* UVC Prove step 1
* Elements of w skipped: 0 (0.00%)
* Elements of w processed with special addition: 1 (0.10%)
* Elements of w remaining: 1026 (99.90%)
* Elements of w skipped: 0 (0.00%)
* Elements of w processed with special addition: 0 (0.00%)
* Elements of w remaining: 1024 (100.00%)
* Elements of w skipped: 0 (0.00%)
* Elements of w processed with special addition: 0 (0.00%)
* Elements of w remaining: 1024 (100.00%)
* UVC proof at step 1
* G1 elements in proof: 2
* G2 elements in proof: 1
* Proof size in bits: 1019
* Cached h poly size: 16387
* UVC Prove step 1
* Elements of w skipped: 0 (0.00%)
* Elements of w processed with special addition: 1 (0.10%)
* Elements of w remaining: 1026 (99.90%)
* Elements of w skipped: 0 (0.00%)
* Elements of w processed with special addition: 0 (0.00%)
* Elements of w remaining: 1024 (100.00%)
* Elements of w skipped: 0 (0.00%)
* Elements of w processed with special addition: 0 (0.00%)
* Elements of w remaining: 1024 (100.00%)
* UVC proof at step 1
* G1 elements in proof: 2
* G2 elements in proof: 1
* Proof size in bits: 1019
* Cached h poly size: 16387
* UVC Prove step 1
* Elements of w skipped: 0 (0.00%)
* Elements of w processed with special addition: 1 (0.10%)
* Elements of w remaining: 1026 (99.90%)
* Elements of w skipped: 0 (0.00%)
* Elements of w processed with special addition: 0 (0.00%)
* Elements of w remaining: 1024 (100.00%)
* Elements of w skipped: 0 (0.00%)
* Elements of w processed with special addition: 0 (0.00%)
* Elements of w remaining: 1024 (100.00%)
* UVC proof at step 1
* G1 elements in proof: 2
* G2 elements in proof: 1
* Proof size in bits: 1019
* Cached h poly size: 16387
* UVC Prove step 1
* Elements of w skipped: 0 (0.00%)
* Elements of w processed with special addition: 1 (0.10%)
* Elements of w remaining: 1026 (99.90%)
* Elements of w skipped: 0 (0.00%)
* Elements of w processed with special addition: 0 (0.00%)
* Elements of w remaining: 1024 (100.00%)
* Elements of w skipped: 0 (0.00%)
* Elements of w processed with special addition: 0 (0.00%)
* Elements of w remaining: 1024 (100.00%)
* UVC proof at step 1
* G1 elements in proof: 2
* G2 elements in proof: 1
* Proof size in bits: 1019
* Cached h poly size: 16387
* UVC Prove step 1
* Elements of w skipped: 0 (0.00%)
* Elements of w processed with special addition: 1 (0.10%)
* Elements of w remaining: 1026 (99.90%)
* Elements of w skipped: 0 (0.00%)
* Elements of w processed with special addition: 0 (0.00%)
* Elements of w remaining: 1024 (100.00%)
* Elements of w skipped: 0 (0.00%)
* Elements of w processed with special addition: 0 (0.00%)
* Elements of w remaining: 1024 (100.00%)
* UVC proof at step 1
* G1 elements in proof: 2
* G2 elements in proof: 1
* Proof size in bits: 1019
* Cached h poly size: 16387
* UVC Verify step 1: PASS
* UVC Verify step 1: PASS
* UVC Verify step 1: PASS
* UVC Verify step 1: PASS
* UVC Verify step 1: PASS
* UVC Verify step 1: PASS
* UVC Verify step 1: PASS
* UVC Verify step 1: PASS
* UVC Verify step 1: PASS
* UVC Verify step 1: PASS
  1       716.11        4.22          1019          PASS      
* UVC Prove step 2
* Elements of w skipped: 0 (0.00%)
* Elements of w processed with special addition: 0 (0.00%)
* Elements of w remaining: 1025 (100.00%)
* Elements of w skipped: 0 (0.00%)
* Elements of w processed with special addition: 0 (0.00%)
* Elements of w remaining: 1024 (100.00%)
* Elements of w skipped: 0 (0.00%)
* Elements of w processed with special addition: 0 (0.00%)
* Elements of w remaining: 1025 (100.00%)
* UVC proof at step 2
* G1 elements in proof: 2
* G2 elements in proof: 1
* Proof size in bits: 1019
* Cached h poly size: 16387
* UVC Prove step 2
* Elements of w skipped: 0 (0.00%)
* Elements of w processed with special addition: 0 (0.00%)
* Elements of w remaining: 1025 (100.00%)
* Elements of w skipped: 0 (0.00%)
* Elements of w processed with special addition: 0 (0.00%)
* Elements of w remaining: 1024 (100.00%)
* Elements of w skipped: 0 (0.00%)
* Elements of w processed with special addition: 0 (0.00%)
* Elements of w remaining: 1025 (100.00%)
* UVC proof at step 2
* G1 elements in proof: 2
* G2 elements in proof: 1
* Proof size in bits: 1019
* Cached h poly size: 16387
* UVC Prove step 2
* Elements of w skipped: 0 (0.00%)
* Elements of w processed with special addition: 0 (0.00%)
* Elements of w remaining: 1025 (100.00%)
* Elements of w skipped: 0 (0.00%)
* Elements of w processed with special addition: 0 (0.00%)
* Elements of w remaining: 1024 (100.00%)
* Elements of w skipped: 0 (0.00%)
* Elements of w processed with special addition: 0 (0.00%)
* Elements of w remaining: 1025 (100.00%)
* UVC proof at step 2
* G1 elements in proof: 2
* G2 elements in proof: 1
* Proof size in bits: 1019
* Cached h poly size: 16387
* UVC Prove step 2
* Elements of w skipped: 0 (0.00%)
* Elements of w processed with special addition: 0 (0.00%)
* Elements of w remaining: 1025 (100.00%)
* Elements of w skipped: 0 (0.00%)
* Elements of w processed with special addition: 0 (0.00%)
* Elements of w remaining: 1024 (100.00%)
* Elements of w skipped: 0 (0.00%)
* Elements of w processed with special addition: 0 (0.00%)
* Elements of w remaining: 1025 (100.00%)
* UVC proof at step 2
* G1 elements in proof: 2
* G2 elements in proof: 1
* Proof size in bits: 1019
* Cached h poly size: 16387
* UVC Prove step 2
* Elements of w skipped: 0 (0.00%)
* Elements of w processed with special addition: 0 (0.00%)
* Elements of w remaining: 1025 (100.00%)
* Elements of w skipped: 0 (0.00%)
* Elements of w processed with special addition: 0 (0.00%)
* Elements of w remaining: 1024 (100.00%)
* Elements of w skipped: 0 (0.00%)
* Elements of w processed with special addition: 0 (0.00%)
* Elements of w remaining: 1025 (100.00%)
* UVC proof at step 2
* G1 elements in proof: 2
* G2 elements in proof: 1
* Proof size in bits: 1019
* Cached h poly size: 16387
* UVC Prove step 2
* Elements of w skipped: 0 (0.00%)
* Elements of w processed with special addition: 0 (0.00%)
* Elements of w remaining: 1025 (100.00%)
* Elements of w skipped: 0 (0.00%)
* Elements of w processed with special addition: 0 (0.00%)
* Elements of w remaining: 1024 (100.00%)
* Elements of w skipped: 0 (0.00%)
* Elements of w processed with special addition: 0 (0.00%)
* Elements of w remaining: 1025 (100.00%)
* UVC proof at step 2
* G1 elements in proof: 2
* G2 elements in proof: 1
* Proof size in bits: 1019
* Cached h poly size: 16387
* UVC Prove step 2
* Elements of w skipped: 0 (0.00%)
* Elements of w processed with special addition: 0 (0.00%)
* Elements of w remaining: 1025 (100.00%)
* Elements of w skipped: 0 (0.00%)
* Elements of w processed with special addition: 0 (0.00%)
* Elements of w remaining: 1024 (100.00%)
* Elements of w skipped: 0 (0.00%)
* Elements of w processed with special addition: 0 (0.00%)
* Elements of w remaining: 1025 (100.00%)
* UVC proof at step 2
* G1 elements in proof: 2
* G2 elements in proof: 1
* Proof size in bits: 1019
* Cached h poly size: 16387
* UVC Prove step 2
* Elements of w skipped: 0 (0.00%)
* Elements of w processed with special addition: 0 (0.00%)
* Elements of w remaining: 1025 (100.00%)
* Elements of w skipped: 0 (0.00%)
* Elements of w processed with special addition: 0 (0.00%)
* Elements of w remaining: 1024 (100.00%)
* Elements of w skipped: 0 (0.00%)
* Elements of w processed with special addition: 0 (0.00%)
* Elements of w remaining: 1025 (100.00%)
* UVC proof at step 2
* G1 elements in proof: 2
* G2 elements in proof: 1
* Proof size in bits: 1019
* Cached h poly size: 16387
* UVC Prove step 2
* Elements of w skipped: 0 (0.00%)
* Elements of w processed with special addition: 0 (0.00%)
* Elements of w remaining: 1025 (100.00%)
* Elements of w skipped: 0 (0.00%)
* Elements of w processed with special addition: 0 (0.00%)
* Elements of w remaining: 1024 (100.00%)
* Elements of w skipped: 0 (0.00%)
* Elements of w processed with special addition: 0 (0.00%)
* Elements of w remaining: 1025 (100.00%)
* UVC proof at step 2
* G1 elements in proof: 2
* G2 elements in proof: 1
* Proof size in bits: 1019
* Cached h poly size: 16387
* UVC Prove step 2
* Elements of w skipped: 0 (0.00%)
* Elements of w processed with special addition: 0 (0.00%)
* Elements of w remaining: 1025 (100.00%)
* Elements of w skipped: 0 (0.00%)
* Elements of w processed with special addition: 0 (0.00%)
* Elements of w remaining: 1024 (100.00%)
* Elements of w skipped: 0 (0.00%)
* Elements of w processed with special addition: 0 (0.00%)
* Elements of w remaining: 1025 (100.00%)
* UVC proof at step 2
* G1 elements in proof: 2
* G2 elements in proof: 1
* Proof size in bits: 1019
* Cached h poly size: 16387
* UVC Verify step 2: PASS
* UVC Verify step 2: PASS
* UVC Verify step 2: PASS
* UVC Verify step 2: PASS
* UVC Verify step 2: PASS
* UVC Verify step 2: PASS
* UVC Verify step 2: PASS
* UVC Verify step 2: PASS
* UVC Verify step 2: PASS
* UVC Verify step 2: PASS
  2       702.25        4.08          1019          PASS      
* UVC Prove step 4
* Elements of w skipped: 0 (0.00%)
* Elements of w processed with special addition: 0 (0.00%)
* Elements of w remaining: 1025 (100.00%)
* Elements of w skipped: 0 (0.00%)
* Elements of w processed with special addition: 0 (0.00%)
* Elements of w remaining: 1024 (100.00%)
* Elements of w skipped: 0 (0.00%)
* Elements of w processed with special addition: 0 (0.00%)
* Elements of w remaining: 1025 (100.00%)
* UVC proof at step 4
* G1 elements in proof: 2
* G2 elements in proof: 1
* Proof size in bits: 1019
* Cached h poly size: 16387
* UVC Prove step 4
* Elements of w skipped: 0 (0.00%)
* Elements of w processed with special addition: 0 (0.00%)
* Elements of w remaining: 1025 (100.00%)
* Elements of w skipped: 0 (0.00%)
* Elements of w processed with special addition: 0 (0.00%)
* Elements of w remaining: 1024 (100.00%)
* Elements of w skipped: 0 (0.00%)
* Elements of w processed with special addition: 0 (0.00%)
* Elements of w remaining: 1025 (100.00%)
* UVC proof at step 4
* G1 elements in proof: 2
* G2 elements in proof: 1
* Proof size in bits: 1019
* Cached h poly size: 16387
* UVC Prove step 4
* Elements of w skipped: 0 (0.00%)
* Elements of w processed with special addition: 0 (0.00%)
* Elements of w remaining: 1025 (100.00%)
* Elements of w skipped: 0 (0.00%)
* Elements of w processed with special addition: 0 (0.00%)
* Elements of w remaining: 1024 (100.00%)
* Elements of w skipped: 0 (0.00%)
* Elements of w processed with special addition: 0 (0.00%)
* Elements of w remaining: 1025 (100.00%)
* UVC proof at step 4
* G1 elements in proof: 2
* G2 elements in proof: 1
* Proof size in bits: 1019
* Cached h poly size: 16387
* UVC Prove step 4
* Elements of w skipped: 0 (0.00%)
* Elements of w processed with special addition: 0 (0.00%)
* Elements of w remaining: 1025 (100.00%)
* Elements of w skipped: 0 (0.00%)
* Elements of w processed with special addition: 0 (0.00%)
* Elements of w remaining: 1024 (100.00%)
* Elements of w skipped: 0 (0.00%)
* Elements of w processed with special addition: 0 (0.00%)
* Elements of w remaining: 1025 (100.00%)
* UVC proof at step 4
* G1 elements in proof: 2
* G2 elements in proof: 1
* Proof size in bits: 1019
* Cached h poly size: 16387
* UVC Prove step 4
* Elements of w skipped: 0 (0.00%)
* Elements of w processed with special addition: 0 (0.00%)
* Elements of w remaining: 1025 (100.00%)
* Elements of w skipped: 0 (0.00%)
* Elements of w processed with special addition: 0 (0.00%)
* Elements of w remaining: 1024 (100.00%)
* Elements of w skipped: 0 (0.00%)
* Elements of w processed with special addition: 0 (0.00%)
* Elements of w remaining: 1025 (100.00%)
* UVC proof at step 4
* G1 elements in proof: 2
* G2 elements in proof: 1
* Proof size in bits: 1019
* Cached h poly size: 16387
* UVC Prove step 4
* Elements of w skipped: 0 (0.00%)
* Elements of w processed with special addition: 0 (0.00%)
* Elements of w remaining: 1025 (100.00%)
* Elements of w skipped: 0 (0.00%)
* Elements of w processed with special addition: 0 (0.00%)
* Elements of w remaining: 1024 (100.00%)
* Elements of w skipped: 0 (0.00%)
* Elements of w processed with special addition: 0 (0.00%)
* Elements of w remaining: 1025 (100.00%)
* UVC proof at step 4
* G1 elements in proof: 2
* G2 elements in proof: 1
* Proof size in bits: 1019
* Cached h poly size: 16387
* UVC Prove step 4
* Elements of w skipped: 0 (0.00%)
* Elements of w processed with special addition: 0 (0.00%)
* Elements of w remaining: 1025 (100.00%)
* Elements of w skipped: 0 (0.00%)
* Elements of w processed with special addition: 0 (0.00%)
* Elements of w remaining: 1024 (100.00%)
* Elements of w skipped: 0 (0.00%)
* Elements of w processed with special addition: 0 (0.00%)
* Elements of w remaining: 1025 (100.00%)
* UVC proof at step 4
* G1 elements in proof: 2
* G2 elements in proof: 1
* Proof size in bits: 1019
* Cached h poly size: 16387
* UVC Prove step 4
* Elements of w skipped: 0 (0.00%)
* Elements of w processed with special addition: 0 (0.00%)
* Elements of w remaining: 1025 (100.00%)
* Elements of w skipped: 0 (0.00%)
* Elements of w processed with special addition: 0 (0.00%)
* Elements of w remaining: 1024 (100.00%)
* Elements of w skipped: 0 (0.00%)
* Elements of w processed with special addition: 0 (0.00%)
* Elements of w remaining: 1025 (100.00%)
* UVC proof at step 4
* G1 elements in proof: 2
* G2 elements in proof: 1
* Proof size in bits: 1019
* Cached h poly size: 16387
* UVC Prove step 4
* Elements of w skipped: 0 (0.00%)
* Elements of w processed with special addition: 0 (0.00%)
* Elements of w remaining: 1025 (100.00%)
* Elements of w skipped: 0 (0.00%)
* Elements of w processed with special addition: 0 (0.00%)
* Elements of w remaining: 1024 (100.00%)
* Elements of w skipped: 0 (0.00%)
* Elements of w processed with special addition: 0 (0.00%)
* Elements of w remaining: 1025 (100.00%)
* UVC proof at step 4
* G1 elements in proof: 2
* G2 elements in proof: 1
* Proof size in bits: 1019
* Cached h poly size: 16387
* UVC Prove step 4
* Elements of w skipped: 0 (0.00%)
* Elements of w processed with special addition: 0 (0.00%)
* Elements of w remaining: 1025 (100.00%)
* Elements of w skipped: 0 (0.00%)
* Elements of w processed with special addition: 0 (0.00%)
* Elements of w remaining: 1024 (100.00%)
* Elements of w skipped: 0 (0.00%)
* Elements of w processed with special addition: 0 (0.00%)
* Elements of w remaining: 1025 (100.00%)
* UVC proof at step 4
* G1 elements in proof: 2
* G2 elements in proof: 1
* Proof size in bits: 1019
* Cached h poly size: 16387
* UVC Verify step 4: PASS
* UVC Verify step 4: PASS
* UVC Verify step 4: PASS
* UVC Verify step 4: PASS
* UVC Verify step 4: PASS
* UVC Verify step 4: PASS
* UVC Verify step 4: PASS
* UVC Verify step 4: PASS
* UVC Verify step 4: PASS
* UVC Verify step 4: PASS
  4       703.11        4.08          1019          PASS      
* UVC Prove step 8
* Elements of w skipped: 0 (0.00%)
* Elements of w processed with special addition: 0 (0.00%)
* Elements of w remaining: 1025 (100.00%)
* Elements of w skipped: 0 (0.00%)
* Elements of w processed with special addition: 0 (0.00%)
* Elements of w remaining: 1024 (100.00%)
* Elements of w skipped: 0 (0.00%)
* Elements of w processed with special addition: 0 (0.00%)
* Elements of w remaining: 1025 (100.00%)
* UVC proof at step 8
* G1 elements in proof: 2
* G2 elements in proof: 1
* Proof size in bits: 1019
* Cached h poly size: 16387
* UVC Prove step 8
* Elements of w skipped: 0 (0.00%)
* Elements of w processed with special addition: 0 (0.00%)
* Elements of w remaining: 1025 (100.00%)
* Elements of w skipped: 0 (0.00%)
* Elements of w processed with special addition: 0 (0.00%)
* Elements of w remaining: 1024 (100.00%)
* Elements of w skipped: 0 (0.00%)
* Elements of w processed with special addition: 0 (0.00%)
* Elements of w remaining: 1025 (100.00%)
* UVC proof at step 8
* G1 elements in proof: 2
* G2 elements in proof: 1
* Proof size in bits: 1019
* Cached h poly size: 16387
* UVC Prove step 8
* Elements of w skipped: 0 (0.00%)
* Elements of w processed with special addition: 0 (0.00%)
* Elements of w remaining: 1025 (100.00%)
* Elements of w skipped: 0 (0.00%)
* Elements of w processed with special addition: 0 (0.00%)
* Elements of w remaining: 1024 (100.00%)
* Elements of w skipped: 0 (0.00%)
* Elements of w processed with special addition: 0 (0.00%)
* Elements of w remaining: 1025 (100.00%)
* UVC proof at step 8
* G1 elements in proof: 2
* G2 elements in proof: 1
* Proof size in bits: 1019
* Cached h poly size: 16387
* UVC Prove step 8
* Elements of w skipped: 0 (0.00%)
* Elements of w processed with special addition: 0 (0.00%)
* Elements of w remaining: 1025 (100.00%)
* Elements of w skipped: 0 (0.00%)
* Elements of w processed with special addition: 0 (0.00%)
* Elements of w remaining: 1024 (100.00%)
* Elements of w skipped: 0 (0.00%)
* Elements of w processed with special addition: 0 (0.00%)
* Elements of w remaining: 1025 (100.00%)
* UVC proof at step 8
* G1 elements in proof: 2
* G2 elements in proof: 1
* Proof size in bits: 1019
* Cached h poly size: 16387
* UVC Prove step 8
* Elements of w skipped: 0 (0.00%)
* Elements of w processed with special addition: 0 (0.00%)
* Elements of w remaining: 1025 (100.00%)
* Elements of w skipped: 0 (0.00%)
* Elements of w processed with special addition: 0 (0.00%)
* Elements of w remaining: 1024 (100.00%)
* Elements of w skipped: 0 (0.00%)
* Elements of w processed with special addition: 0 (0.00%)
* Elements of w remaining: 1025 (100.00%)
* UVC proof at step 8
* G1 elements in proof: 2
* G2 elements in proof: 1
* Proof size in bits: 1019
* Cached h poly size: 16387
* UVC Prove step 8
* Elements of w skipped: 0 (0.00%)
* Elements of w processed with special addition: 0 (0.00%)
* Elements of w remaining: 1025 (100.00%)
* Elements of w skipped: 0 (0.00%)
* Elements of w processed with special addition: 0 (0.00%)
* Elements of w remaining: 1024 (100.00%)
* Elements of w skipped: 0 (0.00%)
* Elements of w processed with special addition: 0 (0.00%)
* Elements of w remaining: 1025 (100.00%)
* UVC proof at step 8
* G1 elements in proof: 2
* G2 elements in proof: 1
* Proof size in bits: 1019
* Cached h poly size: 16387
* UVC Prove step 8
* Elements of w skipped: 0 (0.00%)
* Elements of w processed with special addition: 0 (0.00%)
* Elements of w remaining: 1025 (100.00%)
* Elements of w skipped: 0 (0.00%)
* Elements of w processed with special addition: 0 (0.00%)
* Elements of w remaining: 1024 (100.00%)
* Elements of w skipped: 0 (0.00%)
* Elements of w processed with special addition: 0 (0.00%)
* Elements of w remaining: 1025 (100.00%)
* UVC proof at step 8
* G1 elements in proof: 2
* G2 elements in proof: 1
* Proof size in bits: 1019
* Cached h poly size: 16387
* UVC Prove step 8
* Elements of w skipped: 0 (0.00%)
* Elements of w processed with special addition: 0 (0.00%)
* Elements of w remaining: 1025 (100.00%)
* Elements of w skipped: 0 (0.00%)
* Elements of w processed with special addition: 0 (0.00%)
* Elements of w remaining: 1024 (100.00%)
* Elements of w skipped: 0 (0.00%)
* Elements of w processed with special addition: 0 (0.00%)
* Elements of w remaining: 1025 (100.00%)
* UVC proof at step 8
* G1 elements in proof: 2
* G2 elements in proof: 1
* Proof size in bits: 1019
* Cached h poly size: 16387
* UVC Prove step 8
* Elements of w skipped: 0 (0.00%)
* Elements of w processed with special addition: 0 (0.00%)
* Elements of w remaining: 1025 (100.00%)
* Elements of w skipped: 0 (0.00%)
* Elements of w processed with special addition: 0 (0.00%)
* Elements of w remaining: 1024 (100.00%)
* Elements of w skipped: 0 (0.00%)
* Elements of w processed with special addition: 0 (0.00%)
* Elements of w remaining: 1025 (100.00%)
* UVC proof at step 8
* G1 elements in proof: 2
* G2 elements in proof: 1
* Proof size in bits: 1019
* Cached h poly size: 16387
* UVC Prove step 8
* Elements of w skipped: 0 (0.00%)
* Elements of w processed with special addition: 0 (0.00%)
* Elements of w remaining: 1025 (100.00%)
* Elements of w skipped: 0 (0.00%)
* Elements of w processed with special addition: 0 (0.00%)
* Elements of w remaining: 1024 (100.00%)
* Elements of w skipped: 0 (0.00%)
* Elements of w processed with special addition: 0 (0.00%)
* Elements of w remaining: 1025 (100.00%)
* UVC proof at step 8
* G1 elements in proof: 2
* G2 elements in proof: 1
* Proof size in bits: 1019
* Cached h poly size: 16387
* UVC Verify step 8: PASS
* UVC Verify step 8: PASS
* UVC Verify step 8: PASS
* UVC Verify step 8: PASS
* UVC Verify step 8: PASS
* UVC Verify step 8: PASS
* UVC Verify step 8: PASS
* UVC Verify step 8: PASS
* UVC Verify step 8: PASS
* UVC Verify step 8: PASS
  8       722.09        4.22          1019          PASS      
* UVC Prove step 16
* Elements of w skipped: 0 (0.00%)
* Elements of w processed with special addition: 0 (0.00%)
* Elements of w remaining: 1025 (100.00%)
* Elements of w skipped: 0 (0.00%)
* Elements of w processed with special addition: 0 (0.00%)
* Elements of w remaining: 1024 (100.00%)
* Elements of w skipped: 0 (0.00%)
* Elements of w processed with special addition: 0 (0.00%)
* Elements of w remaining: 1025 (100.00%)
* UVC proof at step 16
* G1 elements in proof: 2
* G2 elements in proof: 1
* Proof size in bits: 1019
* Cached h poly size: 16387
* UVC Prove step 16
* Elements of w skipped: 0 (0.00%)
* Elements of w processed with special addition: 0 (0.00%)
* Elements of w remaining: 1025 (100.00%)
* Elements of w skipped: 0 (0.00%)
* Elements of w processed with special addition: 0 (0.00%)
* Elements of w remaining: 1024 (100.00%)
* Elements of w skipped: 0 (0.00%)
* Elements of w processed with special addition: 0 (0.00%)
* Elements of w remaining: 1025 (100.00%)
* UVC proof at step 16
* G1 elements in proof: 2
* G2 elements in proof: 1
* Proof size in bits: 1019
* Cached h poly size: 16387
* UVC Prove step 16
* Elements of w skipped: 0 (0.00%)
* Elements of w processed with special addition: 0 (0.00%)
* Elements of w remaining: 1025 (100.00%)
* Elements of w skipped: 0 (0.00%)
* Elements of w processed with special addition: 0 (0.00%)
* Elements of w remaining: 1024 (100.00%)
* Elements of w skipped: 0 (0.00%)
* Elements of w processed with special addition: 0 (0.00%)
* Elements of w remaining: 1025 (100.00%)
* UVC proof at step 16
* G1 elements in proof: 2
* G2 elements in proof: 1
* Proof size in bits: 1019
* Cached h poly size: 16387
* UVC Prove step 16
* Elements of w skipped: 0 (0.00%)
* Elements of w processed with special addition: 0 (0.00%)
* Elements of w remaining: 1025 (100.00%)
* Elements of w skipped: 0 (0.00%)
* Elements of w processed with special addition: 0 (0.00%)
* Elements of w remaining: 1024 (100.00%)
* Elements of w skipped: 0 (0.00%)
* Elements of w processed with special addition: 0 (0.00%)
* Elements of w remaining: 1025 (100.00%)
* UVC proof at step 16
* G1 elements in proof: 2
* G2 elements in proof: 1
* Proof size in bits: 1019
* Cached h poly size: 16387
* UVC Prove step 16
* Elements of w skipped: 0 (0.00%)
* Elements of w processed with special addition: 0 (0.00%)
* Elements of w remaining: 1025 (100.00%)
* Elements of w skipped: 0 (0.00%)
* Elements of w processed with special addition: 0 (0.00%)
* Elements of w remaining: 1024 (100.00%)
* Elements of w skipped: 0 (0.00%)
* Elements of w processed with special addition: 0 (0.00%)
* Elements of w remaining: 1025 (100.00%)
* UVC proof at step 16
* G1 elements in proof: 2
* G2 elements in proof: 1
* Proof size in bits: 1019
* Cached h poly size: 16387
* UVC Prove step 16
* Elements of w skipped: 0 (0.00%)
* Elements of w processed with special addition: 0 (0.00%)
* Elements of w remaining: 1025 (100.00%)
* Elements of w skipped: 0 (0.00%)
* Elements of w processed with special addition: 0 (0.00%)
* Elements of w remaining: 1024 (100.00%)
* Elements of w skipped: 0 (0.00%)
* Elements of w processed with special addition: 0 (0.00%)
* Elements of w remaining: 1025 (100.00%)
* UVC proof at step 16
* G1 elements in proof: 2
* G2 elements in proof: 1
* Proof size in bits: 1019
* Cached h poly size: 16387
* UVC Prove step 16
* Elements of w skipped: 0 (0.00%)
* Elements of w processed with special addition: 0 (0.00%)
* Elements of w remaining: 1025 (100.00%)
* Elements of w skipped: 0 (0.00%)
* Elements of w processed with special addition: 0 (0.00%)
* Elements of w remaining: 1024 (100.00%)
* Elements of w skipped: 0 (0.00%)
* Elements of w processed with special addition: 0 (0.00%)
* Elements of w remaining: 1025 (100.00%)
* UVC proof at step 16
* G1 elements in proof: 2
* G2 elements in proof: 1
* Proof size in bits: 1019
* Cached h poly size: 16387
* UVC Prove step 16
* Elements of w skipped: 0 (0.00%)
* Elements of w processed with special addition: 0 (0.00%)
* Elements of w remaining: 1025 (100.00%)
* Elements of w skipped: 0 (0.00%)
* Elements of w processed with special addition: 0 (0.00%)
* Elements of w remaining: 1024 (100.00%)
* Elements of w skipped: 0 (0.00%)
* Elements of w processed with special addition: 0 (0.00%)
* Elements of w remaining: 1025 (100.00%)
* UVC proof at step 16
* G1 elements in proof: 2
* G2 elements in proof: 1
* Proof size in bits: 1019
* Cached h poly size: 16387
* UVC Prove step 16
* Elements of w skipped: 0 (0.00%)
* Elements of w processed with special addition: 0 (0.00%)
* Elements of w remaining: 1025 (100.00%)
* Elements of w skipped: 0 (0.00%)
* Elements of w processed with special addition: 0 (0.00%)
* Elements of w remaining: 1024 (100.00%)
* Elements of w skipped: 0 (0.00%)
* Elements of w processed with special addition: 0 (0.00%)
* Elements of w remaining: 1025 (100.00%)
* UVC proof at step 16
* G1 elements in proof: 2
* G2 elements in proof: 1
* Proof size in bits: 1019
* Cached h poly size: 16387
* UVC Prove step 16
* Elements of w skipped: 0 (0.00%)
* Elements of w processed with special addition: 0 (0.00%)
* Elements of w remaining: 1025 (100.00%)
* Elements of w skipped: 0 (0.00%)
* Elements of w processed with special addition: 0 (0.00%)
* Elements of w remaining: 1024 (100.00%)
* Elements of w skipped: 0 (0.00%)
* Elements of w processed with special addition: 0 (0.00%)
* Elements of w remaining: 1025 (100.00%)
* UVC proof at step 16
* G1 elements in proof: 2
* G2 elements in proof: 1
* Proof size in bits: 1019
* Cached h poly size: 16387
* UVC Verify step 16: PASS
* UVC Verify step 16: PASS
* UVC Verify step 16: PASS
* UVC Verify step 16: PASS
* UVC Verify step 16: PASS
* UVC Verify step 16: PASS
* UVC Verify step 16: PASS
* UVC Verify step 16: PASS
* UVC Verify step 16: PASS
* UVC Verify step 16: PASS
  16      703.38        4.09          1019          PASS      

  UVC results written to /Users/heewonchung/Documents/00-Research/active/Updatable Verifiable Computation/Dev/results/2026-03-06_121849_paper/csv/uvc_results.csv

================================================================
Groth16 Benchmark: circuit=scalable, n=1024, B=16
================================================================

  Step    C_j constr  Setup (ms)    Prove (ms)    Verify (ms)   Verified  
  ------  ----------  ------------  ------------  ------------  ----------
* Composed C_1: 1024 constraints, 1026 variables, 2 inputs
Swap is not beneficial, not performing
* QAP number of variables: 1026
* QAP pre degree: 1024
* QAP degree: 1028
* QAP number of input variables: 2
* G1 window: 9
* G2 window: 8
* G1 elements in PK: 4106
* Non-zero G1 elements in PK: 4103
* G2 elements in PK: 1028
* Non-zero G2 elements in PK: 1025
* PK size in bits: 1633526
* G1 elements in VK: 2
* G2 elements in VK: 2
* GT elements in VK: 1
* VK size in bits: 1911
* Elements of w skipped: 0 (0.00%)
* Elements of w processed with special addition: 1 (0.10%)
* Elements of w remaining: 1026 (99.90%)
* Elements of w skipped: 0 (0.00%)
* Elements of w processed with special addition: 0 (0.00%)
* Elements of w remaining: 1024 (100.00%)
* Elements of w skipped: 0 (0.00%)
* Elements of w processed with special addition: 0 (0.00%)
* Elements of w remaining: 1024 (100.00%)
* G1 elements in proof: 2
* G2 elements in proof: 1
* Proof size in bits: 1019
* Elements of w skipped: 0 (0.00%)
* Elements of w processed with special addition: 1 (0.10%)
* Elements of w remaining: 1026 (99.90%)
* Elements of w skipped: 0 (0.00%)
* Elements of w processed with special addition: 0 (0.00%)
* Elements of w remaining: 1024 (100.00%)
* Elements of w skipped: 0 (0.00%)
* Elements of w processed with special addition: 0 (0.00%)
* Elements of w remaining: 1024 (100.00%)
* G1 elements in proof: 2
* G2 elements in proof: 1
* Proof size in bits: 1019
* Elements of w skipped: 0 (0.00%)
* Elements of w processed with special addition: 1 (0.10%)
* Elements of w remaining: 1026 (99.90%)
* Elements of w skipped: 0 (0.00%)
* Elements of w processed with special addition: 0 (0.00%)
* Elements of w remaining: 1024 (100.00%)
* Elements of w skipped: 0 (0.00%)
* Elements of w processed with special addition: 0 (0.00%)
* Elements of w remaining: 1024 (100.00%)
* G1 elements in proof: 2
* G2 elements in proof: 1
* Proof size in bits: 1019
* Elements of w skipped: 0 (0.00%)
* Elements of w processed with special addition: 1 (0.10%)
* Elements of w remaining: 1026 (99.90%)
* Elements of w skipped: 0 (0.00%)
* Elements of w processed with special addition: 0 (0.00%)
* Elements of w remaining: 1024 (100.00%)
* Elements of w skipped: 0 (0.00%)
* Elements of w processed with special addition: 0 (0.00%)
* Elements of w remaining: 1024 (100.00%)
* G1 elements in proof: 2
* G2 elements in proof: 1
* Proof size in bits: 1019
* Elements of w skipped: 0 (0.00%)
* Elements of w processed with special addition: 1 (0.10%)
* Elements of w remaining: 1026 (99.90%)
* Elements of w skipped: 0 (0.00%)
* Elements of w processed with special addition: 0 (0.00%)
* Elements of w remaining: 1024 (100.00%)
* Elements of w skipped: 0 (0.00%)
* Elements of w processed with special addition: 0 (0.00%)
* Elements of w remaining: 1024 (100.00%)
* G1 elements in proof: 2
* G2 elements in proof: 1
* Proof size in bits: 1019
* Elements of w skipped: 0 (0.00%)
* Elements of w processed with special addition: 1 (0.10%)
* Elements of w remaining: 1026 (99.90%)
* Elements of w skipped: 0 (0.00%)
* Elements of w processed with special addition: 0 (0.00%)
* Elements of w remaining: 1024 (100.00%)
* Elements of w skipped: 0 (0.00%)
* Elements of w processed with special addition: 0 (0.00%)
* Elements of w remaining: 1024 (100.00%)
* G1 elements in proof: 2
* G2 elements in proof: 1
* Proof size in bits: 1019
* Elements of w skipped: 0 (0.00%)
* Elements of w processed with special addition: 1 (0.10%)
* Elements of w remaining: 1026 (99.90%)
* Elements of w skipped: 0 (0.00%)
* Elements of w processed with special addition: 0 (0.00%)
* Elements of w remaining: 1024 (100.00%)
* Elements of w skipped: 0 (0.00%)
* Elements of w processed with special addition: 0 (0.00%)
* Elements of w remaining: 1024 (100.00%)
* G1 elements in proof: 2
* G2 elements in proof: 1
* Proof size in bits: 1019
* Elements of w skipped: 0 (0.00%)
* Elements of w processed with special addition: 1 (0.10%)
* Elements of w remaining: 1026 (99.90%)
* Elements of w skipped: 0 (0.00%)
* Elements of w processed with special addition: 0 (0.00%)
* Elements of w remaining: 1024 (100.00%)
* Elements of w skipped: 0 (0.00%)
* Elements of w processed with special addition: 0 (0.00%)
* Elements of w remaining: 1024 (100.00%)
* G1 elements in proof: 2
* G2 elements in proof: 1
* Proof size in bits: 1019
* Elements of w skipped: 0 (0.00%)
* Elements of w processed with special addition: 1 (0.10%)
* Elements of w remaining: 1026 (99.90%)
* Elements of w skipped: 0 (0.00%)
* Elements of w processed with special addition: 0 (0.00%)
* Elements of w remaining: 1024 (100.00%)
* Elements of w skipped: 0 (0.00%)
* Elements of w processed with special addition: 0 (0.00%)
* Elements of w remaining: 1024 (100.00%)
* G1 elements in proof: 2
* G2 elements in proof: 1
* Proof size in bits: 1019
* Elements of w skipped: 0 (0.00%)
* Elements of w processed with special addition: 1 (0.10%)
* Elements of w remaining: 1026 (99.90%)
* Elements of w skipped: 0 (0.00%)
* Elements of w processed with special addition: 0 (0.00%)
* Elements of w remaining: 1024 (100.00%)
* Elements of w skipped: 0 (0.00%)
* Elements of w processed with special addition: 0 (0.00%)
* Elements of w remaining: 1024 (100.00%)
* G1 elements in proof: 2
* G2 elements in proof: 1
* Proof size in bits: 1019
  1       1024        238.9         296.41        3.97          PASS      
* Composed C_2: 2048 constraints, 2051 variables, 2 inputs
Swap is not beneficial, not performing
* QAP number of variables: 2051
* QAP pre degree: 2048
* QAP degree: 2052
* QAP number of input variables: 2
* G1 window: 9
* G2 window: 9
* G1 elements in PK: 8205
* Non-zero G1 elements in PK: 8201
* G2 elements in PK: 2053
* Non-zero G2 elements in PK: 2049
* PK size in bits: 3265268
* G1 elements in VK: 2
* G2 elements in VK: 2
* GT elements in VK: 1
* VK size in bits: 1911
* Elements of w skipped: 0 (0.00%)
* Elements of w processed with special addition: 1 (0.05%)
* Elements of w remaining: 2051 (99.95%)
* Elements of w skipped: 0 (0.00%)
* Elements of w processed with special addition: 0 (0.00%)
* Elements of w remaining: 2048 (100.00%)
* Elements of w skipped: 0 (0.00%)
* Elements of w processed with special addition: 0 (0.00%)
* Elements of w remaining: 2049 (100.00%)
* G1 elements in proof: 2
* G2 elements in proof: 1
* Proof size in bits: 1019
* Elements of w skipped: 0 (0.00%)
* Elements of w processed with special addition: 1 (0.05%)
* Elements of w remaining: 2051 (99.95%)
* Elements of w skipped: 0 (0.00%)
* Elements of w processed with special addition: 0 (0.00%)
* Elements of w remaining: 2048 (100.00%)
* Elements of w skipped: 0 (0.00%)
* Elements of w processed with special addition: 0 (0.00%)
* Elements of w remaining: 2049 (100.00%)
* G1 elements in proof: 2
* G2 elements in proof: 1
* Proof size in bits: 1019
* Elements of w skipped: 0 (0.00%)
* Elements of w processed with special addition: 1 (0.05%)
* Elements of w remaining: 2051 (99.95%)
* Elements of w skipped: 0 (0.00%)
* Elements of w processed with special addition: 0 (0.00%)
* Elements of w remaining: 2048 (100.00%)
* Elements of w skipped: 0 (0.00%)
* Elements of w processed with special addition: 0 (0.00%)
* Elements of w remaining: 2049 (100.00%)
* G1 elements in proof: 2
* G2 elements in proof: 1
* Proof size in bits: 1019
* Elements of w skipped: 0 (0.00%)
* Elements of w processed with special addition: 1 (0.05%)
* Elements of w remaining: 2051 (99.95%)
* Elements of w skipped: 0 (0.00%)
* Elements of w processed with special addition: 0 (0.00%)
* Elements of w remaining: 2048 (100.00%)
* Elements of w skipped: 0 (0.00%)
* Elements of w processed with special addition: 0 (0.00%)
* Elements of w remaining: 2049 (100.00%)
* G1 elements in proof: 2
* G2 elements in proof: 1
* Proof size in bits: 1019
* Elements of w skipped: 0 (0.00%)
* Elements of w processed with special addition: 1 (0.05%)
* Elements of w remaining: 2051 (99.95%)
* Elements of w skipped: 0 (0.00%)
* Elements of w processed with special addition: 0 (0.00%)
* Elements of w remaining: 2048 (100.00%)
* Elements of w skipped: 0 (0.00%)
* Elements of w processed with special addition: 0 (0.00%)
* Elements of w remaining: 2049 (100.00%)
* G1 elements in proof: 2
* G2 elements in proof: 1
* Proof size in bits: 1019
* Elements of w skipped: 0 (0.00%)
* Elements of w processed with special addition: 1 (0.05%)
* Elements of w remaining: 2051 (99.95%)
* Elements of w skipped: 0 (0.00%)
* Elements of w processed with special addition: 0 (0.00%)
* Elements of w remaining: 2048 (100.00%)
* Elements of w skipped: 0 (0.00%)
* Elements of w processed with special addition: 0 (0.00%)
* Elements of w remaining: 2049 (100.00%)
* G1 elements in proof: 2
* G2 elements in proof: 1
* Proof size in bits: 1019
* Elements of w skipped: 0 (0.00%)
* Elements of w processed with special addition: 1 (0.05%)
* Elements of w remaining: 2051 (99.95%)
* Elements of w skipped: 0 (0.00%)
* Elements of w processed with special addition: 0 (0.00%)
* Elements of w remaining: 2048 (100.00%)
* Elements of w skipped: 0 (0.00%)
* Elements of w processed with special addition: 0 (0.00%)
* Elements of w remaining: 2049 (100.00%)
* G1 elements in proof: 2
* G2 elements in proof: 1
* Proof size in bits: 1019
* Elements of w skipped: 0 (0.00%)
* Elements of w processed with special addition: 1 (0.05%)
* Elements of w remaining: 2051 (99.95%)
* Elements of w skipped: 0 (0.00%)
* Elements of w processed with special addition: 0 (0.00%)
* Elements of w remaining: 2048 (100.00%)
* Elements of w skipped: 0 (0.00%)
* Elements of w processed with special addition: 0 (0.00%)
* Elements of w remaining: 2049 (100.00%)
* G1 elements in proof: 2
* G2 elements in proof: 1
* Proof size in bits: 1019
* Elements of w skipped: 0 (0.00%)
* Elements of w processed with special addition: 1 (0.05%)
* Elements of w remaining: 2051 (99.95%)
* Elements of w skipped: 0 (0.00%)
* Elements of w processed with special addition: 0 (0.00%)
* Elements of w remaining: 2048 (100.00%)
* Elements of w skipped: 0 (0.00%)
* Elements of w processed with special addition: 0 (0.00%)
* Elements of w remaining: 2049 (100.00%)
* G1 elements in proof: 2
* G2 elements in proof: 1
* Proof size in bits: 1019
* Elements of w skipped: 0 (0.00%)
* Elements of w processed with special addition: 1 (0.05%)
* Elements of w remaining: 2051 (99.95%)
* Elements of w skipped: 0 (0.00%)
* Elements of w processed with special addition: 0 (0.00%)
* Elements of w remaining: 2048 (100.00%)
* Elements of w skipped: 0 (0.00%)
* Elements of w processed with special addition: 0 (0.00%)
* Elements of w remaining: 2049 (100.00%)
* G1 elements in proof: 2
* G2 elements in proof: 1
* Proof size in bits: 1019
  2       2048        431.5         514.28        4.12          PASS      
* Composed C_4: 4096 constraints, 4101 variables, 2 inputs
Swap is not beneficial, not performing
* QAP number of variables: 4101
* QAP pre degree: 4096
* QAP degree: 4100
* QAP number of input variables: 2
* G1 window: 11
* G2 window: 9
* G1 elements in PK: 16403
* Non-zero G1 elements in PK: 16397
* G2 elements in PK: 4103
* Non-zero G2 elements in PK: 4097
* PK size in bits: 6528752
* G1 elements in VK: 2
* G2 elements in VK: 2
* GT elements in VK: 1
* VK size in bits: 1911
* Elements of w skipped: 0 (0.00%)
* Elements of w processed with special addition: 1 (0.02%)
* Elements of w remaining: 4101 (99.98%)
* Elements of w skipped: 0 (0.00%)
* Elements of w processed with special addition: 0 (0.00%)
* Elements of w remaining: 4096 (100.00%)
* Elements of w skipped: 0 (0.00%)
* Elements of w processed with special addition: 0 (0.00%)
* Elements of w remaining: 4099 (100.00%)
* G1 elements in proof: 2
* G2 elements in proof: 1
* Proof size in bits: 1019
* Elements of w skipped: 0 (0.00%)
* Elements of w processed with special addition: 1 (0.02%)
* Elements of w remaining: 4101 (99.98%)
* Elements of w skipped: 0 (0.00%)
* Elements of w processed with special addition: 0 (0.00%)
* Elements of w remaining: 4096 (100.00%)
* Elements of w skipped: 0 (0.00%)
* Elements of w processed with special addition: 0 (0.00%)
* Elements of w remaining: 4099 (100.00%)
* G1 elements in proof: 2
* G2 elements in proof: 1
* Proof size in bits: 1019
* Elements of w skipped: 0 (0.00%)
* Elements of w processed with special addition: 1 (0.02%)
* Elements of w remaining: 4101 (99.98%)
* Elements of w skipped: 0 (0.00%)
* Elements of w processed with special addition: 0 (0.00%)
* Elements of w remaining: 4096 (100.00%)
* Elements of w skipped: 0 (0.00%)
* Elements of w processed with special addition: 0 (0.00%)
* Elements of w remaining: 4099 (100.00%)
* G1 elements in proof: 2
* G2 elements in proof: 1
* Proof size in bits: 1019
* Elements of w skipped: 0 (0.00%)
* Elements of w processed with special addition: 1 (0.02%)
* Elements of w remaining: 4101 (99.98%)
* Elements of w skipped: 0 (0.00%)
* Elements of w processed with special addition: 0 (0.00%)
* Elements of w remaining: 4096 (100.00%)
* Elements of w skipped: 0 (0.00%)
* Elements of w processed with special addition: 0 (0.00%)
* Elements of w remaining: 4099 (100.00%)
* G1 elements in proof: 2
* G2 elements in proof: 1
* Proof size in bits: 1019
* Elements of w skipped: 0 (0.00%)
* Elements of w processed with special addition: 1 (0.02%)
* Elements of w remaining: 4101 (99.98%)
* Elements of w skipped: 0 (0.00%)
* Elements of w processed with special addition: 0 (0.00%)
* Elements of w remaining: 4096 (100.00%)
* Elements of w skipped: 0 (0.00%)
* Elements of w processed with special addition: 0 (0.00%)
* Elements of w remaining: 4099 (100.00%)
* G1 elements in proof: 2
* G2 elements in proof: 1
* Proof size in bits: 1019
* Elements of w skipped: 0 (0.00%)
* Elements of w processed with special addition: 1 (0.02%)
* Elements of w remaining: 4101 (99.98%)
* Elements of w skipped: 0 (0.00%)
* Elements of w processed with special addition: 0 (0.00%)
* Elements of w remaining: 4096 (100.00%)
* Elements of w skipped: 0 (0.00%)
* Elements of w processed with special addition: 0 (0.00%)
* Elements of w remaining: 4099 (100.00%)
* G1 elements in proof: 2
* G2 elements in proof: 1
* Proof size in bits: 1019
* Elements of w skipped: 0 (0.00%)
* Elements of w processed with special addition: 1 (0.02%)
* Elements of w remaining: 4101 (99.98%)
* Elements of w skipped: 0 (0.00%)
* Elements of w processed with special addition: 0 (0.00%)
* Elements of w remaining: 4096 (100.00%)
* Elements of w skipped: 0 (0.00%)
* Elements of w processed with special addition: 0 (0.00%)
* Elements of w remaining: 4099 (100.00%)
* G1 elements in proof: 2
* G2 elements in proof: 1
* Proof size in bits: 1019
* Elements of w skipped: 0 (0.00%)
* Elements of w processed with special addition: 1 (0.02%)
* Elements of w remaining: 4101 (99.98%)
* Elements of w skipped: 0 (0.00%)
* Elements of w processed with special addition: 0 (0.00%)
* Elements of w remaining: 4096 (100.00%)
* Elements of w skipped: 0 (0.00%)
* Elements of w processed with special addition: 0 (0.00%)
* Elements of w remaining: 4099 (100.00%)
* G1 elements in proof: 2
* G2 elements in proof: 1
* Proof size in bits: 1019
* Elements of w skipped: 0 (0.00%)
* Elements of w processed with special addition: 1 (0.02%)
* Elements of w remaining: 4101 (99.98%)
* Elements of w skipped: 0 (0.00%)
* Elements of w processed with special addition: 0 (0.00%)
* Elements of w remaining: 4096 (100.00%)
* Elements of w skipped: 0 (0.00%)
* Elements of w processed with special addition: 0 (0.00%)
* Elements of w remaining: 4099 (100.00%)
* G1 elements in proof: 2
* G2 elements in proof: 1
* Proof size in bits: 1019
* Elements of w skipped: 0 (0.00%)
* Elements of w processed with special addition: 1 (0.02%)
* Elements of w remaining: 4101 (99.98%)
* Elements of w skipped: 0 (0.00%)
* Elements of w processed with special addition: 0 (0.00%)
* Elements of w remaining: 4096 (100.00%)
* Elements of w skipped: 0 (0.00%)
* Elements of w processed with special addition: 0 (0.00%)
* Elements of w remaining: 4099 (100.00%)
* G1 elements in proof: 2
* G2 elements in proof: 1
* Proof size in bits: 1019
  4       4096        764.0         911.49        3.97          PASS      
* Composed C_8: 8192 constraints, 8201 variables, 2 inputs
Swap is not beneficial, not performing
* QAP number of variables: 8201
* QAP pre degree: 8192
* QAP degree: 8196
* QAP number of input variables: 2
* G1 window: 11
* G2 window: 10
* G1 elements in PK: 32799
* Non-zero G1 elements in PK: 32789
* G2 elements in PK: 8203
* Non-zero G2 elements in PK: 8193
* PK size in bits: 13055720
* G1 elements in VK: 2
* G2 elements in VK: 2
* GT elements in VK: 1
* VK size in bits: 1911
* Elements of w skipped: 0 (0.00%)
* Elements of w processed with special addition: 1 (0.01%)
* Elements of w remaining: 8201 (99.99%)
* Elements of w skipped: 0 (0.00%)
* Elements of w processed with special addition: 0 (0.00%)
* Elements of w remaining: 8192 (100.00%)
* Elements of w skipped: 0 (0.00%)
* Elements of w processed with special addition: 0 (0.00%)
* Elements of w remaining: 8199 (100.00%)
* G1 elements in proof: 2
* G2 elements in proof: 1
* Proof size in bits: 1019
* Elements of w skipped: 0 (0.00%)
* Elements of w processed with special addition: 1 (0.01%)
* Elements of w remaining: 8201 (99.99%)
* Elements of w skipped: 0 (0.00%)
* Elements of w processed with special addition: 0 (0.00%)
* Elements of w remaining: 8192 (100.00%)
* Elements of w skipped: 0 (0.00%)
* Elements of w processed with special addition: 0 (0.00%)
* Elements of w remaining: 8199 (100.00%)
* G1 elements in proof: 2
* G2 elements in proof: 1
* Proof size in bits: 1019
* Elements of w skipped: 0 (0.00%)
* Elements of w processed with special addition: 1 (0.01%)
* Elements of w remaining: 8201 (99.99%)
* Elements of w skipped: 0 (0.00%)
* Elements of w processed with special addition: 0 (0.00%)
* Elements of w remaining: 8192 (100.00%)
* Elements of w skipped: 0 (0.00%)
* Elements of w processed with special addition: 0 (0.00%)
* Elements of w remaining: 8199 (100.00%)
* G1 elements in proof: 2
* G2 elements in proof: 1
* Proof size in bits: 1019
* Elements of w skipped: 0 (0.00%)
* Elements of w processed with special addition: 1 (0.01%)
* Elements of w remaining: 8201 (99.99%)
* Elements of w skipped: 0 (0.00%)
* Elements of w processed with special addition: 0 (0.00%)
* Elements of w remaining: 8192 (100.00%)
* Elements of w skipped: 0 (0.00%)
* Elements of w processed with special addition: 0 (0.00%)
* Elements of w remaining: 8199 (100.00%)
* G1 elements in proof: 2
* G2 elements in proof: 1
* Proof size in bits: 1019
* Elements of w skipped: 0 (0.00%)
* Elements of w processed with special addition: 1 (0.01%)
* Elements of w remaining: 8201 (99.99%)
* Elements of w skipped: 0 (0.00%)
* Elements of w processed with special addition: 0 (0.00%)
* Elements of w remaining: 8192 (100.00%)
* Elements of w skipped: 0 (0.00%)
* Elements of w processed with special addition: 0 (0.00%)
* Elements of w remaining: 8199 (100.00%)
* G1 elements in proof: 2
* G2 elements in proof: 1
* Proof size in bits: 1019
* Elements of w skipped: 0 (0.00%)
* Elements of w processed with special addition: 1 (0.01%)
* Elements of w remaining: 8201 (99.99%)
* Elements of w skipped: 0 (0.00%)
* Elements of w processed with special addition: 0 (0.00%)
* Elements of w remaining: 8192 (100.00%)
* Elements of w skipped: 0 (0.00%)
* Elements of w processed with special addition: 0 (0.00%)
* Elements of w remaining: 8199 (100.00%)
* G1 elements in proof: 2
* G2 elements in proof: 1
* Proof size in bits: 1019
* Elements of w skipped: 0 (0.00%)
* Elements of w processed with special addition: 1 (0.01%)
* Elements of w remaining: 8201 (99.99%)
* Elements of w skipped: 0 (0.00%)
* Elements of w processed with special addition: 0 (0.00%)
* Elements of w remaining: 8192 (100.00%)
* Elements of w skipped: 0 (0.00%)
* Elements of w processed with special addition: 0 (0.00%)
* Elements of w remaining: 8199 (100.00%)
* G1 elements in proof: 2
* G2 elements in proof: 1
* Proof size in bits: 1019
* Elements of w skipped: 0 (0.00%)
* Elements of w processed with special addition: 1 (0.01%)
* Elements of w remaining: 8201 (99.99%)
* Elements of w skipped: 0 (0.00%)
* Elements of w processed with special addition: 0 (0.00%)
* Elements of w remaining: 8192 (100.00%)
* Elements of w skipped: 0 (0.00%)
* Elements of w processed with special addition: 0 (0.00%)
* Elements of w remaining: 8199 (100.00%)
* G1 elements in proof: 2
* G2 elements in proof: 1
* Proof size in bits: 1019
* Elements of w skipped: 0 (0.00%)
* Elements of w processed with special addition: 1 (0.01%)
* Elements of w remaining: 8201 (99.99%)
* Elements of w skipped: 0 (0.00%)
* Elements of w processed with special addition: 0 (0.00%)
* Elements of w remaining: 8192 (100.00%)
* Elements of w skipped: 0 (0.00%)
* Elements of w processed with special addition: 0 (0.00%)
* Elements of w remaining: 8199 (100.00%)
* G1 elements in proof: 2
* G2 elements in proof: 1
* Proof size in bits: 1019
* Elements of w skipped: 0 (0.00%)
* Elements of w processed with special addition: 1 (0.01%)
* Elements of w remaining: 8201 (99.99%)
* Elements of w skipped: 0 (0.00%)
* Elements of w processed with special addition: 0 (0.00%)
* Elements of w remaining: 8192 (100.00%)
* Elements of w skipped: 0 (0.00%)
* Elements of w processed with special addition: 0 (0.00%)
* Elements of w remaining: 8199 (100.00%)
* G1 elements in proof: 2
* G2 elements in proof: 1
* Proof size in bits: 1019
  8       8192        1406.6        1631.89       3.97          PASS      
* Composed C_16: 16384 constraints, 16401 variables, 2 inputs
Swap is not beneficial, not performing
* QAP number of variables: 16401
* QAP pre degree: 16384
* QAP degree: 16388
* QAP number of input variables: 2
* G1 window: 11
* G2 window: 11
* G1 elements in PK: 65591
* Non-zero G1 elements in PK: 65573
* G2 elements in PK: 16403
* Non-zero G2 elements in PK: 16385
* PK size in bits: 26109656
* G1 elements in VK: 2
* G2 elements in VK: 2
* GT elements in VK: 1
* VK size in bits: 1911
* Elements of w skipped: 0 (0.00%)
* Elements of w processed with special addition: 1 (0.01%)
* Elements of w remaining: 16401 (99.99%)
* Elements of w skipped: 0 (0.00%)
* Elements of w processed with special addition: 0 (0.00%)
* Elements of w remaining: 16384 (100.00%)
* Elements of w skipped: 0 (0.00%)
* Elements of w processed with special addition: 0 (0.00%)
* Elements of w remaining: 16399 (100.00%)
* G1 elements in proof: 2
* G2 elements in proof: 1
* Proof size in bits: 1019
* Elements of w skipped: 0 (0.00%)
* Elements of w processed with special addition: 1 (0.01%)
* Elements of w remaining: 16401 (99.99%)
* Elements of w skipped: 0 (0.00%)
* Elements of w processed with special addition: 0 (0.00%)
* Elements of w remaining: 16384 (100.00%)
* Elements of w skipped: 0 (0.00%)
* Elements of w processed with special addition: 0 (0.00%)
* Elements of w remaining: 16399 (100.00%)
* G1 elements in proof: 2
* G2 elements in proof: 1
* Proof size in bits: 1019
* Elements of w skipped: 0 (0.00%)
* Elements of w processed with special addition: 1 (0.01%)
* Elements of w remaining: 16401 (99.99%)
* Elements of w skipped: 0 (0.00%)
* Elements of w processed with special addition: 0 (0.00%)
* Elements of w remaining: 16384 (100.00%)
* Elements of w skipped: 0 (0.00%)
* Elements of w processed with special addition: 0 (0.00%)
* Elements of w remaining: 16399 (100.00%)
* G1 elements in proof: 2
* G2 elements in proof: 1
* Proof size in bits: 1019
* Elements of w skipped: 0 (0.00%)
* Elements of w processed with special addition: 1 (0.01%)
* Elements of w remaining: 16401 (99.99%)
* Elements of w skipped: 0 (0.00%)
* Elements of w processed with special addition: 0 (0.00%)
* Elements of w remaining: 16384 (100.00%)
* Elements of w skipped: 0 (0.00%)
* Elements of w processed with special addition: 0 (0.00%)
* Elements of w remaining: 16399 (100.00%)
* G1 elements in proof: 2
* G2 elements in proof: 1
* Proof size in bits: 1019
* Elements of w skipped: 0 (0.00%)
* Elements of w processed with special addition: 1 (0.01%)
* Elements of w remaining: 16401 (99.99%)
* Elements of w skipped: 0 (0.00%)
* Elements of w processed with special addition: 0 (0.00%)
* Elements of w remaining: 16384 (100.00%)
* Elements of w skipped: 0 (0.00%)
* Elements of w processed with special addition: 0 (0.00%)
* Elements of w remaining: 16399 (100.00%)
* G1 elements in proof: 2
* G2 elements in proof: 1
* Proof size in bits: 1019
* Elements of w skipped: 0 (0.00%)
* Elements of w processed with special addition: 1 (0.01%)
* Elements of w remaining: 16401 (99.99%)
* Elements of w skipped: 0 (0.00%)
* Elements of w processed with special addition: 0 (0.00%)
* Elements of w remaining: 16384 (100.00%)
* Elements of w skipped: 0 (0.00%)
* Elements of w processed with special addition: 0 (0.00%)
* Elements of w remaining: 16399 (100.00%)
* G1 elements in proof: 2
* G2 elements in proof: 1
* Proof size in bits: 1019
* Elements of w skipped: 0 (0.00%)
* Elements of w processed with special addition: 1 (0.01%)
* Elements of w remaining: 16401 (99.99%)
* Elements of w skipped: 0 (0.00%)
* Elements of w processed with special addition: 0 (0.00%)
* Elements of w remaining: 16384 (100.00%)
* Elements of w skipped: 0 (0.00%)
* Elements of w processed with special addition: 0 (0.00%)
* Elements of w remaining: 16399 (100.00%)
* G1 elements in proof: 2
* G2 elements in proof: 1
* Proof size in bits: 1019
* Elements of w skipped: 0 (0.00%)
* Elements of w processed with special addition: 1 (0.01%)
* Elements of w remaining: 16401 (99.99%)
* Elements of w skipped: 0 (0.00%)
* Elements of w processed with special addition: 0 (0.00%)
* Elements of w remaining: 16384 (100.00%)
* Elements of w skipped: 0 (0.00%)
* Elements of w processed with special addition: 0 (0.00%)
* Elements of w remaining: 16399 (100.00%)
* G1 elements in proof: 2
* G2 elements in proof: 1
* Proof size in bits: 1019
* Elements of w skipped: 0 (0.00%)
* Elements of w processed with special addition: 1 (0.01%)
* Elements of w remaining: 16401 (99.99%)
* Elements of w skipped: 0 (0.00%)
* Elements of w processed with special addition: 0 (0.00%)
* Elements of w remaining: 16384 (100.00%)
* Elements of w skipped: 0 (0.00%)
* Elements of w processed with special addition: 0 (0.00%)
* Elements of w remaining: 16399 (100.00%)
* G1 elements in proof: 2
* G2 elements in proof: 1
* Proof size in bits: 1019
* Elements of w skipped: 0 (0.00%)
* Elements of w processed with special addition: 1 (0.01%)
* Elements of w remaining: 16401 (99.99%)
* Elements of w skipped: 0 (0.00%)
* Elements of w processed with special addition: 0 (0.00%)
* Elements of w remaining: 16384 (100.00%)
* Elements of w skipped: 0 (0.00%)
* Elements of w processed with special addition: 0 (0.00%)
* Elements of w remaining: 16399 (100.00%)
* G1 elements in proof: 2
* G2 elements in proof: 1
* Proof size in bits: 1019
  16      16384       2609.9        2931.66       3.98          PASS      

  Groth16 results written to /Users/heewonchung/Documents/00-Research/active/Updatable Verifiable Computation/Dev/results/2026-03-06_121849_paper/csv/groth16_results.csv

================================================================
All benchmarks complete.
================================================================
  Done in 120s

------------------------------------------------------------
  Running: [8/10] scalable n=1024 B=64
  Command: bench_comparative --circuit scalable --n 1024 --B 64 --output-dir /Users/heewonchung/Documents/00-Research/active/Updatable Verifiable Computation/Dev/results/2026-03-06_121849_paper/csv --reps 10
------------------------------------------------------------
================================================================
Comparative Benchmark: UVC vs Groth16
================================================================
  Circuit: scalable, n=1024, B=64, reps=10
  Output: /Users/heewonchung/Documents/00-Research/active/Updatable Verifiable Computation/Dev/results/2026-03-06_121849_paper/csv/

================================================================
UVC Benchmark: circuit=scalable, n=1024, B=64
================================================================
  Circuit: 1024 constraints, 1026 vars, state=1, transition=1

  [Setup] Generating CRS for B=64...
* UVC Setup: B=64, n=1026, state=1, transition=1
* Composed C_64: 65536 constraints, 65601 variables, 2 inputs
* QAP (C_B) variables: 65601, degree: 65540, inputs: 2
* UVC max compositions (B): 64
* G1 elements in PK: 262343
* G2 elements in PK: 65603
* PK size in bits: 104433272
* H_query_full size: 65539
* Step 2: 1025 new wires (0 io, 1025 wt)
* Step 3: 1025 new wires (0 io, 1025 wt)
* Step 4: 1025 new wires (0 io, 1025 wt)
* Step 5: 1025 new wires (0 io, 1025 wt)
* Step 6: 1025 new wires (0 io, 1025 wt)
* Step 7: 1025 new wires (0 io, 1025 wt)
* Step 8: 1025 new wires (0 io, 1025 wt)
* Step 9: 1025 new wires (0 io, 1025 wt)
* Step 10: 1025 new wires (0 io, 1025 wt)
* Step 11: 1025 new wires (0 io, 1025 wt)
* Step 12: 1025 new wires (0 io, 1025 wt)
* Step 13: 1025 new wires (0 io, 1025 wt)
* Step 14: 1025 new wires (0 io, 1025 wt)
* Step 15: 1025 new wires (0 io, 1025 wt)
* Step 16: 1025 new wires (0 io, 1025 wt)
* Step 17: 1025 new wires (0 io, 1025 wt)
* Step 18: 1025 new wires (0 io, 1025 wt)
* Step 19: 1025 new wires (0 io, 1025 wt)
* Step 20: 1025 new wires (0 io, 1025 wt)
* Step 21: 1025 new wires (0 io, 1025 wt)
* Step 22: 1025 new wires (0 io, 1025 wt)
* Step 23: 1025 new wires (0 io, 1025 wt)
* Step 24: 1025 new wires (0 io, 1025 wt)
* Step 25: 1025 new wires (0 io, 1025 wt)
* Step 26: 1025 new wires (0 io, 1025 wt)
* Step 27: 1025 new wires (0 io, 1025 wt)
* Step 28: 1025 new wires (0 io, 1025 wt)
* Step 29: 1025 new wires (0 io, 1025 wt)
* Step 30: 1025 new wires (0 io, 1025 wt)
* Step 31: 1025 new wires (0 io, 1025 wt)
* Step 32: 1025 new wires (0 io, 1025 wt)
* Step 33: 1025 new wires (0 io, 1025 wt)
* Step 34: 1025 new wires (0 io, 1025 wt)
* Step 35: 1025 new wires (0 io, 1025 wt)
* Step 36: 1025 new wires (0 io, 1025 wt)
* Step 37: 1025 new wires (0 io, 1025 wt)
* Step 38: 1025 new wires (0 io, 1025 wt)
* Step 39: 1025 new wires (0 io, 1025 wt)
* Step 40: 1025 new wires (0 io, 1025 wt)
* Step 41: 1025 new wires (0 io, 1025 wt)
* Step 42: 1025 new wires (0 io, 1025 wt)
* Step 43: 1025 new wires (0 io, 1025 wt)
* Step 44: 1025 new wires (0 io, 1025 wt)
* Step 45: 1025 new wires (0 io, 1025 wt)
* Step 46: 1025 new wires (0 io, 1025 wt)
* Step 47: 1025 new wires (0 io, 1025 wt)
* Step 48: 1025 new wires (0 io, 1025 wt)
* Step 49: 1025 new wires (0 io, 1025 wt)
* Step 50: 1025 new wires (0 io, 1025 wt)
* Step 51: 1025 new wires (0 io, 1025 wt)
* Step 52: 1025 new wires (0 io, 1025 wt)
* Step 53: 1025 new wires (0 io, 1025 wt)
* Step 54: 1025 new wires (0 io, 1025 wt)
* Step 55: 1025 new wires (0 io, 1025 wt)
* Step 56: 1025 new wires (0 io, 1025 wt)
* Step 57: 1025 new wires (0 io, 1025 wt)
* Step 58: 1025 new wires (0 io, 1025 wt)
* Step 59: 1025 new wires (0 io, 1025 wt)
* Step 60: 1025 new wires (0 io, 1025 wt)
* Step 61: 1025 new wires (0 io, 1025 wt)
* Step 62: 1025 new wires (0 io, 1025 wt)
* Step 63: 1025 new wires (0 io, 1025 wt)
* Step 64: 1025 new wires (0 io, 1025 wt)
* UVC VK: 64 max steps
* G2 elements in VK: 2
* GT elements in VK: 1
* gamma_ABC size: 2
  Setup: 15917.2 ms, CRS: 325892 G1 + 130179 G2
  Building proof chain (steps 1..64)...
* UVC Prove step 1
* Elements of w skipped: 0 (0.00%)
* Elements of w processed with special addition: 1 (0.10%)
* Elements of w remaining: 1026 (99.90%)
* Elements of w skipped: 0 (0.00%)
* Elements of w processed with special addition: 0 (0.00%)
* Elements of w remaining: 1024 (100.00%)
* Elements of w skipped: 0 (0.00%)
* Elements of w processed with special addition: 0 (0.00%)
* Elements of w remaining: 1024 (100.00%)
* UVC proof at step 1
* G1 elements in proof: 2
* G2 elements in proof: 1
* Proof size in bits: 1019
* Cached h poly size: 65539
* UVC Prove step 2
* Elements of w skipped: 0 (0.00%)
* Elements of w processed with special addition: 0 (0.00%)
* Elements of w remaining: 1025 (100.00%)
* Elements of w skipped: 0 (0.00%)
* Elements of w processed with special addition: 0 (0.00%)
* Elements of w remaining: 1024 (100.00%)
* Elements of w skipped: 0 (0.00%)
* Elements of w processed with special addition: 0 (0.00%)
* Elements of w remaining: 1025 (100.00%)
* UVC proof at step 2
* G1 elements in proof: 2
* G2 elements in proof: 1
* Proof size in bits: 1019
* Cached h poly size: 65539
* UVC Prove step 3
* Elements of w skipped: 0 (0.00%)
* Elements of w processed with special addition: 0 (0.00%)
* Elements of w remaining: 1025 (100.00%)
* Elements of w skipped: 0 (0.00%)
* Elements of w processed with special addition: 0 (0.00%)
* Elements of w remaining: 1024 (100.00%)
* Elements of w skipped: 0 (0.00%)
* Elements of w processed with special addition: 0 (0.00%)
* Elements of w remaining: 1025 (100.00%)
* UVC proof at step 3
* G1 elements in proof: 2
* G2 elements in proof: 1
* Proof size in bits: 1019
* Cached h poly size: 65539
* UVC Prove step 4
* Elements of w skipped: 0 (0.00%)
* Elements of w processed with special addition: 0 (0.00%)
* Elements of w remaining: 1025 (100.00%)
* Elements of w skipped: 0 (0.00%)
* Elements of w processed with special addition: 0 (0.00%)
* Elements of w remaining: 1024 (100.00%)
* Elements of w skipped: 0 (0.00%)
* Elements of w processed with special addition: 0 (0.00%)
* Elements of w remaining: 1025 (100.00%)
* UVC proof at step 4
* G1 elements in proof: 2
* G2 elements in proof: 1
* Proof size in bits: 1019
* Cached h poly size: 65539
* UVC Prove step 5
* Elements of w skipped: 0 (0.00%)
* Elements of w processed with special addition: 0 (0.00%)
* Elements of w remaining: 1025 (100.00%)
* Elements of w skipped: 0 (0.00%)
* Elements of w processed with special addition: 0 (0.00%)
* Elements of w remaining: 1024 (100.00%)
* Elements of w skipped: 0 (0.00%)
* Elements of w processed with special addition: 0 (0.00%)
* Elements of w remaining: 1025 (100.00%)
* UVC proof at step 5
* G1 elements in proof: 2
* G2 elements in proof: 1
* Proof size in bits: 1019
* Cached h poly size: 65539
* UVC Prove step 6
* Elements of w skipped: 0 (0.00%)
* Elements of w processed with special addition: 0 (0.00%)
* Elements of w remaining: 1025 (100.00%)
* Elements of w skipped: 0 (0.00%)
* Elements of w processed with special addition: 0 (0.00%)
* Elements of w remaining: 1024 (100.00%)
* Elements of w skipped: 0 (0.00%)
* Elements of w processed with special addition: 0 (0.00%)
* Elements of w remaining: 1025 (100.00%)
* UVC proof at step 6
* G1 elements in proof: 2
* G2 elements in proof: 1
* Proof size in bits: 1019
* Cached h poly size: 65539
* UVC Prove step 7
* Elements of w skipped: 0 (0.00%)
* Elements of w processed with special addition: 0 (0.00%)
* Elements of w remaining: 1025 (100.00%)
* Elements of w skipped: 0 (0.00%)
* Elements of w processed with special addition: 0 (0.00%)
* Elements of w remaining: 1024 (100.00%)
* Elements of w skipped: 0 (0.00%)
* Elements of w processed with special addition: 0 (0.00%)
* Elements of w remaining: 1025 (100.00%)
* UVC proof at step 7
* G1 elements in proof: 2
* G2 elements in proof: 1
* Proof size in bits: 1019
* Cached h poly size: 65539
* UVC Prove step 8
* Elements of w skipped: 0 (0.00%)
* Elements of w processed with special addition: 0 (0.00%)
* Elements of w remaining: 1025 (100.00%)
* Elements of w skipped: 0 (0.00%)
* Elements of w processed with special addition: 0 (0.00%)
* Elements of w remaining: 1024 (100.00%)
* Elements of w skipped: 0 (0.00%)
* Elements of w processed with special addition: 0 (0.00%)
* Elements of w remaining: 1025 (100.00%)
* UVC proof at step 8
* G1 elements in proof: 2
* G2 elements in proof: 1
* Proof size in bits: 1019
* Cached h poly size: 65539
* UVC Prove step 9
* Elements of w skipped: 0 (0.00%)
* Elements of w processed with special addition: 0 (0.00%)
* Elements of w remaining: 1025 (100.00%)
* Elements of w skipped: 0 (0.00%)
* Elements of w processed with special addition: 0 (0.00%)
* Elements of w remaining: 1024 (100.00%)
* Elements of w skipped: 0 (0.00%)
* Elements of w processed with special addition: 0 (0.00%)
* Elements of w remaining: 1025 (100.00%)
* UVC proof at step 9
* G1 elements in proof: 2
* G2 elements in proof: 1
* Proof size in bits: 1019
* Cached h poly size: 65539
* UVC Prove step 10
* Elements of w skipped: 0 (0.00%)
* Elements of w processed with special addition: 0 (0.00%)
* Elements of w remaining: 1025 (100.00%)
* Elements of w skipped: 0 (0.00%)
* Elements of w processed with special addition: 0 (0.00%)
* Elements of w remaining: 1024 (100.00%)
* Elements of w skipped: 0 (0.00%)
* Elements of w processed with special addition: 0 (0.00%)
* Elements of w remaining: 1025 (100.00%)
* UVC proof at step 10
* G1 elements in proof: 2
* G2 elements in proof: 1
* Proof size in bits: 1019
* Cached h poly size: 65539
* UVC Prove step 11
* Elements of w skipped: 0 (0.00%)
* Elements of w processed with special addition: 0 (0.00%)
* Elements of w remaining: 1025 (100.00%)
* Elements of w skipped: 0 (0.00%)
* Elements of w processed with special addition: 0 (0.00%)
* Elements of w remaining: 1024 (100.00%)
* Elements of w skipped: 0 (0.00%)
* Elements of w processed with special addition: 0 (0.00%)
* Elements of w remaining: 1025 (100.00%)
* UVC proof at step 11
* G1 elements in proof: 2
* G2 elements in proof: 1
* Proof size in bits: 1019
* Cached h poly size: 65539
* UVC Prove step 12
* Elements of w skipped: 0 (0.00%)
* Elements of w processed with special addition: 0 (0.00%)
* Elements of w remaining: 1025 (100.00%)
* Elements of w skipped: 0 (0.00%)
* Elements of w processed with special addition: 0 (0.00%)
* Elements of w remaining: 1024 (100.00%)
* Elements of w skipped: 0 (0.00%)
* Elements of w processed with special addition: 0 (0.00%)
* Elements of w remaining: 1025 (100.00%)
* UVC proof at step 12
* G1 elements in proof: 2
* G2 elements in proof: 1
* Proof size in bits: 1019
* Cached h poly size: 65539
* UVC Prove step 13
* Elements of w skipped: 0 (0.00%)
* Elements of w processed with special addition: 0 (0.00%)
* Elements of w remaining: 1025 (100.00%)
* Elements of w skipped: 0 (0.00%)
* Elements of w processed with special addition: 0 (0.00%)
* Elements of w remaining: 1024 (100.00%)
* Elements of w skipped: 0 (0.00%)
* Elements of w processed with special addition: 0 (0.00%)
* Elements of w remaining: 1025 (100.00%)
* UVC proof at step 13
* G1 elements in proof: 2
* G2 elements in proof: 1
* Proof size in bits: 1019
* Cached h poly size: 65539
* UVC Prove step 14
* Elements of w skipped: 0 (0.00%)
* Elements of w processed with special addition: 0 (0.00%)
* Elements of w remaining: 1025 (100.00%)
* Elements of w skipped: 0 (0.00%)
* Elements of w processed with special addition: 0 (0.00%)
* Elements of w remaining: 1024 (100.00%)
* Elements of w skipped: 0 (0.00%)
* Elements of w processed with special addition: 0 (0.00%)
* Elements of w remaining: 1025 (100.00%)
* UVC proof at step 14
* G1 elements in proof: 2
* G2 elements in proof: 1
* Proof size in bits: 1019
* Cached h poly size: 65539
* UVC Prove step 15
* Elements of w skipped: 0 (0.00%)
* Elements of w processed with special addition: 0 (0.00%)
* Elements of w remaining: 1025 (100.00%)
* Elements of w skipped: 0 (0.00%)
* Elements of w processed with special addition: 0 (0.00%)
* Elements of w remaining: 1024 (100.00%)
* Elements of w skipped: 0 (0.00%)
* Elements of w processed with special addition: 0 (0.00%)
* Elements of w remaining: 1025 (100.00%)
* UVC proof at step 15
* G1 elements in proof: 2
* G2 elements in proof: 1
* Proof size in bits: 1019
* Cached h poly size: 65539
* UVC Prove step 16
* Elements of w skipped: 0 (0.00%)
* Elements of w processed with special addition: 0 (0.00%)
* Elements of w remaining: 1025 (100.00%)
* Elements of w skipped: 0 (0.00%)
* Elements of w processed with special addition: 0 (0.00%)
* Elements of w remaining: 1024 (100.00%)
* Elements of w skipped: 0 (0.00%)
* Elements of w processed with special addition: 0 (0.00%)
* Elements of w remaining: 1025 (100.00%)
* UVC proof at step 16
* G1 elements in proof: 2
* G2 elements in proof: 1
* Proof size in bits: 1019
* Cached h poly size: 65539
* UVC Prove step 17
* Elements of w skipped: 0 (0.00%)
* Elements of w processed with special addition: 0 (0.00%)
* Elements of w remaining: 1025 (100.00%)
* Elements of w skipped: 0 (0.00%)
* Elements of w processed with special addition: 0 (0.00%)
* Elements of w remaining: 1024 (100.00%)
* Elements of w skipped: 0 (0.00%)
* Elements of w processed with special addition: 0 (0.00%)
* Elements of w remaining: 1025 (100.00%)
* UVC proof at step 17
* G1 elements in proof: 2
* G2 elements in proof: 1
* Proof size in bits: 1019
* Cached h poly size: 65539
* UVC Prove step 18
* Elements of w skipped: 0 (0.00%)
* Elements of w processed with special addition: 0 (0.00%)
* Elements of w remaining: 1025 (100.00%)
* Elements of w skipped: 0 (0.00%)
* Elements of w processed with special addition: 0 (0.00%)
* Elements of w remaining: 1024 (100.00%)
* Elements of w skipped: 0 (0.00%)
* Elements of w processed with special addition: 0 (0.00%)
* Elements of w remaining: 1025 (100.00%)
* UVC proof at step 18
* G1 elements in proof: 2
* G2 elements in proof: 1
* Proof size in bits: 1019
* Cached h poly size: 65539
* UVC Prove step 19
* Elements of w skipped: 0 (0.00%)
* Elements of w processed with special addition: 0 (0.00%)
* Elements of w remaining: 1025 (100.00%)
* Elements of w skipped: 0 (0.00%)
* Elements of w processed with special addition: 0 (0.00%)
* Elements of w remaining: 1024 (100.00%)
* Elements of w skipped: 0 (0.00%)
* Elements of w processed with special addition: 0 (0.00%)
* Elements of w remaining: 1025 (100.00%)
* UVC proof at step 19
* G1 elements in proof: 2
* G2 elements in proof: 1
* Proof size in bits: 1019
* Cached h poly size: 65539
* UVC Prove step 20
* Elements of w skipped: 0 (0.00%)
* Elements of w processed with special addition: 0 (0.00%)
* Elements of w remaining: 1025 (100.00%)
* Elements of w skipped: 0 (0.00%)
* Elements of w processed with special addition: 0 (0.00%)
* Elements of w remaining: 1024 (100.00%)
* Elements of w skipped: 0 (0.00%)
* Elements of w processed with special addition: 0 (0.00%)
* Elements of w remaining: 1025 (100.00%)
* UVC proof at step 20
* G1 elements in proof: 2
* G2 elements in proof: 1
* Proof size in bits: 1019
* Cached h poly size: 65539
* UVC Prove step 21
* Elements of w skipped: 0 (0.00%)
* Elements of w processed with special addition: 0 (0.00%)
* Elements of w remaining: 1025 (100.00%)
* Elements of w skipped: 0 (0.00%)
* Elements of w processed with special addition: 0 (0.00%)
* Elements of w remaining: 1024 (100.00%)
* Elements of w skipped: 0 (0.00%)
* Elements of w processed with special addition: 0 (0.00%)
* Elements of w remaining: 1025 (100.00%)
* UVC proof at step 21
* G1 elements in proof: 2
* G2 elements in proof: 1
* Proof size in bits: 1019
* Cached h poly size: 65539
* UVC Prove step 22
* Elements of w skipped: 0 (0.00%)
* Elements of w processed with special addition: 0 (0.00%)
* Elements of w remaining: 1025 (100.00%)
* Elements of w skipped: 0 (0.00%)
* Elements of w processed with special addition: 0 (0.00%)
* Elements of w remaining: 1024 (100.00%)
* Elements of w skipped: 0 (0.00%)
* Elements of w processed with special addition: 0 (0.00%)
* Elements of w remaining: 1025 (100.00%)
* UVC proof at step 22
* G1 elements in proof: 2
* G2 elements in proof: 1
* Proof size in bits: 1019
* Cached h poly size: 65539
* UVC Prove step 23
* Elements of w skipped: 0 (0.00%)
* Elements of w processed with special addition: 0 (0.00%)
* Elements of w remaining: 1025 (100.00%)
* Elements of w skipped: 0 (0.00%)
* Elements of w processed with special addition: 0 (0.00%)
* Elements of w remaining: 1024 (100.00%)
* Elements of w skipped: 0 (0.00%)
* Elements of w processed with special addition: 0 (0.00%)
* Elements of w remaining: 1025 (100.00%)
* UVC proof at step 23
* G1 elements in proof: 2
* G2 elements in proof: 1
* Proof size in bits: 1019
* Cached h poly size: 65539
* UVC Prove step 24
* Elements of w skipped: 0 (0.00%)
* Elements of w processed with special addition: 0 (0.00%)
* Elements of w remaining: 1025 (100.00%)
* Elements of w skipped: 0 (0.00%)
* Elements of w processed with special addition: 0 (0.00%)
* Elements of w remaining: 1024 (100.00%)
* Elements of w skipped: 0 (0.00%)
* Elements of w processed with special addition: 0 (0.00%)
* Elements of w remaining: 1025 (100.00%)
* UVC proof at step 24
* G1 elements in proof: 2
* G2 elements in proof: 1
* Proof size in bits: 1019
* Cached h poly size: 65539
* UVC Prove step 25
* Elements of w skipped: 0 (0.00%)
* Elements of w processed with special addition: 0 (0.00%)
* Elements of w remaining: 1025 (100.00%)
* Elements of w skipped: 0 (0.00%)
* Elements of w processed with special addition: 0 (0.00%)
* Elements of w remaining: 1024 (100.00%)
* Elements of w skipped: 0 (0.00%)
* Elements of w processed with special addition: 0 (0.00%)
* Elements of w remaining: 1025 (100.00%)
* UVC proof at step 25
* G1 elements in proof: 2
* G2 elements in proof: 1
* Proof size in bits: 1019
* Cached h poly size: 65539
* UVC Prove step 26
* Elements of w skipped: 0 (0.00%)
* Elements of w processed with special addition: 0 (0.00%)
* Elements of w remaining: 1025 (100.00%)
* Elements of w skipped: 0 (0.00%)
* Elements of w processed with special addition: 0 (0.00%)
* Elements of w remaining: 1024 (100.00%)
* Elements of w skipped: 0 (0.00%)
* Elements of w processed with special addition: 0 (0.00%)
* Elements of w remaining: 1025 (100.00%)
* UVC proof at step 26
* G1 elements in proof: 2
* G2 elements in proof: 1
* Proof size in bits: 1019
* Cached h poly size: 65539
* UVC Prove step 27
* Elements of w skipped: 0 (0.00%)
* Elements of w processed with special addition: 0 (0.00%)
* Elements of w remaining: 1025 (100.00%)
* Elements of w skipped: 0 (0.00%)
* Elements of w processed with special addition: 0 (0.00%)
* Elements of w remaining: 1024 (100.00%)
* Elements of w skipped: 0 (0.00%)
* Elements of w processed with special addition: 0 (0.00%)
* Elements of w remaining: 1025 (100.00%)
* UVC proof at step 27
* G1 elements in proof: 2
* G2 elements in proof: 1
* Proof size in bits: 1019
* Cached h poly size: 65539
* UVC Prove step 28
* Elements of w skipped: 0 (0.00%)
* Elements of w processed with special addition: 0 (0.00%)
* Elements of w remaining: 1025 (100.00%)
* Elements of w skipped: 0 (0.00%)
* Elements of w processed with special addition: 0 (0.00%)
* Elements of w remaining: 1024 (100.00%)
* Elements of w skipped: 0 (0.00%)
* Elements of w processed with special addition: 0 (0.00%)
* Elements of w remaining: 1025 (100.00%)
* UVC proof at step 28
* G1 elements in proof: 2
* G2 elements in proof: 1
* Proof size in bits: 1019
* Cached h poly size: 65539
* UVC Prove step 29
* Elements of w skipped: 0 (0.00%)
* Elements of w processed with special addition: 0 (0.00%)
* Elements of w remaining: 1025 (100.00%)
* Elements of w skipped: 0 (0.00%)
* Elements of w processed with special addition: 0 (0.00%)
* Elements of w remaining: 1024 (100.00%)
* Elements of w skipped: 0 (0.00%)
* Elements of w processed with special addition: 0 (0.00%)
* Elements of w remaining: 1025 (100.00%)
* UVC proof at step 29
* G1 elements in proof: 2
* G2 elements in proof: 1
* Proof size in bits: 1019
* Cached h poly size: 65539
* UVC Prove step 30
* Elements of w skipped: 0 (0.00%)
* Elements of w processed with special addition: 0 (0.00%)
* Elements of w remaining: 1025 (100.00%)
* Elements of w skipped: 0 (0.00%)
* Elements of w processed with special addition: 0 (0.00%)
* Elements of w remaining: 1024 (100.00%)
* Elements of w skipped: 0 (0.00%)
* Elements of w processed with special addition: 0 (0.00%)
* Elements of w remaining: 1025 (100.00%)
* UVC proof at step 30
* G1 elements in proof: 2
* G2 elements in proof: 1
* Proof size in bits: 1019
* Cached h poly size: 65539
* UVC Prove step 31
* Elements of w skipped: 0 (0.00%)
* Elements of w processed with special addition: 0 (0.00%)
* Elements of w remaining: 1025 (100.00%)
* Elements of w skipped: 0 (0.00%)
* Elements of w processed with special addition: 0 (0.00%)
* Elements of w remaining: 1024 (100.00%)
* Elements of w skipped: 0 (0.00%)
* Elements of w processed with special addition: 0 (0.00%)
* Elements of w remaining: 1025 (100.00%)
* UVC proof at step 31
* G1 elements in proof: 2
* G2 elements in proof: 1
* Proof size in bits: 1019
* Cached h poly size: 65539
* UVC Prove step 32
* Elements of w skipped: 0 (0.00%)
* Elements of w processed with special addition: 0 (0.00%)
* Elements of w remaining: 1025 (100.00%)
* Elements of w skipped: 0 (0.00%)
* Elements of w processed with special addition: 0 (0.00%)
* Elements of w remaining: 1024 (100.00%)
* Elements of w skipped: 0 (0.00%)
* Elements of w processed with special addition: 0 (0.00%)
* Elements of w remaining: 1025 (100.00%)
* UVC proof at step 32
* G1 elements in proof: 2
* G2 elements in proof: 1
* Proof size in bits: 1019
* Cached h poly size: 65539
* UVC Prove step 33
* Elements of w skipped: 0 (0.00%)
* Elements of w processed with special addition: 0 (0.00%)
* Elements of w remaining: 1025 (100.00%)
* Elements of w skipped: 0 (0.00%)
* Elements of w processed with special addition: 0 (0.00%)
* Elements of w remaining: 1024 (100.00%)
* Elements of w skipped: 0 (0.00%)
* Elements of w processed with special addition: 0 (0.00%)
* Elements of w remaining: 1025 (100.00%)
* UVC proof at step 33
* G1 elements in proof: 2
* G2 elements in proof: 1
* Proof size in bits: 1019
* Cached h poly size: 65539
* UVC Prove step 34
* Elements of w skipped: 0 (0.00%)
* Elements of w processed with special addition: 0 (0.00%)
* Elements of w remaining: 1025 (100.00%)
* Elements of w skipped: 0 (0.00%)
* Elements of w processed with special addition: 0 (0.00%)
* Elements of w remaining: 1024 (100.00%)
* Elements of w skipped: 0 (0.00%)
* Elements of w processed with special addition: 0 (0.00%)
* Elements of w remaining: 1025 (100.00%)
* UVC proof at step 34
* G1 elements in proof: 2
* G2 elements in proof: 1
* Proof size in bits: 1019
* Cached h poly size: 65539
* UVC Prove step 35
* Elements of w skipped: 0 (0.00%)
* Elements of w processed with special addition: 0 (0.00%)
* Elements of w remaining: 1025 (100.00%)
* Elements of w skipped: 0 (0.00%)
* Elements of w processed with special addition: 0 (0.00%)
* Elements of w remaining: 1024 (100.00%)
* Elements of w skipped: 0 (0.00%)
* Elements of w processed with special addition: 0 (0.00%)
* Elements of w remaining: 1025 (100.00%)
* UVC proof at step 35
* G1 elements in proof: 2
* G2 elements in proof: 1
* Proof size in bits: 1019
* Cached h poly size: 65539
* UVC Prove step 36
* Elements of w skipped: 0 (0.00%)
* Elements of w processed with special addition: 0 (0.00%)
* Elements of w remaining: 1025 (100.00%)
* Elements of w skipped: 0 (0.00%)
* Elements of w processed with special addition: 0 (0.00%)
* Elements of w remaining: 1024 (100.00%)
* Elements of w skipped: 0 (0.00%)
* Elements of w processed with special addition: 0 (0.00%)
* Elements of w remaining: 1025 (100.00%)
* UVC proof at step 36
* G1 elements in proof: 2
* G2 elements in proof: 1
* Proof size in bits: 1019
* Cached h poly size: 65539
* UVC Prove step 37
* Elements of w skipped: 0 (0.00%)
* Elements of w processed with special addition: 0 (0.00%)
* Elements of w remaining: 1025 (100.00%)
* Elements of w skipped: 0 (0.00%)
* Elements of w processed with special addition: 0 (0.00%)
* Elements of w remaining: 1024 (100.00%)
* Elements of w skipped: 0 (0.00%)
* Elements of w processed with special addition: 0 (0.00%)
* Elements of w remaining: 1025 (100.00%)
* UVC proof at step 37
* G1 elements in proof: 2
* G2 elements in proof: 1
* Proof size in bits: 1019
* Cached h poly size: 65539
* UVC Prove step 38
* Elements of w skipped: 0 (0.00%)
* Elements of w processed with special addition: 0 (0.00%)
* Elements of w remaining: 1025 (100.00%)
* Elements of w skipped: 0 (0.00%)
* Elements of w processed with special addition: 0 (0.00%)
* Elements of w remaining: 1024 (100.00%)
* Elements of w skipped: 0 (0.00%)
* Elements of w processed with special addition: 0 (0.00%)
* Elements of w remaining: 1025 (100.00%)
* UVC proof at step 38
* G1 elements in proof: 2
* G2 elements in proof: 1
* Proof size in bits: 1019
* Cached h poly size: 65539
* UVC Prove step 39
* Elements of w skipped: 0 (0.00%)
* Elements of w processed with special addition: 0 (0.00%)
* Elements of w remaining: 1025 (100.00%)
* Elements of w skipped: 0 (0.00%)
* Elements of w processed with special addition: 0 (0.00%)
* Elements of w remaining: 1024 (100.00%)
* Elements of w skipped: 0 (0.00%)
* Elements of w processed with special addition: 0 (0.00%)
* Elements of w remaining: 1025 (100.00%)
* UVC proof at step 39
* G1 elements in proof: 2
* G2 elements in proof: 1
* Proof size in bits: 1019
* Cached h poly size: 65539
* UVC Prove step 40
* Elements of w skipped: 0 (0.00%)
* Elements of w processed with special addition: 0 (0.00%)
* Elements of w remaining: 1025 (100.00%)
* Elements of w skipped: 0 (0.00%)
* Elements of w processed with special addition: 0 (0.00%)
* Elements of w remaining: 1024 (100.00%)
* Elements of w skipped: 0 (0.00%)
* Elements of w processed with special addition: 0 (0.00%)
* Elements of w remaining: 1025 (100.00%)
* UVC proof at step 40
* G1 elements in proof: 2
* G2 elements in proof: 1
* Proof size in bits: 1019
* Cached h poly size: 65539
* UVC Prove step 41
* Elements of w skipped: 0 (0.00%)
* Elements of w processed with special addition: 0 (0.00%)
* Elements of w remaining: 1025 (100.00%)
* Elements of w skipped: 0 (0.00%)
* Elements of w processed with special addition: 0 (0.00%)
* Elements of w remaining: 1024 (100.00%)
* Elements of w skipped: 0 (0.00%)
* Elements of w processed with special addition: 0 (0.00%)
* Elements of w remaining: 1025 (100.00%)
* UVC proof at step 41
* G1 elements in proof: 2
* G2 elements in proof: 1
* Proof size in bits: 1019
* Cached h poly size: 65539
* UVC Prove step 42
* Elements of w skipped: 0 (0.00%)
* Elements of w processed with special addition: 0 (0.00%)
* Elements of w remaining: 1025 (100.00%)
* Elements of w skipped: 0 (0.00%)
* Elements of w processed with special addition: 0 (0.00%)
* Elements of w remaining: 1024 (100.00%)
* Elements of w skipped: 0 (0.00%)
* Elements of w processed with special addition: 0 (0.00%)
* Elements of w remaining: 1025 (100.00%)
* UVC proof at step 42
* G1 elements in proof: 2
* G2 elements in proof: 1
* Proof size in bits: 1019
* Cached h poly size: 65539
* UVC Prove step 43
* Elements of w skipped: 0 (0.00%)
* Elements of w processed with special addition: 0 (0.00%)
* Elements of w remaining: 1025 (100.00%)
* Elements of w skipped: 0 (0.00%)
* Elements of w processed with special addition: 0 (0.00%)
* Elements of w remaining: 1024 (100.00%)
* Elements of w skipped: 0 (0.00%)
* Elements of w processed with special addition: 0 (0.00%)
* Elements of w remaining: 1025 (100.00%)
* UVC proof at step 43
* G1 elements in proof: 2
* G2 elements in proof: 1
* Proof size in bits: 1019
* Cached h poly size: 65539
* UVC Prove step 44
* Elements of w skipped: 0 (0.00%)
* Elements of w processed with special addition: 0 (0.00%)
* Elements of w remaining: 1025 (100.00%)
* Elements of w skipped: 0 (0.00%)
* Elements of w processed with special addition: 0 (0.00%)
* Elements of w remaining: 1024 (100.00%)
* Elements of w skipped: 0 (0.00%)
* Elements of w processed with special addition: 0 (0.00%)
* Elements of w remaining: 1025 (100.00%)
* UVC proof at step 44
* G1 elements in proof: 2
* G2 elements in proof: 1
* Proof size in bits: 1019
* Cached h poly size: 65539
* UVC Prove step 45
* Elements of w skipped: 0 (0.00%)
* Elements of w processed with special addition: 0 (0.00%)
* Elements of w remaining: 1025 (100.00%)
* Elements of w skipped: 0 (0.00%)
* Elements of w processed with special addition: 0 (0.00%)
* Elements of w remaining: 1024 (100.00%)
* Elements of w skipped: 0 (0.00%)
* Elements of w processed with special addition: 0 (0.00%)
* Elements of w remaining: 1025 (100.00%)
* UVC proof at step 45
* G1 elements in proof: 2
* G2 elements in proof: 1
* Proof size in bits: 1019
* Cached h poly size: 65539
* UVC Prove step 46
* Elements of w skipped: 0 (0.00%)
* Elements of w processed with special addition: 0 (0.00%)
* Elements of w remaining: 1025 (100.00%)
* Elements of w skipped: 0 (0.00%)
* Elements of w processed with special addition: 0 (0.00%)
* Elements of w remaining: 1024 (100.00%)
* Elements of w skipped: 0 (0.00%)
* Elements of w processed with special addition: 0 (0.00%)
* Elements of w remaining: 1025 (100.00%)
* UVC proof at step 46
* G1 elements in proof: 2
* G2 elements in proof: 1
* Proof size in bits: 1019
* Cached h poly size: 65539
* UVC Prove step 47
* Elements of w skipped: 0 (0.00%)
* Elements of w processed with special addition: 0 (0.00%)
* Elements of w remaining: 1025 (100.00%)
* Elements of w skipped: 0 (0.00%)
* Elements of w processed with special addition: 0 (0.00%)
* Elements of w remaining: 1024 (100.00%)
* Elements of w skipped: 0 (0.00%)
* Elements of w processed with special addition: 0 (0.00%)
* Elements of w remaining: 1025 (100.00%)
* UVC proof at step 47
* G1 elements in proof: 2
* G2 elements in proof: 1
* Proof size in bits: 1019
* Cached h poly size: 65539
* UVC Prove step 48
* Elements of w skipped: 0 (0.00%)
* Elements of w processed with special addition: 0 (0.00%)
* Elements of w remaining: 1025 (100.00%)
* Elements of w skipped: 0 (0.00%)
* Elements of w processed with special addition: 0 (0.00%)
* Elements of w remaining: 1024 (100.00%)
* Elements of w skipped: 0 (0.00%)
* Elements of w processed with special addition: 0 (0.00%)
* Elements of w remaining: 1025 (100.00%)
* UVC proof at step 48
* G1 elements in proof: 2
* G2 elements in proof: 1
* Proof size in bits: 1019
* Cached h poly size: 65539
* UVC Prove step 49
* Elements of w skipped: 0 (0.00%)
* Elements of w processed with special addition: 0 (0.00%)
* Elements of w remaining: 1025 (100.00%)
* Elements of w skipped: 0 (0.00%)
* Elements of w processed with special addition: 0 (0.00%)
* Elements of w remaining: 1024 (100.00%)
* Elements of w skipped: 0 (0.00%)
* Elements of w processed with special addition: 0 (0.00%)
* Elements of w remaining: 1025 (100.00%)
* UVC proof at step 49
* G1 elements in proof: 2
* G2 elements in proof: 1
* Proof size in bits: 1019
* Cached h poly size: 65539
* UVC Prove step 50
* Elements of w skipped: 0 (0.00%)
* Elements of w processed with special addition: 0 (0.00%)
* Elements of w remaining: 1025 (100.00%)
* Elements of w skipped: 0 (0.00%)
* Elements of w processed with special addition: 0 (0.00%)
* Elements of w remaining: 1024 (100.00%)
* Elements of w skipped: 0 (0.00%)
* Elements of w processed with special addition: 0 (0.00%)
* Elements of w remaining: 1025 (100.00%)
* UVC proof at step 50
* G1 elements in proof: 2
* G2 elements in proof: 1
* Proof size in bits: 1019
* Cached h poly size: 65539
* UVC Prove step 51
* Elements of w skipped: 0 (0.00%)
* Elements of w processed with special addition: 0 (0.00%)
* Elements of w remaining: 1025 (100.00%)
* Elements of w skipped: 0 (0.00%)
* Elements of w processed with special addition: 0 (0.00%)
* Elements of w remaining: 1024 (100.00%)
* Elements of w skipped: 0 (0.00%)
* Elements of w processed with special addition: 0 (0.00%)
* Elements of w remaining: 1025 (100.00%)
* UVC proof at step 51
* G1 elements in proof: 2
* G2 elements in proof: 1
* Proof size in bits: 1019
* Cached h poly size: 65539
* UVC Prove step 52
* Elements of w skipped: 0 (0.00%)
* Elements of w processed with special addition: 0 (0.00%)
* Elements of w remaining: 1025 (100.00%)
* Elements of w skipped: 0 (0.00%)
* Elements of w processed with special addition: 0 (0.00%)
* Elements of w remaining: 1024 (100.00%)
* Elements of w skipped: 0 (0.00%)
* Elements of w processed with special addition: 0 (0.00%)
* Elements of w remaining: 1025 (100.00%)
* UVC proof at step 52
* G1 elements in proof: 2
* G2 elements in proof: 1
* Proof size in bits: 1019
* Cached h poly size: 65539
* UVC Prove step 53
* Elements of w skipped: 0 (0.00%)
* Elements of w processed with special addition: 0 (0.00%)
* Elements of w remaining: 1025 (100.00%)
* Elements of w skipped: 0 (0.00%)
* Elements of w processed with special addition: 0 (0.00%)
* Elements of w remaining: 1024 (100.00%)
* Elements of w skipped: 0 (0.00%)
* Elements of w processed with special addition: 0 (0.00%)
* Elements of w remaining: 1025 (100.00%)
* UVC proof at step 53
* G1 elements in proof: 2
* G2 elements in proof: 1
* Proof size in bits: 1019
* Cached h poly size: 65539
* UVC Prove step 54
* Elements of w skipped: 0 (0.00%)
* Elements of w processed with special addition: 0 (0.00%)
* Elements of w remaining: 1025 (100.00%)
* Elements of w skipped: 0 (0.00%)
* Elements of w processed with special addition: 0 (0.00%)
* Elements of w remaining: 1024 (100.00%)
* Elements of w skipped: 0 (0.00%)
* Elements of w processed with special addition: 0 (0.00%)
* Elements of w remaining: 1025 (100.00%)
* UVC proof at step 54
* G1 elements in proof: 2
* G2 elements in proof: 1
* Proof size in bits: 1019
* Cached h poly size: 65539
* UVC Prove step 55
* Elements of w skipped: 0 (0.00%)
* Elements of w processed with special addition: 0 (0.00%)
* Elements of w remaining: 1025 (100.00%)
* Elements of w skipped: 0 (0.00%)
* Elements of w processed with special addition: 0 (0.00%)
* Elements of w remaining: 1024 (100.00%)
* Elements of w skipped: 0 (0.00%)
* Elements of w processed with special addition: 0 (0.00%)
* Elements of w remaining: 1025 (100.00%)
* UVC proof at step 55
* G1 elements in proof: 2
* G2 elements in proof: 1
* Proof size in bits: 1019
* Cached h poly size: 65539
* UVC Prove step 56
* Elements of w skipped: 0 (0.00%)
* Elements of w processed with special addition: 0 (0.00%)
* Elements of w remaining: 1025 (100.00%)
* Elements of w skipped: 0 (0.00%)
* Elements of w processed with special addition: 0 (0.00%)
* Elements of w remaining: 1024 (100.00%)
* Elements of w skipped: 0 (0.00%)
* Elements of w processed with special addition: 0 (0.00%)
* Elements of w remaining: 1025 (100.00%)
* UVC proof at step 56
* G1 elements in proof: 2
* G2 elements in proof: 1
* Proof size in bits: 1019
* Cached h poly size: 65539
* UVC Prove step 57
* Elements of w skipped: 0 (0.00%)
* Elements of w processed with special addition: 0 (0.00%)
* Elements of w remaining: 1025 (100.00%)
* Elements of w skipped: 0 (0.00%)
* Elements of w processed with special addition: 0 (0.00%)
* Elements of w remaining: 1024 (100.00%)
* Elements of w skipped: 0 (0.00%)
* Elements of w processed with special addition: 0 (0.00%)
* Elements of w remaining: 1025 (100.00%)
* UVC proof at step 57
* G1 elements in proof: 2
* G2 elements in proof: 1
* Proof size in bits: 1019
* Cached h poly size: 65539
* UVC Prove step 58
* Elements of w skipped: 0 (0.00%)
* Elements of w processed with special addition: 0 (0.00%)
* Elements of w remaining: 1025 (100.00%)
* Elements of w skipped: 0 (0.00%)
* Elements of w processed with special addition: 0 (0.00%)
* Elements of w remaining: 1024 (100.00%)
* Elements of w skipped: 0 (0.00%)
* Elements of w processed with special addition: 0 (0.00%)
* Elements of w remaining: 1025 (100.00%)
* UVC proof at step 58
* G1 elements in proof: 2
* G2 elements in proof: 1
* Proof size in bits: 1019
* Cached h poly size: 65539
* UVC Prove step 59
* Elements of w skipped: 0 (0.00%)
* Elements of w processed with special addition: 0 (0.00%)
* Elements of w remaining: 1025 (100.00%)
* Elements of w skipped: 0 (0.00%)
* Elements of w processed with special addition: 0 (0.00%)
* Elements of w remaining: 1024 (100.00%)
* Elements of w skipped: 0 (0.00%)
* Elements of w processed with special addition: 0 (0.00%)
* Elements of w remaining: 1025 (100.00%)
* UVC proof at step 59
* G1 elements in proof: 2
* G2 elements in proof: 1
* Proof size in bits: 1019
* Cached h poly size: 65539
* UVC Prove step 60
* Elements of w skipped: 0 (0.00%)
* Elements of w processed with special addition: 0 (0.00%)
* Elements of w remaining: 1025 (100.00%)
* Elements of w skipped: 0 (0.00%)
* Elements of w processed with special addition: 0 (0.00%)
* Elements of w remaining: 1024 (100.00%)
* Elements of w skipped: 0 (0.00%)
* Elements of w processed with special addition: 0 (0.00%)
* Elements of w remaining: 1025 (100.00%)
* UVC proof at step 60
* G1 elements in proof: 2
* G2 elements in proof: 1
* Proof size in bits: 1019
* Cached h poly size: 65539
* UVC Prove step 61
* Elements of w skipped: 0 (0.00%)
* Elements of w processed with special addition: 0 (0.00%)
* Elements of w remaining: 1025 (100.00%)
* Elements of w skipped: 0 (0.00%)
* Elements of w processed with special addition: 0 (0.00%)
* Elements of w remaining: 1024 (100.00%)
* Elements of w skipped: 0 (0.00%)
* Elements of w processed with special addition: 0 (0.00%)
* Elements of w remaining: 1025 (100.00%)
* UVC proof at step 61
* G1 elements in proof: 2
* G2 elements in proof: 1
* Proof size in bits: 1019
* Cached h poly size: 65539
* UVC Prove step 62
* Elements of w skipped: 0 (0.00%)
* Elements of w processed with special addition: 0 (0.00%)
* Elements of w remaining: 1025 (100.00%)
* Elements of w skipped: 0 (0.00%)
* Elements of w processed with special addition: 0 (0.00%)
* Elements of w remaining: 1024 (100.00%)
* Elements of w skipped: 0 (0.00%)
* Elements of w processed with special addition: 0 (0.00%)
* Elements of w remaining: 1025 (100.00%)
* UVC proof at step 62
* G1 elements in proof: 2
* G2 elements in proof: 1
* Proof size in bits: 1019
* Cached h poly size: 65539
* UVC Prove step 63
* Elements of w skipped: 0 (0.00%)
* Elements of w processed with special addition: 0 (0.00%)
* Elements of w remaining: 1025 (100.00%)
* Elements of w skipped: 0 (0.00%)
* Elements of w processed with special addition: 0 (0.00%)
* Elements of w remaining: 1024 (100.00%)
* Elements of w skipped: 0 (0.00%)
* Elements of w processed with special addition: 0 (0.00%)
* Elements of w remaining: 1025 (100.00%)
* UVC proof at step 63
* G1 elements in proof: 2
* G2 elements in proof: 1
* Proof size in bits: 1019
* Cached h poly size: 65539
* UVC Prove step 64
* Elements of w skipped: 0 (0.00%)
* Elements of w processed with special addition: 0 (0.00%)
* Elements of w remaining: 1025 (100.00%)
* Elements of w skipped: 0 (0.00%)
* Elements of w processed with special addition: 0 (0.00%)
* Elements of w remaining: 1024 (100.00%)
* Elements of w skipped: 0 (0.00%)
* Elements of w processed with special addition: 0 (0.00%)
* Elements of w remaining: 1025 (100.00%)
* UVC proof at step 64
* G1 elements in proof: 2
* G2 elements in proof: 1
* Proof size in bits: 1019
* Cached h poly size: 65539

  Step    Prove (ms)    Verify (ms)   Proof bits    Verified  
  ------  ------------  ------------  ------------  ----------
* UVC Prove step 1
* Elements of w skipped: 0 (0.00%)
* Elements of w processed with special addition: 1 (0.10%)
* Elements of w remaining: 1026 (99.90%)
* Elements of w skipped: 0 (0.00%)
* Elements of w processed with special addition: 0 (0.00%)
* Elements of w remaining: 1024 (100.00%)
* Elements of w skipped: 0 (0.00%)
* Elements of w processed with special addition: 0 (0.00%)
* Elements of w remaining: 1024 (100.00%)
* UVC proof at step 1
* G1 elements in proof: 2
* G2 elements in proof: 1
* Proof size in bits: 1019
* Cached h poly size: 65539
* UVC Prove step 1
* Elements of w skipped: 0 (0.00%)
* Elements of w processed with special addition: 1 (0.10%)
* Elements of w remaining: 1026 (99.90%)
* Elements of w skipped: 0 (0.00%)
* Elements of w processed with special addition: 0 (0.00%)
* Elements of w remaining: 1024 (100.00%)
* Elements of w skipped: 0 (0.00%)
* Elements of w processed with special addition: 0 (0.00%)
* Elements of w remaining: 1024 (100.00%)
* UVC proof at step 1
* G1 elements in proof: 2
* G2 elements in proof: 1
* Proof size in bits: 1019
* Cached h poly size: 65539
* UVC Prove step 1
* Elements of w skipped: 0 (0.00%)
* Elements of w processed with special addition: 1 (0.10%)
* Elements of w remaining: 1026 (99.90%)
* Elements of w skipped: 0 (0.00%)
* Elements of w processed with special addition: 0 (0.00%)
* Elements of w remaining: 1024 (100.00%)
* Elements of w skipped: 0 (0.00%)
* Elements of w processed with special addition: 0 (0.00%)
* Elements of w remaining: 1024 (100.00%)
* UVC proof at step 1
* G1 elements in proof: 2
* G2 elements in proof: 1
* Proof size in bits: 1019
* Cached h poly size: 65539
* UVC Prove step 1
* Elements of w skipped: 0 (0.00%)
* Elements of w processed with special addition: 1 (0.10%)
* Elements of w remaining: 1026 (99.90%)
* Elements of w skipped: 0 (0.00%)
* Elements of w processed with special addition: 0 (0.00%)
* Elements of w remaining: 1024 (100.00%)
* Elements of w skipped: 0 (0.00%)
* Elements of w processed with special addition: 0 (0.00%)
* Elements of w remaining: 1024 (100.00%)
* UVC proof at step 1
* G1 elements in proof: 2
* G2 elements in proof: 1
* Proof size in bits: 1019
* Cached h poly size: 65539
* UVC Prove step 1
* Elements of w skipped: 0 (0.00%)
* Elements of w processed with special addition: 1 (0.10%)
* Elements of w remaining: 1026 (99.90%)
* Elements of w skipped: 0 (0.00%)
* Elements of w processed with special addition: 0 (0.00%)
* Elements of w remaining: 1024 (100.00%)
* Elements of w skipped: 0 (0.00%)
* Elements of w processed with special addition: 0 (0.00%)
* Elements of w remaining: 1024 (100.00%)
* UVC proof at step 1
* G1 elements in proof: 2
* G2 elements in proof: 1
* Proof size in bits: 1019
* Cached h poly size: 65539
* UVC Prove step 1
* Elements of w skipped: 0 (0.00%)
* Elements of w processed with special addition: 1 (0.10%)
* Elements of w remaining: 1026 (99.90%)
* Elements of w skipped: 0 (0.00%)
* Elements of w processed with special addition: 0 (0.00%)
* Elements of w remaining: 1024 (100.00%)
* Elements of w skipped: 0 (0.00%)
* Elements of w processed with special addition: 0 (0.00%)
* Elements of w remaining: 1024 (100.00%)
* UVC proof at step 1
* G1 elements in proof: 2
* G2 elements in proof: 1
* Proof size in bits: 1019
* Cached h poly size: 65539
* UVC Prove step 1
* Elements of w skipped: 0 (0.00%)
* Elements of w processed with special addition: 1 (0.10%)
* Elements of w remaining: 1026 (99.90%)
* Elements of w skipped: 0 (0.00%)
* Elements of w processed with special addition: 0 (0.00%)
* Elements of w remaining: 1024 (100.00%)
* Elements of w skipped: 0 (0.00%)
* Elements of w processed with special addition: 0 (0.00%)
* Elements of w remaining: 1024 (100.00%)
* UVC proof at step 1
* G1 elements in proof: 2
* G2 elements in proof: 1
* Proof size in bits: 1019
* Cached h poly size: 65539
* UVC Prove step 1
* Elements of w skipped: 0 (0.00%)
* Elements of w processed with special addition: 1 (0.10%)
* Elements of w remaining: 1026 (99.90%)
* Elements of w skipped: 0 (0.00%)
* Elements of w processed with special addition: 0 (0.00%)
* Elements of w remaining: 1024 (100.00%)
* Elements of w skipped: 0 (0.00%)
* Elements of w processed with special addition: 0 (0.00%)
* Elements of w remaining: 1024 (100.00%)
* UVC proof at step 1
* G1 elements in proof: 2
* G2 elements in proof: 1
* Proof size in bits: 1019
* Cached h poly size: 65539
* UVC Prove step 1
* Elements of w skipped: 0 (0.00%)
* Elements of w processed with special addition: 1 (0.10%)
* Elements of w remaining: 1026 (99.90%)
* Elements of w skipped: 0 (0.00%)
* Elements of w processed with special addition: 0 (0.00%)
* Elements of w remaining: 1024 (100.00%)
* Elements of w skipped: 0 (0.00%)
* Elements of w processed with special addition: 0 (0.00%)
* Elements of w remaining: 1024 (100.00%)
* UVC proof at step 1
* G1 elements in proof: 2
* G2 elements in proof: 1
* Proof size in bits: 1019
* Cached h poly size: 65539
* UVC Prove step 1
* Elements of w skipped: 0 (0.00%)
* Elements of w processed with special addition: 1 (0.10%)
* Elements of w remaining: 1026 (99.90%)
* Elements of w skipped: 0 (0.00%)
* Elements of w processed with special addition: 0 (0.00%)
* Elements of w remaining: 1024 (100.00%)
* Elements of w skipped: 0 (0.00%)
* Elements of w processed with special addition: 0 (0.00%)
* Elements of w remaining: 1024 (100.00%)
* UVC proof at step 1
* G1 elements in proof: 2
* G2 elements in proof: 1
* Proof size in bits: 1019
* Cached h poly size: 65539
* UVC Verify step 1: PASS
* UVC Verify step 1: PASS
* UVC Verify step 1: PASS
* UVC Verify step 1: PASS
* UVC Verify step 1: PASS
* UVC Verify step 1: PASS
* UVC Verify step 1: PASS
* UVC Verify step 1: PASS
* UVC Verify step 1: PASS
* UVC Verify step 1: PASS
  1       1886.08       4.22          1019          PASS      
* UVC Prove step 2
* Elements of w skipped: 0 (0.00%)
* Elements of w processed with special addition: 0 (0.00%)
* Elements of w remaining: 1025 (100.00%)
* Elements of w skipped: 0 (0.00%)
* Elements of w processed with special addition: 0 (0.00%)
* Elements of w remaining: 1024 (100.00%)
* Elements of w skipped: 0 (0.00%)
* Elements of w processed with special addition: 0 (0.00%)
* Elements of w remaining: 1025 (100.00%)
* UVC proof at step 2
* G1 elements in proof: 2
* G2 elements in proof: 1
* Proof size in bits: 1019
* Cached h poly size: 65539
* UVC Prove step 2
* Elements of w skipped: 0 (0.00%)
* Elements of w processed with special addition: 0 (0.00%)
* Elements of w remaining: 1025 (100.00%)
* Elements of w skipped: 0 (0.00%)
* Elements of w processed with special addition: 0 (0.00%)
* Elements of w remaining: 1024 (100.00%)
* Elements of w skipped: 0 (0.00%)
* Elements of w processed with special addition: 0 (0.00%)
* Elements of w remaining: 1025 (100.00%)
* UVC proof at step 2
* G1 elements in proof: 2
* G2 elements in proof: 1
* Proof size in bits: 1019
* Cached h poly size: 65539
* UVC Prove step 2
* Elements of w skipped: 0 (0.00%)
* Elements of w processed with special addition: 0 (0.00%)
* Elements of w remaining: 1025 (100.00%)
* Elements of w skipped: 0 (0.00%)
* Elements of w processed with special addition: 0 (0.00%)
* Elements of w remaining: 1024 (100.00%)
* Elements of w skipped: 0 (0.00%)
* Elements of w processed with special addition: 0 (0.00%)
* Elements of w remaining: 1025 (100.00%)
* UVC proof at step 2
* G1 elements in proof: 2
* G2 elements in proof: 1
* Proof size in bits: 1019
* Cached h poly size: 65539
* UVC Prove step 2
* Elements of w skipped: 0 (0.00%)
* Elements of w processed with special addition: 0 (0.00%)
* Elements of w remaining: 1025 (100.00%)
* Elements of w skipped: 0 (0.00%)
* Elements of w processed with special addition: 0 (0.00%)
* Elements of w remaining: 1024 (100.00%)
* Elements of w skipped: 0 (0.00%)
* Elements of w processed with special addition: 0 (0.00%)
* Elements of w remaining: 1025 (100.00%)
* UVC proof at step 2
* G1 elements in proof: 2
* G2 elements in proof: 1
* Proof size in bits: 1019
* Cached h poly size: 65539
* UVC Prove step 2
* Elements of w skipped: 0 (0.00%)
* Elements of w processed with special addition: 0 (0.00%)
* Elements of w remaining: 1025 (100.00%)
* Elements of w skipped: 0 (0.00%)
* Elements of w processed with special addition: 0 (0.00%)
* Elements of w remaining: 1024 (100.00%)
* Elements of w skipped: 0 (0.00%)
* Elements of w processed with special addition: 0 (0.00%)
* Elements of w remaining: 1025 (100.00%)
* UVC proof at step 2
* G1 elements in proof: 2
* G2 elements in proof: 1
* Proof size in bits: 1019
* Cached h poly size: 65539
* UVC Prove step 2
* Elements of w skipped: 0 (0.00%)
* Elements of w processed with special addition: 0 (0.00%)
* Elements of w remaining: 1025 (100.00%)
* Elements of w skipped: 0 (0.00%)
* Elements of w processed with special addition: 0 (0.00%)
* Elements of w remaining: 1024 (100.00%)
* Elements of w skipped: 0 (0.00%)
* Elements of w processed with special addition: 0 (0.00%)
* Elements of w remaining: 1025 (100.00%)
* UVC proof at step 2
* G1 elements in proof: 2
* G2 elements in proof: 1
* Proof size in bits: 1019
* Cached h poly size: 65539
* UVC Prove step 2
* Elements of w skipped: 0 (0.00%)
* Elements of w processed with special addition: 0 (0.00%)
* Elements of w remaining: 1025 (100.00%)
* Elements of w skipped: 0 (0.00%)
* Elements of w processed with special addition: 0 (0.00%)
* Elements of w remaining: 1024 (100.00%)
* Elements of w skipped: 0 (0.00%)
* Elements of w processed with special addition: 0 (0.00%)
* Elements of w remaining: 1025 (100.00%)
* UVC proof at step 2
* G1 elements in proof: 2
* G2 elements in proof: 1
* Proof size in bits: 1019
* Cached h poly size: 65539
* UVC Prove step 2
* Elements of w skipped: 0 (0.00%)
* Elements of w processed with special addition: 0 (0.00%)
* Elements of w remaining: 1025 (100.00%)
* Elements of w skipped: 0 (0.00%)
* Elements of w processed with special addition: 0 (0.00%)
* Elements of w remaining: 1024 (100.00%)
* Elements of w skipped: 0 (0.00%)
* Elements of w processed with special addition: 0 (0.00%)
* Elements of w remaining: 1025 (100.00%)
* UVC proof at step 2
* G1 elements in proof: 2
* G2 elements in proof: 1
* Proof size in bits: 1019
* Cached h poly size: 65539
* UVC Prove step 2
* Elements of w skipped: 0 (0.00%)
* Elements of w processed with special addition: 0 (0.00%)
* Elements of w remaining: 1025 (100.00%)
* Elements of w skipped: 0 (0.00%)
* Elements of w processed with special addition: 0 (0.00%)
* Elements of w remaining: 1024 (100.00%)
* Elements of w skipped: 0 (0.00%)
* Elements of w processed with special addition: 0 (0.00%)
* Elements of w remaining: 1025 (100.00%)
* UVC proof at step 2
* G1 elements in proof: 2
* G2 elements in proof: 1
* Proof size in bits: 1019
* Cached h poly size: 65539
* UVC Prove step 2
* Elements of w skipped: 0 (0.00%)
* Elements of w processed with special addition: 0 (0.00%)
* Elements of w remaining: 1025 (100.00%)
* Elements of w skipped: 0 (0.00%)
* Elements of w processed with special addition: 0 (0.00%)
* Elements of w remaining: 1024 (100.00%)
* Elements of w skipped: 0 (0.00%)
* Elements of w processed with special addition: 0 (0.00%)
* Elements of w remaining: 1025 (100.00%)
* UVC proof at step 2
* G1 elements in proof: 2
* G2 elements in proof: 1
* Proof size in bits: 1019
* Cached h poly size: 65539
* UVC Verify step 2: PASS
* UVC Verify step 2: PASS
* UVC Verify step 2: PASS
* UVC Verify step 2: PASS
* UVC Verify step 2: PASS
* UVC Verify step 2: PASS
* UVC Verify step 2: PASS
* UVC Verify step 2: PASS
* UVC Verify step 2: PASS
* UVC Verify step 2: PASS
  2       1897.94       4.08          1019          PASS      
* UVC Prove step 4
* Elements of w skipped: 0 (0.00%)
* Elements of w processed with special addition: 0 (0.00%)
* Elements of w remaining: 1025 (100.00%)
* Elements of w skipped: 0 (0.00%)
* Elements of w processed with special addition: 0 (0.00%)
* Elements of w remaining: 1024 (100.00%)
* Elements of w skipped: 0 (0.00%)
* Elements of w processed with special addition: 0 (0.00%)
* Elements of w remaining: 1025 (100.00%)
* UVC proof at step 4
* G1 elements in proof: 2
* G2 elements in proof: 1
* Proof size in bits: 1019
* Cached h poly size: 65539
* UVC Prove step 4
* Elements of w skipped: 0 (0.00%)
* Elements of w processed with special addition: 0 (0.00%)
* Elements of w remaining: 1025 (100.00%)
* Elements of w skipped: 0 (0.00%)
* Elements of w processed with special addition: 0 (0.00%)
* Elements of w remaining: 1024 (100.00%)
* Elements of w skipped: 0 (0.00%)
* Elements of w processed with special addition: 0 (0.00%)
* Elements of w remaining: 1025 (100.00%)
* UVC proof at step 4
* G1 elements in proof: 2
* G2 elements in proof: 1
* Proof size in bits: 1019
* Cached h poly size: 65539
* UVC Prove step 4
* Elements of w skipped: 0 (0.00%)
* Elements of w processed with special addition: 0 (0.00%)
* Elements of w remaining: 1025 (100.00%)
* Elements of w skipped: 0 (0.00%)
* Elements of w processed with special addition: 0 (0.00%)
* Elements of w remaining: 1024 (100.00%)
* Elements of w skipped: 0 (0.00%)
* Elements of w processed with special addition: 0 (0.00%)
* Elements of w remaining: 1025 (100.00%)
* UVC proof at step 4
* G1 elements in proof: 2
* G2 elements in proof: 1
* Proof size in bits: 1019
* Cached h poly size: 65539
* UVC Prove step 4
* Elements of w skipped: 0 (0.00%)
* Elements of w processed with special addition: 0 (0.00%)
* Elements of w remaining: 1025 (100.00%)
* Elements of w skipped: 0 (0.00%)
* Elements of w processed with special addition: 0 (0.00%)
* Elements of w remaining: 1024 (100.00%)
* Elements of w skipped: 0 (0.00%)
* Elements of w processed with special addition: 0 (0.00%)
* Elements of w remaining: 1025 (100.00%)
* UVC proof at step 4
* G1 elements in proof: 2
* G2 elements in proof: 1
* Proof size in bits: 1019
* Cached h poly size: 65539
* UVC Prove step 4
* Elements of w skipped: 0 (0.00%)
* Elements of w processed with special addition: 0 (0.00%)
* Elements of w remaining: 1025 (100.00%)
* Elements of w skipped: 0 (0.00%)
* Elements of w processed with special addition: 0 (0.00%)
* Elements of w remaining: 1024 (100.00%)
* Elements of w skipped: 0 (0.00%)
* Elements of w processed with special addition: 0 (0.00%)
* Elements of w remaining: 1025 (100.00%)
* UVC proof at step 4
* G1 elements in proof: 2
* G2 elements in proof: 1
* Proof size in bits: 1019
* Cached h poly size: 65539
* UVC Prove step 4
* Elements of w skipped: 0 (0.00%)
* Elements of w processed with special addition: 0 (0.00%)
* Elements of w remaining: 1025 (100.00%)
* Elements of w skipped: 0 (0.00%)
* Elements of w processed with special addition: 0 (0.00%)
* Elements of w remaining: 1024 (100.00%)
* Elements of w skipped: 0 (0.00%)
* Elements of w processed with special addition: 0 (0.00%)
* Elements of w remaining: 1025 (100.00%)
* UVC proof at step 4
* G1 elements in proof: 2
* G2 elements in proof: 1
* Proof size in bits: 1019
* Cached h poly size: 65539
* UVC Prove step 4
* Elements of w skipped: 0 (0.00%)
* Elements of w processed with special addition: 0 (0.00%)
* Elements of w remaining: 1025 (100.00%)
* Elements of w skipped: 0 (0.00%)
* Elements of w processed with special addition: 0 (0.00%)
* Elements of w remaining: 1024 (100.00%)
* Elements of w skipped: 0 (0.00%)
* Elements of w processed with special addition: 0 (0.00%)
* Elements of w remaining: 1025 (100.00%)
* UVC proof at step 4
* G1 elements in proof: 2
* G2 elements in proof: 1
* Proof size in bits: 1019
* Cached h poly size: 65539
* UVC Prove step 4
* Elements of w skipped: 0 (0.00%)
* Elements of w processed with special addition: 0 (0.00%)
* Elements of w remaining: 1025 (100.00%)
* Elements of w skipped: 0 (0.00%)
* Elements of w processed with special addition: 0 (0.00%)
* Elements of w remaining: 1024 (100.00%)
* Elements of w skipped: 0 (0.00%)
* Elements of w processed with special addition: 0 (0.00%)
* Elements of w remaining: 1025 (100.00%)
* UVC proof at step 4
* G1 elements in proof: 2
* G2 elements in proof: 1
* Proof size in bits: 1019
* Cached h poly size: 65539
* UVC Prove step 4
* Elements of w skipped: 0 (0.00%)
* Elements of w processed with special addition: 0 (0.00%)
* Elements of w remaining: 1025 (100.00%)
* Elements of w skipped: 0 (0.00%)
* Elements of w processed with special addition: 0 (0.00%)
* Elements of w remaining: 1024 (100.00%)
* Elements of w skipped: 0 (0.00%)
* Elements of w processed with special addition: 0 (0.00%)
* Elements of w remaining: 1025 (100.00%)
* UVC proof at step 4
* G1 elements in proof: 2
* G2 elements in proof: 1
* Proof size in bits: 1019
* Cached h poly size: 65539
* UVC Prove step 4
* Elements of w skipped: 0 (0.00%)
* Elements of w processed with special addition: 0 (0.00%)
* Elements of w remaining: 1025 (100.00%)
* Elements of w skipped: 0 (0.00%)
* Elements of w processed with special addition: 0 (0.00%)
* Elements of w remaining: 1024 (100.00%)
* Elements of w skipped: 0 (0.00%)
* Elements of w processed with special addition: 0 (0.00%)
* Elements of w remaining: 1025 (100.00%)
* UVC proof at step 4
* G1 elements in proof: 2
* G2 elements in proof: 1
* Proof size in bits: 1019
* Cached h poly size: 65539
* UVC Verify step 4: PASS
* UVC Verify step 4: PASS
* UVC Verify step 4: PASS
* UVC Verify step 4: PASS
* UVC Verify step 4: PASS
* UVC Verify step 4: PASS
* UVC Verify step 4: PASS
* UVC Verify step 4: PASS
* UVC Verify step 4: PASS
* UVC Verify step 4: PASS
  4       1899.60       4.07          1019          PASS      
* UVC Prove step 8
* Elements of w skipped: 0 (0.00%)
* Elements of w processed with special addition: 0 (0.00%)
* Elements of w remaining: 1025 (100.00%)
* Elements of w skipped: 0 (0.00%)
* Elements of w processed with special addition: 0 (0.00%)
* Elements of w remaining: 1024 (100.00%)
* Elements of w skipped: 0 (0.00%)
* Elements of w processed with special addition: 0 (0.00%)
* Elements of w remaining: 1025 (100.00%)
* UVC proof at step 8
* G1 elements in proof: 2
* G2 elements in proof: 1
* Proof size in bits: 1019
* Cached h poly size: 65539
* UVC Prove step 8
* Elements of w skipped: 0 (0.00%)
* Elements of w processed with special addition: 0 (0.00%)
* Elements of w remaining: 1025 (100.00%)
* Elements of w skipped: 0 (0.00%)
* Elements of w processed with special addition: 0 (0.00%)
* Elements of w remaining: 1024 (100.00%)
* Elements of w skipped: 0 (0.00%)
* Elements of w processed with special addition: 0 (0.00%)
* Elements of w remaining: 1025 (100.00%)
* UVC proof at step 8
* G1 elements in proof: 2
* G2 elements in proof: 1
* Proof size in bits: 1019
* Cached h poly size: 65539
* UVC Prove step 8
* Elements of w skipped: 0 (0.00%)
* Elements of w processed with special addition: 0 (0.00%)
* Elements of w remaining: 1025 (100.00%)
* Elements of w skipped: 0 (0.00%)
* Elements of w processed with special addition: 0 (0.00%)
* Elements of w remaining: 1024 (100.00%)
* Elements of w skipped: 0 (0.00%)
* Elements of w processed with special addition: 0 (0.00%)
* Elements of w remaining: 1025 (100.00%)
* UVC proof at step 8
* G1 elements in proof: 2
* G2 elements in proof: 1
* Proof size in bits: 1019
* Cached h poly size: 65539
* UVC Prove step 8
* Elements of w skipped: 0 (0.00%)
* Elements of w processed with special addition: 0 (0.00%)
* Elements of w remaining: 1025 (100.00%)
* Elements of w skipped: 0 (0.00%)
* Elements of w processed with special addition: 0 (0.00%)
* Elements of w remaining: 1024 (100.00%)
* Elements of w skipped: 0 (0.00%)
* Elements of w processed with special addition: 0 (0.00%)
* Elements of w remaining: 1025 (100.00%)
* UVC proof at step 8
* G1 elements in proof: 2
* G2 elements in proof: 1
* Proof size in bits: 1019
* Cached h poly size: 65539
* UVC Prove step 8
* Elements of w skipped: 0 (0.00%)
* Elements of w processed with special addition: 0 (0.00%)
* Elements of w remaining: 1025 (100.00%)
* Elements of w skipped: 0 (0.00%)
* Elements of w processed with special addition: 0 (0.00%)
* Elements of w remaining: 1024 (100.00%)
* Elements of w skipped: 0 (0.00%)
* Elements of w processed with special addition: 0 (0.00%)
* Elements of w remaining: 1025 (100.00%)
* UVC proof at step 8
* G1 elements in proof: 2
* G2 elements in proof: 1
* Proof size in bits: 1019
* Cached h poly size: 65539
* UVC Prove step 8
* Elements of w skipped: 0 (0.00%)
* Elements of w processed with special addition: 0 (0.00%)
* Elements of w remaining: 1025 (100.00%)
* Elements of w skipped: 0 (0.00%)
* Elements of w processed with special addition: 0 (0.00%)
* Elements of w remaining: 1024 (100.00%)
* Elements of w skipped: 0 (0.00%)
* Elements of w processed with special addition: 0 (0.00%)
* Elements of w remaining: 1025 (100.00%)
* UVC proof at step 8
* G1 elements in proof: 2
* G2 elements in proof: 1
* Proof size in bits: 1019
* Cached h poly size: 65539
* UVC Prove step 8
* Elements of w skipped: 0 (0.00%)
* Elements of w processed with special addition: 0 (0.00%)
* Elements of w remaining: 1025 (100.00%)
* Elements of w skipped: 0 (0.00%)
* Elements of w processed with special addition: 0 (0.00%)
* Elements of w remaining: 1024 (100.00%)
* Elements of w skipped: 0 (0.00%)
* Elements of w processed with special addition: 0 (0.00%)
* Elements of w remaining: 1025 (100.00%)
* UVC proof at step 8
* G1 elements in proof: 2
* G2 elements in proof: 1
* Proof size in bits: 1019
* Cached h poly size: 65539
* UVC Prove step 8
* Elements of w skipped: 0 (0.00%)
* Elements of w processed with special addition: 0 (0.00%)
* Elements of w remaining: 1025 (100.00%)
* Elements of w skipped: 0 (0.00%)
* Elements of w processed with special addition: 0 (0.00%)
* Elements of w remaining: 1024 (100.00%)
* Elements of w skipped: 0 (0.00%)
* Elements of w processed with special addition: 0 (0.00%)
* Elements of w remaining: 1025 (100.00%)
* UVC proof at step 8
* G1 elements in proof: 2
* G2 elements in proof: 1
* Proof size in bits: 1019
* Cached h poly size: 65539
* UVC Prove step 8
* Elements of w skipped: 0 (0.00%)
* Elements of w processed with special addition: 0 (0.00%)
* Elements of w remaining: 1025 (100.00%)
* Elements of w skipped: 0 (0.00%)
* Elements of w processed with special addition: 0 (0.00%)
* Elements of w remaining: 1024 (100.00%)
* Elements of w skipped: 0 (0.00%)
* Elements of w processed with special addition: 0 (0.00%)
* Elements of w remaining: 1025 (100.00%)
* UVC proof at step 8
* G1 elements in proof: 2
* G2 elements in proof: 1
* Proof size in bits: 1019
* Cached h poly size: 65539
* UVC Prove step 8
* Elements of w skipped: 0 (0.00%)
* Elements of w processed with special addition: 0 (0.00%)
* Elements of w remaining: 1025 (100.00%)
* Elements of w skipped: 0 (0.00%)
* Elements of w processed with special addition: 0 (0.00%)
* Elements of w remaining: 1024 (100.00%)
* Elements of w skipped: 0 (0.00%)
* Elements of w processed with special addition: 0 (0.00%)
* Elements of w remaining: 1025 (100.00%)
* UVC proof at step 8
* G1 elements in proof: 2
* G2 elements in proof: 1
* Proof size in bits: 1019
* Cached h poly size: 65539
* UVC Verify step 8: PASS
* UVC Verify step 8: PASS
* UVC Verify step 8: PASS
* UVC Verify step 8: PASS
* UVC Verify step 8: PASS
* UVC Verify step 8: PASS
* UVC Verify step 8: PASS
* UVC Verify step 8: PASS
* UVC Verify step 8: PASS
* UVC Verify step 8: PASS
  8       1902.28       4.07          1019          PASS      
* UVC Prove step 16
* Elements of w skipped: 0 (0.00%)
* Elements of w processed with special addition: 0 (0.00%)
* Elements of w remaining: 1025 (100.00%)
* Elements of w skipped: 0 (0.00%)
* Elements of w processed with special addition: 0 (0.00%)
* Elements of w remaining: 1024 (100.00%)
* Elements of w skipped: 0 (0.00%)
* Elements of w processed with special addition: 0 (0.00%)
* Elements of w remaining: 1025 (100.00%)
* UVC proof at step 16
* G1 elements in proof: 2
* G2 elements in proof: 1
* Proof size in bits: 1019
* Cached h poly size: 65539
* UVC Prove step 16
* Elements of w skipped: 0 (0.00%)
* Elements of w processed with special addition: 0 (0.00%)
* Elements of w remaining: 1025 (100.00%)
* Elements of w skipped: 0 (0.00%)
* Elements of w processed with special addition: 0 (0.00%)
* Elements of w remaining: 1024 (100.00%)
* Elements of w skipped: 0 (0.00%)
* Elements of w processed with special addition: 0 (0.00%)
* Elements of w remaining: 1025 (100.00%)
* UVC proof at step 16
* G1 elements in proof: 2
* G2 elements in proof: 1
* Proof size in bits: 1019
* Cached h poly size: 65539
* UVC Prove step 16
* Elements of w skipped: 0 (0.00%)
* Elements of w processed with special addition: 0 (0.00%)
* Elements of w remaining: 1025 (100.00%)
* Elements of w skipped: 0 (0.00%)
* Elements of w processed with special addition: 0 (0.00%)
* Elements of w remaining: 1024 (100.00%)
* Elements of w skipped: 0 (0.00%)
* Elements of w processed with special addition: 0 (0.00%)
* Elements of w remaining: 1025 (100.00%)
* UVC proof at step 16
* G1 elements in proof: 2
* G2 elements in proof: 1
* Proof size in bits: 1019
* Cached h poly size: 65539
* UVC Prove step 16
* Elements of w skipped: 0 (0.00%)
* Elements of w processed with special addition: 0 (0.00%)
* Elements of w remaining: 1025 (100.00%)
* Elements of w skipped: 0 (0.00%)
* Elements of w processed with special addition: 0 (0.00%)
* Elements of w remaining: 1024 (100.00%)
* Elements of w skipped: 0 (0.00%)
* Elements of w processed with special addition: 0 (0.00%)
* Elements of w remaining: 1025 (100.00%)
* UVC proof at step 16
* G1 elements in proof: 2
* G2 elements in proof: 1
* Proof size in bits: 1019
* Cached h poly size: 65539
* UVC Prove step 16
* Elements of w skipped: 0 (0.00%)
* Elements of w processed with special addition: 0 (0.00%)
* Elements of w remaining: 1025 (100.00%)
* Elements of w skipped: 0 (0.00%)
* Elements of w processed with special addition: 0 (0.00%)
* Elements of w remaining: 1024 (100.00%)
* Elements of w skipped: 0 (0.00%)
* Elements of w processed with special addition: 0 (0.00%)
* Elements of w remaining: 1025 (100.00%)
* UVC proof at step 16
* G1 elements in proof: 2
* G2 elements in proof: 1
* Proof size in bits: 1019
* Cached h poly size: 65539
* UVC Prove step 16
* Elements of w skipped: 0 (0.00%)
* Elements of w processed with special addition: 0 (0.00%)
* Elements of w remaining: 1025 (100.00%)
* Elements of w skipped: 0 (0.00%)
* Elements of w processed with special addition: 0 (0.00%)
* Elements of w remaining: 1024 (100.00%)
* Elements of w skipped: 0 (0.00%)
* Elements of w processed with special addition: 0 (0.00%)
* Elements of w remaining: 1025 (100.00%)
* UVC proof at step 16
* G1 elements in proof: 2
* G2 elements in proof: 1
* Proof size in bits: 1019
* Cached h poly size: 65539
* UVC Prove step 16
* Elements of w skipped: 0 (0.00%)
* Elements of w processed with special addition: 0 (0.00%)
* Elements of w remaining: 1025 (100.00%)
* Elements of w skipped: 0 (0.00%)
* Elements of w processed with special addition: 0 (0.00%)
* Elements of w remaining: 1024 (100.00%)
* Elements of w skipped: 0 (0.00%)
* Elements of w processed with special addition: 0 (0.00%)
* Elements of w remaining: 1025 (100.00%)
* UVC proof at step 16
* G1 elements in proof: 2
* G2 elements in proof: 1
* Proof size in bits: 1019
* Cached h poly size: 65539
* UVC Prove step 16
* Elements of w skipped: 0 (0.00%)
* Elements of w processed with special addition: 0 (0.00%)
* Elements of w remaining: 1025 (100.00%)
* Elements of w skipped: 0 (0.00%)
* Elements of w processed with special addition: 0 (0.00%)
* Elements of w remaining: 1024 (100.00%)
* Elements of w skipped: 0 (0.00%)
* Elements of w processed with special addition: 0 (0.00%)
* Elements of w remaining: 1025 (100.00%)
* UVC proof at step 16
* G1 elements in proof: 2
* G2 elements in proof: 1
* Proof size in bits: 1019
* Cached h poly size: 65539
* UVC Prove step 16
* Elements of w skipped: 0 (0.00%)
* Elements of w processed with special addition: 0 (0.00%)
* Elements of w remaining: 1025 (100.00%)
* Elements of w skipped: 0 (0.00%)
* Elements of w processed with special addition: 0 (0.00%)
* Elements of w remaining: 1024 (100.00%)
* Elements of w skipped: 0 (0.00%)
* Elements of w processed with special addition: 0 (0.00%)
* Elements of w remaining: 1025 (100.00%)
* UVC proof at step 16
* G1 elements in proof: 2
* G2 elements in proof: 1
* Proof size in bits: 1019
* Cached h poly size: 65539
* UVC Prove step 16
* Elements of w skipped: 0 (0.00%)
* Elements of w processed with special addition: 0 (0.00%)
* Elements of w remaining: 1025 (100.00%)
* Elements of w skipped: 0 (0.00%)
* Elements of w processed with special addition: 0 (0.00%)
* Elements of w remaining: 1024 (100.00%)
* Elements of w skipped: 0 (0.00%)
* Elements of w processed with special addition: 0 (0.00%)
* Elements of w remaining: 1025 (100.00%)
* UVC proof at step 16
* G1 elements in proof: 2
* G2 elements in proof: 1
* Proof size in bits: 1019
* Cached h poly size: 65539
* UVC Verify step 16: PASS
* UVC Verify step 16: PASS
* UVC Verify step 16: PASS
* UVC Verify step 16: PASS
* UVC Verify step 16: PASS
* UVC Verify step 16: PASS
* UVC Verify step 16: PASS
* UVC Verify step 16: PASS
* UVC Verify step 16: PASS
* UVC Verify step 16: PASS
  16      1902.41       4.07          1019          PASS      
* UVC Prove step 32
* Elements of w skipped: 0 (0.00%)
* Elements of w processed with special addition: 0 (0.00%)
* Elements of w remaining: 1025 (100.00%)
* Elements of w skipped: 0 (0.00%)
* Elements of w processed with special addition: 0 (0.00%)
* Elements of w remaining: 1024 (100.00%)
* Elements of w skipped: 0 (0.00%)
* Elements of w processed with special addition: 0 (0.00%)
* Elements of w remaining: 1025 (100.00%)
* UVC proof at step 32
* G1 elements in proof: 2
* G2 elements in proof: 1
* Proof size in bits: 1019
* Cached h poly size: 65539
* UVC Prove step 32
* Elements of w skipped: 0 (0.00%)
* Elements of w processed with special addition: 0 (0.00%)
* Elements of w remaining: 1025 (100.00%)
* Elements of w skipped: 0 (0.00%)
* Elements of w processed with special addition: 0 (0.00%)
* Elements of w remaining: 1024 (100.00%)
* Elements of w skipped: 0 (0.00%)
* Elements of w processed with special addition: 0 (0.00%)
* Elements of w remaining: 1025 (100.00%)
* UVC proof at step 32
* G1 elements in proof: 2
* G2 elements in proof: 1
* Proof size in bits: 1019
* Cached h poly size: 65539
* UVC Prove step 32
* Elements of w skipped: 0 (0.00%)
* Elements of w processed with special addition: 0 (0.00%)
* Elements of w remaining: 1025 (100.00%)
* Elements of w skipped: 0 (0.00%)
* Elements of w processed with special addition: 0 (0.00%)
* Elements of w remaining: 1024 (100.00%)
* Elements of w skipped: 0 (0.00%)
* Elements of w processed with special addition: 0 (0.00%)
* Elements of w remaining: 1025 (100.00%)
* UVC proof at step 32
* G1 elements in proof: 2
* G2 elements in proof: 1
* Proof size in bits: 1019
* Cached h poly size: 65539
* UVC Prove step 32
* Elements of w skipped: 0 (0.00%)
* Elements of w processed with special addition: 0 (0.00%)
* Elements of w remaining: 1025 (100.00%)
* Elements of w skipped: 0 (0.00%)
* Elements of w processed with special addition: 0 (0.00%)
* Elements of w remaining: 1024 (100.00%)
* Elements of w skipped: 0 (0.00%)
* Elements of w processed with special addition: 0 (0.00%)
* Elements of w remaining: 1025 (100.00%)
* UVC proof at step 32
* G1 elements in proof: 2
* G2 elements in proof: 1
* Proof size in bits: 1019
* Cached h poly size: 65539
* UVC Prove step 32
* Elements of w skipped: 0 (0.00%)
* Elements of w processed with special addition: 0 (0.00%)
* Elements of w remaining: 1025 (100.00%)
* Elements of w skipped: 0 (0.00%)
* Elements of w processed with special addition: 0 (0.00%)
* Elements of w remaining: 1024 (100.00%)
* Elements of w skipped: 0 (0.00%)
* Elements of w processed with special addition: 0 (0.00%)
* Elements of w remaining: 1025 (100.00%)
* UVC proof at step 32
* G1 elements in proof: 2
* G2 elements in proof: 1
* Proof size in bits: 1019
* Cached h poly size: 65539
* UVC Prove step 32
* Elements of w skipped: 0 (0.00%)
* Elements of w processed with special addition: 0 (0.00%)
* Elements of w remaining: 1025 (100.00%)
* Elements of w skipped: 0 (0.00%)
* Elements of w processed with special addition: 0 (0.00%)
* Elements of w remaining: 1024 (100.00%)
* Elements of w skipped: 0 (0.00%)
* Elements of w processed with special addition: 0 (0.00%)
* Elements of w remaining: 1025 (100.00%)
* UVC proof at step 32
* G1 elements in proof: 2
* G2 elements in proof: 1
* Proof size in bits: 1019
* Cached h poly size: 65539
* UVC Prove step 32
* Elements of w skipped: 0 (0.00%)
* Elements of w processed with special addition: 0 (0.00%)
* Elements of w remaining: 1025 (100.00%)
* Elements of w skipped: 0 (0.00%)
* Elements of w processed with special addition: 0 (0.00%)
* Elements of w remaining: 1024 (100.00%)
* Elements of w skipped: 0 (0.00%)
* Elements of w processed with special addition: 0 (0.00%)
* Elements of w remaining: 1025 (100.00%)
* UVC proof at step 32
* G1 elements in proof: 2
* G2 elements in proof: 1
* Proof size in bits: 1019
* Cached h poly size: 65539
* UVC Prove step 32
* Elements of w skipped: 0 (0.00%)
* Elements of w processed with special addition: 0 (0.00%)
* Elements of w remaining: 1025 (100.00%)
* Elements of w skipped: 0 (0.00%)
* Elements of w processed with special addition: 0 (0.00%)
* Elements of w remaining: 1024 (100.00%)
* Elements of w skipped: 0 (0.00%)
* Elements of w processed with special addition: 0 (0.00%)
* Elements of w remaining: 1025 (100.00%)
* UVC proof at step 32
* G1 elements in proof: 2
* G2 elements in proof: 1
* Proof size in bits: 1019
* Cached h poly size: 65539
* UVC Prove step 32
* Elements of w skipped: 0 (0.00%)
* Elements of w processed with special addition: 0 (0.00%)
* Elements of w remaining: 1025 (100.00%)
* Elements of w skipped: 0 (0.00%)
* Elements of w processed with special addition: 0 (0.00%)
* Elements of w remaining: 1024 (100.00%)
* Elements of w skipped: 0 (0.00%)
* Elements of w processed with special addition: 0 (0.00%)
* Elements of w remaining: 1025 (100.00%)
* UVC proof at step 32
* G1 elements in proof: 2
* G2 elements in proof: 1
* Proof size in bits: 1019
* Cached h poly size: 65539
* UVC Prove step 32
* Elements of w skipped: 0 (0.00%)
* Elements of w processed with special addition: 0 (0.00%)
* Elements of w remaining: 1025 (100.00%)
* Elements of w skipped: 0 (0.00%)
* Elements of w processed with special addition: 0 (0.00%)
* Elements of w remaining: 1024 (100.00%)
* Elements of w skipped: 0 (0.00%)
* Elements of w processed with special addition: 0 (0.00%)
* Elements of w remaining: 1025 (100.00%)
* UVC proof at step 32
* G1 elements in proof: 2
* G2 elements in proof: 1
* Proof size in bits: 1019
* Cached h poly size: 65539
* UVC Verify step 32: PASS
* UVC Verify step 32: PASS
* UVC Verify step 32: PASS
* UVC Verify step 32: PASS
* UVC Verify step 32: PASS
* UVC Verify step 32: PASS
* UVC Verify step 32: PASS
* UVC Verify step 32: PASS
* UVC Verify step 32: PASS
* UVC Verify step 32: PASS
  32      1905.18       4.08          1019          PASS      
* UVC Prove step 64
* Elements of w skipped: 0 (0.00%)
* Elements of w processed with special addition: 0 (0.00%)
* Elements of w remaining: 1025 (100.00%)
* Elements of w skipped: 0 (0.00%)
* Elements of w processed with special addition: 0 (0.00%)
* Elements of w remaining: 1024 (100.00%)
* Elements of w skipped: 0 (0.00%)
* Elements of w processed with special addition: 0 (0.00%)
* Elements of w remaining: 1025 (100.00%)
* UVC proof at step 64
* G1 elements in proof: 2
* G2 elements in proof: 1
* Proof size in bits: 1019
* Cached h poly size: 65539
* UVC Prove step 64
* Elements of w skipped: 0 (0.00%)
* Elements of w processed with special addition: 0 (0.00%)
* Elements of w remaining: 1025 (100.00%)
* Elements of w skipped: 0 (0.00%)
* Elements of w processed with special addition: 0 (0.00%)
* Elements of w remaining: 1024 (100.00%)
* Elements of w skipped: 0 (0.00%)
* Elements of w processed with special addition: 0 (0.00%)
* Elements of w remaining: 1025 (100.00%)
* UVC proof at step 64
* G1 elements in proof: 2
* G2 elements in proof: 1
* Proof size in bits: 1019
* Cached h poly size: 65539
* UVC Prove step 64
* Elements of w skipped: 0 (0.00%)
* Elements of w processed with special addition: 0 (0.00%)
* Elements of w remaining: 1025 (100.00%)
* Elements of w skipped: 0 (0.00%)
* Elements of w processed with special addition: 0 (0.00%)
* Elements of w remaining: 1024 (100.00%)
* Elements of w skipped: 0 (0.00%)
* Elements of w processed with special addition: 0 (0.00%)
* Elements of w remaining: 1025 (100.00%)
* UVC proof at step 64
* G1 elements in proof: 2
* G2 elements in proof: 1
* Proof size in bits: 1019
* Cached h poly size: 65539
* UVC Prove step 64
* Elements of w skipped: 0 (0.00%)
* Elements of w processed with special addition: 0 (0.00%)
* Elements of w remaining: 1025 (100.00%)
* Elements of w skipped: 0 (0.00%)
* Elements of w processed with special addition: 0 (0.00%)
* Elements of w remaining: 1024 (100.00%)
* Elements of w skipped: 0 (0.00%)
* Elements of w processed with special addition: 0 (0.00%)
* Elements of w remaining: 1025 (100.00%)
* UVC proof at step 64
* G1 elements in proof: 2
* G2 elements in proof: 1
* Proof size in bits: 1019
* Cached h poly size: 65539
* UVC Prove step 64
* Elements of w skipped: 0 (0.00%)
* Elements of w processed with special addition: 0 (0.00%)
* Elements of w remaining: 1025 (100.00%)
* Elements of w skipped: 0 (0.00%)
* Elements of w processed with special addition: 0 (0.00%)
* Elements of w remaining: 1024 (100.00%)
* Elements of w skipped: 0 (0.00%)
* Elements of w processed with special addition: 0 (0.00%)
* Elements of w remaining: 1025 (100.00%)
* UVC proof at step 64
* G1 elements in proof: 2
* G2 elements in proof: 1
* Proof size in bits: 1019
* Cached h poly size: 65539
* UVC Prove step 64
* Elements of w skipped: 0 (0.00%)
* Elements of w processed with special addition: 0 (0.00%)
* Elements of w remaining: 1025 (100.00%)
* Elements of w skipped: 0 (0.00%)
* Elements of w processed with special addition: 0 (0.00%)
* Elements of w remaining: 1024 (100.00%)
* Elements of w skipped: 0 (0.00%)
* Elements of w processed with special addition: 0 (0.00%)
* Elements of w remaining: 1025 (100.00%)
* UVC proof at step 64
* G1 elements in proof: 2
* G2 elements in proof: 1
* Proof size in bits: 1019
* Cached h poly size: 65539
* UVC Prove step 64
* Elements of w skipped: 0 (0.00%)
* Elements of w processed with special addition: 0 (0.00%)
* Elements of w remaining: 1025 (100.00%)
* Elements of w skipped: 0 (0.00%)
* Elements of w processed with special addition: 0 (0.00%)
* Elements of w remaining: 1024 (100.00%)
* Elements of w skipped: 0 (0.00%)
* Elements of w processed with special addition: 0 (0.00%)
* Elements of w remaining: 1025 (100.00%)
* UVC proof at step 64
* G1 elements in proof: 2
* G2 elements in proof: 1
* Proof size in bits: 1019
* Cached h poly size: 65539
* UVC Prove step 64
* Elements of w skipped: 0 (0.00%)
* Elements of w processed with special addition: 0 (0.00%)
* Elements of w remaining: 1025 (100.00%)
* Elements of w skipped: 0 (0.00%)
* Elements of w processed with special addition: 0 (0.00%)
* Elements of w remaining: 1024 (100.00%)
* Elements of w skipped: 0 (0.00%)
* Elements of w processed with special addition: 0 (0.00%)
* Elements of w remaining: 1025 (100.00%)
* UVC proof at step 64
* G1 elements in proof: 2
* G2 elements in proof: 1
* Proof size in bits: 1019
* Cached h poly size: 65539
* UVC Prove step 64
* Elements of w skipped: 0 (0.00%)
* Elements of w processed with special addition: 0 (0.00%)
* Elements of w remaining: 1025 (100.00%)
* Elements of w skipped: 0 (0.00%)
* Elements of w processed with special addition: 0 (0.00%)
* Elements of w remaining: 1024 (100.00%)
* Elements of w skipped: 0 (0.00%)
* Elements of w processed with special addition: 0 (0.00%)
* Elements of w remaining: 1025 (100.00%)
* UVC proof at step 64
* G1 elements in proof: 2
* G2 elements in proof: 1
* Proof size in bits: 1019
* Cached h poly size: 65539
* UVC Prove step 64
* Elements of w skipped: 0 (0.00%)
* Elements of w processed with special addition: 0 (0.00%)
* Elements of w remaining: 1025 (100.00%)
* Elements of w skipped: 0 (0.00%)
* Elements of w processed with special addition: 0 (0.00%)
* Elements of w remaining: 1024 (100.00%)
* Elements of w skipped: 0 (0.00%)
* Elements of w processed with special addition: 0 (0.00%)
* Elements of w remaining: 1025 (100.00%)
* UVC proof at step 64
* G1 elements in proof: 2
* G2 elements in proof: 1
* Proof size in bits: 1019
* Cached h poly size: 65539
* UVC Verify step 64: PASS
* UVC Verify step 64: PASS
* UVC Verify step 64: PASS
* UVC Verify step 64: PASS
* UVC Verify step 64: PASS
* UVC Verify step 64: PASS
* UVC Verify step 64: PASS
* UVC Verify step 64: PASS
* UVC Verify step 64: PASS
* UVC Verify step 64: PASS
  64      1909.71       4.18          1019          PASS      

  UVC results written to /Users/heewonchung/Documents/00-Research/active/Updatable Verifiable Computation/Dev/results/2026-03-06_121849_paper/csv/uvc_results.csv

================================================================
Groth16 Benchmark: circuit=scalable, n=1024, B=64
================================================================

  Step    C_j constr  Setup (ms)    Prove (ms)    Verify (ms)   Verified  
  ------  ----------  ------------  ------------  ------------  ----------
* Composed C_1: 1024 constraints, 1026 variables, 2 inputs
Swap is not beneficial, not performing
* QAP number of variables: 1026
* QAP pre degree: 1024
* QAP degree: 1028
* QAP number of input variables: 2
* G1 window: 9
* G2 window: 8
* G1 elements in PK: 4106
* Non-zero G1 elements in PK: 4103
* G2 elements in PK: 1028
* Non-zero G2 elements in PK: 1025
* PK size in bits: 1633526
* G1 elements in VK: 2
* G2 elements in VK: 2
* GT elements in VK: 1
* VK size in bits: 1911
* Elements of w skipped: 0 (0.00%)
* Elements of w processed with special addition: 1 (0.10%)
* Elements of w remaining: 1026 (99.90%)
* Elements of w skipped: 0 (0.00%)
* Elements of w processed with special addition: 0 (0.00%)
* Elements of w remaining: 1024 (100.00%)
* Elements of w skipped: 0 (0.00%)
* Elements of w processed with special addition: 0 (0.00%)
* Elements of w remaining: 1024 (100.00%)
* G1 elements in proof: 2
* G2 elements in proof: 1
* Proof size in bits: 1019
* Elements of w skipped: 0 (0.00%)
* Elements of w processed with special addition: 1 (0.10%)
* Elements of w remaining: 1026 (99.90%)
* Elements of w skipped: 0 (0.00%)
* Elements of w processed with special addition: 0 (0.00%)
* Elements of w remaining: 1024 (100.00%)
* Elements of w skipped: 0 (0.00%)
* Elements of w processed with special addition: 0 (0.00%)
* Elements of w remaining: 1024 (100.00%)
* G1 elements in proof: 2
* G2 elements in proof: 1
* Proof size in bits: 1019
* Elements of w skipped: 0 (0.00%)
* Elements of w processed with special addition: 1 (0.10%)
* Elements of w remaining: 1026 (99.90%)
* Elements of w skipped: 0 (0.00%)
* Elements of w processed with special addition: 0 (0.00%)
* Elements of w remaining: 1024 (100.00%)
* Elements of w skipped: 0 (0.00%)
* Elements of w processed with special addition: 0 (0.00%)
* Elements of w remaining: 1024 (100.00%)
* G1 elements in proof: 2
* G2 elements in proof: 1
* Proof size in bits: 1019
* Elements of w skipped: 0 (0.00%)
* Elements of w processed with special addition: 1 (0.10%)
* Elements of w remaining: 1026 (99.90%)
* Elements of w skipped: 0 (0.00%)
* Elements of w processed with special addition: 0 (0.00%)
* Elements of w remaining: 1024 (100.00%)
* Elements of w skipped: 0 (0.00%)
* Elements of w processed with special addition: 0 (0.00%)
* Elements of w remaining: 1024 (100.00%)
* G1 elements in proof: 2
* G2 elements in proof: 1
* Proof size in bits: 1019
* Elements of w skipped: 0 (0.00%)
* Elements of w processed with special addition: 1 (0.10%)
* Elements of w remaining: 1026 (99.90%)
* Elements of w skipped: 0 (0.00%)
* Elements of w processed with special addition: 0 (0.00%)
* Elements of w remaining: 1024 (100.00%)
* Elements of w skipped: 0 (0.00%)
* Elements of w processed with special addition: 0 (0.00%)
* Elements of w remaining: 1024 (100.00%)
* G1 elements in proof: 2
* G2 elements in proof: 1
* Proof size in bits: 1019
* Elements of w skipped: 0 (0.00%)
* Elements of w processed with special addition: 1 (0.10%)
* Elements of w remaining: 1026 (99.90%)
* Elements of w skipped: 0 (0.00%)
* Elements of w processed with special addition: 0 (0.00%)
* Elements of w remaining: 1024 (100.00%)
* Elements of w skipped: 0 (0.00%)
* Elements of w processed with special addition: 0 (0.00%)
* Elements of w remaining: 1024 (100.00%)
* G1 elements in proof: 2
* G2 elements in proof: 1
* Proof size in bits: 1019
* Elements of w skipped: 0 (0.00%)
* Elements of w processed with special addition: 1 (0.10%)
* Elements of w remaining: 1026 (99.90%)
* Elements of w skipped: 0 (0.00%)
* Elements of w processed with special addition: 0 (0.00%)
* Elements of w remaining: 1024 (100.00%)
* Elements of w skipped: 0 (0.00%)
* Elements of w processed with special addition: 0 (0.00%)
* Elements of w remaining: 1024 (100.00%)
* G1 elements in proof: 2
* G2 elements in proof: 1
* Proof size in bits: 1019
* Elements of w skipped: 0 (0.00%)
* Elements of w processed with special addition: 1 (0.10%)
* Elements of w remaining: 1026 (99.90%)
* Elements of w skipped: 0 (0.00%)
* Elements of w processed with special addition: 0 (0.00%)
* Elements of w remaining: 1024 (100.00%)
* Elements of w skipped: 0 (0.00%)
* Elements of w processed with special addition: 0 (0.00%)
* Elements of w remaining: 1024 (100.00%)
* G1 elements in proof: 2
* G2 elements in proof: 1
* Proof size in bits: 1019
* Elements of w skipped: 0 (0.00%)
* Elements of w processed with special addition: 1 (0.10%)
* Elements of w remaining: 1026 (99.90%)
* Elements of w skipped: 0 (0.00%)
* Elements of w processed with special addition: 0 (0.00%)
* Elements of w remaining: 1024 (100.00%)
* Elements of w skipped: 0 (0.00%)
* Elements of w processed with special addition: 0 (0.00%)
* Elements of w remaining: 1024 (100.00%)
* G1 elements in proof: 2
* G2 elements in proof: 1
* Proof size in bits: 1019
* Elements of w skipped: 0 (0.00%)
* Elements of w processed with special addition: 1 (0.10%)
* Elements of w remaining: 1026 (99.90%)
* Elements of w skipped: 0 (0.00%)
* Elements of w processed with special addition: 0 (0.00%)
* Elements of w remaining: 1024 (100.00%)
* Elements of w skipped: 0 (0.00%)
* Elements of w processed with special addition: 0 (0.00%)
* Elements of w remaining: 1024 (100.00%)
* G1 elements in proof: 2
* G2 elements in proof: 1
* Proof size in bits: 1019
  1       1024        238.8         296.57        3.98          PASS      
* Composed C_2: 2048 constraints, 2051 variables, 2 inputs
Swap is not beneficial, not performing
* QAP number of variables: 2051
* QAP pre degree: 2048
* QAP degree: 2052
* QAP number of input variables: 2
* G1 window: 9
* G2 window: 9
* G1 elements in PK: 8205
* Non-zero G1 elements in PK: 8201
* G2 elements in PK: 2053
* Non-zero G2 elements in PK: 2049
* PK size in bits: 3265268
* G1 elements in VK: 2
* G2 elements in VK: 2
* GT elements in VK: 1
* VK size in bits: 1911
* Elements of w skipped: 0 (0.00%)
* Elements of w processed with special addition: 1 (0.05%)
* Elements of w remaining: 2051 (99.95%)
* Elements of w skipped: 0 (0.00%)
* Elements of w processed with special addition: 0 (0.00%)
* Elements of w remaining: 2048 (100.00%)
* Elements of w skipped: 0 (0.00%)
* Elements of w processed with special addition: 0 (0.00%)
* Elements of w remaining: 2049 (100.00%)
* G1 elements in proof: 2
* G2 elements in proof: 1
* Proof size in bits: 1019
* Elements of w skipped: 0 (0.00%)
* Elements of w processed with special addition: 1 (0.05%)
* Elements of w remaining: 2051 (99.95%)
* Elements of w skipped: 0 (0.00%)
* Elements of w processed with special addition: 0 (0.00%)
* Elements of w remaining: 2048 (100.00%)
* Elements of w skipped: 0 (0.00%)
* Elements of w processed with special addition: 0 (0.00%)
* Elements of w remaining: 2049 (100.00%)
* G1 elements in proof: 2
* G2 elements in proof: 1
* Proof size in bits: 1019
* Elements of w skipped: 0 (0.00%)
* Elements of w processed with special addition: 1 (0.05%)
* Elements of w remaining: 2051 (99.95%)
* Elements of w skipped: 0 (0.00%)
* Elements of w processed with special addition: 0 (0.00%)
* Elements of w remaining: 2048 (100.00%)
* Elements of w skipped: 0 (0.00%)
* Elements of w processed with special addition: 0 (0.00%)
* Elements of w remaining: 2049 (100.00%)
* G1 elements in proof: 2
* G2 elements in proof: 1
* Proof size in bits: 1019
* Elements of w skipped: 0 (0.00%)
* Elements of w processed with special addition: 1 (0.05%)
* Elements of w remaining: 2051 (99.95%)
* Elements of w skipped: 0 (0.00%)
* Elements of w processed with special addition: 0 (0.00%)
* Elements of w remaining: 2048 (100.00%)
* Elements of w skipped: 0 (0.00%)
* Elements of w processed with special addition: 0 (0.00%)
* Elements of w remaining: 2049 (100.00%)
* G1 elements in proof: 2
* G2 elements in proof: 1
* Proof size in bits: 1019
* Elements of w skipped: 0 (0.00%)
* Elements of w processed with special addition: 1 (0.05%)
* Elements of w remaining: 2051 (99.95%)
* Elements of w skipped: 0 (0.00%)
* Elements of w processed with special addition: 0 (0.00%)
* Elements of w remaining: 2048 (100.00%)
* Elements of w skipped: 0 (0.00%)
* Elements of w processed with special addition: 0 (0.00%)
* Elements of w remaining: 2049 (100.00%)
* G1 elements in proof: 2
* G2 elements in proof: 1
* Proof size in bits: 1019
* Elements of w skipped: 0 (0.00%)
* Elements of w processed with special addition: 1 (0.05%)
* Elements of w remaining: 2051 (99.95%)
* Elements of w skipped: 0 (0.00%)
* Elements of w processed with special addition: 0 (0.00%)
* Elements of w remaining: 2048 (100.00%)
* Elements of w skipped: 0 (0.00%)
* Elements of w processed with special addition: 0 (0.00%)
* Elements of w remaining: 2049 (100.00%)
* G1 elements in proof: 2
* G2 elements in proof: 1
* Proof size in bits: 1019
* Elements of w skipped: 0 (0.00%)
* Elements of w processed with special addition: 1 (0.05%)
* Elements of w remaining: 2051 (99.95%)
* Elements of w skipped: 0 (0.00%)
* Elements of w processed with special addition: 0 (0.00%)
* Elements of w remaining: 2048 (100.00%)
* Elements of w skipped: 0 (0.00%)
* Elements of w processed with special addition: 0 (0.00%)
* Elements of w remaining: 2049 (100.00%)
* G1 elements in proof: 2
* G2 elements in proof: 1
* Proof size in bits: 1019
* Elements of w skipped: 0 (0.00%)
* Elements of w processed with special addition: 1 (0.05%)
* Elements of w remaining: 2051 (99.95%)
* Elements of w skipped: 0 (0.00%)
* Elements of w processed with special addition: 0 (0.00%)
* Elements of w remaining: 2048 (100.00%)
* Elements of w skipped: 0 (0.00%)
* Elements of w processed with special addition: 0 (0.00%)
* Elements of w remaining: 2049 (100.00%)
* G1 elements in proof: 2
* G2 elements in proof: 1
* Proof size in bits: 1019
* Elements of w skipped: 0 (0.00%)
* Elements of w processed with special addition: 1 (0.05%)
* Elements of w remaining: 2051 (99.95%)
* Elements of w skipped: 0 (0.00%)
* Elements of w processed with special addition: 0 (0.00%)
* Elements of w remaining: 2048 (100.00%)
* Elements of w skipped: 0 (0.00%)
* Elements of w processed with special addition: 0 (0.00%)
* Elements of w remaining: 2049 (100.00%)
* G1 elements in proof: 2
* G2 elements in proof: 1
* Proof size in bits: 1019
* Elements of w skipped: 0 (0.00%)
* Elements of w processed with special addition: 1 (0.05%)
* Elements of w remaining: 2051 (99.95%)
* Elements of w skipped: 0 (0.00%)
* Elements of w processed with special addition: 0 (0.00%)
* Elements of w remaining: 2048 (100.00%)
* Elements of w skipped: 0 (0.00%)
* Elements of w processed with special addition: 0 (0.00%)
* Elements of w remaining: 2049 (100.00%)
* G1 elements in proof: 2
* G2 elements in proof: 1
* Proof size in bits: 1019
  2       2048        433.0         512.21        3.98          PASS      
* Composed C_4: 4096 constraints, 4101 variables, 2 inputs
Swap is not beneficial, not performing
* QAP number of variables: 4101
* QAP pre degree: 4096
* QAP degree: 4100
* QAP number of input variables: 2
* G1 window: 11
* G2 window: 9
* G1 elements in PK: 16403
* Non-zero G1 elements in PK: 16397
* G2 elements in PK: 4103
* Non-zero G2 elements in PK: 4097
* PK size in bits: 6528752
* G1 elements in VK: 2
* G2 elements in VK: 2
* GT elements in VK: 1
* VK size in bits: 1911
* Elements of w skipped: 0 (0.00%)
* Elements of w processed with special addition: 1 (0.02%)
* Elements of w remaining: 4101 (99.98%)
* Elements of w skipped: 0 (0.00%)
* Elements of w processed with special addition: 0 (0.00%)
* Elements of w remaining: 4096 (100.00%)
* Elements of w skipped: 0 (0.00%)
* Elements of w processed with special addition: 0 (0.00%)
* Elements of w remaining: 4099 (100.00%)
* G1 elements in proof: 2
* G2 elements in proof: 1
* Proof size in bits: 1019
* Elements of w skipped: 0 (0.00%)
* Elements of w processed with special addition: 1 (0.02%)
* Elements of w remaining: 4101 (99.98%)
* Elements of w skipped: 0 (0.00%)
* Elements of w processed with special addition: 0 (0.00%)
* Elements of w remaining: 4096 (100.00%)
* Elements of w skipped: 0 (0.00%)
* Elements of w processed with special addition: 0 (0.00%)
* Elements of w remaining: 4099 (100.00%)
* G1 elements in proof: 2
* G2 elements in proof: 1
* Proof size in bits: 1019
* Elements of w skipped: 0 (0.00%)
* Elements of w processed with special addition: 1 (0.02%)
* Elements of w remaining: 4101 (99.98%)
* Elements of w skipped: 0 (0.00%)
* Elements of w processed with special addition: 0 (0.00%)
* Elements of w remaining: 4096 (100.00%)
* Elements of w skipped: 0 (0.00%)
* Elements of w processed with special addition: 0 (0.00%)
* Elements of w remaining: 4099 (100.00%)
* G1 elements in proof: 2
* G2 elements in proof: 1
* Proof size in bits: 1019
* Elements of w skipped: 0 (0.00%)
* Elements of w processed with special addition: 1 (0.02%)
* Elements of w remaining: 4101 (99.98%)
* Elements of w skipped: 0 (0.00%)
* Elements of w processed with special addition: 0 (0.00%)
* Elements of w remaining: 4096 (100.00%)
* Elements of w skipped: 0 (0.00%)
* Elements of w processed with special addition: 0 (0.00%)
* Elements of w remaining: 4099 (100.00%)
* G1 elements in proof: 2
* G2 elements in proof: 1
* Proof size in bits: 1019
* Elements of w skipped: 0 (0.00%)
* Elements of w processed with special addition: 1 (0.02%)
* Elements of w remaining: 4101 (99.98%)
* Elements of w skipped: 0 (0.00%)
* Elements of w processed with special addition: 0 (0.00%)
* Elements of w remaining: 4096 (100.00%)
* Elements of w skipped: 0 (0.00%)
* Elements of w processed with special addition: 0 (0.00%)
* Elements of w remaining: 4099 (100.00%)
* G1 elements in proof: 2
* G2 elements in proof: 1
* Proof size in bits: 1019
* Elements of w skipped: 0 (0.00%)
* Elements of w processed with special addition: 1 (0.02%)
* Elements of w remaining: 4101 (99.98%)
* Elements of w skipped: 0 (0.00%)
* Elements of w processed with special addition: 0 (0.00%)
* Elements of w remaining: 4096 (100.00%)
* Elements of w skipped: 0 (0.00%)
* Elements of w processed with special addition: 0 (0.00%)
* Elements of w remaining: 4099 (100.00%)
* G1 elements in proof: 2
* G2 elements in proof: 1
* Proof size in bits: 1019
* Elements of w skipped: 0 (0.00%)
* Elements of w processed with special addition: 1 (0.02%)
* Elements of w remaining: 4101 (99.98%)
* Elements of w skipped: 0 (0.00%)
* Elements of w processed with special addition: 0 (0.00%)
* Elements of w remaining: 4096 (100.00%)
* Elements of w skipped: 0 (0.00%)
* Elements of w processed with special addition: 0 (0.00%)
* Elements of w remaining: 4099 (100.00%)
* G1 elements in proof: 2
* G2 elements in proof: 1
* Proof size in bits: 1019
* Elements of w skipped: 0 (0.00%)
* Elements of w processed with special addition: 1 (0.02%)
* Elements of w remaining: 4101 (99.98%)
* Elements of w skipped: 0 (0.00%)
* Elements of w processed with special addition: 0 (0.00%)
* Elements of w remaining: 4096 (100.00%)
* Elements of w skipped: 0 (0.00%)
* Elements of w processed with special addition: 0 (0.00%)
* Elements of w remaining: 4099 (100.00%)
* G1 elements in proof: 2
* G2 elements in proof: 1
* Proof size in bits: 1019
* Elements of w skipped: 0 (0.00%)
* Elements of w processed with special addition: 1 (0.02%)
* Elements of w remaining: 4101 (99.98%)
* Elements of w skipped: 0 (0.00%)
* Elements of w processed with special addition: 0 (0.00%)
* Elements of w remaining: 4096 (100.00%)
* Elements of w skipped: 0 (0.00%)
* Elements of w processed with special addition: 0 (0.00%)
* Elements of w remaining: 4099 (100.00%)
* G1 elements in proof: 2
* G2 elements in proof: 1
* Proof size in bits: 1019
* Elements of w skipped: 0 (0.00%)
* Elements of w processed with special addition: 1 (0.02%)
* Elements of w remaining: 4101 (99.98%)
* Elements of w skipped: 0 (0.00%)
* Elements of w processed with special addition: 0 (0.00%)
* Elements of w remaining: 4096 (100.00%)
* Elements of w skipped: 0 (0.00%)
* Elements of w processed with special addition: 0 (0.00%)
* Elements of w remaining: 4099 (100.00%)
* G1 elements in proof: 2
* G2 elements in proof: 1
* Proof size in bits: 1019
  4       4096        765.7         887.44        4.07          PASS      
* Composed C_8: 8192 constraints, 8201 variables, 2 inputs
Swap is not beneficial, not performing
* QAP number of variables: 8201
* QAP pre degree: 8192
* QAP degree: 8196
* QAP number of input variables: 2
* G1 window: 11
* G2 window: 10
* G1 elements in PK: 32799
* Non-zero G1 elements in PK: 32789
* G2 elements in PK: 8203
* Non-zero G2 elements in PK: 8193
* PK size in bits: 13055720
* G1 elements in VK: 2
* G2 elements in VK: 2
* GT elements in VK: 1
* VK size in bits: 1911
* Elements of w skipped: 0 (0.00%)
* Elements of w processed with special addition: 1 (0.01%)
* Elements of w remaining: 8201 (99.99%)
* Elements of w skipped: 0 (0.00%)
* Elements of w processed with special addition: 0 (0.00%)
* Elements of w remaining: 8192 (100.00%)
* Elements of w skipped: 0 (0.00%)
* Elements of w processed with special addition: 0 (0.00%)
* Elements of w remaining: 8199 (100.00%)
* G1 elements in proof: 2
* G2 elements in proof: 1
* Proof size in bits: 1019
* Elements of w skipped: 0 (0.00%)
* Elements of w processed with special addition: 1 (0.01%)
* Elements of w remaining: 8201 (99.99%)
* Elements of w skipped: 0 (0.00%)
* Elements of w processed with special addition: 0 (0.00%)
* Elements of w remaining: 8192 (100.00%)
* Elements of w skipped: 0 (0.00%)
* Elements of w processed with special addition: 0 (0.00%)
* Elements of w remaining: 8199 (100.00%)
* G1 elements in proof: 2
* G2 elements in proof: 1
* Proof size in bits: 1019
* Elements of w skipped: 0 (0.00%)
* Elements of w processed with special addition: 1 (0.01%)
* Elements of w remaining: 8201 (99.99%)
* Elements of w skipped: 0 (0.00%)
* Elements of w processed with special addition: 0 (0.00%)
* Elements of w remaining: 8192 (100.00%)
* Elements of w skipped: 0 (0.00%)
* Elements of w processed with special addition: 0 (0.00%)
* Elements of w remaining: 8199 (100.00%)
* G1 elements in proof: 2
* G2 elements in proof: 1
* Proof size in bits: 1019
* Elements of w skipped: 0 (0.00%)
* Elements of w processed with special addition: 1 (0.01%)
* Elements of w remaining: 8201 (99.99%)
* Elements of w skipped: 0 (0.00%)
* Elements of w processed with special addition: 0 (0.00%)
* Elements of w remaining: 8192 (100.00%)
* Elements of w skipped: 0 (0.00%)
* Elements of w processed with special addition: 0 (0.00%)
* Elements of w remaining: 8199 (100.00%)
* G1 elements in proof: 2
* G2 elements in proof: 1
* Proof size in bits: 1019
* Elements of w skipped: 0 (0.00%)
* Elements of w processed with special addition: 1 (0.01%)
* Elements of w remaining: 8201 (99.99%)
* Elements of w skipped: 0 (0.00%)
* Elements of w processed with special addition: 0 (0.00%)
* Elements of w remaining: 8192 (100.00%)
* Elements of w skipped: 0 (0.00%)
* Elements of w processed with special addition: 0 (0.00%)
* Elements of w remaining: 8199 (100.00%)
* G1 elements in proof: 2
* G2 elements in proof: 1
* Proof size in bits: 1019
* Elements of w skipped: 0 (0.00%)
* Elements of w processed with special addition: 1 (0.01%)
* Elements of w remaining: 8201 (99.99%)
* Elements of w skipped: 0 (0.00%)
* Elements of w processed with special addition: 0 (0.00%)
* Elements of w remaining: 8192 (100.00%)
* Elements of w skipped: 0 (0.00%)
* Elements of w processed with special addition: 0 (0.00%)
* Elements of w remaining: 8199 (100.00%)
* G1 elements in proof: 2
* G2 elements in proof: 1
* Proof size in bits: 1019
* Elements of w skipped: 0 (0.00%)
* Elements of w processed with special addition: 1 (0.01%)
* Elements of w remaining: 8201 (99.99%)
* Elements of w skipped: 0 (0.00%)
* Elements of w processed with special addition: 0 (0.00%)
* Elements of w remaining: 8192 (100.00%)
* Elements of w skipped: 0 (0.00%)
* Elements of w processed with special addition: 0 (0.00%)
* Elements of w remaining: 8199 (100.00%)
* G1 elements in proof: 2
* G2 elements in proof: 1
* Proof size in bits: 1019
* Elements of w skipped: 0 (0.00%)
* Elements of w processed with special addition: 1 (0.01%)
* Elements of w remaining: 8201 (99.99%)
* Elements of w skipped: 0 (0.00%)
* Elements of w processed with special addition: 0 (0.00%)
* Elements of w remaining: 8192 (100.00%)
* Elements of w skipped: 0 (0.00%)
* Elements of w processed with special addition: 0 (0.00%)
* Elements of w remaining: 8199 (100.00%)
* G1 elements in proof: 2
* G2 elements in proof: 1
* Proof size in bits: 1019
* Elements of w skipped: 0 (0.00%)
* Elements of w processed with special addition: 1 (0.01%)
* Elements of w remaining: 8201 (99.99%)
* Elements of w skipped: 0 (0.00%)
* Elements of w processed with special addition: 0 (0.00%)
* Elements of w remaining: 8192 (100.00%)
* Elements of w skipped: 0 (0.00%)
* Elements of w processed with special addition: 0 (0.00%)
* Elements of w remaining: 8199 (100.00%)
* G1 elements in proof: 2
* G2 elements in proof: 1
* Proof size in bits: 1019
* Elements of w skipped: 0 (0.00%)
* Elements of w processed with special addition: 1 (0.01%)
* Elements of w remaining: 8201 (99.99%)
* Elements of w skipped: 0 (0.00%)
* Elements of w processed with special addition: 0 (0.00%)
* Elements of w remaining: 8192 (100.00%)
* Elements of w skipped: 0 (0.00%)
* Elements of w processed with special addition: 0 (0.00%)
* Elements of w remaining: 8199 (100.00%)
* G1 elements in proof: 2
* G2 elements in proof: 1
* Proof size in bits: 1019
  8       8192        1398.1        1633.09       3.97          PASS      
* Composed C_16: 16384 constraints, 16401 variables, 2 inputs
Swap is not beneficial, not performing
* QAP number of variables: 16401
* QAP pre degree: 16384
* QAP degree: 16388
* QAP number of input variables: 2
* G1 window: 11
* G2 window: 11
* G1 elements in PK: 65591
* Non-zero G1 elements in PK: 65573
* G2 elements in PK: 16403
* Non-zero G2 elements in PK: 16385
* PK size in bits: 26109656
* G1 elements in VK: 2
* G2 elements in VK: 2
* GT elements in VK: 1
* VK size in bits: 1911
* Elements of w skipped: 0 (0.00%)
* Elements of w processed with special addition: 1 (0.01%)
* Elements of w remaining: 16401 (99.99%)
* Elements of w skipped: 0 (0.00%)
* Elements of w processed with special addition: 0 (0.00%)
* Elements of w remaining: 16384 (100.00%)
* Elements of w skipped: 0 (0.00%)
* Elements of w processed with special addition: 0 (0.00%)
* Elements of w remaining: 16399 (100.00%)
* G1 elements in proof: 2
* G2 elements in proof: 1
* Proof size in bits: 1019
* Elements of w skipped: 0 (0.00%)
* Elements of w processed with special addition: 1 (0.01%)
* Elements of w remaining: 16401 (99.99%)
* Elements of w skipped: 0 (0.00%)
* Elements of w processed with special addition: 0 (0.00%)
* Elements of w remaining: 16384 (100.00%)
* Elements of w skipped: 0 (0.00%)
* Elements of w processed with special addition: 0 (0.00%)
* Elements of w remaining: 16399 (100.00%)
* G1 elements in proof: 2
* G2 elements in proof: 1
* Proof size in bits: 1019
* Elements of w skipped: 0 (0.00%)
* Elements of w processed with special addition: 1 (0.01%)
* Elements of w remaining: 16401 (99.99%)
* Elements of w skipped: 0 (0.00%)
* Elements of w processed with special addition: 0 (0.00%)
* Elements of w remaining: 16384 (100.00%)
* Elements of w skipped: 0 (0.00%)
* Elements of w processed with special addition: 0 (0.00%)
* Elements of w remaining: 16399 (100.00%)
* G1 elements in proof: 2
* G2 elements in proof: 1
* Proof size in bits: 1019
* Elements of w skipped: 0 (0.00%)
* Elements of w processed with special addition: 1 (0.01%)
* Elements of w remaining: 16401 (99.99%)
* Elements of w skipped: 0 (0.00%)
* Elements of w processed with special addition: 0 (0.00%)
* Elements of w remaining: 16384 (100.00%)
* Elements of w skipped: 0 (0.00%)
* Elements of w processed with special addition: 0 (0.00%)
* Elements of w remaining: 16399 (100.00%)
* G1 elements in proof: 2
* G2 elements in proof: 1
* Proof size in bits: 1019
* Elements of w skipped: 0 (0.00%)
* Elements of w processed with special addition: 1 (0.01%)
* Elements of w remaining: 16401 (99.99%)
* Elements of w skipped: 0 (0.00%)
* Elements of w processed with special addition: 0 (0.00%)
* Elements of w remaining: 16384 (100.00%)
* Elements of w skipped: 0 (0.00%)
* Elements of w processed with special addition: 0 (0.00%)
* Elements of w remaining: 16399 (100.00%)
* G1 elements in proof: 2
* G2 elements in proof: 1
* Proof size in bits: 1019
* Elements of w skipped: 0 (0.00%)
* Elements of w processed with special addition: 1 (0.01%)
* Elements of w remaining: 16401 (99.99%)
* Elements of w skipped: 0 (0.00%)
* Elements of w processed with special addition: 0 (0.00%)
* Elements of w remaining: 16384 (100.00%)
* Elements of w skipped: 0 (0.00%)
* Elements of w processed with special addition: 0 (0.00%)
* Elements of w remaining: 16399 (100.00%)
* G1 elements in proof: 2
* G2 elements in proof: 1
* Proof size in bits: 1019
* Elements of w skipped: 0 (0.00%)
* Elements of w processed with special addition: 1 (0.01%)
* Elements of w remaining: 16401 (99.99%)
* Elements of w skipped: 0 (0.00%)
* Elements of w processed with special addition: 0 (0.00%)
* Elements of w remaining: 16384 (100.00%)
* Elements of w skipped: 0 (0.00%)
* Elements of w processed with special addition: 0 (0.00%)
* Elements of w remaining: 16399 (100.00%)
* G1 elements in proof: 2
* G2 elements in proof: 1
* Proof size in bits: 1019
* Elements of w skipped: 0 (0.00%)
* Elements of w processed with special addition: 1 (0.01%)
* Elements of w remaining: 16401 (99.99%)
* Elements of w skipped: 0 (0.00%)
* Elements of w processed with special addition: 0 (0.00%)
* Elements of w remaining: 16384 (100.00%)
* Elements of w skipped: 0 (0.00%)
* Elements of w processed with special addition: 0 (0.00%)
* Elements of w remaining: 16399 (100.00%)
* G1 elements in proof: 2
* G2 elements in proof: 1
* Proof size in bits: 1019
* Elements of w skipped: 0 (0.00%)
* Elements of w processed with special addition: 1 (0.01%)
* Elements of w remaining: 16401 (99.99%)
* Elements of w skipped: 0 (0.00%)
* Elements of w processed with special addition: 0 (0.00%)
* Elements of w remaining: 16384 (100.00%)
* Elements of w skipped: 0 (0.00%)
* Elements of w processed with special addition: 0 (0.00%)
* Elements of w remaining: 16399 (100.00%)
* G1 elements in proof: 2
* G2 elements in proof: 1
* Proof size in bits: 1019
* Elements of w skipped: 0 (0.00%)
* Elements of w processed with special addition: 1 (0.01%)
* Elements of w remaining: 16401 (99.99%)
* Elements of w skipped: 0 (0.00%)
* Elements of w processed with special addition: 0 (0.00%)
* Elements of w remaining: 16384 (100.00%)
* Elements of w skipped: 0 (0.00%)
* Elements of w processed with special addition: 0 (0.00%)
* Elements of w remaining: 16399 (100.00%)
* G1 elements in proof: 2
* G2 elements in proof: 1
* Proof size in bits: 1019
  16      16384       2712.0        2937.79       3.97          PASS      
* Composed C_32: 32768 constraints, 32801 variables, 2 inputs
Swap is not beneficial, not performing
* QAP number of variables: 32801
* QAP pre degree: 32768
* QAP degree: 32772
* QAP number of input variables: 2
* G1 window: 13
* G2 window: 12
* G1 elements in PK: 131175
* Non-zero G1 elements in PK: 131141
* G2 elements in PK: 32803
* Non-zero G2 elements in PK: 32769
* PK size in bits: 52217528
* G1 elements in VK: 2
* G2 elements in VK: 2
* GT elements in VK: 1
* VK size in bits: 1911
* Elements of w skipped: 0 (0.00%)
* Elements of w processed with special addition: 1 (0.00%)
* Elements of w remaining: 32801 (100.00%)
* Elements of w skipped: 0 (0.00%)
* Elements of w processed with special addition: 0 (0.00%)
* Elements of w remaining: 32768 (100.00%)
* Elements of w skipped: 0 (0.00%)
* Elements of w processed with special addition: 0 (0.00%)
* Elements of w remaining: 32799 (100.00%)
* G1 elements in proof: 2
* G2 elements in proof: 1
* Proof size in bits: 1019
* Elements of w skipped: 0 (0.00%)
* Elements of w processed with special addition: 1 (0.00%)
* Elements of w remaining: 32801 (100.00%)
* Elements of w skipped: 0 (0.00%)
* Elements of w processed with special addition: 0 (0.00%)
* Elements of w remaining: 32768 (100.00%)
* Elements of w skipped: 0 (0.00%)
* Elements of w processed with special addition: 0 (0.00%)
* Elements of w remaining: 32799 (100.00%)
* G1 elements in proof: 2
* G2 elements in proof: 1
* Proof size in bits: 1019
* Elements of w skipped: 0 (0.00%)
* Elements of w processed with special addition: 1 (0.00%)
* Elements of w remaining: 32801 (100.00%)
* Elements of w skipped: 0 (0.00%)
* Elements of w processed with special addition: 0 (0.00%)
* Elements of w remaining: 32768 (100.00%)
* Elements of w skipped: 0 (0.00%)
* Elements of w processed with special addition: 0 (0.00%)
* Elements of w remaining: 32799 (100.00%)
* G1 elements in proof: 2
* G2 elements in proof: 1
* Proof size in bits: 1019
* Elements of w skipped: 0 (0.00%)
* Elements of w processed with special addition: 1 (0.00%)
* Elements of w remaining: 32801 (100.00%)
* Elements of w skipped: 0 (0.00%)
* Elements of w processed with special addition: 0 (0.00%)
* Elements of w remaining: 32768 (100.00%)
* Elements of w skipped: 0 (0.00%)
* Elements of w processed with special addition: 0 (0.00%)
* Elements of w remaining: 32799 (100.00%)
* G1 elements in proof: 2
* G2 elements in proof: 1
* Proof size in bits: 1019
* Elements of w skipped: 0 (0.00%)
* Elements of w processed with special addition: 1 (0.00%)
* Elements of w remaining: 32801 (100.00%)
* Elements of w skipped: 0 (0.00%)
* Elements of w processed with special addition: 0 (0.00%)
* Elements of w remaining: 32768 (100.00%)
* Elements of w skipped: 0 (0.00%)
* Elements of w processed with special addition: 0 (0.00%)
* Elements of w remaining: 32799 (100.00%)
* G1 elements in proof: 2
* G2 elements in proof: 1
* Proof size in bits: 1019
* Elements of w skipped: 0 (0.00%)
* Elements of w processed with special addition: 1 (0.00%)
* Elements of w remaining: 32801 (100.00%)
* Elements of w skipped: 0 (0.00%)
* Elements of w processed with special addition: 0 (0.00%)
* Elements of w remaining: 32768 (100.00%)
* Elements of w skipped: 0 (0.00%)
* Elements of w processed with special addition: 0 (0.00%)
* Elements of w remaining: 32799 (100.00%)
* G1 elements in proof: 2
* G2 elements in proof: 1
* Proof size in bits: 1019
* Elements of w skipped: 0 (0.00%)
* Elements of w processed with special addition: 1 (0.00%)
* Elements of w remaining: 32801 (100.00%)
* Elements of w skipped: 0 (0.00%)
* Elements of w processed with special addition: 0 (0.00%)
* Elements of w remaining: 32768 (100.00%)
* Elements of w skipped: 0 (0.00%)
* Elements of w processed with special addition: 0 (0.00%)
* Elements of w remaining: 32799 (100.00%)
* G1 elements in proof: 2
* G2 elements in proof: 1
* Proof size in bits: 1019
* Elements of w skipped: 0 (0.00%)
* Elements of w processed with special addition: 1 (0.00%)
* Elements of w remaining: 32801 (100.00%)
* Elements of w skipped: 0 (0.00%)
* Elements of w processed with special addition: 0 (0.00%)
* Elements of w remaining: 32768 (100.00%)
* Elements of w skipped: 0 (0.00%)
* Elements of w processed with special addition: 0 (0.00%)
* Elements of w remaining: 32799 (100.00%)
* G1 elements in proof: 2
* G2 elements in proof: 1
* Proof size in bits: 1019
* Elements of w skipped: 0 (0.00%)
* Elements of w processed with special addition: 1 (0.00%)
* Elements of w remaining: 32801 (100.00%)
* Elements of w skipped: 0 (0.00%)
* Elements of w processed with special addition: 0 (0.00%)
* Elements of w remaining: 32768 (100.00%)
* Elements of w skipped: 0 (0.00%)
* Elements of w processed with special addition: 0 (0.00%)
* Elements of w remaining: 32799 (100.00%)
* G1 elements in proof: 2
* G2 elements in proof: 1
* Proof size in bits: 1019
* Elements of w skipped: 0 (0.00%)
* Elements of w processed with special addition: 1 (0.00%)
* Elements of w remaining: 32801 (100.00%)
* Elements of w skipped: 0 (0.00%)
* Elements of w processed with special addition: 0 (0.00%)
* Elements of w remaining: 32768 (100.00%)
* Elements of w skipped: 0 (0.00%)
* Elements of w processed with special addition: 0 (0.00%)
* Elements of w remaining: 32799 (100.00%)
* G1 elements in proof: 2
* G2 elements in proof: 1
* Proof size in bits: 1019
  32      32768       4859.6        5444.75       4.19          PASS      
* Composed C_64: 65536 constraints, 65601 variables, 2 inputs
Swap is not beneficial, not performing
* QAP number of variables: 65601
* QAP pre degree: 65536
* QAP degree: 65540
* QAP number of input variables: 2
* G1 window: 15
* G2 window: 13
* G1 elements in PK: 262343
* Non-zero G1 elements in PK: 262277
* G2 elements in PK: 65603
* Non-zero G2 elements in PK: 65537
* PK size in bits: 104433272
* G1 elements in VK: 2
* G2 elements in VK: 2
* GT elements in VK: 1
* VK size in bits: 1911
* Elements of w skipped: 0 (0.00%)
* Elements of w processed with special addition: 1 (0.00%)
* Elements of w remaining: 65601 (100.00%)
* Elements of w skipped: 0 (0.00%)
* Elements of w processed with special addition: 0 (0.00%)
* Elements of w remaining: 65536 (100.00%)
* Elements of w skipped: 0 (0.00%)
* Elements of w processed with special addition: 0 (0.00%)
* Elements of w remaining: 65599 (100.00%)
* G1 elements in proof: 2
* G2 elements in proof: 1
* Proof size in bits: 1019
* Elements of w skipped: 0 (0.00%)
* Elements of w processed with special addition: 1 (0.00%)
* Elements of w remaining: 65601 (100.00%)
* Elements of w skipped: 0 (0.00%)
* Elements of w processed with special addition: 0 (0.00%)
* Elements of w remaining: 65536 (100.00%)
* Elements of w skipped: 0 (0.00%)
* Elements of w processed with special addition: 0 (0.00%)
* Elements of w remaining: 65599 (100.00%)
* G1 elements in proof: 2
* G2 elements in proof: 1
* Proof size in bits: 1019
* Elements of w skipped: 0 (0.00%)
* Elements of w processed with special addition: 1 (0.00%)
* Elements of w remaining: 65601 (100.00%)
* Elements of w skipped: 0 (0.00%)
* Elements of w processed with special addition: 0 (0.00%)
* Elements of w remaining: 65536 (100.00%)
* Elements of w skipped: 0 (0.00%)
* Elements of w processed with special addition: 0 (0.00%)
* Elements of w remaining: 65599 (100.00%)
* G1 elements in proof: 2
* G2 elements in proof: 1
* Proof size in bits: 1019
* Elements of w skipped: 0 (0.00%)
* Elements of w processed with special addition: 1 (0.00%)
* Elements of w remaining: 65601 (100.00%)
* Elements of w skipped: 0 (0.00%)
* Elements of w processed with special addition: 0 (0.00%)
* Elements of w remaining: 65536 (100.00%)
* Elements of w skipped: 0 (0.00%)
* Elements of w processed with special addition: 0 (0.00%)
* Elements of w remaining: 65599 (100.00%)
* G1 elements in proof: 2
* G2 elements in proof: 1
* Proof size in bits: 1019
* Elements of w skipped: 0 (0.00%)
* Elements of w processed with special addition: 1 (0.00%)
* Elements of w remaining: 65601 (100.00%)
* Elements of w skipped: 0 (0.00%)
* Elements of w processed with special addition: 0 (0.00%)
* Elements of w remaining: 65536 (100.00%)
* Elements of w skipped: 0 (0.00%)
* Elements of w processed with special addition: 0 (0.00%)
* Elements of w remaining: 65599 (100.00%)
* G1 elements in proof: 2
* G2 elements in proof: 1
* Proof size in bits: 1019
* Elements of w skipped: 0 (0.00%)
* Elements of w processed with special addition: 1 (0.00%)
* Elements of w remaining: 65601 (100.00%)
* Elements of w skipped: 0 (0.00%)
* Elements of w processed with special addition: 0 (0.00%)
* Elements of w remaining: 65536 (100.00%)
* Elements of w skipped: 0 (0.00%)
* Elements of w processed with special addition: 0 (0.00%)
* Elements of w remaining: 65599 (100.00%)
* G1 elements in proof: 2
* G2 elements in proof: 1
* Proof size in bits: 1019
* Elements of w skipped: 0 (0.00%)
* Elements of w processed with special addition: 1 (0.00%)
* Elements of w remaining: 65601 (100.00%)
* Elements of w skipped: 0 (0.00%)
* Elements of w processed with special addition: 0 (0.00%)
* Elements of w remaining: 65536 (100.00%)
* Elements of w skipped: 0 (0.00%)
* Elements of w processed with special addition: 0 (0.00%)
* Elements of w remaining: 65599 (100.00%)
* G1 elements in proof: 2
* G2 elements in proof: 1
* Proof size in bits: 1019
* Elements of w skipped: 0 (0.00%)
* Elements of w processed with special addition: 1 (0.00%)
* Elements of w remaining: 65601 (100.00%)
* Elements of w skipped: 0 (0.00%)
* Elements of w processed with special addition: 0 (0.00%)
* Elements of w remaining: 65536 (100.00%)
* Elements of w skipped: 0 (0.00%)
* Elements of w processed with special addition: 0 (0.00%)
* Elements of w remaining: 65599 (100.00%)
* G1 elements in proof: 2
* G2 elements in proof: 1
* Proof size in bits: 1019
* Elements of w skipped: 0 (0.00%)
* Elements of w processed with special addition: 1 (0.00%)
* Elements of w remaining: 65601 (100.00%)
* Elements of w skipped: 0 (0.00%)
* Elements of w processed with special addition: 0 (0.00%)
* Elements of w remaining: 65536 (100.00%)
* Elements of w skipped: 0 (0.00%)
* Elements of w processed with special addition: 0 (0.00%)
* Elements of w remaining: 65599 (100.00%)
* G1 elements in proof: 2
* G2 elements in proof: 1
* Proof size in bits: 1019
* Elements of w skipped: 0 (0.00%)
* Elements of w processed with special addition: 1 (0.00%)
* Elements of w remaining: 65601 (100.00%)
* Elements of w skipped: 0 (0.00%)
* Elements of w processed with special addition: 0 (0.00%)
* Elements of w remaining: 65536 (100.00%)
* Elements of w skipped: 0 (0.00%)
* Elements of w processed with special addition: 0 (0.00%)
* Elements of w remaining: 65599 (100.00%)
* G1 elements in proof: 2
* G2 elements in proof: 1
* Proof size in bits: 1019
  64      65536       9851.2        10825.90      4.18          PASS      

  Groth16 results written to /Users/heewonchung/Documents/00-Research/active/Updatable Verifiable Computation/Dev/results/2026-03-06_121849_paper/csv/groth16_results.csv

================================================================
All benchmarks complete.
================================================================
  Done in 522s

------------------------------------------------------------
  Running: [9/10] scalable n=16384 B=16
  Command: bench_comparative --circuit scalable --n 16384 --B 16 --output-dir /Users/heewonchung/Documents/00-Research/active/Updatable Verifiable Computation/Dev/results/2026-03-06_121849_paper/csv --reps 10
------------------------------------------------------------
================================================================
Comparative Benchmark: UVC vs Groth16
================================================================
  Circuit: scalable, n=16384, B=16, reps=10
  Output: /Users/heewonchung/Documents/00-Research/active/Updatable Verifiable Computation/Dev/results/2026-03-06_121849_paper/csv/

================================================================
UVC Benchmark: circuit=scalable, n=16384, B=16
================================================================
  Circuit: 16384 constraints, 16386 vars, state=1, transition=1

  [Setup] Generating CRS for B=16...
* UVC Setup: B=16, n=16386, state=1, transition=1
* Composed C_16: 262144 constraints, 262161 variables, 2 inputs
* QAP (C_B) variables: 262161, degree: 262148, inputs: 2
* UVC max compositions (B): 16
* G1 elements in PK: 1048631
* G2 elements in PK: 262163
* PK size in bits: 417605336
* H_query_full size: 262147
* Step 2: 16385 new wires (0 io, 16385 wt)
* Step 3: 16385 new wires (0 io, 16385 wt)
* Step 4: 16385 new wires (0 io, 16385 wt)
* Step 5: 16385 new wires (0 io, 16385 wt)
* Step 6: 16385 new wires (0 io, 16385 wt)
* Step 7: 16385 new wires (0 io, 16385 wt)
* Step 8: 16385 new wires (0 io, 16385 wt)
* Step 9: 16385 new wires (0 io, 16385 wt)
* Step 10: 16385 new wires (0 io, 16385 wt)
* Step 11: 16385 new wires (0 io, 16385 wt)
* Step 12: 16385 new wires (0 io, 16385 wt)
* Step 13: 16385 new wires (0 io, 16385 wt)
* Step 14: 16385 new wires (0 io, 16385 wt)
* Step 15: 16385 new wires (0 io, 16385 wt)
* Step 16: 16385 new wires (0 io, 16385 wt)
* UVC VK: 16 max steps
* G2 elements in VK: 2
* GT elements in VK: 1
* gamma_ABC size: 2
  Setup: 59666.8 ms, CRS: 1278020 G1 + 507939 G2
  Building proof chain (steps 1..16)...
* UVC Prove step 1
* Elements of w skipped: 0 (0.00%)
* Elements of w processed with special addition: 1 (0.01%)
* Elements of w remaining: 16386 (99.99%)
* Elements of w skipped: 0 (0.00%)
* Elements of w processed with special addition: 0 (0.00%)
* Elements of w remaining: 16384 (100.00%)
* Elements of w skipped: 0 (0.00%)
* Elements of w processed with special addition: 0 (0.00%)
* Elements of w remaining: 16384 (100.00%)
* UVC proof at step 1
* G1 elements in proof: 2
* G2 elements in proof: 1
* Proof size in bits: 1019
* Cached h poly size: 262147
* UVC Prove step 2
* Elements of w skipped: 0 (0.00%)
* Elements of w processed with special addition: 0 (0.00%)
* Elements of w remaining: 16385 (100.00%)
* Elements of w skipped: 0 (0.00%)
* Elements of w processed with special addition: 0 (0.00%)
* Elements of w remaining: 16384 (100.00%)
* Elements of w skipped: 0 (0.00%)
* Elements of w processed with special addition: 0 (0.00%)
* Elements of w remaining: 16385 (100.00%)
* UVC proof at step 2
* G1 elements in proof: 2
* G2 elements in proof: 1
* Proof size in bits: 1019
* Cached h poly size: 262147
* UVC Prove step 3
* Elements of w skipped: 0 (0.00%)
* Elements of w processed with special addition: 0 (0.00%)
* Elements of w remaining: 16385 (100.00%)
* Elements of w skipped: 0 (0.00%)
* Elements of w processed with special addition: 0 (0.00%)
* Elements of w remaining: 16384 (100.00%)
* Elements of w skipped: 0 (0.00%)
* Elements of w processed with special addition: 0 (0.00%)
* Elements of w remaining: 16385 (100.00%)
* UVC proof at step 3
* G1 elements in proof: 2
* G2 elements in proof: 1
* Proof size in bits: 1019
* Cached h poly size: 262147
* UVC Prove step 4
* Elements of w skipped: 0 (0.00%)
* Elements of w processed with special addition: 0 (0.00%)
* Elements of w remaining: 16385 (100.00%)
* Elements of w skipped: 0 (0.00%)
* Elements of w processed with special addition: 0 (0.00%)
* Elements of w remaining: 16384 (100.00%)
* Elements of w skipped: 0 (0.00%)
* Elements of w processed with special addition: 0 (0.00%)
* Elements of w remaining: 16385 (100.00%)
* UVC proof at step 4
* G1 elements in proof: 2
* G2 elements in proof: 1
* Proof size in bits: 1019
* Cached h poly size: 262147
* UVC Prove step 5
* Elements of w skipped: 0 (0.00%)
* Elements of w processed with special addition: 0 (0.00%)
* Elements of w remaining: 16385 (100.00%)
* Elements of w skipped: 0 (0.00%)
* Elements of w processed with special addition: 0 (0.00%)
* Elements of w remaining: 16384 (100.00%)
* Elements of w skipped: 0 (0.00%)
* Elements of w processed with special addition: 0 (0.00%)
* Elements of w remaining: 16385 (100.00%)
* UVC proof at step 5
* G1 elements in proof: 2
* G2 elements in proof: 1
* Proof size in bits: 1019
* Cached h poly size: 262147
* UVC Prove step 6
* Elements of w skipped: 0 (0.00%)
* Elements of w processed with special addition: 0 (0.00%)
* Elements of w remaining: 16385 (100.00%)
* Elements of w skipped: 0 (0.00%)
* Elements of w processed with special addition: 0 (0.00%)
* Elements of w remaining: 16384 (100.00%)
* Elements of w skipped: 0 (0.00%)
* Elements of w processed with special addition: 0 (0.00%)
* Elements of w remaining: 16385 (100.00%)
* UVC proof at step 6
* G1 elements in proof: 2
* G2 elements in proof: 1
* Proof size in bits: 1019
* Cached h poly size: 262147
* UVC Prove step 7
* Elements of w skipped: 0 (0.00%)
* Elements of w processed with special addition: 0 (0.00%)
* Elements of w remaining: 16385 (100.00%)
* Elements of w skipped: 0 (0.00%)
* Elements of w processed with special addition: 0 (0.00%)
* Elements of w remaining: 16384 (100.00%)
* Elements of w skipped: 0 (0.00%)
* Elements of w processed with special addition: 0 (0.00%)
* Elements of w remaining: 16385 (100.00%)
* UVC proof at step 7
* G1 elements in proof: 2
* G2 elements in proof: 1
* Proof size in bits: 1019
* Cached h poly size: 262147
* UVC Prove step 8
* Elements of w skipped: 0 (0.00%)
* Elements of w processed with special addition: 0 (0.00%)
* Elements of w remaining: 16385 (100.00%)
* Elements of w skipped: 0 (0.00%)
* Elements of w processed with special addition: 0 (0.00%)
* Elements of w remaining: 16384 (100.00%)
* Elements of w skipped: 0 (0.00%)
* Elements of w processed with special addition: 0 (0.00%)
* Elements of w remaining: 16385 (100.00%)
* UVC proof at step 8
* G1 elements in proof: 2
* G2 elements in proof: 1
* Proof size in bits: 1019
* Cached h poly size: 262147
* UVC Prove step 9
* Elements of w skipped: 0 (0.00%)
* Elements of w processed with special addition: 0 (0.00%)
* Elements of w remaining: 16385 (100.00%)
* Elements of w skipped: 0 (0.00%)
* Elements of w processed with special addition: 0 (0.00%)
* Elements of w remaining: 16384 (100.00%)
* Elements of w skipped: 0 (0.00%)
* Elements of w processed with special addition: 0 (0.00%)
* Elements of w remaining: 16385 (100.00%)
* UVC proof at step 9
* G1 elements in proof: 2
* G2 elements in proof: 1
* Proof size in bits: 1019
* Cached h poly size: 262147
* UVC Prove step 10
* Elements of w skipped: 0 (0.00%)
* Elements of w processed with special addition: 0 (0.00%)
* Elements of w remaining: 16385 (100.00%)
* Elements of w skipped: 0 (0.00%)
* Elements of w processed with special addition: 0 (0.00%)
* Elements of w remaining: 16384 (100.00%)
* Elements of w skipped: 0 (0.00%)
* Elements of w processed with special addition: 0 (0.00%)
* Elements of w remaining: 16385 (100.00%)
* UVC proof at step 10
* G1 elements in proof: 2
* G2 elements in proof: 1
* Proof size in bits: 1019
* Cached h poly size: 262147
* UVC Prove step 11
* Elements of w skipped: 0 (0.00%)
* Elements of w processed with special addition: 0 (0.00%)
* Elements of w remaining: 16385 (100.00%)
* Elements of w skipped: 0 (0.00%)
* Elements of w processed with special addition: 0 (0.00%)
* Elements of w remaining: 16384 (100.00%)
* Elements of w skipped: 0 (0.00%)
* Elements of w processed with special addition: 0 (0.00%)
* Elements of w remaining: 16385 (100.00%)
* UVC proof at step 11
* G1 elements in proof: 2
* G2 elements in proof: 1
* Proof size in bits: 1019
* Cached h poly size: 262147
* UVC Prove step 12
* Elements of w skipped: 0 (0.00%)
* Elements of w processed with special addition: 0 (0.00%)
* Elements of w remaining: 16385 (100.00%)
* Elements of w skipped: 0 (0.00%)
* Elements of w processed with special addition: 0 (0.00%)
* Elements of w remaining: 16384 (100.00%)
* Elements of w skipped: 0 (0.00%)
* Elements of w processed with special addition: 0 (0.00%)
* Elements of w remaining: 16385 (100.00%)
* UVC proof at step 12
* G1 elements in proof: 2
* G2 elements in proof: 1
* Proof size in bits: 1019
* Cached h poly size: 262147
* UVC Prove step 13
* Elements of w skipped: 0 (0.00%)
* Elements of w processed with special addition: 0 (0.00%)
* Elements of w remaining: 16385 (100.00%)
* Elements of w skipped: 0 (0.00%)
* Elements of w processed with special addition: 0 (0.00%)
* Elements of w remaining: 16384 (100.00%)
* Elements of w skipped: 0 (0.00%)
* Elements of w processed with special addition: 0 (0.00%)
* Elements of w remaining: 16385 (100.00%)
* UVC proof at step 13
* G1 elements in proof: 2
* G2 elements in proof: 1
* Proof size in bits: 1019
* Cached h poly size: 262147
* UVC Prove step 14
* Elements of w skipped: 0 (0.00%)
* Elements of w processed with special addition: 0 (0.00%)
* Elements of w remaining: 16385 (100.00%)
* Elements of w skipped: 0 (0.00%)
* Elements of w processed with special addition: 0 (0.00%)
* Elements of w remaining: 16384 (100.00%)
* Elements of w skipped: 0 (0.00%)
* Elements of w processed with special addition: 0 (0.00%)
* Elements of w remaining: 16385 (100.00%)
* UVC proof at step 14
* G1 elements in proof: 2
* G2 elements in proof: 1
* Proof size in bits: 1019
* Cached h poly size: 262147
* UVC Prove step 15
* Elements of w skipped: 0 (0.00%)
* Elements of w processed with special addition: 0 (0.00%)
* Elements of w remaining: 16385 (100.00%)
* Elements of w skipped: 0 (0.00%)
* Elements of w processed with special addition: 0 (0.00%)
* Elements of w remaining: 16384 (100.00%)
* Elements of w skipped: 0 (0.00%)
* Elements of w processed with special addition: 0 (0.00%)
* Elements of w remaining: 16385 (100.00%)
* UVC proof at step 15
* G1 elements in proof: 2
* G2 elements in proof: 1
* Proof size in bits: 1019
* Cached h poly size: 262147
* UVC Prove step 16
* Elements of w skipped: 0 (0.00%)
* Elements of w processed with special addition: 0 (0.00%)
* Elements of w remaining: 16385 (100.00%)
* Elements of w skipped: 0 (0.00%)
* Elements of w processed with special addition: 0 (0.00%)
* Elements of w remaining: 16384 (100.00%)
* Elements of w skipped: 0 (0.00%)
* Elements of w processed with special addition: 0 (0.00%)
* Elements of w remaining: 16385 (100.00%)
* UVC proof at step 16
* G1 elements in proof: 2
* G2 elements in proof: 1
* Proof size in bits: 1019
* Cached h poly size: 262147

  Step    Prove (ms)    Verify (ms)   Proof bits    Verified  
  ------  ------------  ------------  ------------  ----------
* UVC Prove step 1
* Elements of w skipped: 0 (0.00%)
* Elements of w processed with special addition: 1 (0.01%)
* Elements of w remaining: 16386 (99.99%)
* Elements of w skipped: 0 (0.00%)
* Elements of w processed with special addition: 0 (0.00%)
* Elements of w remaining: 16384 (100.00%)
* Elements of w skipped: 0 (0.00%)
* Elements of w processed with special addition: 0 (0.00%)
* Elements of w remaining: 16384 (100.00%)
* UVC proof at step 1
* G1 elements in proof: 2
* G2 elements in proof: 1
* Proof size in bits: 1019
* Cached h poly size: 262147
* UVC Prove step 1
* Elements of w skipped: 0 (0.00%)
* Elements of w processed with special addition: 1 (0.01%)
* Elements of w remaining: 16386 (99.99%)
* Elements of w skipped: 0 (0.00%)
* Elements of w processed with special addition: 0 (0.00%)
* Elements of w remaining: 16384 (100.00%)
* Elements of w skipped: 0 (0.00%)
* Elements of w processed with special addition: 0 (0.00%)
* Elements of w remaining: 16384 (100.00%)
* UVC proof at step 1
* G1 elements in proof: 2
* G2 elements in proof: 1
* Proof size in bits: 1019
* Cached h poly size: 262147
* UVC Prove step 1
* Elements of w skipped: 0 (0.00%)
* Elements of w processed with special addition: 1 (0.01%)
* Elements of w remaining: 16386 (99.99%)
* Elements of w skipped: 0 (0.00%)
* Elements of w processed with special addition: 0 (0.00%)
* Elements of w remaining: 16384 (100.00%)
* Elements of w skipped: 0 (0.00%)
* Elements of w processed with special addition: 0 (0.00%)
* Elements of w remaining: 16384 (100.00%)
* UVC proof at step 1
* G1 elements in proof: 2
* G2 elements in proof: 1
* Proof size in bits: 1019
* Cached h poly size: 262147
* UVC Prove step 1
* Elements of w skipped: 0 (0.00%)
* Elements of w processed with special addition: 1 (0.01%)
* Elements of w remaining: 16386 (99.99%)
* Elements of w skipped: 0 (0.00%)
* Elements of w processed with special addition: 0 (0.00%)
* Elements of w remaining: 16384 (100.00%)
* Elements of w skipped: 0 (0.00%)
* Elements of w processed with special addition: 0 (0.00%)
* Elements of w remaining: 16384 (100.00%)
* UVC proof at step 1
* G1 elements in proof: 2
* G2 elements in proof: 1
* Proof size in bits: 1019
* Cached h poly size: 262147
* UVC Prove step 1
* Elements of w skipped: 0 (0.00%)
* Elements of w processed with special addition: 1 (0.01%)
* Elements of w remaining: 16386 (99.99%)
* Elements of w skipped: 0 (0.00%)
* Elements of w processed with special addition: 0 (0.00%)
* Elements of w remaining: 16384 (100.00%)
* Elements of w skipped: 0 (0.00%)
* Elements of w processed with special addition: 0 (0.00%)
* Elements of w remaining: 16384 (100.00%)
* UVC proof at step 1
* G1 elements in proof: 2
* G2 elements in proof: 1
* Proof size in bits: 1019
* Cached h poly size: 262147
* UVC Prove step 1
* Elements of w skipped: 0 (0.00%)
* Elements of w processed with special addition: 1 (0.01%)
* Elements of w remaining: 16386 (99.99%)
* Elements of w skipped: 0 (0.00%)
* Elements of w processed with special addition: 0 (0.00%)
* Elements of w remaining: 16384 (100.00%)
* Elements of w skipped: 0 (0.00%)
* Elements of w processed with special addition: 0 (0.00%)
* Elements of w remaining: 16384 (100.00%)
* UVC proof at step 1
* G1 elements in proof: 2
* G2 elements in proof: 1
* Proof size in bits: 1019
* Cached h poly size: 262147
* UVC Prove step 1
* Elements of w skipped: 0 (0.00%)
* Elements of w processed with special addition: 1 (0.01%)
* Elements of w remaining: 16386 (99.99%)
* Elements of w skipped: 0 (0.00%)
* Elements of w processed with special addition: 0 (0.00%)
* Elements of w remaining: 16384 (100.00%)
* Elements of w skipped: 0 (0.00%)
* Elements of w processed with special addition: 0 (0.00%)
* Elements of w remaining: 16384 (100.00%)
* UVC proof at step 1
* G1 elements in proof: 2
* G2 elements in proof: 1
* Proof size in bits: 1019
* Cached h poly size: 262147
* UVC Prove step 1
* Elements of w skipped: 0 (0.00%)
* Elements of w processed with special addition: 1 (0.01%)
* Elements of w remaining: 16386 (99.99%)
* Elements of w skipped: 0 (0.00%)
* Elements of w processed with special addition: 0 (0.00%)
* Elements of w remaining: 16384 (100.00%)
* Elements of w skipped: 0 (0.00%)
* Elements of w processed with special addition: 0 (0.00%)
* Elements of w remaining: 16384 (100.00%)
* UVC proof at step 1
* G1 elements in proof: 2
* G2 elements in proof: 1
* Proof size in bits: 1019
* Cached h poly size: 262147
* UVC Prove step 1
* Elements of w skipped: 0 (0.00%)
* Elements of w processed with special addition: 1 (0.01%)
* Elements of w remaining: 16386 (99.99%)
* Elements of w skipped: 0 (0.00%)
* Elements of w processed with special addition: 0 (0.00%)
* Elements of w remaining: 16384 (100.00%)
* Elements of w skipped: 0 (0.00%)
* Elements of w processed with special addition: 0 (0.00%)
* Elements of w remaining: 16384 (100.00%)
* UVC proof at step 1
* G1 elements in proof: 2
* G2 elements in proof: 1
* Proof size in bits: 1019
* Cached h poly size: 262147
* UVC Prove step 1
* Elements of w skipped: 0 (0.00%)
* Elements of w processed with special addition: 1 (0.01%)
* Elements of w remaining: 16386 (99.99%)
* Elements of w skipped: 0 (0.00%)
* Elements of w processed with special addition: 0 (0.00%)
* Elements of w remaining: 16384 (100.00%)
* Elements of w skipped: 0 (0.00%)
* Elements of w processed with special addition: 0 (0.00%)
* Elements of w remaining: 16384 (100.00%)
* UVC proof at step 1
* G1 elements in proof: 2
* G2 elements in proof: 1
* Proof size in bits: 1019
* Cached h poly size: 262147
* UVC Verify step 1: PASS
* UVC Verify step 1: PASS
* UVC Verify step 1: PASS
* UVC Verify step 1: PASS
* UVC Verify step 1: PASS
* UVC Verify step 1: PASS
* UVC Verify step 1: PASS
* UVC Verify step 1: PASS
* UVC Verify step 1: PASS
* UVC Verify step 1: PASS
  1       8692.32       4.25          1019          PASS      
* UVC Prove step 2
* Elements of w skipped: 0 (0.00%)
* Elements of w processed with special addition: 0 (0.00%)
* Elements of w remaining: 16385 (100.00%)
* Elements of w skipped: 0 (0.00%)
* Elements of w processed with special addition: 0 (0.00%)
* Elements of w remaining: 16384 (100.00%)
* Elements of w skipped: 0 (0.00%)
* Elements of w processed with special addition: 0 (0.00%)
* Elements of w remaining: 16385 (100.00%)
* UVC proof at step 2
* G1 elements in proof: 2
* G2 elements in proof: 1
* Proof size in bits: 1019
* Cached h poly size: 262147
* UVC Prove step 2
* Elements of w skipped: 0 (0.00%)
* Elements of w processed with special addition: 0 (0.00%)
* Elements of w remaining: 16385 (100.00%)
* Elements of w skipped: 0 (0.00%)
* Elements of w processed with special addition: 0 (0.00%)
* Elements of w remaining: 16384 (100.00%)
* Elements of w skipped: 0 (0.00%)
* Elements of w processed with special addition: 0 (0.00%)
* Elements of w remaining: 16385 (100.00%)
* UVC proof at step 2
* G1 elements in proof: 2
* G2 elements in proof: 1
* Proof size in bits: 1019
* Cached h poly size: 262147
* UVC Prove step 2
* Elements of w skipped: 0 (0.00%)
* Elements of w processed with special addition: 0 (0.00%)
* Elements of w remaining: 16385 (100.00%)
* Elements of w skipped: 0 (0.00%)
* Elements of w processed with special addition: 0 (0.00%)
* Elements of w remaining: 16384 (100.00%)
* Elements of w skipped: 0 (0.00%)
* Elements of w processed with special addition: 0 (0.00%)
* Elements of w remaining: 16385 (100.00%)
* UVC proof at step 2
* G1 elements in proof: 2
* G2 elements in proof: 1
* Proof size in bits: 1019
* Cached h poly size: 262147
* UVC Prove step 2
* Elements of w skipped: 0 (0.00%)
* Elements of w processed with special addition: 0 (0.00%)
* Elements of w remaining: 16385 (100.00%)
* Elements of w skipped: 0 (0.00%)
* Elements of w processed with special addition: 0 (0.00%)
* Elements of w remaining: 16384 (100.00%)
* Elements of w skipped: 0 (0.00%)
* Elements of w processed with special addition: 0 (0.00%)
* Elements of w remaining: 16385 (100.00%)
* UVC proof at step 2
* G1 elements in proof: 2
* G2 elements in proof: 1
* Proof size in bits: 1019
* Cached h poly size: 262147
* UVC Prove step 2
* Elements of w skipped: 0 (0.00%)
* Elements of w processed with special addition: 0 (0.00%)
* Elements of w remaining: 16385 (100.00%)
* Elements of w skipped: 0 (0.00%)
* Elements of w processed with special addition: 0 (0.00%)
* Elements of w remaining: 16384 (100.00%)
* Elements of w skipped: 0 (0.00%)
* Elements of w processed with special addition: 0 (0.00%)
* Elements of w remaining: 16385 (100.00%)
* UVC proof at step 2
* G1 elements in proof: 2
* G2 elements in proof: 1
* Proof size in bits: 1019
* Cached h poly size: 262147
* UVC Prove step 2
* Elements of w skipped: 0 (0.00%)
* Elements of w processed with special addition: 0 (0.00%)
* Elements of w remaining: 16385 (100.00%)
* Elements of w skipped: 0 (0.00%)
* Elements of w processed with special addition: 0 (0.00%)
* Elements of w remaining: 16384 (100.00%)
* Elements of w skipped: 0 (0.00%)
* Elements of w processed with special addition: 0 (0.00%)
* Elements of w remaining: 16385 (100.00%)
* UVC proof at step 2
* G1 elements in proof: 2
* G2 elements in proof: 1
* Proof size in bits: 1019
* Cached h poly size: 262147
* UVC Prove step 2
* Elements of w skipped: 0 (0.00%)
* Elements of w processed with special addition: 0 (0.00%)
* Elements of w remaining: 16385 (100.00%)
* Elements of w skipped: 0 (0.00%)
* Elements of w processed with special addition: 0 (0.00%)
* Elements of w remaining: 16384 (100.00%)
* Elements of w skipped: 0 (0.00%)
* Elements of w processed with special addition: 0 (0.00%)
* Elements of w remaining: 16385 (100.00%)
* UVC proof at step 2
* G1 elements in proof: 2
* G2 elements in proof: 1
* Proof size in bits: 1019
* Cached h poly size: 262147
* UVC Prove step 2
* Elements of w skipped: 0 (0.00%)
* Elements of w processed with special addition: 0 (0.00%)
* Elements of w remaining: 16385 (100.00%)
* Elements of w skipped: 0 (0.00%)
* Elements of w processed with special addition: 0 (0.00%)
* Elements of w remaining: 16384 (100.00%)
* Elements of w skipped: 0 (0.00%)
* Elements of w processed with special addition: 0 (0.00%)
* Elements of w remaining: 16385 (100.00%)
* UVC proof at step 2
* G1 elements in proof: 2
* G2 elements in proof: 1
* Proof size in bits: 1019
* Cached h poly size: 262147
* UVC Prove step 2
* Elements of w skipped: 0 (0.00%)
* Elements of w processed with special addition: 0 (0.00%)
* Elements of w remaining: 16385 (100.00%)
* Elements of w skipped: 0 (0.00%)
* Elements of w processed with special addition: 0 (0.00%)
* Elements of w remaining: 16384 (100.00%)
* Elements of w skipped: 0 (0.00%)
* Elements of w processed with special addition: 0 (0.00%)
* Elements of w remaining: 16385 (100.00%)
* UVC proof at step 2
* G1 elements in proof: 2
* G2 elements in proof: 1
* Proof size in bits: 1019
* Cached h poly size: 262147
* UVC Prove step 2
* Elements of w skipped: 0 (0.00%)
* Elements of w processed with special addition: 0 (0.00%)
* Elements of w remaining: 16385 (100.00%)
* Elements of w skipped: 0 (0.00%)
* Elements of w processed with special addition: 0 (0.00%)
* Elements of w remaining: 16384 (100.00%)
* Elements of w skipped: 0 (0.00%)
* Elements of w processed with special addition: 0 (0.00%)
* Elements of w remaining: 16385 (100.00%)
* UVC proof at step 2
* G1 elements in proof: 2
* G2 elements in proof: 1
* Proof size in bits: 1019
* Cached h poly size: 262147
* UVC Verify step 2: PASS
* UVC Verify step 2: PASS
* UVC Verify step 2: PASS
* UVC Verify step 2: PASS
* UVC Verify step 2: PASS
* UVC Verify step 2: PASS
* UVC Verify step 2: PASS
* UVC Verify step 2: PASS
* UVC Verify step 2: PASS
* UVC Verify step 2: PASS
  2       8734.56       4.07          1019          PASS      
* UVC Prove step 4
* Elements of w skipped: 0 (0.00%)
* Elements of w processed with special addition: 0 (0.00%)
* Elements of w remaining: 16385 (100.00%)
* Elements of w skipped: 0 (0.00%)
* Elements of w processed with special addition: 0 (0.00%)
* Elements of w remaining: 16384 (100.00%)
* Elements of w skipped: 0 (0.00%)
* Elements of w processed with special addition: 0 (0.00%)
* Elements of w remaining: 16385 (100.00%)
* UVC proof at step 4
* G1 elements in proof: 2
* G2 elements in proof: 1
* Proof size in bits: 1019
* Cached h poly size: 262147
* UVC Prove step 4
* Elements of w skipped: 0 (0.00%)
* Elements of w processed with special addition: 0 (0.00%)
* Elements of w remaining: 16385 (100.00%)
* Elements of w skipped: 0 (0.00%)
* Elements of w processed with special addition: 0 (0.00%)
* Elements of w remaining: 16384 (100.00%)
* Elements of w skipped: 0 (0.00%)
* Elements of w processed with special addition: 0 (0.00%)
* Elements of w remaining: 16385 (100.00%)
* UVC proof at step 4
* G1 elements in proof: 2
* G2 elements in proof: 1
* Proof size in bits: 1019
* Cached h poly size: 262147
* UVC Prove step 4
* Elements of w skipped: 0 (0.00%)
* Elements of w processed with special addition: 0 (0.00%)
* Elements of w remaining: 16385 (100.00%)
* Elements of w skipped: 0 (0.00%)
* Elements of w processed with special addition: 0 (0.00%)
* Elements of w remaining: 16384 (100.00%)
* Elements of w skipped: 0 (0.00%)
* Elements of w processed with special addition: 0 (0.00%)
* Elements of w remaining: 16385 (100.00%)
* UVC proof at step 4
* G1 elements in proof: 2
* G2 elements in proof: 1
* Proof size in bits: 1019
* Cached h poly size: 262147
* UVC Prove step 4
* Elements of w skipped: 0 (0.00%)
* Elements of w processed with special addition: 0 (0.00%)
* Elements of w remaining: 16385 (100.00%)
* Elements of w skipped: 0 (0.00%)
* Elements of w processed with special addition: 0 (0.00%)
* Elements of w remaining: 16384 (100.00%)
* Elements of w skipped: 0 (0.00%)
* Elements of w processed with special addition: 0 (0.00%)
* Elements of w remaining: 16385 (100.00%)
* UVC proof at step 4
* G1 elements in proof: 2
* G2 elements in proof: 1
* Proof size in bits: 1019
* Cached h poly size: 262147
* UVC Prove step 4
* Elements of w skipped: 0 (0.00%)
* Elements of w processed with special addition: 0 (0.00%)
* Elements of w remaining: 16385 (100.00%)
* Elements of w skipped: 0 (0.00%)
* Elements of w processed with special addition: 0 (0.00%)
* Elements of w remaining: 16384 (100.00%)
* Elements of w skipped: 0 (0.00%)
* Elements of w processed with special addition: 0 (0.00%)
* Elements of w remaining: 16385 (100.00%)
* UVC proof at step 4
* G1 elements in proof: 2
* G2 elements in proof: 1
* Proof size in bits: 1019
* Cached h poly size: 262147
* UVC Prove step 4
* Elements of w skipped: 0 (0.00%)
* Elements of w processed with special addition: 0 (0.00%)
* Elements of w remaining: 16385 (100.00%)
* Elements of w skipped: 0 (0.00%)
* Elements of w processed with special addition: 0 (0.00%)
* Elements of w remaining: 16384 (100.00%)
* Elements of w skipped: 0 (0.00%)
* Elements of w processed with special addition: 0 (0.00%)
* Elements of w remaining: 16385 (100.00%)
* UVC proof at step 4
* G1 elements in proof: 2
* G2 elements in proof: 1
* Proof size in bits: 1019
* Cached h poly size: 262147
* UVC Prove step 4
* Elements of w skipped: 0 (0.00%)
* Elements of w processed with special addition: 0 (0.00%)
* Elements of w remaining: 16385 (100.00%)
* Elements of w skipped: 0 (0.00%)
* Elements of w processed with special addition: 0 (0.00%)
* Elements of w remaining: 16384 (100.00%)
* Elements of w skipped: 0 (0.00%)
* Elements of w processed with special addition: 0 (0.00%)
* Elements of w remaining: 16385 (100.00%)
* UVC proof at step 4
* G1 elements in proof: 2
* G2 elements in proof: 1
* Proof size in bits: 1019
* Cached h poly size: 262147
* UVC Prove step 4
* Elements of w skipped: 0 (0.00%)
* Elements of w processed with special addition: 0 (0.00%)
* Elements of w remaining: 16385 (100.00%)
* Elements of w skipped: 0 (0.00%)
* Elements of w processed with special addition: 0 (0.00%)
* Elements of w remaining: 16384 (100.00%)
* Elements of w skipped: 0 (0.00%)
* Elements of w processed with special addition: 0 (0.00%)
* Elements of w remaining: 16385 (100.00%)
* UVC proof at step 4
* G1 elements in proof: 2
* G2 elements in proof: 1
* Proof size in bits: 1019
* Cached h poly size: 262147
* UVC Prove step 4
* Elements of w skipped: 0 (0.00%)
* Elements of w processed with special addition: 0 (0.00%)
* Elements of w remaining: 16385 (100.00%)
* Elements of w skipped: 0 (0.00%)
* Elements of w processed with special addition: 0 (0.00%)
* Elements of w remaining: 16384 (100.00%)
* Elements of w skipped: 0 (0.00%)
* Elements of w processed with special addition: 0 (0.00%)
* Elements of w remaining: 16385 (100.00%)
* UVC proof at step 4
* G1 elements in proof: 2
* G2 elements in proof: 1
* Proof size in bits: 1019
* Cached h poly size: 262147
* UVC Prove step 4
* Elements of w skipped: 0 (0.00%)
* Elements of w processed with special addition: 0 (0.00%)
* Elements of w remaining: 16385 (100.00%)
* Elements of w skipped: 0 (0.00%)
* Elements of w processed with special addition: 0 (0.00%)
* Elements of w remaining: 16384 (100.00%)
* Elements of w skipped: 0 (0.00%)
* Elements of w processed with special addition: 0 (0.00%)
* Elements of w remaining: 16385 (100.00%)
* UVC proof at step 4
* G1 elements in proof: 2
* G2 elements in proof: 1
* Proof size in bits: 1019
* Cached h poly size: 262147
* UVC Verify step 4: PASS
* UVC Verify step 4: PASS
* UVC Verify step 4: PASS
* UVC Verify step 4: PASS
* UVC Verify step 4: PASS
* UVC Verify step 4: PASS
* UVC Verify step 4: PASS
* UVC Verify step 4: PASS
* UVC Verify step 4: PASS
* UVC Verify step 4: PASS
  4       8757.73       4.15          1019          PASS      
* UVC Prove step 8
* Elements of w skipped: 0 (0.00%)
* Elements of w processed with special addition: 0 (0.00%)
* Elements of w remaining: 16385 (100.00%)
* Elements of w skipped: 0 (0.00%)
* Elements of w processed with special addition: 0 (0.00%)
* Elements of w remaining: 16384 (100.00%)
* Elements of w skipped: 0 (0.00%)
* Elements of w processed with special addition: 0 (0.00%)
* Elements of w remaining: 16385 (100.00%)
* UVC proof at step 8
* G1 elements in proof: 2
* G2 elements in proof: 1
* Proof size in bits: 1019
* Cached h poly size: 262147
* UVC Prove step 8
* Elements of w skipped: 0 (0.00%)
* Elements of w processed with special addition: 0 (0.00%)
* Elements of w remaining: 16385 (100.00%)
* Elements of w skipped: 0 (0.00%)
* Elements of w processed with special addition: 0 (0.00%)
* Elements of w remaining: 16384 (100.00%)
* Elements of w skipped: 0 (0.00%)
* Elements of w processed with special addition: 0 (0.00%)
* Elements of w remaining: 16385 (100.00%)
* UVC proof at step 8
* G1 elements in proof: 2
* G2 elements in proof: 1
* Proof size in bits: 1019
* Cached h poly size: 262147
* UVC Prove step 8
* Elements of w skipped: 0 (0.00%)
* Elements of w processed with special addition: 0 (0.00%)
* Elements of w remaining: 16385 (100.00%)
* Elements of w skipped: 0 (0.00%)
* Elements of w processed with special addition: 0 (0.00%)
* Elements of w remaining: 16384 (100.00%)
* Elements of w skipped: 0 (0.00%)
* Elements of w processed with special addition: 0 (0.00%)
* Elements of w remaining: 16385 (100.00%)
* UVC proof at step 8
* G1 elements in proof: 2
* G2 elements in proof: 1
* Proof size in bits: 1019
* Cached h poly size: 262147
* UVC Prove step 8
* Elements of w skipped: 0 (0.00%)
* Elements of w processed with special addition: 0 (0.00%)
* Elements of w remaining: 16385 (100.00%)
* Elements of w skipped: 0 (0.00%)
* Elements of w processed with special addition: 0 (0.00%)
* Elements of w remaining: 16384 (100.00%)
* Elements of w skipped: 0 (0.00%)
* Elements of w processed with special addition: 0 (0.00%)
* Elements of w remaining: 16385 (100.00%)
* UVC proof at step 8
* G1 elements in proof: 2
* G2 elements in proof: 1
* Proof size in bits: 1019
* Cached h poly size: 262147
* UVC Prove step 8
* Elements of w skipped: 0 (0.00%)
* Elements of w processed with special addition: 0 (0.00%)
* Elements of w remaining: 16385 (100.00%)
* Elements of w skipped: 0 (0.00%)
* Elements of w processed with special addition: 0 (0.00%)
* Elements of w remaining: 16384 (100.00%)
* Elements of w skipped: 0 (0.00%)
* Elements of w processed with special addition: 0 (0.00%)
* Elements of w remaining: 16385 (100.00%)
* UVC proof at step 8
* G1 elements in proof: 2
* G2 elements in proof: 1
* Proof size in bits: 1019
* Cached h poly size: 262147
* UVC Prove step 8
* Elements of w skipped: 0 (0.00%)
* Elements of w processed with special addition: 0 (0.00%)
* Elements of w remaining: 16385 (100.00%)
* Elements of w skipped: 0 (0.00%)
* Elements of w processed with special addition: 0 (0.00%)
* Elements of w remaining: 16384 (100.00%)
* Elements of w skipped: 0 (0.00%)
* Elements of w processed with special addition: 0 (0.00%)
* Elements of w remaining: 16385 (100.00%)
* UVC proof at step 8
* G1 elements in proof: 2
* G2 elements in proof: 1
* Proof size in bits: 1019
* Cached h poly size: 262147
* UVC Prove step 8
* Elements of w skipped: 0 (0.00%)
* Elements of w processed with special addition: 0 (0.00%)
* Elements of w remaining: 16385 (100.00%)
* Elements of w skipped: 0 (0.00%)
* Elements of w processed with special addition: 0 (0.00%)
* Elements of w remaining: 16384 (100.00%)
* Elements of w skipped: 0 (0.00%)
* Elements of w processed with special addition: 0 (0.00%)
* Elements of w remaining: 16385 (100.00%)
* UVC proof at step 8
* G1 elements in proof: 2
* G2 elements in proof: 1
* Proof size in bits: 1019
* Cached h poly size: 262147
* UVC Prove step 8
* Elements of w skipped: 0 (0.00%)
* Elements of w processed with special addition: 0 (0.00%)
* Elements of w remaining: 16385 (100.00%)
* Elements of w skipped: 0 (0.00%)
* Elements of w processed with special addition: 0 (0.00%)
* Elements of w remaining: 16384 (100.00%)
* Elements of w skipped: 0 (0.00%)
* Elements of w processed with special addition: 0 (0.00%)
* Elements of w remaining: 16385 (100.00%)
* UVC proof at step 8
* G1 elements in proof: 2
* G2 elements in proof: 1
* Proof size in bits: 1019
* Cached h poly size: 262147
* UVC Prove step 8
* Elements of w skipped: 0 (0.00%)
* Elements of w processed with special addition: 0 (0.00%)
* Elements of w remaining: 16385 (100.00%)
* Elements of w skipped: 0 (0.00%)
* Elements of w processed with special addition: 0 (0.00%)
* Elements of w remaining: 16384 (100.00%)
* Elements of w skipped: 0 (0.00%)
* Elements of w processed with special addition: 0 (0.00%)
* Elements of w remaining: 16385 (100.00%)
* UVC proof at step 8
* G1 elements in proof: 2
* G2 elements in proof: 1
* Proof size in bits: 1019
* Cached h poly size: 262147
* UVC Prove step 8
* Elements of w skipped: 0 (0.00%)
* Elements of w processed with special addition: 0 (0.00%)
* Elements of w remaining: 16385 (100.00%)
* Elements of w skipped: 0 (0.00%)
* Elements of w processed with special addition: 0 (0.00%)
* Elements of w remaining: 16384 (100.00%)
* Elements of w skipped: 0 (0.00%)
* Elements of w processed with special addition: 0 (0.00%)
* Elements of w remaining: 16385 (100.00%)
* UVC proof at step 8
* G1 elements in proof: 2
* G2 elements in proof: 1
* Proof size in bits: 1019
* Cached h poly size: 262147
* UVC Verify step 8: PASS
* UVC Verify step 8: PASS
* UVC Verify step 8: PASS
* UVC Verify step 8: PASS
* UVC Verify step 8: PASS
* UVC Verify step 8: PASS
* UVC Verify step 8: PASS
* UVC Verify step 8: PASS
* UVC Verify step 8: PASS
* UVC Verify step 8: PASS
  8       8729.56       4.09          1019          PASS      
* UVC Prove step 16
* Elements of w skipped: 0 (0.00%)
* Elements of w processed with special addition: 0 (0.00%)
* Elements of w remaining: 16385 (100.00%)
* Elements of w skipped: 0 (0.00%)
* Elements of w processed with special addition: 0 (0.00%)
* Elements of w remaining: 16384 (100.00%)
* Elements of w skipped: 0 (0.00%)
* Elements of w processed with special addition: 0 (0.00%)
* Elements of w remaining: 16385 (100.00%)
* UVC proof at step 16
* G1 elements in proof: 2
* G2 elements in proof: 1
* Proof size in bits: 1019
* Cached h poly size: 262147
* UVC Prove step 16
* Elements of w skipped: 0 (0.00%)
* Elements of w processed with special addition: 0 (0.00%)
* Elements of w remaining: 16385 (100.00%)
* Elements of w skipped: 0 (0.00%)
* Elements of w processed with special addition: 0 (0.00%)
* Elements of w remaining: 16384 (100.00%)
* Elements of w skipped: 0 (0.00%)
* Elements of w processed with special addition: 0 (0.00%)
* Elements of w remaining: 16385 (100.00%)
* UVC proof at step 16
* G1 elements in proof: 2
* G2 elements in proof: 1
* Proof size in bits: 1019
* Cached h poly size: 262147
* UVC Prove step 16
* Elements of w skipped: 0 (0.00%)
* Elements of w processed with special addition: 0 (0.00%)
* Elements of w remaining: 16385 (100.00%)
* Elements of w skipped: 0 (0.00%)
* Elements of w processed with special addition: 0 (0.00%)
* Elements of w remaining: 16384 (100.00%)
* Elements of w skipped: 0 (0.00%)
* Elements of w processed with special addition: 0 (0.00%)
* Elements of w remaining: 16385 (100.00%)
* UVC proof at step 16
* G1 elements in proof: 2
* G2 elements in proof: 1
* Proof size in bits: 1019
* Cached h poly size: 262147
* UVC Prove step 16
* Elements of w skipped: 0 (0.00%)
* Elements of w processed with special addition: 0 (0.00%)
* Elements of w remaining: 16385 (100.00%)
* Elements of w skipped: 0 (0.00%)
* Elements of w processed with special addition: 0 (0.00%)
* Elements of w remaining: 16384 (100.00%)
* Elements of w skipped: 0 (0.00%)
* Elements of w processed with special addition: 0 (0.00%)
* Elements of w remaining: 16385 (100.00%)
* UVC proof at step 16
* G1 elements in proof: 2
* G2 elements in proof: 1
* Proof size in bits: 1019
* Cached h poly size: 262147
* UVC Prove step 16
* Elements of w skipped: 0 (0.00%)
* Elements of w processed with special addition: 0 (0.00%)
* Elements of w remaining: 16385 (100.00%)
* Elements of w skipped: 0 (0.00%)
* Elements of w processed with special addition: 0 (0.00%)
* Elements of w remaining: 16384 (100.00%)
* Elements of w skipped: 0 (0.00%)
* Elements of w processed with special addition: 0 (0.00%)
* Elements of w remaining: 16385 (100.00%)
* UVC proof at step 16
* G1 elements in proof: 2
* G2 elements in proof: 1
* Proof size in bits: 1019
* Cached h poly size: 262147
* UVC Prove step 16
* Elements of w skipped: 0 (0.00%)
* Elements of w processed with special addition: 0 (0.00%)
* Elements of w remaining: 16385 (100.00%)
* Elements of w skipped: 0 (0.00%)
* Elements of w processed with special addition: 0 (0.00%)
* Elements of w remaining: 16384 (100.00%)
* Elements of w skipped: 0 (0.00%)
* Elements of w processed with special addition: 0 (0.00%)
* Elements of w remaining: 16385 (100.00%)
* UVC proof at step 16
* G1 elements in proof: 2
* G2 elements in proof: 1
* Proof size in bits: 1019
* Cached h poly size: 262147
* UVC Prove step 16
* Elements of w skipped: 0 (0.00%)
* Elements of w processed with special addition: 0 (0.00%)
* Elements of w remaining: 16385 (100.00%)
* Elements of w skipped: 0 (0.00%)
* Elements of w processed with special addition: 0 (0.00%)
* Elements of w remaining: 16384 (100.00%)
* Elements of w skipped: 0 (0.00%)
* Elements of w processed with special addition: 0 (0.00%)
* Elements of w remaining: 16385 (100.00%)
* UVC proof at step 16
* G1 elements in proof: 2
* G2 elements in proof: 1
* Proof size in bits: 1019
* Cached h poly size: 262147
* UVC Prove step 16
* Elements of w skipped: 0 (0.00%)
* Elements of w processed with special addition: 0 (0.00%)
* Elements of w remaining: 16385 (100.00%)
* Elements of w skipped: 0 (0.00%)
* Elements of w processed with special addition: 0 (0.00%)
* Elements of w remaining: 16384 (100.00%)
* Elements of w skipped: 0 (0.00%)
* Elements of w processed with special addition: 0 (0.00%)
* Elements of w remaining: 16385 (100.00%)
* UVC proof at step 16
* G1 elements in proof: 2
* G2 elements in proof: 1
* Proof size in bits: 1019
* Cached h poly size: 262147
* UVC Prove step 16
* Elements of w skipped: 0 (0.00%)
* Elements of w processed with special addition: 0 (0.00%)
* Elements of w remaining: 16385 (100.00%)
* Elements of w skipped: 0 (0.00%)
* Elements of w processed with special addition: 0 (0.00%)
* Elements of w remaining: 16384 (100.00%)
* Elements of w skipped: 0 (0.00%)
* Elements of w processed with special addition: 0 (0.00%)
* Elements of w remaining: 16385 (100.00%)
* UVC proof at step 16
* G1 elements in proof: 2
* G2 elements in proof: 1
* Proof size in bits: 1019
* Cached h poly size: 262147
* UVC Prove step 16
* Elements of w skipped: 0 (0.00%)
* Elements of w processed with special addition: 0 (0.00%)
* Elements of w remaining: 16385 (100.00%)
* Elements of w skipped: 0 (0.00%)
* Elements of w processed with special addition: 0 (0.00%)
* Elements of w remaining: 16384 (100.00%)
* Elements of w skipped: 0 (0.00%)
* Elements of w processed with special addition: 0 (0.00%)
* Elements of w remaining: 16385 (100.00%)
* UVC proof at step 16
* G1 elements in proof: 2
* G2 elements in proof: 1
* Proof size in bits: 1019
* Cached h poly size: 262147
* UVC Verify step 16: PASS
* UVC Verify step 16: PASS
* UVC Verify step 16: PASS
* UVC Verify step 16: PASS
* UVC Verify step 16: PASS
* UVC Verify step 16: PASS
* UVC Verify step 16: PASS
* UVC Verify step 16: PASS
* UVC Verify step 16: PASS
* UVC Verify step 16: PASS
  16      8723.23       4.08          1019          PASS      

  UVC results written to /Users/heewonchung/Documents/00-Research/active/Updatable Verifiable Computation/Dev/results/2026-03-06_121849_paper/csv/uvc_results.csv

================================================================
Groth16 Benchmark: circuit=scalable, n=16384, B=16
================================================================

  Step    C_j constr  Setup (ms)    Prove (ms)    Verify (ms)   Verified  
  ------  ----------  ------------  ------------  ------------  ----------
* Composed C_1: 16384 constraints, 16386 variables, 2 inputs
Swap is not beneficial, not performing
* QAP number of variables: 16386
* QAP pre degree: 16384
* QAP degree: 16388
* QAP number of input variables: 2
* G1 window: 11
* G2 window: 11
* G1 elements in PK: 65546
* Non-zero G1 elements in PK: 65543
* G2 elements in PK: 16388
* Non-zero G2 elements in PK: 16385
* PK size in bits: 26102006
* G1 elements in VK: 2
* G2 elements in VK: 2
* GT elements in VK: 1
* VK size in bits: 1911
* Elements of w skipped: 0 (0.00%)
* Elements of w processed with special addition: 1 (0.01%)
* Elements of w remaining: 16386 (99.99%)
* Elements of w skipped: 0 (0.00%)
* Elements of w processed with special addition: 0 (0.00%)
* Elements of w remaining: 16384 (100.00%)
* Elements of w skipped: 0 (0.00%)
* Elements of w processed with special addition: 0 (0.00%)
* Elements of w remaining: 16384 (100.00%)
* G1 elements in proof: 2
* G2 elements in proof: 1
* Proof size in bits: 1019
* Elements of w skipped: 0 (0.00%)
* Elements of w processed with special addition: 1 (0.01%)
* Elements of w remaining: 16386 (99.99%)
* Elements of w skipped: 0 (0.00%)
* Elements of w processed with special addition: 0 (0.00%)
* Elements of w remaining: 16384 (100.00%)
* Elements of w skipped: 0 (0.00%)
* Elements of w processed with special addition: 0 (0.00%)
* Elements of w remaining: 16384 (100.00%)
* G1 elements in proof: 2
* G2 elements in proof: 1
* Proof size in bits: 1019
* Elements of w skipped: 0 (0.00%)
* Elements of w processed with special addition: 1 (0.01%)
* Elements of w remaining: 16386 (99.99%)
* Elements of w skipped: 0 (0.00%)
* Elements of w processed with special addition: 0 (0.00%)
* Elements of w remaining: 16384 (100.00%)
* Elements of w skipped: 0 (0.00%)
* Elements of w processed with special addition: 0 (0.00%)
* Elements of w remaining: 16384 (100.00%)
* G1 elements in proof: 2
* G2 elements in proof: 1
* Proof size in bits: 1019
* Elements of w skipped: 0 (0.00%)
* Elements of w processed with special addition: 1 (0.01%)
* Elements of w remaining: 16386 (99.99%)
* Elements of w skipped: 0 (0.00%)
* Elements of w processed with special addition: 0 (0.00%)
* Elements of w remaining: 16384 (100.00%)
* Elements of w skipped: 0 (0.00%)
* Elements of w processed with special addition: 0 (0.00%)
* Elements of w remaining: 16384 (100.00%)
* G1 elements in proof: 2
* G2 elements in proof: 1
* Proof size in bits: 1019
* Elements of w skipped: 0 (0.00%)
* Elements of w processed with special addition: 1 (0.01%)
* Elements of w remaining: 16386 (99.99%)
* Elements of w skipped: 0 (0.00%)
* Elements of w processed with special addition: 0 (0.00%)
* Elements of w remaining: 16384 (100.00%)
* Elements of w skipped: 0 (0.00%)
* Elements of w processed with special addition: 0 (0.00%)
* Elements of w remaining: 16384 (100.00%)
* G1 elements in proof: 2
* G2 elements in proof: 1
* Proof size in bits: 1019
* Elements of w skipped: 0 (0.00%)
* Elements of w processed with special addition: 1 (0.01%)
* Elements of w remaining: 16386 (99.99%)
* Elements of w skipped: 0 (0.00%)
* Elements of w processed with special addition: 0 (0.00%)
* Elements of w remaining: 16384 (100.00%)
* Elements of w skipped: 0 (0.00%)
* Elements of w processed with special addition: 0 (0.00%)
* Elements of w remaining: 16384 (100.00%)
* G1 elements in proof: 2
* G2 elements in proof: 1
* Proof size in bits: 1019
* Elements of w skipped: 0 (0.00%)
* Elements of w processed with special addition: 1 (0.01%)
* Elements of w remaining: 16386 (99.99%)
* Elements of w skipped: 0 (0.00%)
* Elements of w processed with special addition: 0 (0.00%)
* Elements of w remaining: 16384 (100.00%)
* Elements of w skipped: 0 (0.00%)
* Elements of w processed with special addition: 0 (0.00%)
* Elements of w remaining: 16384 (100.00%)
* G1 elements in proof: 2
* G2 elements in proof: 1
* Proof size in bits: 1019
* Elements of w skipped: 0 (0.00%)
* Elements of w processed with special addition: 1 (0.01%)
* Elements of w remaining: 16386 (99.99%)
* Elements of w skipped: 0 (0.00%)
* Elements of w processed with special addition: 0 (0.00%)
* Elements of w remaining: 16384 (100.00%)
* Elements of w skipped: 0 (0.00%)
* Elements of w processed with special addition: 0 (0.00%)
* Elements of w remaining: 16384 (100.00%)
* G1 elements in proof: 2
* G2 elements in proof: 1
* Proof size in bits: 1019
* Elements of w skipped: 0 (0.00%)
* Elements of w processed with special addition: 1 (0.01%)
* Elements of w remaining: 16386 (99.99%)
* Elements of w skipped: 0 (0.00%)
* Elements of w processed with special addition: 0 (0.00%)
* Elements of w remaining: 16384 (100.00%)
* Elements of w skipped: 0 (0.00%)
* Elements of w processed with special addition: 0 (0.00%)
* Elements of w remaining: 16384 (100.00%)
* G1 elements in proof: 2
* G2 elements in proof: 1
* Proof size in bits: 1019
* Elements of w skipped: 0 (0.00%)
* Elements of w processed with special addition: 1 (0.01%)
* Elements of w remaining: 16386 (99.99%)
* Elements of w skipped: 0 (0.00%)
* Elements of w processed with special addition: 0 (0.00%)
* Elements of w remaining: 16384 (100.00%)
* Elements of w skipped: 0 (0.00%)
* Elements of w processed with special addition: 0 (0.00%)
* Elements of w remaining: 16384 (100.00%)
* G1 elements in proof: 2
* G2 elements in proof: 1
* Proof size in bits: 1019
  1       16384       2752.5        2983.99       3.98          PASS      
* Composed C_2: 32768 constraints, 32771 variables, 2 inputs
Swap is not beneficial, not performing
* QAP number of variables: 32771
* QAP pre degree: 32768
* QAP degree: 32772
* QAP number of input variables: 2
* G1 window: 13
* G2 window: 12
* G1 elements in PK: 131085
* Non-zero G1 elements in PK: 131081
* G2 elements in PK: 32773
* Non-zero G2 elements in PK: 32769
* PK size in bits: 52202228
* G1 elements in VK: 2
* G2 elements in VK: 2
* GT elements in VK: 1
* VK size in bits: 1911
* Elements of w skipped: 0 (0.00%)
* Elements of w processed with special addition: 1 (0.00%)
* Elements of w remaining: 32771 (100.00%)
* Elements of w skipped: 0 (0.00%)
* Elements of w processed with special addition: 0 (0.00%)
* Elements of w remaining: 32768 (100.00%)
* Elements of w skipped: 0 (0.00%)
* Elements of w processed with special addition: 0 (0.00%)
* Elements of w remaining: 32769 (100.00%)
* G1 elements in proof: 2
* G2 elements in proof: 1
* Proof size in bits: 1019
* Elements of w skipped: 0 (0.00%)
* Elements of w processed with special addition: 1 (0.00%)
* Elements of w remaining: 32771 (100.00%)
* Elements of w skipped: 0 (0.00%)
* Elements of w processed with special addition: 0 (0.00%)
* Elements of w remaining: 32768 (100.00%)
* Elements of w skipped: 0 (0.00%)
* Elements of w processed with special addition: 0 (0.00%)
* Elements of w remaining: 32769 (100.00%)
* G1 elements in proof: 2
* G2 elements in proof: 1
* Proof size in bits: 1019
* Elements of w skipped: 0 (0.00%)
* Elements of w processed with special addition: 1 (0.00%)
* Elements of w remaining: 32771 (100.00%)
* Elements of w skipped: 0 (0.00%)
* Elements of w processed with special addition: 0 (0.00%)
* Elements of w remaining: 32768 (100.00%)
* Elements of w skipped: 0 (0.00%)
* Elements of w processed with special addition: 0 (0.00%)
* Elements of w remaining: 32769 (100.00%)
* G1 elements in proof: 2
* G2 elements in proof: 1
* Proof size in bits: 1019
* Elements of w skipped: 0 (0.00%)
* Elements of w processed with special addition: 1 (0.00%)
* Elements of w remaining: 32771 (100.00%)
* Elements of w skipped: 0 (0.00%)
* Elements of w processed with special addition: 0 (0.00%)
* Elements of w remaining: 32768 (100.00%)
* Elements of w skipped: 0 (0.00%)
* Elements of w processed with special addition: 0 (0.00%)
* Elements of w remaining: 32769 (100.00%)
* G1 elements in proof: 2
* G2 elements in proof: 1
* Proof size in bits: 1019
* Elements of w skipped: 0 (0.00%)
* Elements of w processed with special addition: 1 (0.00%)
* Elements of w remaining: 32771 (100.00%)
* Elements of w skipped: 0 (0.00%)
* Elements of w processed with special addition: 0 (0.00%)
* Elements of w remaining: 32768 (100.00%)
* Elements of w skipped: 0 (0.00%)
* Elements of w processed with special addition: 0 (0.00%)
* Elements of w remaining: 32769 (100.00%)
* G1 elements in proof: 2
* G2 elements in proof: 1
* Proof size in bits: 1019
* Elements of w skipped: 0 (0.00%)
* Elements of w processed with special addition: 1 (0.00%)
* Elements of w remaining: 32771 (100.00%)
* Elements of w skipped: 0 (0.00%)
* Elements of w processed with special addition: 0 (0.00%)
* Elements of w remaining: 32768 (100.00%)
* Elements of w skipped: 0 (0.00%)
* Elements of w processed with special addition: 0 (0.00%)
* Elements of w remaining: 32769 (100.00%)
* G1 elements in proof: 2
* G2 elements in proof: 1
* Proof size in bits: 1019
* Elements of w skipped: 0 (0.00%)
* Elements of w processed with special addition: 1 (0.00%)
* Elements of w remaining: 32771 (100.00%)
* Elements of w skipped: 0 (0.00%)
* Elements of w processed with special addition: 0 (0.00%)
* Elements of w remaining: 32768 (100.00%)
* Elements of w skipped: 0 (0.00%)
* Elements of w processed with special addition: 0 (0.00%)
* Elements of w remaining: 32769 (100.00%)
* G1 elements in proof: 2
* G2 elements in proof: 1
* Proof size in bits: 1019
* Elements of w skipped: 0 (0.00%)
* Elements of w processed with special addition: 1 (0.00%)
* Elements of w remaining: 32771 (100.00%)
* Elements of w skipped: 0 (0.00%)
* Elements of w processed with special addition: 0 (0.00%)
* Elements of w remaining: 32768 (100.00%)
* Elements of w skipped: 0 (0.00%)
* Elements of w processed with special addition: 0 (0.00%)
* Elements of w remaining: 32769 (100.00%)
* G1 elements in proof: 2
* G2 elements in proof: 1
* Proof size in bits: 1019
* Elements of w skipped: 0 (0.00%)
* Elements of w processed with special addition: 1 (0.00%)
* Elements of w remaining: 32771 (100.00%)
* Elements of w skipped: 0 (0.00%)
* Elements of w processed with special addition: 0 (0.00%)
* Elements of w remaining: 32768 (100.00%)
* Elements of w skipped: 0 (0.00%)
* Elements of w processed with special addition: 0 (0.00%)
* Elements of w remaining: 32769 (100.00%)
* G1 elements in proof: 2
* G2 elements in proof: 1
* Proof size in bits: 1019
* Elements of w skipped: 0 (0.00%)
* Elements of w processed with special addition: 1 (0.00%)
* Elements of w remaining: 32771 (100.00%)
* Elements of w skipped: 0 (0.00%)
* Elements of w processed with special addition: 0 (0.00%)
* Elements of w remaining: 32768 (100.00%)
* Elements of w skipped: 0 (0.00%)
* Elements of w processed with special addition: 0 (0.00%)
* Elements of w remaining: 32769 (100.00%)
* G1 elements in proof: 2
* G2 elements in proof: 1
* Proof size in bits: 1019
  2       32768       5000.5        5500.45       4.15          PASS      
* Composed C_4: 65536 constraints, 65541 variables, 2 inputs
Swap is not beneficial, not performing
* QAP number of variables: 65541
* QAP pre degree: 65536
* QAP degree: 65540
* QAP number of input variables: 2
* G1 window: 15
* G2 window: 13
* G1 elements in PK: 262163
* Non-zero G1 elements in PK: 262157
* G2 elements in PK: 65543
* Non-zero G2 elements in PK: 65537
* PK size in bits: 104402672
* G1 elements in VK: 2
* G2 elements in VK: 2
* GT elements in VK: 1
* VK size in bits: 1911
* Elements of w skipped: 0 (0.00%)
* Elements of w processed with special addition: 1 (0.00%)
* Elements of w remaining: 65541 (100.00%)
* Elements of w skipped: 0 (0.00%)
* Elements of w processed with special addition: 0 (0.00%)
* Elements of w remaining: 65536 (100.00%)
* Elements of w skipped: 0 (0.00%)
* Elements of w processed with special addition: 0 (0.00%)
* Elements of w remaining: 65539 (100.00%)
* G1 elements in proof: 2
* G2 elements in proof: 1
* Proof size in bits: 1019
* Elements of w skipped: 0 (0.00%)
* Elements of w processed with special addition: 1 (0.00%)
* Elements of w remaining: 65541 (100.00%)
* Elements of w skipped: 0 (0.00%)
* Elements of w processed with special addition: 0 (0.00%)
* Elements of w remaining: 65536 (100.00%)
* Elements of w skipped: 0 (0.00%)
* Elements of w processed with special addition: 0 (0.00%)
* Elements of w remaining: 65539 (100.00%)
* G1 elements in proof: 2
* G2 elements in proof: 1
* Proof size in bits: 1019
* Elements of w skipped: 0 (0.00%)
* Elements of w processed with special addition: 1 (0.00%)
* Elements of w remaining: 65541 (100.00%)
* Elements of w skipped: 0 (0.00%)
* Elements of w processed with special addition: 0 (0.00%)
* Elements of w remaining: 65536 (100.00%)
* Elements of w skipped: 0 (0.00%)
* Elements of w processed with special addition: 0 (0.00%)
* Elements of w remaining: 65539 (100.00%)
* G1 elements in proof: 2
* G2 elements in proof: 1
* Proof size in bits: 1019
* Elements of w skipped: 0 (0.00%)
* Elements of w processed with special addition: 1 (0.00%)
* Elements of w remaining: 65541 (100.00%)
* Elements of w skipped: 0 (0.00%)
* Elements of w processed with special addition: 0 (0.00%)
* Elements of w remaining: 65536 (100.00%)
* Elements of w skipped: 0 (0.00%)
* Elements of w processed with special addition: 0 (0.00%)
* Elements of w remaining: 65539 (100.00%)
* G1 elements in proof: 2
* G2 elements in proof: 1
* Proof size in bits: 1019
* Elements of w skipped: 0 (0.00%)
* Elements of w processed with special addition: 1 (0.00%)
* Elements of w remaining: 65541 (100.00%)
* Elements of w skipped: 0 (0.00%)
* Elements of w processed with special addition: 0 (0.00%)
* Elements of w remaining: 65536 (100.00%)
* Elements of w skipped: 0 (0.00%)
* Elements of w processed with special addition: 0 (0.00%)
* Elements of w remaining: 65539 (100.00%)
* G1 elements in proof: 2
* G2 elements in proof: 1
* Proof size in bits: 1019
* Elements of w skipped: 0 (0.00%)
* Elements of w processed with special addition: 1 (0.00%)
* Elements of w remaining: 65541 (100.00%)
* Elements of w skipped: 0 (0.00%)
* Elements of w processed with special addition: 0 (0.00%)
* Elements of w remaining: 65536 (100.00%)
* Elements of w skipped: 0 (0.00%)
* Elements of w processed with special addition: 0 (0.00%)
* Elements of w remaining: 65539 (100.00%)
* G1 elements in proof: 2
* G2 elements in proof: 1
* Proof size in bits: 1019
* Elements of w skipped: 0 (0.00%)
* Elements of w processed with special addition: 1 (0.00%)
* Elements of w remaining: 65541 (100.00%)
* Elements of w skipped: 0 (0.00%)
* Elements of w processed with special addition: 0 (0.00%)
* Elements of w remaining: 65536 (100.00%)
* Elements of w skipped: 0 (0.00%)
* Elements of w processed with special addition: 0 (0.00%)
* Elements of w remaining: 65539 (100.00%)
* G1 elements in proof: 2
* G2 elements in proof: 1
* Proof size in bits: 1019
* Elements of w skipped: 0 (0.00%)
* Elements of w processed with special addition: 1 (0.00%)
* Elements of w remaining: 65541 (100.00%)
* Elements of w skipped: 0 (0.00%)
* Elements of w processed with special addition: 0 (0.00%)
* Elements of w remaining: 65536 (100.00%)
* Elements of w skipped: 0 (0.00%)
* Elements of w processed with special addition: 0 (0.00%)
* Elements of w remaining: 65539 (100.00%)
* G1 elements in proof: 2
* G2 elements in proof: 1
* Proof size in bits: 1019
* Elements of w skipped: 0 (0.00%)
* Elements of w processed with special addition: 1 (0.00%)
* Elements of w remaining: 65541 (100.00%)
* Elements of w skipped: 0 (0.00%)
* Elements of w processed with special addition: 0 (0.00%)
* Elements of w remaining: 65536 (100.00%)
* Elements of w skipped: 0 (0.00%)
* Elements of w processed with special addition: 0 (0.00%)
* Elements of w remaining: 65539 (100.00%)
* G1 elements in proof: 2
* G2 elements in proof: 1
* Proof size in bits: 1019
* Elements of w skipped: 0 (0.00%)
* Elements of w processed with special addition: 1 (0.00%)
* Elements of w remaining: 65541 (100.00%)
* Elements of w skipped: 0 (0.00%)
* Elements of w processed with special addition: 0 (0.00%)
* Elements of w remaining: 65536 (100.00%)
* Elements of w skipped: 0 (0.00%)
* Elements of w processed with special addition: 0 (0.00%)
* Elements of w remaining: 65539 (100.00%)
* G1 elements in proof: 2
* G2 elements in proof: 1
* Proof size in bits: 1019
  4       65536       9418.8        10308.25      4.24          PASS      
* Composed C_8: 131072 constraints, 131081 variables, 2 inputs
Swap is not beneficial, not performing
* QAP number of variables: 131081
* QAP pre degree: 131072
* QAP degree: 131076
* QAP number of input variables: 2
* G1 window: 15
* G2 window: 14
* G1 elements in PK: 524319
* Non-zero G1 elements in PK: 524309
* G2 elements in PK: 131083
* Non-zero G2 elements in PK: 131073
* PK size in bits: 208803560
* G1 elements in VK: 2
* G2 elements in VK: 2
* GT elements in VK: 1
* VK size in bits: 1911
* Elements of w skipped: 0 (0.00%)
* Elements of w processed with special addition: 1 (0.00%)
* Elements of w remaining: 131081 (100.00%)
* Elements of w skipped: 0 (0.00%)
* Elements of w processed with special addition: 0 (0.00%)
* Elements of w remaining: 131072 (100.00%)
* Elements of w skipped: 0 (0.00%)
* Elements of w processed with special addition: 0 (0.00%)
* Elements of w remaining: 131079 (100.00%)
* G1 elements in proof: 2
* G2 elements in proof: 1
* Proof size in bits: 1019
* Elements of w skipped: 0 (0.00%)
* Elements of w processed with special addition: 1 (0.00%)
* Elements of w remaining: 131081 (100.00%)
* Elements of w skipped: 0 (0.00%)
* Elements of w processed with special addition: 0 (0.00%)
* Elements of w remaining: 131072 (100.00%)
* Elements of w skipped: 0 (0.00%)
* Elements of w processed with special addition: 0 (0.00%)
* Elements of w remaining: 131079 (100.00%)
* G1 elements in proof: 2
* G2 elements in proof: 1
* Proof size in bits: 1019
* Elements of w skipped: 0 (0.00%)
* Elements of w processed with special addition: 1 (0.00%)
* Elements of w remaining: 131081 (100.00%)
* Elements of w skipped: 0 (0.00%)
* Elements of w processed with special addition: 0 (0.00%)
* Elements of w remaining: 131072 (100.00%)
* Elements of w skipped: 0 (0.00%)
* Elements of w processed with special addition: 0 (0.00%)
* Elements of w remaining: 131079 (100.00%)
* G1 elements in proof: 2
* G2 elements in proof: 1
* Proof size in bits: 1019
* Elements of w skipped: 0 (0.00%)
* Elements of w processed with special addition: 1 (0.00%)
* Elements of w remaining: 131081 (100.00%)
* Elements of w skipped: 0 (0.00%)
* Elements of w processed with special addition: 0 (0.00%)
* Elements of w remaining: 131072 (100.00%)
* Elements of w skipped: 0 (0.00%)
* Elements of w processed with special addition: 0 (0.00%)
* Elements of w remaining: 131079 (100.00%)
* G1 elements in proof: 2
* G2 elements in proof: 1
* Proof size in bits: 1019
* Elements of w skipped: 0 (0.00%)
* Elements of w processed with special addition: 1 (0.00%)
* Elements of w remaining: 131081 (100.00%)
* Elements of w skipped: 0 (0.00%)
* Elements of w processed with special addition: 0 (0.00%)
* Elements of w remaining: 131072 (100.00%)
* Elements of w skipped: 0 (0.00%)
* Elements of w processed with special addition: 0 (0.00%)
* Elements of w remaining: 131079 (100.00%)
* G1 elements in proof: 2
* G2 elements in proof: 1
* Proof size in bits: 1019
* Elements of w skipped: 0 (0.00%)
* Elements of w processed with special addition: 1 (0.00%)
* Elements of w remaining: 131081 (100.00%)
* Elements of w skipped: 0 (0.00%)
* Elements of w processed with special addition: 0 (0.00%)
* Elements of w remaining: 131072 (100.00%)
* Elements of w skipped: 0 (0.00%)
* Elements of w processed with special addition: 0 (0.00%)
* Elements of w remaining: 131079 (100.00%)
* G1 elements in proof: 2
* G2 elements in proof: 1
* Proof size in bits: 1019
* Elements of w skipped: 0 (0.00%)
* Elements of w processed with special addition: 1 (0.00%)
* Elements of w remaining: 131081 (100.00%)
* Elements of w skipped: 0 (0.00%)
* Elements of w processed with special addition: 0 (0.00%)
* Elements of w remaining: 131072 (100.00%)
* Elements of w skipped: 0 (0.00%)
* Elements of w processed with special addition: 0 (0.00%)
* Elements of w remaining: 131079 (100.00%)
* G1 elements in proof: 2
* G2 elements in proof: 1
* Proof size in bits: 1019
* Elements of w skipped: 0 (0.00%)
* Elements of w processed with special addition: 1 (0.00%)
* Elements of w remaining: 131081 (100.00%)
* Elements of w skipped: 0 (0.00%)
* Elements of w processed with special addition: 0 (0.00%)
* Elements of w remaining: 131072 (100.00%)
* Elements of w skipped: 0 (0.00%)
* Elements of w processed with special addition: 0 (0.00%)
* Elements of w remaining: 131079 (100.00%)
* G1 elements in proof: 2
* G2 elements in proof: 1
* Proof size in bits: 1019
* Elements of w skipped: 0 (0.00%)
* Elements of w processed with special addition: 1 (0.00%)
* Elements of w remaining: 131081 (100.00%)
* Elements of w skipped: 0 (0.00%)
* Elements of w processed with special addition: 0 (0.00%)
* Elements of w remaining: 131072 (100.00%)
* Elements of w skipped: 0 (0.00%)
* Elements of w processed with special addition: 0 (0.00%)
* Elements of w remaining: 131079 (100.00%)
* G1 elements in proof: 2
* G2 elements in proof: 1
* Proof size in bits: 1019
* Elements of w skipped: 0 (0.00%)
* Elements of w processed with special addition: 1 (0.00%)
* Elements of w remaining: 131081 (100.00%)
* Elements of w skipped: 0 (0.00%)
* Elements of w processed with special addition: 0 (0.00%)
* Elements of w remaining: 131072 (100.00%)
* Elements of w skipped: 0 (0.00%)
* Elements of w processed with special addition: 0 (0.00%)
* Elements of w remaining: 131079 (100.00%)
* G1 elements in proof: 2
* G2 elements in proof: 1
* Proof size in bits: 1019
  8       131072      17704.1       19380.90      3.97          PASS      
* Composed C_16: 262144 constraints, 262161 variables, 2 inputs
Swap is not beneficial, not performing
* QAP number of variables: 262161
* QAP pre degree: 262144
* QAP degree: 262148
* QAP number of input variables: 2
* G1 window: 16
* G2 window: 15
* G1 elements in PK: 1048631
* Non-zero G1 elements in PK: 1048613
* G2 elements in PK: 262163
* Non-zero G2 elements in PK: 262145
* PK size in bits: 417605336
* G1 elements in VK: 2
* G2 elements in VK: 2
* GT elements in VK: 1
* VK size in bits: 1911
* Elements of w skipped: 0 (0.00%)
* Elements of w processed with special addition: 1 (0.00%)
* Elements of w remaining: 262161 (100.00%)
* Elements of w skipped: 0 (0.00%)
* Elements of w processed with special addition: 0 (0.00%)
* Elements of w remaining: 262144 (100.00%)
* Elements of w skipped: 0 (0.00%)
* Elements of w processed with special addition: 0 (0.00%)
* Elements of w remaining: 262159 (100.00%)
* G1 elements in proof: 2
* G2 elements in proof: 1
* Proof size in bits: 1019
* Elements of w skipped: 0 (0.00%)
* Elements of w processed with special addition: 1 (0.00%)
* Elements of w remaining: 262161 (100.00%)
* Elements of w skipped: 0 (0.00%)
* Elements of w processed with special addition: 0 (0.00%)
* Elements of w remaining: 262144 (100.00%)
* Elements of w skipped: 0 (0.00%)
* Elements of w processed with special addition: 0 (0.00%)
* Elements of w remaining: 262159 (100.00%)
* G1 elements in proof: 2
* G2 elements in proof: 1
* Proof size in bits: 1019
* Elements of w skipped: 0 (0.00%)
* Elements of w processed with special addition: 1 (0.00%)
* Elements of w remaining: 262161 (100.00%)
* Elements of w skipped: 0 (0.00%)
* Elements of w processed with special addition: 0 (0.00%)
* Elements of w remaining: 262144 (100.00%)
* Elements of w skipped: 0 (0.00%)
* Elements of w processed with special addition: 0 (0.00%)
* Elements of w remaining: 262159 (100.00%)
* G1 elements in proof: 2
* G2 elements in proof: 1
* Proof size in bits: 1019
* Elements of w skipped: 0 (0.00%)
* Elements of w processed with special addition: 1 (0.00%)
* Elements of w remaining: 262161 (100.00%)
* Elements of w skipped: 0 (0.00%)
* Elements of w processed with special addition: 0 (0.00%)
* Elements of w remaining: 262144 (100.00%)
* Elements of w skipped: 0 (0.00%)
* Elements of w processed with special addition: 0 (0.00%)
* Elements of w remaining: 262159 (100.00%)
* G1 elements in proof: 2
* G2 elements in proof: 1
* Proof size in bits: 1019
* Elements of w skipped: 0 (0.00%)
* Elements of w processed with special addition: 1 (0.00%)
* Elements of w remaining: 262161 (100.00%)
* Elements of w skipped: 0 (0.00%)
* Elements of w processed with special addition: 0 (0.00%)
* Elements of w remaining: 262144 (100.00%)
* Elements of w skipped: 0 (0.00%)
* Elements of w processed with special addition: 0 (0.00%)
* Elements of w remaining: 262159 (100.00%)
* G1 elements in proof: 2
* G2 elements in proof: 1
* Proof size in bits: 1019
* Elements of w skipped: 0 (0.00%)
* Elements of w processed with special addition: 1 (0.00%)
* Elements of w remaining: 262161 (100.00%)
* Elements of w skipped: 0 (0.00%)
* Elements of w processed with special addition: 0 (0.00%)
* Elements of w remaining: 262144 (100.00%)
* Elements of w skipped: 0 (0.00%)
* Elements of w processed with special addition: 0 (0.00%)
* Elements of w remaining: 262159 (100.00%)
* G1 elements in proof: 2
* G2 elements in proof: 1
* Proof size in bits: 1019
* Elements of w skipped: 0 (0.00%)
* Elements of w processed with special addition: 1 (0.00%)
* Elements of w remaining: 262161 (100.00%)
* Elements of w skipped: 0 (0.00%)
* Elements of w processed with special addition: 0 (0.00%)
* Elements of w remaining: 262144 (100.00%)
* Elements of w skipped: 0 (0.00%)
* Elements of w processed with special addition: 0 (0.00%)
* Elements of w remaining: 262159 (100.00%)
* G1 elements in proof: 2
* G2 elements in proof: 1
* Proof size in bits: 1019
* Elements of w skipped: 0 (0.00%)
* Elements of w processed with special addition: 1 (0.00%)
* Elements of w remaining: 262161 (100.00%)
* Elements of w skipped: 0 (0.00%)
* Elements of w processed with special addition: 0 (0.00%)
* Elements of w remaining: 262144 (100.00%)
* Elements of w skipped: 0 (0.00%)
* Elements of w processed with special addition: 0 (0.00%)
* Elements of w remaining: 262159 (100.00%)
* G1 elements in proof: 2
* G2 elements in proof: 1
* Proof size in bits: 1019
* Elements of w skipped: 0 (0.00%)
* Elements of w processed with special addition: 1 (0.00%)
* Elements of w remaining: 262161 (100.00%)
* Elements of w skipped: 0 (0.00%)
* Elements of w processed with special addition: 0 (0.00%)
* Elements of w remaining: 262144 (100.00%)
* Elements of w skipped: 0 (0.00%)
* Elements of w processed with special addition: 0 (0.00%)
* Elements of w remaining: 262159 (100.00%)
* G1 elements in proof: 2
* G2 elements in proof: 1
* Proof size in bits: 1019
* Elements of w skipped: 0 (0.00%)
* Elements of w processed with special addition: 1 (0.00%)
* Elements of w remaining: 262161 (100.00%)
* Elements of w skipped: 0 (0.00%)
* Elements of w processed with special addition: 0 (0.00%)
* Elements of w remaining: 262144 (100.00%)
* Elements of w skipped: 0 (0.00%)
* Elements of w processed with special addition: 0 (0.00%)
* Elements of w remaining: 262159 (100.00%)
* G1 elements in proof: 2
* G2 elements in proof: 1
* Proof size in bits: 1019
  16      262144      32944.4       36900.50      4.11          PASS      

  Groth16 results written to /Users/heewonchung/Documents/00-Research/active/Updatable Verifiable Computation/Dev/results/2026-03-06_121849_paper/csv/groth16_results.csv

================================================================
All benchmarks complete.
================================================================
  Done in 1459s

------------------------------------------------------------
  Running: [10/10] scalable n=16384 B=64
  Command: bench_comparative --circuit scalable --n 16384 --B 64 --output-dir /Users/heewonchung/Documents/00-Research/active/Updatable Verifiable Computation/Dev/results/2026-03-06_121849_paper/csv --reps 10
------------------------------------------------------------
================================================================
Comparative Benchmark: UVC vs Groth16
================================================================
  Circuit: scalable, n=16384, B=64, reps=10
  Output: /Users/heewonchung/Documents/00-Research/active/Updatable Verifiable Computation/Dev/results/2026-03-06_121849_paper/csv/

================================================================
UVC Benchmark: circuit=scalable, n=16384, B=64
================================================================
  Circuit: 16384 constraints, 16386 vars, state=1, transition=1

  [Setup] Generating CRS for B=64...
* UVC Setup: B=64, n=16386, state=1, transition=1
* Composed C_64: 1048576 constraints, 1048641 variables, 2 inputs
* QAP (C_B) variables: 1048641, degree: 1048580, inputs: 2
* UVC max compositions (B): 64
* G1 elements in PK: 4194503
* G2 elements in PK: 1048643
* PK size in bits: 1670415992
* H_query_full size: 1048579
* Step 2: 16385 new wires (0 io, 16385 wt)
* Step 3: 16385 new wires (0 io, 16385 wt)
* Step 4: 16385 new wires (0 io, 16385 wt)
* Step 5: 16385 new wires (0 io, 16385 wt)
* Step 6: 16385 new wires (0 io, 16385 wt)
* Step 7: 16385 new wires (0 io, 16385 wt)
* Step 8: 16385 new wires (0 io, 16385 wt)
* Step 9: 16385 new wires (0 io, 16385 wt)
* Step 10: 16385 new wires (0 io, 16385 wt)
* Step 11: 16385 new wires (0 io, 16385 wt)
* Step 12: 16385 new wires (0 io, 16385 wt)
* Step 13: 16385 new wires (0 io, 16385 wt)
* Step 14: 16385 new wires (0 io, 16385 wt)
* Step 15: 16385 new wires (0 io, 16385 wt)
* Step 16: 16385 new wires (0 io, 16385 wt)
* Step 17: 16385 new wires (0 io, 16385 wt)
* Step 18: 16385 new wires (0 io, 16385 wt)
* Step 19: 16385 new wires (0 io, 16385 wt)
* Step 20: 16385 new wires (0 io, 16385 wt)
* Step 21: 16385 new wires (0 io, 16385 wt)
* Step 22: 16385 new wires (0 io, 16385 wt)
* Step 23: 16385 new wires (0 io, 16385 wt)
* Step 24: 16385 new wires (0 io, 16385 wt)
* Step 25: 16385 new wires (0 io, 16385 wt)
* Step 26: 16385 new wires (0 io, 16385 wt)
* Step 27: 16385 new wires (0 io, 16385 wt)
* Step 28: 16385 new wires (0 io, 16385 wt)
* Step 29: 16385 new wires (0 io, 16385 wt)
* Step 30: 16385 new wires (0 io, 16385 wt)
* Step 31: 16385 new wires (0 io, 16385 wt)
* Step 32: 16385 new wires (0 io, 16385 wt)
* Step 33: 16385 new wires (0 io, 16385 wt)
* Step 34: 16385 new wires (0 io, 16385 wt)
* Step 35: 16385 new wires (0 io, 16385 wt)
* Step 36: 16385 new wires (0 io, 16385 wt)
* Step 37: 16385 new wires (0 io, 16385 wt)
* Step 38: 16385 new wires (0 io, 16385 wt)
* Step 39: 16385 new wires (0 io, 16385 wt)
* Step 40: 16385 new wires (0 io, 16385 wt)
* Step 41: 16385 new wires (0 io, 16385 wt)
* Step 42: 16385 new wires (0 io, 16385 wt)
* Step 43: 16385 new wires (0 io, 16385 wt)
* Step 44: 16385 new wires (0 io, 16385 wt)
* Step 45: 16385 new wires (0 io, 16385 wt)
* Step 46: 16385 new wires (0 io, 16385 wt)
* Step 47: 16385 new wires (0 io, 16385 wt)
* Step 48: 16385 new wires (0 io, 16385 wt)
* Step 49: 16385 new wires (0 io, 16385 wt)
* Step 50: 16385 new wires (0 io, 16385 wt)
* Step 51: 16385 new wires (0 io, 16385 wt)
* Step 52: 16385 new wires (0 io, 16385 wt)
* Step 53: 16385 new wires (0 io, 16385 wt)
* Step 54: 16385 new wires (0 io, 16385 wt)
* Step 55: 16385 new wires (0 io, 16385 wt)
* Step 56: 16385 new wires (0 io, 16385 wt)
* Step 57: 16385 new wires (0 io, 16385 wt)
* Step 58: 16385 new wires (0 io, 16385 wt)
* Step 59: 16385 new wires (0 io, 16385 wt)
* Step 60: 16385 new wires (0 io, 16385 wt)
* Step 61: 16385 new wires (0 io, 16385 wt)
* Step 62: 16385 new wires (0 io, 16385 wt)
* Step 63: 16385 new wires (0 io, 16385 wt)
* Step 64: 16385 new wires (0 io, 16385 wt)
* UVC VK: 64 max steps
* G2 elements in VK: 2
* GT elements in VK: 1
* gamma_ABC size: 2
  Setup: 211121.2 ms, CRS: 5210372 G1 + 2080899 G2
  Building proof chain (steps 1..64)...
* UVC Prove step 1
* Elements of w skipped: 0 (0.00%)
* Elements of w processed with special addition: 1 (0.01%)
* Elements of w remaining: 16386 (99.99%)
* Elements of w skipped: 0 (0.00%)
* Elements of w processed with special addition: 0 (0.00%)
* Elements of w remaining: 16384 (100.00%)
* Elements of w skipped: 0 (0.00%)
* Elements of w processed with special addition: 0 (0.00%)
* Elements of w remaining: 16384 (100.00%)
* UVC proof at step 1
* G1 elements in proof: 2
* G2 elements in proof: 1
* Proof size in bits: 1019
* Cached h poly size: 1048579
* UVC Prove step 2
* Elements of w skipped: 0 (0.00%)
* Elements of w processed with special addition: 0 (0.00%)
* Elements of w remaining: 16385 (100.00%)
* Elements of w skipped: 0 (0.00%)
* Elements of w processed with special addition: 0 (0.00%)
* Elements of w remaining: 16384 (100.00%)
* Elements of w skipped: 0 (0.00%)
* Elements of w processed with special addition: 0 (0.00%)
* Elements of w remaining: 16385 (100.00%)
* UVC proof at step 2
* G1 elements in proof: 2
* G2 elements in proof: 1
* Proof size in bits: 1019
* Cached h poly size: 1048579
* UVC Prove step 3
* Elements of w skipped: 0 (0.00%)
* Elements of w processed with special addition: 0 (0.00%)
* Elements of w remaining: 16385 (100.00%)
* Elements of w skipped: 0 (0.00%)
* Elements of w processed with special addition: 0 (0.00%)
* Elements of w remaining: 16384 (100.00%)
* Elements of w skipped: 0 (0.00%)
* Elements of w processed with special addition: 0 (0.00%)
* Elements of w remaining: 16385 (100.00%)
* UVC proof at step 3
* G1 elements in proof: 2
* G2 elements in proof: 1
* Proof size in bits: 1019
* Cached h poly size: 1048579
* UVC Prove step 4
* Elements of w skipped: 0 (0.00%)
* Elements of w processed with special addition: 0 (0.00%)
* Elements of w remaining: 16385 (100.00%)
* Elements of w skipped: 0 (0.00%)
* Elements of w processed with special addition: 0 (0.00%)
* Elements of w remaining: 16384 (100.00%)
* Elements of w skipped: 0 (0.00%)
* Elements of w processed with special addition: 0 (0.00%)
* Elements of w remaining: 16385 (100.00%)
* UVC proof at step 4
* G1 elements in proof: 2
* G2 elements in proof: 1
* Proof size in bits: 1019
* Cached h poly size: 1048579
* UVC Prove step 5
* Elements of w skipped: 0 (0.00%)
* Elements of w processed with special addition: 0 (0.00%)
* Elements of w remaining: 16385 (100.00%)
* Elements of w skipped: 0 (0.00%)
* Elements of w processed with special addition: 0 (0.00%)
* Elements of w remaining: 16384 (100.00%)
* Elements of w skipped: 0 (0.00%)
* Elements of w processed with special addition: 0 (0.00%)
* Elements of w remaining: 16385 (100.00%)
* UVC proof at step 5
* G1 elements in proof: 2
* G2 elements in proof: 1
* Proof size in bits: 1019
* Cached h poly size: 1048579
* UVC Prove step 6
* Elements of w skipped: 0 (0.00%)
* Elements of w processed with special addition: 0 (0.00%)
* Elements of w remaining: 16385 (100.00%)
* Elements of w skipped: 0 (0.00%)
* Elements of w processed with special addition: 0 (0.00%)
* Elements of w remaining: 16384 (100.00%)
* Elements of w skipped: 0 (0.00%)
* Elements of w processed with special addition: 0 (0.00%)
* Elements of w remaining: 16385 (100.00%)
* UVC proof at step 6
* G1 elements in proof: 2
* G2 elements in proof: 1
* Proof size in bits: 1019
* Cached h poly size: 1048579
* UVC Prove step 7
* Elements of w skipped: 0 (0.00%)
* Elements of w processed with special addition: 0 (0.00%)
* Elements of w remaining: 16385 (100.00%)
* Elements of w skipped: 0 (0.00%)
* Elements of w processed with special addition: 0 (0.00%)
* Elements of w remaining: 16384 (100.00%)
* Elements of w skipped: 0 (0.00%)
* Elements of w processed with special addition: 0 (0.00%)
* Elements of w remaining: 16385 (100.00%)
* UVC proof at step 7
* G1 elements in proof: 2
* G2 elements in proof: 1
* Proof size in bits: 1019
* Cached h poly size: 1048579
* UVC Prove step 8
* Elements of w skipped: 0 (0.00%)
* Elements of w processed with special addition: 0 (0.00%)
* Elements of w remaining: 16385 (100.00%)
* Elements of w skipped: 0 (0.00%)
* Elements of w processed with special addition: 0 (0.00%)
* Elements of w remaining: 16384 (100.00%)
* Elements of w skipped: 0 (0.00%)
* Elements of w processed with special addition: 0 (0.00%)
* Elements of w remaining: 16385 (100.00%)
* UVC proof at step 8
* G1 elements in proof: 2
* G2 elements in proof: 1
* Proof size in bits: 1019
* Cached h poly size: 1048579
* UVC Prove step 9
* Elements of w skipped: 0 (0.00%)
* Elements of w processed with special addition: 0 (0.00%)
* Elements of w remaining: 16385 (100.00%)
* Elements of w skipped: 0 (0.00%)
* Elements of w processed with special addition: 0 (0.00%)
* Elements of w remaining: 16384 (100.00%)
* Elements of w skipped: 0 (0.00%)
* Elements of w processed with special addition: 0 (0.00%)
* Elements of w remaining: 16385 (100.00%)
* UVC proof at step 9
* G1 elements in proof: 2
* G2 elements in proof: 1
* Proof size in bits: 1019
* Cached h poly size: 1048579
* UVC Prove step 10
* Elements of w skipped: 0 (0.00%)
* Elements of w processed with special addition: 0 (0.00%)
* Elements of w remaining: 16385 (100.00%)
* Elements of w skipped: 0 (0.00%)
* Elements of w processed with special addition: 0 (0.00%)
* Elements of w remaining: 16384 (100.00%)
* Elements of w skipped: 0 (0.00%)
* Elements of w processed with special addition: 0 (0.00%)
* Elements of w remaining: 16385 (100.00%)
* UVC proof at step 10
* G1 elements in proof: 2
* G2 elements in proof: 1
* Proof size in bits: 1019
* Cached h poly size: 1048579
* UVC Prove step 11
* Elements of w skipped: 0 (0.00%)
* Elements of w processed with special addition: 0 (0.00%)
* Elements of w remaining: 16385 (100.00%)
* Elements of w skipped: 0 (0.00%)
* Elements of w processed with special addition: 0 (0.00%)
* Elements of w remaining: 16384 (100.00%)
* Elements of w skipped: 0 (0.00%)
* Elements of w processed with special addition: 0 (0.00%)
* Elements of w remaining: 16385 (100.00%)
* UVC proof at step 11
* G1 elements in proof: 2
* G2 elements in proof: 1
* Proof size in bits: 1019
* Cached h poly size: 1048579
* UVC Prove step 12
* Elements of w skipped: 0 (0.00%)
* Elements of w processed with special addition: 0 (0.00%)
* Elements of w remaining: 16385 (100.00%)
* Elements of w skipped: 0 (0.00%)
* Elements of w processed with special addition: 0 (0.00%)
* Elements of w remaining: 16384 (100.00%)
* Elements of w skipped: 0 (0.00%)
* Elements of w processed with special addition: 0 (0.00%)
* Elements of w remaining: 16385 (100.00%)
* UVC proof at step 12
* G1 elements in proof: 2
* G2 elements in proof: 1
* Proof size in bits: 1019
* Cached h poly size: 1048579
* UVC Prove step 13
* Elements of w skipped: 0 (0.00%)
* Elements of w processed with special addition: 0 (0.00%)
* Elements of w remaining: 16385 (100.00%)
* Elements of w skipped: 0 (0.00%)
* Elements of w processed with special addition: 0 (0.00%)
* Elements of w remaining: 16384 (100.00%)
* Elements of w skipped: 0 (0.00%)
* Elements of w processed with special addition: 0 (0.00%)
* Elements of w remaining: 16385 (100.00%)
* UVC proof at step 13
* G1 elements in proof: 2
* G2 elements in proof: 1
* Proof size in bits: 1019
* Cached h poly size: 1048579
* UVC Prove step 14
* Elements of w skipped: 0 (0.00%)
* Elements of w processed with special addition: 0 (0.00%)
* Elements of w remaining: 16385 (100.00%)
* Elements of w skipped: 0 (0.00%)
* Elements of w processed with special addition: 0 (0.00%)
* Elements of w remaining: 16384 (100.00%)
* Elements of w skipped: 0 (0.00%)
* Elements of w processed with special addition: 0 (0.00%)
* Elements of w remaining: 16385 (100.00%)
* UVC proof at step 14
* G1 elements in proof: 2
* G2 elements in proof: 1
* Proof size in bits: 1019
* Cached h poly size: 1048579
* UVC Prove step 15
* Elements of w skipped: 0 (0.00%)
* Elements of w processed with special addition: 0 (0.00%)
* Elements of w remaining: 16385 (100.00%)
* Elements of w skipped: 0 (0.00%)
* Elements of w processed with special addition: 0 (0.00%)
* Elements of w remaining: 16384 (100.00%)
* Elements of w skipped: 0 (0.00%)
* Elements of w processed with special addition: 0 (0.00%)
* Elements of w remaining: 16385 (100.00%)
* UVC proof at step 15
* G1 elements in proof: 2
* G2 elements in proof: 1
* Proof size in bits: 1019
* Cached h poly size: 1048579
* UVC Prove step 16
* Elements of w skipped: 0 (0.00%)
* Elements of w processed with special addition: 0 (0.00%)
* Elements of w remaining: 16385 (100.00%)
* Elements of w skipped: 0 (0.00%)
* Elements of w processed with special addition: 0 (0.00%)
* Elements of w remaining: 16384 (100.00%)
* Elements of w skipped: 0 (0.00%)
* Elements of w processed with special addition: 0 (0.00%)
* Elements of w remaining: 16385 (100.00%)
* UVC proof at step 16
* G1 elements in proof: 2
* G2 elements in proof: 1
* Proof size in bits: 1019
* Cached h poly size: 1048579
* UVC Prove step 17
* Elements of w skipped: 0 (0.00%)
* Elements of w processed with special addition: 0 (0.00%)
* Elements of w remaining: 16385 (100.00%)
* Elements of w skipped: 0 (0.00%)
* Elements of w processed with special addition: 0 (0.00%)
* Elements of w remaining: 16384 (100.00%)
* Elements of w skipped: 0 (0.00%)
* Elements of w processed with special addition: 0 (0.00%)
* Elements of w remaining: 16385 (100.00%)
* UVC proof at step 17
* G1 elements in proof: 2
* G2 elements in proof: 1
* Proof size in bits: 1019
* Cached h poly size: 1048579
* UVC Prove step 18
* Elements of w skipped: 0 (0.00%)
* Elements of w processed with special addition: 0 (0.00%)
* Elements of w remaining: 16385 (100.00%)
* Elements of w skipped: 0 (0.00%)
* Elements of w processed with special addition: 0 (0.00%)
* Elements of w remaining: 16384 (100.00%)
* Elements of w skipped: 0 (0.00%)
* Elements of w processed with special addition: 0 (0.00%)
* Elements of w remaining: 16385 (100.00%)
* UVC proof at step 18
* G1 elements in proof: 2
* G2 elements in proof: 1
* Proof size in bits: 1019
* Cached h poly size: 1048579
* UVC Prove step 19
* Elements of w skipped: 0 (0.00%)
* Elements of w processed with special addition: 0 (0.00%)
* Elements of w remaining: 16385 (100.00%)
* Elements of w skipped: 0 (0.00%)
* Elements of w processed with special addition: 0 (0.00%)
* Elements of w remaining: 16384 (100.00%)
* Elements of w skipped: 0 (0.00%)
* Elements of w processed with special addition: 0 (0.00%)
* Elements of w remaining: 16385 (100.00%)
* UVC proof at step 19
* G1 elements in proof: 2
* G2 elements in proof: 1
* Proof size in bits: 1019
* Cached h poly size: 1048579
* UVC Prove step 20
* Elements of w skipped: 0 (0.00%)
* Elements of w processed with special addition: 0 (0.00%)
* Elements of w remaining: 16385 (100.00%)
* Elements of w skipped: 0 (0.00%)
* Elements of w processed with special addition: 0 (0.00%)
* Elements of w remaining: 16384 (100.00%)
* Elements of w skipped: 0 (0.00%)
* Elements of w processed with special addition: 0 (0.00%)
* Elements of w remaining: 16385 (100.00%)
* UVC proof at step 20
* G1 elements in proof: 2
* G2 elements in proof: 1
* Proof size in bits: 1019
* Cached h poly size: 1048579
* UVC Prove step 21
* Elements of w skipped: 0 (0.00%)
* Elements of w processed with special addition: 0 (0.00%)
* Elements of w remaining: 16385 (100.00%)
* Elements of w skipped: 0 (0.00%)
* Elements of w processed with special addition: 0 (0.00%)
* Elements of w remaining: 16384 (100.00%)
* Elements of w skipped: 0 (0.00%)
* Elements of w processed with special addition: 0 (0.00%)
* Elements of w remaining: 16385 (100.00%)
* UVC proof at step 21
* G1 elements in proof: 2
* G2 elements in proof: 1
* Proof size in bits: 1019
* Cached h poly size: 1048579
* UVC Prove step 22
* Elements of w skipped: 0 (0.00%)
* Elements of w processed with special addition: 0 (0.00%)
* Elements of w remaining: 16385 (100.00%)
* Elements of w skipped: 0 (0.00%)
* Elements of w processed with special addition: 0 (0.00%)
* Elements of w remaining: 16384 (100.00%)
* Elements of w skipped: 0 (0.00%)
* Elements of w processed with special addition: 0 (0.00%)
* Elements of w remaining: 16385 (100.00%)
* UVC proof at step 22
* G1 elements in proof: 2
* G2 elements in proof: 1
* Proof size in bits: 1019
* Cached h poly size: 1048579
* UVC Prove step 23
* Elements of w skipped: 0 (0.00%)
* Elements of w processed with special addition: 0 (0.00%)
* Elements of w remaining: 16385 (100.00%)
* Elements of w skipped: 0 (0.00%)
* Elements of w processed with special addition: 0 (0.00%)
* Elements of w remaining: 16384 (100.00%)
* Elements of w skipped: 0 (0.00%)
* Elements of w processed with special addition: 0 (0.00%)
* Elements of w remaining: 16385 (100.00%)
* UVC proof at step 23
* G1 elements in proof: 2
* G2 elements in proof: 1
* Proof size in bits: 1019
* Cached h poly size: 1048579
* UVC Prove step 24
* Elements of w skipped: 0 (0.00%)
* Elements of w processed with special addition: 0 (0.00%)
* Elements of w remaining: 16385 (100.00%)
* Elements of w skipped: 0 (0.00%)
* Elements of w processed with special addition: 0 (0.00%)
* Elements of w remaining: 16384 (100.00%)
* Elements of w skipped: 0 (0.00%)
* Elements of w processed with special addition: 0 (0.00%)
* Elements of w remaining: 16385 (100.00%)
* UVC proof at step 24
* G1 elements in proof: 2
* G2 elements in proof: 1
* Proof size in bits: 1019
* Cached h poly size: 1048579
* UVC Prove step 25
* Elements of w skipped: 0 (0.00%)
* Elements of w processed with special addition: 0 (0.00%)
* Elements of w remaining: 16385 (100.00%)
* Elements of w skipped: 0 (0.00%)
* Elements of w processed with special addition: 0 (0.00%)
* Elements of w remaining: 16384 (100.00%)
* Elements of w skipped: 0 (0.00%)
* Elements of w processed with special addition: 0 (0.00%)
* Elements of w remaining: 16385 (100.00%)
* UVC proof at step 25
* G1 elements in proof: 2
* G2 elements in proof: 1
* Proof size in bits: 1019
* Cached h poly size: 1048579
* UVC Prove step 26
* Elements of w skipped: 0 (0.00%)
* Elements of w processed with special addition: 0 (0.00%)
* Elements of w remaining: 16385 (100.00%)
* Elements of w skipped: 0 (0.00%)
* Elements of w processed with special addition: 0 (0.00%)
* Elements of w remaining: 16384 (100.00%)
* Elements of w skipped: 0 (0.00%)
* Elements of w processed with special addition: 0 (0.00%)
* Elements of w remaining: 16385 (100.00%)
* UVC proof at step 26
* G1 elements in proof: 2
* G2 elements in proof: 1
* Proof size in bits: 1019
* Cached h poly size: 1048579
* UVC Prove step 27
* Elements of w skipped: 0 (0.00%)
* Elements of w processed with special addition: 0 (0.00%)
* Elements of w remaining: 16385 (100.00%)
* Elements of w skipped: 0 (0.00%)
* Elements of w processed with special addition: 0 (0.00%)
* Elements of w remaining: 16384 (100.00%)
* Elements of w skipped: 0 (0.00%)
* Elements of w processed with special addition: 0 (0.00%)
* Elements of w remaining: 16385 (100.00%)
* UVC proof at step 27
* G1 elements in proof: 2
* G2 elements in proof: 1
* Proof size in bits: 1019
* Cached h poly size: 1048579
* UVC Prove step 28
* Elements of w skipped: 0 (0.00%)
* Elements of w processed with special addition: 0 (0.00%)
* Elements of w remaining: 16385 (100.00%)
* Elements of w skipped: 0 (0.00%)
* Elements of w processed with special addition: 0 (0.00%)
* Elements of w remaining: 16384 (100.00%)
* Elements of w skipped: 0 (0.00%)
* Elements of w processed with special addition: 0 (0.00%)
* Elements of w remaining: 16385 (100.00%)
* UVC proof at step 28
* G1 elements in proof: 2
* G2 elements in proof: 1
* Proof size in bits: 1019
* Cached h poly size: 1048579
* UVC Prove step 29
* Elements of w skipped: 0 (0.00%)
* Elements of w processed with special addition: 0 (0.00%)
* Elements of w remaining: 16385 (100.00%)
* Elements of w skipped: 0 (0.00%)
* Elements of w processed with special addition: 0 (0.00%)
* Elements of w remaining: 16384 (100.00%)
* Elements of w skipped: 0 (0.00%)
* Elements of w processed with special addition: 0 (0.00%)
* Elements of w remaining: 16385 (100.00%)
* UVC proof at step 29
* G1 elements in proof: 2
* G2 elements in proof: 1
* Proof size in bits: 1019
* Cached h poly size: 1048579
* UVC Prove step 30
* Elements of w skipped: 0 (0.00%)
* Elements of w processed with special addition: 0 (0.00%)
* Elements of w remaining: 16385 (100.00%)
* Elements of w skipped: 0 (0.00%)
* Elements of w processed with special addition: 0 (0.00%)
* Elements of w remaining: 16384 (100.00%)
* Elements of w skipped: 0 (0.00%)
* Elements of w processed with special addition: 0 (0.00%)
* Elements of w remaining: 16385 (100.00%)
* UVC proof at step 30
* G1 elements in proof: 2
* G2 elements in proof: 1
* Proof size in bits: 1019
* Cached h poly size: 1048579
* UVC Prove step 31
* Elements of w skipped: 0 (0.00%)
* Elements of w processed with special addition: 0 (0.00%)
* Elements of w remaining: 16385 (100.00%)
* Elements of w skipped: 0 (0.00%)
* Elements of w processed with special addition: 0 (0.00%)
* Elements of w remaining: 16384 (100.00%)
* Elements of w skipped: 0 (0.00%)
* Elements of w processed with special addition: 0 (0.00%)
* Elements of w remaining: 16385 (100.00%)
* UVC proof at step 31
* G1 elements in proof: 2
* G2 elements in proof: 1
* Proof size in bits: 1019
* Cached h poly size: 1048579
* UVC Prove step 32
* Elements of w skipped: 0 (0.00%)
* Elements of w processed with special addition: 0 (0.00%)
* Elements of w remaining: 16385 (100.00%)
* Elements of w skipped: 0 (0.00%)
* Elements of w processed with special addition: 0 (0.00%)
* Elements of w remaining: 16384 (100.00%)
* Elements of w skipped: 0 (0.00%)
* Elements of w processed with special addition: 0 (0.00%)
* Elements of w remaining: 16385 (100.00%)
* UVC proof at step 32
* G1 elements in proof: 2
* G2 elements in proof: 1
* Proof size in bits: 1019
* Cached h poly size: 1048579
* UVC Prove step 33
* Elements of w skipped: 0 (0.00%)
* Elements of w processed with special addition: 0 (0.00%)
* Elements of w remaining: 16385 (100.00%)
* Elements of w skipped: 0 (0.00%)
* Elements of w processed with special addition: 0 (0.00%)
* Elements of w remaining: 16384 (100.00%)
* Elements of w skipped: 0 (0.00%)
* Elements of w processed with special addition: 0 (0.00%)
* Elements of w remaining: 16385 (100.00%)
* UVC proof at step 33
* G1 elements in proof: 2
* G2 elements in proof: 1
* Proof size in bits: 1019
* Cached h poly size: 1048579
* UVC Prove step 34
* Elements of w skipped: 0 (0.00%)
* Elements of w processed with special addition: 0 (0.00%)
* Elements of w remaining: 16385 (100.00%)
* Elements of w skipped: 0 (0.00%)
* Elements of w processed with special addition: 0 (0.00%)
* Elements of w remaining: 16384 (100.00%)
* Elements of w skipped: 0 (0.00%)
* Elements of w processed with special addition: 0 (0.00%)
* Elements of w remaining: 16385 (100.00%)
* UVC proof at step 34
* G1 elements in proof: 2
* G2 elements in proof: 1
* Proof size in bits: 1019
* Cached h poly size: 1048579
* UVC Prove step 35
* Elements of w skipped: 0 (0.00%)
* Elements of w processed with special addition: 0 (0.00%)
* Elements of w remaining: 16385 (100.00%)
* Elements of w skipped: 0 (0.00%)
* Elements of w processed with special addition: 0 (0.00%)
* Elements of w remaining: 16384 (100.00%)
* Elements of w skipped: 0 (0.00%)
* Elements of w processed with special addition: 0 (0.00%)
* Elements of w remaining: 16385 (100.00%)
* UVC proof at step 35
* G1 elements in proof: 2
* G2 elements in proof: 1
* Proof size in bits: 1019
* Cached h poly size: 1048579
* UVC Prove step 36
* Elements of w skipped: 0 (0.00%)
* Elements of w processed with special addition: 0 (0.00%)
* Elements of w remaining: 16385 (100.00%)
* Elements of w skipped: 0 (0.00%)
* Elements of w processed with special addition: 0 (0.00%)
* Elements of w remaining: 16384 (100.00%)
* Elements of w skipped: 0 (0.00%)
* Elements of w processed with special addition: 0 (0.00%)
* Elements of w remaining: 16385 (100.00%)
* UVC proof at step 36
* G1 elements in proof: 2
* G2 elements in proof: 1
* Proof size in bits: 1019
* Cached h poly size: 1048579
* UVC Prove step 37
* Elements of w skipped: 0 (0.00%)
* Elements of w processed with special addition: 0 (0.00%)
* Elements of w remaining: 16385 (100.00%)
* Elements of w skipped: 0 (0.00%)
* Elements of w processed with special addition: 0 (0.00%)
* Elements of w remaining: 16384 (100.00%)
* Elements of w skipped: 0 (0.00%)
* Elements of w processed with special addition: 0 (0.00%)
* Elements of w remaining: 16385 (100.00%)
* UVC proof at step 37
* G1 elements in proof: 2
* G2 elements in proof: 1
* Proof size in bits: 1019
* Cached h poly size: 1048579
* UVC Prove step 38
* Elements of w skipped: 0 (0.00%)
* Elements of w processed with special addition: 0 (0.00%)
* Elements of w remaining: 16385 (100.00%)
* Elements of w skipped: 0 (0.00%)
* Elements of w processed with special addition: 0 (0.00%)
* Elements of w remaining: 16384 (100.00%)
* Elements of w skipped: 0 (0.00%)
* Elements of w processed with special addition: 0 (0.00%)
* Elements of w remaining: 16385 (100.00%)
* UVC proof at step 38
* G1 elements in proof: 2
* G2 elements in proof: 1
* Proof size in bits: 1019
* Cached h poly size: 1048579
* UVC Prove step 39
* Elements of w skipped: 0 (0.00%)
* Elements of w processed with special addition: 0 (0.00%)
* Elements of w remaining: 16385 (100.00%)
* Elements of w skipped: 0 (0.00%)
* Elements of w processed with special addition: 0 (0.00%)
* Elements of w remaining: 16384 (100.00%)
* Elements of w skipped: 0 (0.00%)
* Elements of w processed with special addition: 0 (0.00%)
* Elements of w remaining: 16385 (100.00%)
* UVC proof at step 39
* G1 elements in proof: 2
* G2 elements in proof: 1
* Proof size in bits: 1019
* Cached h poly size: 1048579
* UVC Prove step 40
* Elements of w skipped: 0 (0.00%)
* Elements of w processed with special addition: 0 (0.00%)
* Elements of w remaining: 16385 (100.00%)
* Elements of w skipped: 0 (0.00%)
* Elements of w processed with special addition: 0 (0.00%)
* Elements of w remaining: 16384 (100.00%)
* Elements of w skipped: 0 (0.00%)
* Elements of w processed with special addition: 0 (0.00%)
* Elements of w remaining: 16385 (100.00%)
* UVC proof at step 40
* G1 elements in proof: 2
* G2 elements in proof: 1
* Proof size in bits: 1019
* Cached h poly size: 1048579
* UVC Prove step 41
* Elements of w skipped: 0 (0.00%)
* Elements of w processed with special addition: 0 (0.00%)
* Elements of w remaining: 16385 (100.00%)
* Elements of w skipped: 0 (0.00%)
* Elements of w processed with special addition: 0 (0.00%)
* Elements of w remaining: 16384 (100.00%)
* Elements of w skipped: 0 (0.00%)
* Elements of w processed with special addition: 0 (0.00%)
* Elements of w remaining: 16385 (100.00%)
* UVC proof at step 41
* G1 elements in proof: 2
* G2 elements in proof: 1
* Proof size in bits: 1019
* Cached h poly size: 1048579
* UVC Prove step 42
* Elements of w skipped: 0 (0.00%)
* Elements of w processed with special addition: 0 (0.00%)
* Elements of w remaining: 16385 (100.00%)
* Elements of w skipped: 0 (0.00%)
* Elements of w processed with special addition: 0 (0.00%)
* Elements of w remaining: 16384 (100.00%)
* Elements of w skipped: 0 (0.00%)
* Elements of w processed with special addition: 0 (0.00%)
* Elements of w remaining: 16385 (100.00%)
* UVC proof at step 42
* G1 elements in proof: 2
* G2 elements in proof: 1
* Proof size in bits: 1019
* Cached h poly size: 1048579
* UVC Prove step 43
* Elements of w skipped: 0 (0.00%)
* Elements of w processed with special addition: 0 (0.00%)
* Elements of w remaining: 16385 (100.00%)
* Elements of w skipped: 0 (0.00%)
* Elements of w processed with special addition: 0 (0.00%)
* Elements of w remaining: 16384 (100.00%)
* Elements of w skipped: 0 (0.00%)
* Elements of w processed with special addition: 0 (0.00%)
* Elements of w remaining: 16385 (100.00%)
* UVC proof at step 43
* G1 elements in proof: 2
* G2 elements in proof: 1
* Proof size in bits: 1019
* Cached h poly size: 1048579
* UVC Prove step 44
* Elements of w skipped: 0 (0.00%)
* Elements of w processed with special addition: 0 (0.00%)
* Elements of w remaining: 16385 (100.00%)
* Elements of w skipped: 0 (0.00%)
* Elements of w processed with special addition: 0 (0.00%)
* Elements of w remaining: 16384 (100.00%)
* Elements of w skipped: 0 (0.00%)
* Elements of w processed with special addition: 0 (0.00%)
* Elements of w remaining: 16385 (100.00%)
* UVC proof at step 44
* G1 elements in proof: 2
* G2 elements in proof: 1
* Proof size in bits: 1019
* Cached h poly size: 1048579
* UVC Prove step 45
* Elements of w skipped: 0 (0.00%)
* Elements of w processed with special addition: 0 (0.00%)
* Elements of w remaining: 16385 (100.00%)
* Elements of w skipped: 0 (0.00%)
* Elements of w processed with special addition: 0 (0.00%)
* Elements of w remaining: 16384 (100.00%)
* Elements of w skipped: 0 (0.00%)
* Elements of w processed with special addition: 0 (0.00%)
* Elements of w remaining: 16385 (100.00%)
* UVC proof at step 45
* G1 elements in proof: 2
* G2 elements in proof: 1
* Proof size in bits: 1019
* Cached h poly size: 1048579
* UVC Prove step 46
* Elements of w skipped: 0 (0.00%)
* Elements of w processed with special addition: 0 (0.00%)
* Elements of w remaining: 16385 (100.00%)
* Elements of w skipped: 0 (0.00%)
* Elements of w processed with special addition: 0 (0.00%)
* Elements of w remaining: 16384 (100.00%)
* Elements of w skipped: 0 (0.00%)
* Elements of w processed with special addition: 0 (0.00%)
* Elements of w remaining: 16385 (100.00%)
* UVC proof at step 46
* G1 elements in proof: 2
* G2 elements in proof: 1
* Proof size in bits: 1019
* Cached h poly size: 1048579
* UVC Prove step 47
* Elements of w skipped: 0 (0.00%)
* Elements of w processed with special addition: 0 (0.00%)
* Elements of w remaining: 16385 (100.00%)
* Elements of w skipped: 0 (0.00%)
* Elements of w processed with special addition: 0 (0.00%)
* Elements of w remaining: 16384 (100.00%)
* Elements of w skipped: 0 (0.00%)
* Elements of w processed with special addition: 0 (0.00%)
* Elements of w remaining: 16385 (100.00%)
* UVC proof at step 47
* G1 elements in proof: 2
* G2 elements in proof: 1
* Proof size in bits: 1019
* Cached h poly size: 1048579
* UVC Prove step 48
* Elements of w skipped: 0 (0.00%)
* Elements of w processed with special addition: 0 (0.00%)
* Elements of w remaining: 16385 (100.00%)
* Elements of w skipped: 0 (0.00%)
* Elements of w processed with special addition: 0 (0.00%)
* Elements of w remaining: 16384 (100.00%)
* Elements of w skipped: 0 (0.00%)
* Elements of w processed with special addition: 0 (0.00%)
* Elements of w remaining: 16385 (100.00%)
* UVC proof at step 48
* G1 elements in proof: 2
* G2 elements in proof: 1
* Proof size in bits: 1019
* Cached h poly size: 1048579
* UVC Prove step 49
* Elements of w skipped: 0 (0.00%)
* Elements of w processed with special addition: 0 (0.00%)
* Elements of w remaining: 16385 (100.00%)
* Elements of w skipped: 0 (0.00%)
* Elements of w processed with special addition: 0 (0.00%)
* Elements of w remaining: 16384 (100.00%)
* Elements of w skipped: 0 (0.00%)
* Elements of w processed with special addition: 0 (0.00%)
* Elements of w remaining: 16385 (100.00%)
* UVC proof at step 49
* G1 elements in proof: 2
* G2 elements in proof: 1
* Proof size in bits: 1019
* Cached h poly size: 1048579
* UVC Prove step 50
* Elements of w skipped: 0 (0.00%)
* Elements of w processed with special addition: 0 (0.00%)
* Elements of w remaining: 16385 (100.00%)
* Elements of w skipped: 0 (0.00%)
* Elements of w processed with special addition: 0 (0.00%)
* Elements of w remaining: 16384 (100.00%)
* Elements of w skipped: 0 (0.00%)
* Elements of w processed with special addition: 0 (0.00%)
* Elements of w remaining: 16385 (100.00%)
* UVC proof at step 50
* G1 elements in proof: 2
* G2 elements in proof: 1
* Proof size in bits: 1019
* Cached h poly size: 1048579
* UVC Prove step 51
* Elements of w skipped: 0 (0.00%)
* Elements of w processed with special addition: 0 (0.00%)
* Elements of w remaining: 16385 (100.00%)
* Elements of w skipped: 0 (0.00%)
* Elements of w processed with special addition: 0 (0.00%)
* Elements of w remaining: 16384 (100.00%)
* Elements of w skipped: 0 (0.00%)
* Elements of w processed with special addition: 0 (0.00%)
* Elements of w remaining: 16385 (100.00%)
* UVC proof at step 51
* G1 elements in proof: 2
* G2 elements in proof: 1
* Proof size in bits: 1019
* Cached h poly size: 1048579
* UVC Prove step 52
* Elements of w skipped: 0 (0.00%)
* Elements of w processed with special addition: 0 (0.00%)
* Elements of w remaining: 16385 (100.00%)
* Elements of w skipped: 0 (0.00%)
* Elements of w processed with special addition: 0 (0.00%)
* Elements of w remaining: 16384 (100.00%)
* Elements of w skipped: 0 (0.00%)
* Elements of w processed with special addition: 0 (0.00%)
* Elements of w remaining: 16385 (100.00%)
* UVC proof at step 52
* G1 elements in proof: 2
* G2 elements in proof: 1
* Proof size in bits: 1019
* Cached h poly size: 1048579
* UVC Prove step 53
* Elements of w skipped: 0 (0.00%)
* Elements of w processed with special addition: 0 (0.00%)
* Elements of w remaining: 16385 (100.00%)
* Elements of w skipped: 0 (0.00%)
* Elements of w processed with special addition: 0 (0.00%)
* Elements of w remaining: 16384 (100.00%)
* Elements of w skipped: 0 (0.00%)
* Elements of w processed with special addition: 0 (0.00%)
* Elements of w remaining: 16385 (100.00%)
* UVC proof at step 53
* G1 elements in proof: 2
* G2 elements in proof: 1
* Proof size in bits: 1019
* Cached h poly size: 1048579
* UVC Prove step 54
* Elements of w skipped: 0 (0.00%)
* Elements of w processed with special addition: 0 (0.00%)
* Elements of w remaining: 16385 (100.00%)
* Elements of w skipped: 0 (0.00%)
* Elements of w processed with special addition: 0 (0.00%)
* Elements of w remaining: 16384 (100.00%)
* Elements of w skipped: 0 (0.00%)
* Elements of w processed with special addition: 0 (0.00%)
* Elements of w remaining: 16385 (100.00%)
* UVC proof at step 54
* G1 elements in proof: 2
* G2 elements in proof: 1
* Proof size in bits: 1019
* Cached h poly size: 1048579
* UVC Prove step 55
* Elements of w skipped: 0 (0.00%)
* Elements of w processed with special addition: 0 (0.00%)
* Elements of w remaining: 16385 (100.00%)
* Elements of w skipped: 0 (0.00%)
* Elements of w processed with special addition: 0 (0.00%)
* Elements of w remaining: 16384 (100.00%)
* Elements of w skipped: 0 (0.00%)
* Elements of w processed with special addition: 0 (0.00%)
* Elements of w remaining: 16385 (100.00%)
* UVC proof at step 55
* G1 elements in proof: 2
* G2 elements in proof: 1
* Proof size in bits: 1019
* Cached h poly size: 1048579
* UVC Prove step 56
* Elements of w skipped: 0 (0.00%)
* Elements of w processed with special addition: 0 (0.00%)
* Elements of w remaining: 16385 (100.00%)
* Elements of w skipped: 0 (0.00%)
* Elements of w processed with special addition: 0 (0.00%)
* Elements of w remaining: 16384 (100.00%)
* Elements of w skipped: 0 (0.00%)
* Elements of w processed with special addition: 0 (0.00%)
* Elements of w remaining: 16385 (100.00%)
* UVC proof at step 56
* G1 elements in proof: 2
* G2 elements in proof: 1
* Proof size in bits: 1019
* Cached h poly size: 1048579
* UVC Prove step 57
* Elements of w skipped: 0 (0.00%)
* Elements of w processed with special addition: 0 (0.00%)
* Elements of w remaining: 16385 (100.00%)
* Elements of w skipped: 0 (0.00%)
* Elements of w processed with special addition: 0 (0.00%)
* Elements of w remaining: 16384 (100.00%)
* Elements of w skipped: 0 (0.00%)
* Elements of w processed with special addition: 0 (0.00%)
* Elements of w remaining: 16385 (100.00%)
* UVC proof at step 57
* G1 elements in proof: 2
* G2 elements in proof: 1
* Proof size in bits: 1019
* Cached h poly size: 1048579
* UVC Prove step 58
* Elements of w skipped: 0 (0.00%)
* Elements of w processed with special addition: 0 (0.00%)
* Elements of w remaining: 16385 (100.00%)
* Elements of w skipped: 0 (0.00%)
* Elements of w processed with special addition: 0 (0.00%)
* Elements of w remaining: 16384 (100.00%)
* Elements of w skipped: 0 (0.00%)
* Elements of w processed with special addition: 0 (0.00%)
* Elements of w remaining: 16385 (100.00%)
* UVC proof at step 58
* G1 elements in proof: 2
* G2 elements in proof: 1
* Proof size in bits: 1019
* Cached h poly size: 1048579
* UVC Prove step 59
* Elements of w skipped: 0 (0.00%)
* Elements of w processed with special addition: 0 (0.00%)
* Elements of w remaining: 16385 (100.00%)
* Elements of w skipped: 0 (0.00%)
* Elements of w processed with special addition: 0 (0.00%)
* Elements of w remaining: 16384 (100.00%)
* Elements of w skipped: 0 (0.00%)
* Elements of w processed with special addition: 0 (0.00%)
* Elements of w remaining: 16385 (100.00%)
* UVC proof at step 59
* G1 elements in proof: 2
* G2 elements in proof: 1
* Proof size in bits: 1019
* Cached h poly size: 1048579
* UVC Prove step 60
* Elements of w skipped: 0 (0.00%)
* Elements of w processed with special addition: 0 (0.00%)
* Elements of w remaining: 16385 (100.00%)
* Elements of w skipped: 0 (0.00%)
* Elements of w processed with special addition: 0 (0.00%)
* Elements of w remaining: 16384 (100.00%)
* Elements of w skipped: 0 (0.00%)
* Elements of w processed with special addition: 0 (0.00%)
* Elements of w remaining: 16385 (100.00%)
* UVC proof at step 60
* G1 elements in proof: 2
* G2 elements in proof: 1
* Proof size in bits: 1019
* Cached h poly size: 1048579
* UVC Prove step 61
* Elements of w skipped: 0 (0.00%)
* Elements of w processed with special addition: 0 (0.00%)
* Elements of w remaining: 16385 (100.00%)
* Elements of w skipped: 0 (0.00%)
* Elements of w processed with special addition: 0 (0.00%)
* Elements of w remaining: 16384 (100.00%)
* Elements of w skipped: 0 (0.00%)
* Elements of w processed with special addition: 0 (0.00%)
* Elements of w remaining: 16385 (100.00%)
* UVC proof at step 61
* G1 elements in proof: 2
* G2 elements in proof: 1
* Proof size in bits: 1019
* Cached h poly size: 1048579
* UVC Prove step 62
* Elements of w skipped: 0 (0.00%)
* Elements of w processed with special addition: 0 (0.00%)
* Elements of w remaining: 16385 (100.00%)
* Elements of w skipped: 0 (0.00%)
* Elements of w processed with special addition: 0 (0.00%)
* Elements of w remaining: 16384 (100.00%)
* Elements of w skipped: 0 (0.00%)
* Elements of w processed with special addition: 0 (0.00%)
* Elements of w remaining: 16385 (100.00%)
* UVC proof at step 62
* G1 elements in proof: 2
* G2 elements in proof: 1
* Proof size in bits: 1019
* Cached h poly size: 1048579
* UVC Prove step 63
* Elements of w skipped: 0 (0.00%)
* Elements of w processed with special addition: 0 (0.00%)
* Elements of w remaining: 16385 (100.00%)
* Elements of w skipped: 0 (0.00%)
* Elements of w processed with special addition: 0 (0.00%)
* Elements of w remaining: 16384 (100.00%)
* Elements of w skipped: 0 (0.00%)
* Elements of w processed with special addition: 0 (0.00%)
* Elements of w remaining: 16385 (100.00%)
* UVC proof at step 63
* G1 elements in proof: 2
* G2 elements in proof: 1
* Proof size in bits: 1019
* Cached h poly size: 1048579
* UVC Prove step 64
* Elements of w skipped: 0 (0.00%)
* Elements of w processed with special addition: 0 (0.00%)
* Elements of w remaining: 16385 (100.00%)
* Elements of w skipped: 0 (0.00%)
* Elements of w processed with special addition: 0 (0.00%)
* Elements of w remaining: 16384 (100.00%)
* Elements of w skipped: 0 (0.00%)
* Elements of w processed with special addition: 0 (0.00%)
* Elements of w remaining: 16385 (100.00%)
* UVC proof at step 64
* G1 elements in proof: 2
* G2 elements in proof: 1
* Proof size in bits: 1019
* Cached h poly size: 1048579

  Step    Prove (ms)    Verify (ms)   Proof bits    Verified  
  ------  ------------  ------------  ------------  ----------
* UVC Prove step 1
* Elements of w skipped: 0 (0.00%)
* Elements of w processed with special addition: 1 (0.01%)
* Elements of w remaining: 16386 (99.99%)
* Elements of w skipped: 0 (0.00%)
* Elements of w processed with special addition: 0 (0.00%)
* Elements of w remaining: 16384 (100.00%)
* Elements of w skipped: 0 (0.00%)
* Elements of w processed with special addition: 0 (0.00%)
* Elements of w remaining: 16384 (100.00%)
* UVC proof at step 1
* G1 elements in proof: 2
* G2 elements in proof: 1
* Proof size in bits: 1019
* Cached h poly size: 1048579
* UVC Prove step 1
* Elements of w skipped: 0 (0.00%)
* Elements of w processed with special addition: 1 (0.01%)
* Elements of w remaining: 16386 (99.99%)
* Elements of w skipped: 0 (0.00%)
* Elements of w processed with special addition: 0 (0.00%)
* Elements of w remaining: 16384 (100.00%)
* Elements of w skipped: 0 (0.00%)
* Elements of w processed with special addition: 0 (0.00%)
* Elements of w remaining: 16384 (100.00%)
* UVC proof at step 1
* G1 elements in proof: 2
* G2 elements in proof: 1
* Proof size in bits: 1019
* Cached h poly size: 1048579
* UVC Prove step 1
* Elements of w skipped: 0 (0.00%)
* Elements of w processed with special addition: 1 (0.01%)
* Elements of w remaining: 16386 (99.99%)
* Elements of w skipped: 0 (0.00%)
* Elements of w processed with special addition: 0 (0.00%)
* Elements of w remaining: 16384 (100.00%)
* Elements of w skipped: 0 (0.00%)
* Elements of w processed with special addition: 0 (0.00%)
* Elements of w remaining: 16384 (100.00%)
* UVC proof at step 1
* G1 elements in proof: 2
* G2 elements in proof: 1
* Proof size in bits: 1019
* Cached h poly size: 1048579
* UVC Prove step 1
* Elements of w skipped: 0 (0.00%)
* Elements of w processed with special addition: 1 (0.01%)
* Elements of w remaining: 16386 (99.99%)
* Elements of w skipped: 0 (0.00%)
* Elements of w processed with special addition: 0 (0.00%)
* Elements of w remaining: 16384 (100.00%)
* Elements of w skipped: 0 (0.00%)
* Elements of w processed with special addition: 0 (0.00%)
* Elements of w remaining: 16384 (100.00%)
* UVC proof at step 1
* G1 elements in proof: 2
* G2 elements in proof: 1
* Proof size in bits: 1019
* Cached h poly size: 1048579
* UVC Prove step 1
* Elements of w skipped: 0 (0.00%)
* Elements of w processed with special addition: 1 (0.01%)
* Elements of w remaining: 16386 (99.99%)
* Elements of w skipped: 0 (0.00%)
* Elements of w processed with special addition: 0 (0.00%)
* Elements of w remaining: 16384 (100.00%)
* Elements of w skipped: 0 (0.00%)
* Elements of w processed with special addition: 0 (0.00%)
* Elements of w remaining: 16384 (100.00%)
* UVC proof at step 1
* G1 elements in proof: 2
* G2 elements in proof: 1
* Proof size in bits: 1019
* Cached h poly size: 1048579
* UVC Prove step 1
* Elements of w skipped: 0 (0.00%)
* Elements of w processed with special addition: 1 (0.01%)
* Elements of w remaining: 16386 (99.99%)
* Elements of w skipped: 0 (0.00%)
* Elements of w processed with special addition: 0 (0.00%)
* Elements of w remaining: 16384 (100.00%)
* Elements of w skipped: 0 (0.00%)
* Elements of w processed with special addition: 0 (0.00%)
* Elements of w remaining: 16384 (100.00%)
* UVC proof at step 1
* G1 elements in proof: 2
* G2 elements in proof: 1
* Proof size in bits: 1019
* Cached h poly size: 1048579
* UVC Prove step 1
* Elements of w skipped: 0 (0.00%)
* Elements of w processed with special addition: 1 (0.01%)
* Elements of w remaining: 16386 (99.99%)
* Elements of w skipped: 0 (0.00%)
* Elements of w processed with special addition: 0 (0.00%)
* Elements of w remaining: 16384 (100.00%)
* Elements of w skipped: 0 (0.00%)
* Elements of w processed with special addition: 0 (0.00%)
* Elements of w remaining: 16384 (100.00%)
* UVC proof at step 1
* G1 elements in proof: 2
* G2 elements in proof: 1
* Proof size in bits: 1019
* Cached h poly size: 1048579
* UVC Prove step 1
* Elements of w skipped: 0 (0.00%)
* Elements of w processed with special addition: 1 (0.01%)
* Elements of w remaining: 16386 (99.99%)
* Elements of w skipped: 0 (0.00%)
* Elements of w processed with special addition: 0 (0.00%)
* Elements of w remaining: 16384 (100.00%)
* Elements of w skipped: 0 (0.00%)
* Elements of w processed with special addition: 0 (0.00%)
* Elements of w remaining: 16384 (100.00%)
* UVC proof at step 1
* G1 elements in proof: 2
* G2 elements in proof: 1
* Proof size in bits: 1019
* Cached h poly size: 1048579
* UVC Prove step 1
* Elements of w skipped: 0 (0.00%)
* Elements of w processed with special addition: 1 (0.01%)
* Elements of w remaining: 16386 (99.99%)
* Elements of w skipped: 0 (0.00%)
* Elements of w processed with special addition: 0 (0.00%)
* Elements of w remaining: 16384 (100.00%)
* Elements of w skipped: 0 (0.00%)
* Elements of w processed with special addition: 0 (0.00%)
* Elements of w remaining: 16384 (100.00%)
* UVC proof at step 1
* G1 elements in proof: 2
* G2 elements in proof: 1
* Proof size in bits: 1019
* Cached h poly size: 1048579
* UVC Prove step 1
* Elements of w skipped: 0 (0.00%)
* Elements of w processed with special addition: 1 (0.01%)
* Elements of w remaining: 16386 (99.99%)
* Elements of w skipped: 0 (0.00%)
* Elements of w processed with special addition: 0 (0.00%)
* Elements of w remaining: 16384 (100.00%)
* Elements of w skipped: 0 (0.00%)
* Elements of w processed with special addition: 0 (0.00%)
* Elements of w remaining: 16384 (100.00%)
* UVC proof at step 1
* G1 elements in proof: 2
* G2 elements in proof: 1
* Proof size in bits: 1019
* Cached h poly size: 1048579
* UVC Verify step 1: PASS
* UVC Verify step 1: PASS
* UVC Verify step 1: PASS
* UVC Verify step 1: PASS
* UVC Verify step 1: PASS
* UVC Verify step 1: PASS
* UVC Verify step 1: PASS
* UVC Verify step 1: PASS
* UVC Verify step 1: PASS
* UVC Verify step 1: PASS
  1       26208.05      4.07          1019          PASS      
* UVC Prove step 2
* Elements of w skipped: 0 (0.00%)
* Elements of w processed with special addition: 0 (0.00%)
* Elements of w remaining: 16385 (100.00%)
* Elements of w skipped: 0 (0.00%)
* Elements of w processed with special addition: 0 (0.00%)
* Elements of w remaining: 16384 (100.00%)
* Elements of w skipped: 0 (0.00%)
* Elements of w processed with special addition: 0 (0.00%)
* Elements of w remaining: 16385 (100.00%)
* UVC proof at step 2
* G1 elements in proof: 2
* G2 elements in proof: 1
* Proof size in bits: 1019
* Cached h poly size: 1048579
* UVC Prove step 2
* Elements of w skipped: 0 (0.00%)
* Elements of w processed with special addition: 0 (0.00%)
* Elements of w remaining: 16385 (100.00%)
* Elements of w skipped: 0 (0.00%)
* Elements of w processed with special addition: 0 (0.00%)
* Elements of w remaining: 16384 (100.00%)
* Elements of w skipped: 0 (0.00%)
* Elements of w processed with special addition: 0 (0.00%)
* Elements of w remaining: 16385 (100.00%)
* UVC proof at step 2
* G1 elements in proof: 2
* G2 elements in proof: 1
* Proof size in bits: 1019
* Cached h poly size: 1048579
* UVC Prove step 2
* Elements of w skipped: 0 (0.00%)
* Elements of w processed with special addition: 0 (0.00%)
* Elements of w remaining: 16385 (100.00%)
* Elements of w skipped: 0 (0.00%)
* Elements of w processed with special addition: 0 (0.00%)
* Elements of w remaining: 16384 (100.00%)
* Elements of w skipped: 0 (0.00%)
* Elements of w processed with special addition: 0 (0.00%)
* Elements of w remaining: 16385 (100.00%)
* UVC proof at step 2
* G1 elements in proof: 2
* G2 elements in proof: 1
* Proof size in bits: 1019
* Cached h poly size: 1048579
* UVC Prove step 2
* Elements of w skipped: 0 (0.00%)
* Elements of w processed with special addition: 0 (0.00%)
* Elements of w remaining: 16385 (100.00%)
* Elements of w skipped: 0 (0.00%)
* Elements of w processed with special addition: 0 (0.00%)
* Elements of w remaining: 16384 (100.00%)
* Elements of w skipped: 0 (0.00%)
* Elements of w processed with special addition: 0 (0.00%)
* Elements of w remaining: 16385 (100.00%)
* UVC proof at step 2
* G1 elements in proof: 2
* G2 elements in proof: 1
* Proof size in bits: 1019
* Cached h poly size: 1048579
* UVC Prove step 2
* Elements of w skipped: 0 (0.00%)
* Elements of w processed with special addition: 0 (0.00%)
* Elements of w remaining: 16385 (100.00%)
* Elements of w skipped: 0 (0.00%)
* Elements of w processed with special addition: 0 (0.00%)
* Elements of w remaining: 16384 (100.00%)
* Elements of w skipped: 0 (0.00%)
* Elements of w processed with special addition: 0 (0.00%)
* Elements of w remaining: 16385 (100.00%)
* UVC proof at step 2
* G1 elements in proof: 2
* G2 elements in proof: 1
* Proof size in bits: 1019
* Cached h poly size: 1048579
* UVC Prove step 2
* Elements of w skipped: 0 (0.00%)
* Elements of w processed with special addition: 0 (0.00%)
* Elements of w remaining: 16385 (100.00%)
* Elements of w skipped: 0 (0.00%)
* Elements of w processed with special addition: 0 (0.00%)
* Elements of w remaining: 16384 (100.00%)
* Elements of w skipped: 0 (0.00%)
* Elements of w processed with special addition: 0 (0.00%)
* Elements of w remaining: 16385 (100.00%)
* UVC proof at step 2
* G1 elements in proof: 2
* G2 elements in proof: 1
* Proof size in bits: 1019
* Cached h poly size: 1048579
* UVC Prove step 2
* Elements of w skipped: 0 (0.00%)
* Elements of w processed with special addition: 0 (0.00%)
* Elements of w remaining: 16385 (100.00%)
* Elements of w skipped: 0 (0.00%)
* Elements of w processed with special addition: 0 (0.00%)
* Elements of w remaining: 16384 (100.00%)
* Elements of w skipped: 0 (0.00%)
* Elements of w processed with special addition: 0 (0.00%)
* Elements of w remaining: 16385 (100.00%)
* UVC proof at step 2
* G1 elements in proof: 2
* G2 elements in proof: 1
* Proof size in bits: 1019
* Cached h poly size: 1048579
* UVC Prove step 2
* Elements of w skipped: 0 (0.00%)
* Elements of w processed with special addition: 0 (0.00%)
* Elements of w remaining: 16385 (100.00%)
* Elements of w skipped: 0 (0.00%)
* Elements of w processed with special addition: 0 (0.00%)
* Elements of w remaining: 16384 (100.00%)
* Elements of w skipped: 0 (0.00%)
* Elements of w processed with special addition: 0 (0.00%)
* Elements of w remaining: 16385 (100.00%)
* UVC proof at step 2
* G1 elements in proof: 2
* G2 elements in proof: 1
* Proof size in bits: 1019
* Cached h poly size: 1048579
* UVC Prove step 2
* Elements of w skipped: 0 (0.00%)
* Elements of w processed with special addition: 0 (0.00%)
* Elements of w remaining: 16385 (100.00%)
* Elements of w skipped: 0 (0.00%)
* Elements of w processed with special addition: 0 (0.00%)
* Elements of w remaining: 16384 (100.00%)
* Elements of w skipped: 0 (0.00%)
* Elements of w processed with special addition: 0 (0.00%)
* Elements of w remaining: 16385 (100.00%)
* UVC proof at step 2
* G1 elements in proof: 2
* G2 elements in proof: 1
* Proof size in bits: 1019
* Cached h poly size: 1048579
* UVC Prove step 2
* Elements of w skipped: 0 (0.00%)
* Elements of w processed with special addition: 0 (0.00%)
* Elements of w remaining: 16385 (100.00%)
* Elements of w skipped: 0 (0.00%)
* Elements of w processed with special addition: 0 (0.00%)
* Elements of w remaining: 16384 (100.00%)
* Elements of w skipped: 0 (0.00%)
* Elements of w processed with special addition: 0 (0.00%)
* Elements of w remaining: 16385 (100.00%)
* UVC proof at step 2
* G1 elements in proof: 2
* G2 elements in proof: 1
* Proof size in bits: 1019
* Cached h poly size: 1048579
* UVC Verify step 2: PASS
* UVC Verify step 2: PASS
* UVC Verify step 2: PASS
* UVC Verify step 2: PASS
* UVC Verify step 2: PASS
* UVC Verify step 2: PASS
* UVC Verify step 2: PASS
* UVC Verify step 2: PASS
* UVC Verify step 2: PASS
* UVC Verify step 2: PASS
  2       26289.31      4.32          1019          PASS      
* UVC Prove step 4
* Elements of w skipped: 0 (0.00%)
* Elements of w processed with special addition: 0 (0.00%)
* Elements of w remaining: 16385 (100.00%)
* Elements of w skipped: 0 (0.00%)
* Elements of w processed with special addition: 0 (0.00%)
* Elements of w remaining: 16384 (100.00%)
* Elements of w skipped: 0 (0.00%)
* Elements of w processed with special addition: 0 (0.00%)
* Elements of w remaining: 16385 (100.00%)
* UVC proof at step 4
* G1 elements in proof: 2
* G2 elements in proof: 1
* Proof size in bits: 1019
* Cached h poly size: 1048579
* UVC Prove step 4
* Elements of w skipped: 0 (0.00%)
* Elements of w processed with special addition: 0 (0.00%)
* Elements of w remaining: 16385 (100.00%)
* Elements of w skipped: 0 (0.00%)
* Elements of w processed with special addition: 0 (0.00%)
* Elements of w remaining: 16384 (100.00%)
* Elements of w skipped: 0 (0.00%)
* Elements of w processed with special addition: 0 (0.00%)
* Elements of w remaining: 16385 (100.00%)
* UVC proof at step 4
* G1 elements in proof: 2
* G2 elements in proof: 1
* Proof size in bits: 1019
* Cached h poly size: 1048579
* UVC Prove step 4
* Elements of w skipped: 0 (0.00%)
* Elements of w processed with special addition: 0 (0.00%)
* Elements of w remaining: 16385 (100.00%)
* Elements of w skipped: 0 (0.00%)
* Elements of w processed with special addition: 0 (0.00%)
* Elements of w remaining: 16384 (100.00%)
* Elements of w skipped: 0 (0.00%)
* Elements of w processed with special addition: 0 (0.00%)
* Elements of w remaining: 16385 (100.00%)
* UVC proof at step 4
* G1 elements in proof: 2
* G2 elements in proof: 1
* Proof size in bits: 1019
* Cached h poly size: 1048579
* UVC Prove step 4
* Elements of w skipped: 0 (0.00%)
* Elements of w processed with special addition: 0 (0.00%)
* Elements of w remaining: 16385 (100.00%)
* Elements of w skipped: 0 (0.00%)
* Elements of w processed with special addition: 0 (0.00%)
* Elements of w remaining: 16384 (100.00%)
* Elements of w skipped: 0 (0.00%)
* Elements of w processed with special addition: 0 (0.00%)
* Elements of w remaining: 16385 (100.00%)
* UVC proof at step 4
* G1 elements in proof: 2
* G2 elements in proof: 1
* Proof size in bits: 1019
* Cached h poly size: 1048579
* UVC Prove step 4
* Elements of w skipped: 0 (0.00%)
* Elements of w processed with special addition: 0 (0.00%)
* Elements of w remaining: 16385 (100.00%)
* Elements of w skipped: 0 (0.00%)
* Elements of w processed with special addition: 0 (0.00%)
* Elements of w remaining: 16384 (100.00%)
* Elements of w skipped: 0 (0.00%)
* Elements of w processed with special addition: 0 (0.00%)
* Elements of w remaining: 16385 (100.00%)
* UVC proof at step 4
* G1 elements in proof: 2
* G2 elements in proof: 1
* Proof size in bits: 1019
* Cached h poly size: 1048579
* UVC Prove step 4
* Elements of w skipped: 0 (0.00%)
* Elements of w processed with special addition: 0 (0.00%)
* Elements of w remaining: 16385 (100.00%)
* Elements of w skipped: 0 (0.00%)
* Elements of w processed with special addition: 0 (0.00%)
* Elements of w remaining: 16384 (100.00%)
* Elements of w skipped: 0 (0.00%)
* Elements of w processed with special addition: 0 (0.00%)
* Elements of w remaining: 16385 (100.00%)
* UVC proof at step 4
* G1 elements in proof: 2
* G2 elements in proof: 1
* Proof size in bits: 1019
* Cached h poly size: 1048579
* UVC Prove step 4
* Elements of w skipped: 0 (0.00%)
* Elements of w processed with special addition: 0 (0.00%)
* Elements of w remaining: 16385 (100.00%)
* Elements of w skipped: 0 (0.00%)
* Elements of w processed with special addition: 0 (0.00%)
* Elements of w remaining: 16384 (100.00%)
* Elements of w skipped: 0 (0.00%)
* Elements of w processed with special addition: 0 (0.00%)
* Elements of w remaining: 16385 (100.00%)
* UVC proof at step 4
* G1 elements in proof: 2
* G2 elements in proof: 1
* Proof size in bits: 1019
* Cached h poly size: 1048579
* UVC Prove step 4
* Elements of w skipped: 0 (0.00%)
* Elements of w processed with special addition: 0 (0.00%)
* Elements of w remaining: 16385 (100.00%)
* Elements of w skipped: 0 (0.00%)
* Elements of w processed with special addition: 0 (0.00%)
* Elements of w remaining: 16384 (100.00%)
* Elements of w skipped: 0 (0.00%)
* Elements of w processed with special addition: 0 (0.00%)
* Elements of w remaining: 16385 (100.00%)
* UVC proof at step 4
* G1 elements in proof: 2
* G2 elements in proof: 1
* Proof size in bits: 1019
* Cached h poly size: 1048579
* UVC Prove step 4
* Elements of w skipped: 0 (0.00%)
* Elements of w processed with special addition: 0 (0.00%)
* Elements of w remaining: 16385 (100.00%)
* Elements of w skipped: 0 (0.00%)
* Elements of w processed with special addition: 0 (0.00%)
* Elements of w remaining: 16384 (100.00%)
* Elements of w skipped: 0 (0.00%)
* Elements of w processed with special addition: 0 (0.00%)
* Elements of w remaining: 16385 (100.00%)
* UVC proof at step 4
* G1 elements in proof: 2
* G2 elements in proof: 1
* Proof size in bits: 1019
* Cached h poly size: 1048579
* UVC Prove step 4
* Elements of w skipped: 0 (0.00%)
* Elements of w processed with special addition: 0 (0.00%)
* Elements of w remaining: 16385 (100.00%)
* Elements of w skipped: 0 (0.00%)
* Elements of w processed with special addition: 0 (0.00%)
* Elements of w remaining: 16384 (100.00%)
* Elements of w skipped: 0 (0.00%)
* Elements of w processed with special addition: 0 (0.00%)
* Elements of w remaining: 16385 (100.00%)
* UVC proof at step 4
* G1 elements in proof: 2
* G2 elements in proof: 1
* Proof size in bits: 1019
* Cached h poly size: 1048579
* UVC Verify step 4: PASS
* UVC Verify step 4: PASS
* UVC Verify step 4: PASS
* UVC Verify step 4: PASS
* UVC Verify step 4: PASS
* UVC Verify step 4: PASS
* UVC Verify step 4: PASS
* UVC Verify step 4: PASS
* UVC Verify step 4: PASS
* UVC Verify step 4: PASS
  4       26297.27      4.31          1019          PASS      
* UVC Prove step 8
* Elements of w skipped: 0 (0.00%)
* Elements of w processed with special addition: 0 (0.00%)
* Elements of w remaining: 16385 (100.00%)
* Elements of w skipped: 0 (0.00%)
* Elements of w processed with special addition: 0 (0.00%)
* Elements of w remaining: 16384 (100.00%)
* Elements of w skipped: 0 (0.00%)
* Elements of w processed with special addition: 0 (0.00%)
* Elements of w remaining: 16385 (100.00%)
* UVC proof at step 8
* G1 elements in proof: 2
* G2 elements in proof: 1
* Proof size in bits: 1019
* Cached h poly size: 1048579
* UVC Prove step 8
* Elements of w skipped: 0 (0.00%)
* Elements of w processed with special addition: 0 (0.00%)
* Elements of w remaining: 16385 (100.00%)
* Elements of w skipped: 0 (0.00%)
* Elements of w processed with special addition: 0 (0.00%)
* Elements of w remaining: 16384 (100.00%)
* Elements of w skipped: 0 (0.00%)
* Elements of w processed with special addition: 0 (0.00%)
* Elements of w remaining: 16385 (100.00%)
* UVC proof at step 8
* G1 elements in proof: 2
* G2 elements in proof: 1
* Proof size in bits: 1019
* Cached h poly size: 1048579
* UVC Prove step 8
* Elements of w skipped: 0 (0.00%)
* Elements of w processed with special addition: 0 (0.00%)
* Elements of w remaining: 16385 (100.00%)
* Elements of w skipped: 0 (0.00%)
* Elements of w processed with special addition: 0 (0.00%)
* Elements of w remaining: 16384 (100.00%)
* Elements of w skipped: 0 (0.00%)
* Elements of w processed with special addition: 0 (0.00%)
* Elements of w remaining: 16385 (100.00%)
* UVC proof at step 8
* G1 elements in proof: 2
* G2 elements in proof: 1
* Proof size in bits: 1019
* Cached h poly size: 1048579
* UVC Prove step 8
* Elements of w skipped: 0 (0.00%)
* Elements of w processed with special addition: 0 (0.00%)
* Elements of w remaining: 16385 (100.00%)
* Elements of w skipped: 0 (0.00%)
* Elements of w processed with special addition: 0 (0.00%)
* Elements of w remaining: 16384 (100.00%)
* Elements of w skipped: 0 (0.00%)
* Elements of w processed with special addition: 0 (0.00%)
* Elements of w remaining: 16385 (100.00%)
* UVC proof at step 8
* G1 elements in proof: 2
* G2 elements in proof: 1
* Proof size in bits: 1019
* Cached h poly size: 1048579
* UVC Prove step 8
* Elements of w skipped: 0 (0.00%)
* Elements of w processed with special addition: 0 (0.00%)
* Elements of w remaining: 16385 (100.00%)
* Elements of w skipped: 0 (0.00%)
* Elements of w processed with special addition: 0 (0.00%)
* Elements of w remaining: 16384 (100.00%)
* Elements of w skipped: 0 (0.00%)
* Elements of w processed with special addition: 0 (0.00%)
* Elements of w remaining: 16385 (100.00%)
* UVC proof at step 8
* G1 elements in proof: 2
* G2 elements in proof: 1
* Proof size in bits: 1019
* Cached h poly size: 1048579
* UVC Prove step 8
* Elements of w skipped: 0 (0.00%)
* Elements of w processed with special addition: 0 (0.00%)
* Elements of w remaining: 16385 (100.00%)
* Elements of w skipped: 0 (0.00%)
* Elements of w processed with special addition: 0 (0.00%)
* Elements of w remaining: 16384 (100.00%)
* Elements of w skipped: 0 (0.00%)
* Elements of w processed with special addition: 0 (0.00%)
* Elements of w remaining: 16385 (100.00%)
* UVC proof at step 8
* G1 elements in proof: 2
* G2 elements in proof: 1
* Proof size in bits: 1019
* Cached h poly size: 1048579
* UVC Prove step 8
* Elements of w skipped: 0 (0.00%)
* Elements of w processed with special addition: 0 (0.00%)
* Elements of w remaining: 16385 (100.00%)
* Elements of w skipped: 0 (0.00%)
* Elements of w processed with special addition: 0 (0.00%)
* Elements of w remaining: 16384 (100.00%)
* Elements of w skipped: 0 (0.00%)
* Elements of w processed with special addition: 0 (0.00%)
* Elements of w remaining: 16385 (100.00%)
* UVC proof at step 8
* G1 elements in proof: 2
* G2 elements in proof: 1
* Proof size in bits: 1019
* Cached h poly size: 1048579
* UVC Prove step 8
* Elements of w skipped: 0 (0.00%)
* Elements of w processed with special addition: 0 (0.00%)
* Elements of w remaining: 16385 (100.00%)
* Elements of w skipped: 0 (0.00%)
* Elements of w processed with special addition: 0 (0.00%)
* Elements of w remaining: 16384 (100.00%)
* Elements of w skipped: 0 (0.00%)
* Elements of w processed with special addition: 0 (0.00%)
* Elements of w remaining: 16385 (100.00%)
* UVC proof at step 8
* G1 elements in proof: 2
* G2 elements in proof: 1
* Proof size in bits: 1019
* Cached h poly size: 1048579
* UVC Prove step 8
* Elements of w skipped: 0 (0.00%)
* Elements of w processed with special addition: 0 (0.00%)
* Elements of w remaining: 16385 (100.00%)
* Elements of w skipped: 0 (0.00%)
* Elements of w processed with special addition: 0 (0.00%)
* Elements of w remaining: 16384 (100.00%)
* Elements of w skipped: 0 (0.00%)
* Elements of w processed with special addition: 0 (0.00%)
* Elements of w remaining: 16385 (100.00%)
* UVC proof at step 8
* G1 elements in proof: 2
* G2 elements in proof: 1
* Proof size in bits: 1019
* Cached h poly size: 1048579
* UVC Prove step 8
* Elements of w skipped: 0 (0.00%)
* Elements of w processed with special addition: 0 (0.00%)
* Elements of w remaining: 16385 (100.00%)
* Elements of w skipped: 0 (0.00%)
* Elements of w processed with special addition: 0 (0.00%)
* Elements of w remaining: 16384 (100.00%)
* Elements of w skipped: 0 (0.00%)
* Elements of w processed with special addition: 0 (0.00%)
* Elements of w remaining: 16385 (100.00%)
* UVC proof at step 8
* G1 elements in proof: 2
* G2 elements in proof: 1
* Proof size in bits: 1019
* Cached h poly size: 1048579
* UVC Verify step 8: PASS
* UVC Verify step 8: PASS
* UVC Verify step 8: PASS
* UVC Verify step 8: PASS
* UVC Verify step 8: PASS
* UVC Verify step 8: PASS
* UVC Verify step 8: PASS
* UVC Verify step 8: PASS
* UVC Verify step 8: PASS
* UVC Verify step 8: PASS
  8       26382.55      4.08          1019          PASS      
* UVC Prove step 16
* Elements of w skipped: 0 (0.00%)
* Elements of w processed with special addition: 0 (0.00%)
* Elements of w remaining: 16385 (100.00%)
* Elements of w skipped: 0 (0.00%)
* Elements of w processed with special addition: 0 (0.00%)
* Elements of w remaining: 16384 (100.00%)
* Elements of w skipped: 0 (0.00%)
* Elements of w processed with special addition: 0 (0.00%)
* Elements of w remaining: 16385 (100.00%)
* UVC proof at step 16
* G1 elements in proof: 2
* G2 elements in proof: 1
* Proof size in bits: 1019
* Cached h poly size: 1048579
* UVC Prove step 16
* Elements of w skipped: 0 (0.00%)
* Elements of w processed with special addition: 0 (0.00%)
* Elements of w remaining: 16385 (100.00%)
* Elements of w skipped: 0 (0.00%)
* Elements of w processed with special addition: 0 (0.00%)
* Elements of w remaining: 16384 (100.00%)
* Elements of w skipped: 0 (0.00%)
* Elements of w processed with special addition: 0 (0.00%)
* Elements of w remaining: 16385 (100.00%)
* UVC proof at step 16
* G1 elements in proof: 2
* G2 elements in proof: 1
* Proof size in bits: 1019
* Cached h poly size: 1048579
* UVC Prove step 16
* Elements of w skipped: 0 (0.00%)
* Elements of w processed with special addition: 0 (0.00%)
* Elements of w remaining: 16385 (100.00%)
* Elements of w skipped: 0 (0.00%)
* Elements of w processed with special addition: 0 (0.00%)
* Elements of w remaining: 16384 (100.00%)
* Elements of w skipped: 0 (0.00%)
* Elements of w processed with special addition: 0 (0.00%)
* Elements of w remaining: 16385 (100.00%)
* UVC proof at step 16
* G1 elements in proof: 2
* G2 elements in proof: 1
* Proof size in bits: 1019
* Cached h poly size: 1048579
* UVC Prove step 16
* Elements of w skipped: 0 (0.00%)
* Elements of w processed with special addition: 0 (0.00%)
* Elements of w remaining: 16385 (100.00%)
* Elements of w skipped: 0 (0.00%)
* Elements of w processed with special addition: 0 (0.00%)
* Elements of w remaining: 16384 (100.00%)
* Elements of w skipped: 0 (0.00%)
* Elements of w processed with special addition: 0 (0.00%)
* Elements of w remaining: 16385 (100.00%)
* UVC proof at step 16
* G1 elements in proof: 2
* G2 elements in proof: 1
* Proof size in bits: 1019
* Cached h poly size: 1048579
* UVC Prove step 16
* Elements of w skipped: 0 (0.00%)
* Elements of w processed with special addition: 0 (0.00%)
* Elements of w remaining: 16385 (100.00%)
* Elements of w skipped: 0 (0.00%)
* Elements of w processed with special addition: 0 (0.00%)
* Elements of w remaining: 16384 (100.00%)
* Elements of w skipped: 0 (0.00%)
* Elements of w processed with special addition: 0 (0.00%)
* Elements of w remaining: 16385 (100.00%)
* UVC proof at step 16
* G1 elements in proof: 2
* G2 elements in proof: 1
* Proof size in bits: 1019
* Cached h poly size: 1048579
* UVC Prove step 16
* Elements of w skipped: 0 (0.00%)
* Elements of w processed with special addition: 0 (0.00%)
* Elements of w remaining: 16385 (100.00%)
* Elements of w skipped: 0 (0.00%)
* Elements of w processed with special addition: 0 (0.00%)
* Elements of w remaining: 16384 (100.00%)
* Elements of w skipped: 0 (0.00%)
* Elements of w processed with special addition: 0 (0.00%)
* Elements of w remaining: 16385 (100.00%)
* UVC proof at step 16
* G1 elements in proof: 2
* G2 elements in proof: 1
* Proof size in bits: 1019
* Cached h poly size: 1048579
* UVC Prove step 16
* Elements of w skipped: 0 (0.00%)
* Elements of w processed with special addition: 0 (0.00%)
* Elements of w remaining: 16385 (100.00%)
* Elements of w skipped: 0 (0.00%)
* Elements of w processed with special addition: 0 (0.00%)
* Elements of w remaining: 16384 (100.00%)
* Elements of w skipped: 0 (0.00%)
* Elements of w processed with special addition: 0 (0.00%)
* Elements of w remaining: 16385 (100.00%)
* UVC proof at step 16
* G1 elements in proof: 2
* G2 elements in proof: 1
* Proof size in bits: 1019
* Cached h poly size: 1048579
* UVC Prove step 16
* Elements of w skipped: 0 (0.00%)
* Elements of w processed with special addition: 0 (0.00%)
* Elements of w remaining: 16385 (100.00%)
* Elements of w skipped: 0 (0.00%)
* Elements of w processed with special addition: 0 (0.00%)
* Elements of w remaining: 16384 (100.00%)
* Elements of w skipped: 0 (0.00%)
* Elements of w processed with special addition: 0 (0.00%)
* Elements of w remaining: 16385 (100.00%)
* UVC proof at step 16
* G1 elements in proof: 2
* G2 elements in proof: 1
* Proof size in bits: 1019
* Cached h poly size: 1048579
* UVC Prove step 16
* Elements of w skipped: 0 (0.00%)
* Elements of w processed with special addition: 0 (0.00%)
* Elements of w remaining: 16385 (100.00%)
* Elements of w skipped: 0 (0.00%)
* Elements of w processed with special addition: 0 (0.00%)
* Elements of w remaining: 16384 (100.00%)
* Elements of w skipped: 0 (0.00%)
* Elements of w processed with special addition: 0 (0.00%)
* Elements of w remaining: 16385 (100.00%)
* UVC proof at step 16
* G1 elements in proof: 2
* G2 elements in proof: 1
* Proof size in bits: 1019
* Cached h poly size: 1048579
* UVC Prove step 16
* Elements of w skipped: 0 (0.00%)
* Elements of w processed with special addition: 0 (0.00%)
* Elements of w remaining: 16385 (100.00%)
* Elements of w skipped: 0 (0.00%)
* Elements of w processed with special addition: 0 (0.00%)
* Elements of w remaining: 16384 (100.00%)
* Elements of w skipped: 0 (0.00%)
* Elements of w processed with special addition: 0 (0.00%)
* Elements of w remaining: 16385 (100.00%)
* UVC proof at step 16
* G1 elements in proof: 2
* G2 elements in proof: 1
* Proof size in bits: 1019
* Cached h poly size: 1048579
* UVC Verify step 16: PASS
* UVC Verify step 16: PASS
* UVC Verify step 16: PASS
* UVC Verify step 16: PASS
* UVC Verify step 16: PASS
* UVC Verify step 16: PASS
* UVC Verify step 16: PASS
* UVC Verify step 16: PASS
* UVC Verify step 16: PASS
* UVC Verify step 16: PASS
  16      26308.30      4.08          1019          PASS      
* UVC Prove step 32
* Elements of w skipped: 0 (0.00%)
* Elements of w processed with special addition: 0 (0.00%)
* Elements of w remaining: 16385 (100.00%)
* Elements of w skipped: 0 (0.00%)
* Elements of w processed with special addition: 0 (0.00%)
* Elements of w remaining: 16384 (100.00%)
* Elements of w skipped: 0 (0.00%)
* Elements of w processed with special addition: 0 (0.00%)
* Elements of w remaining: 16385 (100.00%)
* UVC proof at step 32
* G1 elements in proof: 2
* G2 elements in proof: 1
* Proof size in bits: 1019
* Cached h poly size: 1048579
* UVC Prove step 32
* Elements of w skipped: 0 (0.00%)
* Elements of w processed with special addition: 0 (0.00%)
* Elements of w remaining: 16385 (100.00%)
* Elements of w skipped: 0 (0.00%)
* Elements of w processed with special addition: 0 (0.00%)
* Elements of w remaining: 16384 (100.00%)
* Elements of w skipped: 0 (0.00%)
* Elements of w processed with special addition: 0 (0.00%)
* Elements of w remaining: 16385 (100.00%)
* UVC proof at step 32
* G1 elements in proof: 2
* G2 elements in proof: 1
* Proof size in bits: 1019
* Cached h poly size: 1048579
* UVC Prove step 32
* Elements of w skipped: 0 (0.00%)
* Elements of w processed with special addition: 0 (0.00%)
* Elements of w remaining: 16385 (100.00%)
* Elements of w skipped: 0 (0.00%)
* Elements of w processed with special addition: 0 (0.00%)
* Elements of w remaining: 16384 (100.00%)
* Elements of w skipped: 0 (0.00%)
* Elements of w processed with special addition: 0 (0.00%)
* Elements of w remaining: 16385 (100.00%)
* UVC proof at step 32
* G1 elements in proof: 2
* G2 elements in proof: 1
* Proof size in bits: 1019
* Cached h poly size: 1048579
* UVC Prove step 32
* Elements of w skipped: 0 (0.00%)
* Elements of w processed with special addition: 0 (0.00%)
* Elements of w remaining: 16385 (100.00%)
* Elements of w skipped: 0 (0.00%)
* Elements of w processed with special addition: 0 (0.00%)
* Elements of w remaining: 16384 (100.00%)
* Elements of w skipped: 0 (0.00%)
* Elements of w processed with special addition: 0 (0.00%)
* Elements of w remaining: 16385 (100.00%)
* UVC proof at step 32
* G1 elements in proof: 2
* G2 elements in proof: 1
* Proof size in bits: 1019
* Cached h poly size: 1048579
* UVC Prove step 32
* Elements of w skipped: 0 (0.00%)
* Elements of w processed with special addition: 0 (0.00%)
* Elements of w remaining: 16385 (100.00%)
* Elements of w skipped: 0 (0.00%)
* Elements of w processed with special addition: 0 (0.00%)
* Elements of w remaining: 16384 (100.00%)
* Elements of w skipped: 0 (0.00%)
* Elements of w processed with special addition: 0 (0.00%)
* Elements of w remaining: 16385 (100.00%)
* UVC proof at step 32
* G1 elements in proof: 2
* G2 elements in proof: 1
* Proof size in bits: 1019
* Cached h poly size: 1048579
* UVC Prove step 32
* Elements of w skipped: 0 (0.00%)
* Elements of w processed with special addition: 0 (0.00%)
* Elements of w remaining: 16385 (100.00%)
* Elements of w skipped: 0 (0.00%)
* Elements of w processed with special addition: 0 (0.00%)
* Elements of w remaining: 16384 (100.00%)
* Elements of w skipped: 0 (0.00%)
* Elements of w processed with special addition: 0 (0.00%)
* Elements of w remaining: 16385 (100.00%)
* UVC proof at step 32
* G1 elements in proof: 2
* G2 elements in proof: 1
* Proof size in bits: 1019
* Cached h poly size: 1048579
* UVC Prove step 32
* Elements of w skipped: 0 (0.00%)
* Elements of w processed with special addition: 0 (0.00%)
* Elements of w remaining: 16385 (100.00%)
* Elements of w skipped: 0 (0.00%)
* Elements of w processed with special addition: 0 (0.00%)
* Elements of w remaining: 16384 (100.00%)
* Elements of w skipped: 0 (0.00%)
* Elements of w processed with special addition: 0 (0.00%)
* Elements of w remaining: 16385 (100.00%)
* UVC proof at step 32
* G1 elements in proof: 2
* G2 elements in proof: 1
* Proof size in bits: 1019
* Cached h poly size: 1048579
* UVC Prove step 32
* Elements of w skipped: 0 (0.00%)
* Elements of w processed with special addition: 0 (0.00%)
* Elements of w remaining: 16385 (100.00%)
* Elements of w skipped: 0 (0.00%)
* Elements of w processed with special addition: 0 (0.00%)
* Elements of w remaining: 16384 (100.00%)
* Elements of w skipped: 0 (0.00%)
* Elements of w processed with special addition: 0 (0.00%)
* Elements of w remaining: 16385 (100.00%)
* UVC proof at step 32
* G1 elements in proof: 2
* G2 elements in proof: 1
* Proof size in bits: 1019
* Cached h poly size: 1048579
* UVC Prove step 32
* Elements of w skipped: 0 (0.00%)
* Elements of w processed with special addition: 0 (0.00%)
* Elements of w remaining: 16385 (100.00%)
* Elements of w skipped: 0 (0.00%)
* Elements of w processed with special addition: 0 (0.00%)
* Elements of w remaining: 16384 (100.00%)
* Elements of w skipped: 0 (0.00%)
* Elements of w processed with special addition: 0 (0.00%)
* Elements of w remaining: 16385 (100.00%)
* UVC proof at step 32
* G1 elements in proof: 2
* G2 elements in proof: 1
* Proof size in bits: 1019
* Cached h poly size: 1048579
* UVC Prove step 32
* Elements of w skipped: 0 (0.00%)
* Elements of w processed with special addition: 0 (0.00%)
* Elements of w remaining: 16385 (100.00%)
* Elements of w skipped: 0 (0.00%)
* Elements of w processed with special addition: 0 (0.00%)
* Elements of w remaining: 16384 (100.00%)
* Elements of w skipped: 0 (0.00%)
* Elements of w processed with special addition: 0 (0.00%)
* Elements of w remaining: 16385 (100.00%)
* UVC proof at step 32
* G1 elements in proof: 2
* G2 elements in proof: 1
* Proof size in bits: 1019
* Cached h poly size: 1048579
* UVC Verify step 32: PASS
* UVC Verify step 32: PASS
* UVC Verify step 32: PASS
* UVC Verify step 32: PASS
* UVC Verify step 32: PASS
* UVC Verify step 32: PASS
* UVC Verify step 32: PASS
* UVC Verify step 32: PASS
* UVC Verify step 32: PASS
* UVC Verify step 32: PASS
  32      26300.67      4.14          1019          PASS      
* UVC Prove step 64
* Elements of w skipped: 0 (0.00%)
* Elements of w processed with special addition: 0 (0.00%)
* Elements of w remaining: 16385 (100.00%)
* Elements of w skipped: 0 (0.00%)
* Elements of w processed with special addition: 0 (0.00%)
* Elements of w remaining: 16384 (100.00%)
* Elements of w skipped: 0 (0.00%)
* Elements of w processed with special addition: 0 (0.00%)
* Elements of w remaining: 16385 (100.00%)
* UVC proof at step 64
* G1 elements in proof: 2
* G2 elements in proof: 1
* Proof size in bits: 1019
* Cached h poly size: 1048579
* UVC Prove step 64
* Elements of w skipped: 0 (0.00%)
* Elements of w processed with special addition: 0 (0.00%)
* Elements of w remaining: 16385 (100.00%)
* Elements of w skipped: 0 (0.00%)
* Elements of w processed with special addition: 0 (0.00%)
* Elements of w remaining: 16384 (100.00%)
* Elements of w skipped: 0 (0.00%)
* Elements of w processed with special addition: 0 (0.00%)
* Elements of w remaining: 16385 (100.00%)
* UVC proof at step 64
* G1 elements in proof: 2
* G2 elements in proof: 1
* Proof size in bits: 1019
* Cached h poly size: 1048579
* UVC Prove step 64
* Elements of w skipped: 0 (0.00%)
* Elements of w processed with special addition: 0 (0.00%)
* Elements of w remaining: 16385 (100.00%)
* Elements of w skipped: 0 (0.00%)
* Elements of w processed with special addition: 0 (0.00%)
* Elements of w remaining: 16384 (100.00%)
* Elements of w skipped: 0 (0.00%)
* Elements of w processed with special addition: 0 (0.00%)
* Elements of w remaining: 16385 (100.00%)
* UVC proof at step 64
* G1 elements in proof: 2
* G2 elements in proof: 1
* Proof size in bits: 1019
* Cached h poly size: 1048579
* UVC Prove step 64
* Elements of w skipped: 0 (0.00%)
* Elements of w processed with special addition: 0 (0.00%)
* Elements of w remaining: 16385 (100.00%)
* Elements of w skipped: 0 (0.00%)
* Elements of w processed with special addition: 0 (0.00%)
* Elements of w remaining: 16384 (100.00%)
* Elements of w skipped: 0 (0.00%)
* Elements of w processed with special addition: 0 (0.00%)
* Elements of w remaining: 16385 (100.00%)
* UVC proof at step 64
* G1 elements in proof: 2
* G2 elements in proof: 1
* Proof size in bits: 1019
* Cached h poly size: 1048579
* UVC Prove step 64
* Elements of w skipped: 0 (0.00%)
* Elements of w processed with special addition: 0 (0.00%)
* Elements of w remaining: 16385 (100.00%)
* Elements of w skipped: 0 (0.00%)
* Elements of w processed with special addition: 0 (0.00%)
* Elements of w remaining: 16384 (100.00%)
* Elements of w skipped: 0 (0.00%)
* Elements of w processed with special addition: 0 (0.00%)
* Elements of w remaining: 16385 (100.00%)
* UVC proof at step 64
* G1 elements in proof: 2
* G2 elements in proof: 1
* Proof size in bits: 1019
* Cached h poly size: 1048579
* UVC Prove step 64
* Elements of w skipped: 0 (0.00%)
* Elements of w processed with special addition: 0 (0.00%)
* Elements of w remaining: 16385 (100.00%)
* Elements of w skipped: 0 (0.00%)
* Elements of w processed with special addition: 0 (0.00%)
* Elements of w remaining: 16384 (100.00%)
* Elements of w skipped: 0 (0.00%)
* Elements of w processed with special addition: 0 (0.00%)
* Elements of w remaining: 16385 (100.00%)
* UVC proof at step 64
* G1 elements in proof: 2
* G2 elements in proof: 1
* Proof size in bits: 1019
* Cached h poly size: 1048579
* UVC Prove step 64
* Elements of w skipped: 0 (0.00%)
* Elements of w processed with special addition: 0 (0.00%)
* Elements of w remaining: 16385 (100.00%)
* Elements of w skipped: 0 (0.00%)
* Elements of w processed with special addition: 0 (0.00%)
* Elements of w remaining: 16384 (100.00%)
* Elements of w skipped: 0 (0.00%)
* Elements of w processed with special addition: 0 (0.00%)
* Elements of w remaining: 16385 (100.00%)
* UVC proof at step 64
* G1 elements in proof: 2
* G2 elements in proof: 1
* Proof size in bits: 1019
* Cached h poly size: 1048579
* UVC Prove step 64
* Elements of w skipped: 0 (0.00%)
* Elements of w processed with special addition: 0 (0.00%)
* Elements of w remaining: 16385 (100.00%)
* Elements of w skipped: 0 (0.00%)
* Elements of w processed with special addition: 0 (0.00%)
* Elements of w remaining: 16384 (100.00%)
* Elements of w skipped: 0 (0.00%)
* Elements of w processed with special addition: 0 (0.00%)
* Elements of w remaining: 16385 (100.00%)
* UVC proof at step 64
* G1 elements in proof: 2
* G2 elements in proof: 1
* Proof size in bits: 1019
* Cached h poly size: 1048579
* UVC Prove step 64
* Elements of w skipped: 0 (0.00%)
* Elements of w processed with special addition: 0 (0.00%)
* Elements of w remaining: 16385 (100.00%)
* Elements of w skipped: 0 (0.00%)
* Elements of w processed with special addition: 0 (0.00%)
* Elements of w remaining: 16384 (100.00%)
* Elements of w skipped: 0 (0.00%)
* Elements of w processed with special addition: 0 (0.00%)
* Elements of w remaining: 16385 (100.00%)
* UVC proof at step 64
* G1 elements in proof: 2
* G2 elements in proof: 1
* Proof size in bits: 1019
* Cached h poly size: 1048579
* UVC Prove step 64
* Elements of w skipped: 0 (0.00%)
* Elements of w processed with special addition: 0 (0.00%)
* Elements of w remaining: 16385 (100.00%)
* Elements of w skipped: 0 (0.00%)
* Elements of w processed with special addition: 0 (0.00%)
* Elements of w remaining: 16384 (100.00%)
* Elements of w skipped: 0 (0.00%)
* Elements of w processed with special addition: 0 (0.00%)
* Elements of w remaining: 16385 (100.00%)
* UVC proof at step 64
* G1 elements in proof: 2
* G2 elements in proof: 1
* Proof size in bits: 1019
* Cached h poly size: 1048579
* UVC Verify step 64: PASS
* UVC Verify step 64: PASS
* UVC Verify step 64: PASS
* UVC Verify step 64: PASS
* UVC Verify step 64: PASS
* UVC Verify step 64: PASS
* UVC Verify step 64: PASS
* UVC Verify step 64: PASS
* UVC Verify step 64: PASS
* UVC Verify step 64: PASS
  64      26315.92      4.07          1019          PASS      

  UVC results written to /Users/heewonchung/Documents/00-Research/active/Updatable Verifiable Computation/Dev/results/2026-03-06_121849_paper/csv/uvc_results.csv

================================================================
Groth16 Benchmark: circuit=scalable, n=16384, B=64
================================================================

  Step    C_j constr  Setup (ms)    Prove (ms)    Verify (ms)   Verified  
  ------  ----------  ------------  ------------  ------------  ----------
* Composed C_1: 16384 constraints, 16386 variables, 2 inputs
Swap is not beneficial, not performing
* QAP number of variables: 16386
* QAP pre degree: 16384
* QAP degree: 16388
* QAP number of input variables: 2
* G1 window: 11
* G2 window: 11
* G1 elements in PK: 65546
* Non-zero G1 elements in PK: 65543
* G2 elements in PK: 16388
* Non-zero G2 elements in PK: 16385
* PK size in bits: 26102006
* G1 elements in VK: 2
* G2 elements in VK: 2
* GT elements in VK: 1
* VK size in bits: 1911
* Elements of w skipped: 0 (0.00%)
* Elements of w processed with special addition: 1 (0.01%)
* Elements of w remaining: 16386 (99.99%)
* Elements of w skipped: 0 (0.00%)
* Elements of w processed with special addition: 0 (0.00%)
* Elements of w remaining: 16384 (100.00%)
* Elements of w skipped: 0 (0.00%)
* Elements of w processed with special addition: 0 (0.00%)
* Elements of w remaining: 16384 (100.00%)
* G1 elements in proof: 2
* G2 elements in proof: 1
* Proof size in bits: 1019
* Elements of w skipped: 0 (0.00%)
* Elements of w processed with special addition: 1 (0.01%)
* Elements of w remaining: 16386 (99.99%)
* Elements of w skipped: 0 (0.00%)
* Elements of w processed with special addition: 0 (0.00%)
* Elements of w remaining: 16384 (100.00%)
* Elements of w skipped: 0 (0.00%)
* Elements of w processed with special addition: 0 (0.00%)
* Elements of w remaining: 16384 (100.00%)
* G1 elements in proof: 2
* G2 elements in proof: 1
* Proof size in bits: 1019
* Elements of w skipped: 0 (0.00%)
* Elements of w processed with special addition: 1 (0.01%)
* Elements of w remaining: 16386 (99.99%)
* Elements of w skipped: 0 (0.00%)
* Elements of w processed with special addition: 0 (0.00%)
* Elements of w remaining: 16384 (100.00%)
* Elements of w skipped: 0 (0.00%)
* Elements of w processed with special addition: 0 (0.00%)
* Elements of w remaining: 16384 (100.00%)
* G1 elements in proof: 2
* G2 elements in proof: 1
* Proof size in bits: 1019
* Elements of w skipped: 0 (0.00%)
* Elements of w processed with special addition: 1 (0.01%)
* Elements of w remaining: 16386 (99.99%)
* Elements of w skipped: 0 (0.00%)
* Elements of w processed with special addition: 0 (0.00%)
* Elements of w remaining: 16384 (100.00%)
* Elements of w skipped: 0 (0.00%)
* Elements of w processed with special addition: 0 (0.00%)
* Elements of w remaining: 16384 (100.00%)
* G1 elements in proof: 2
* G2 elements in proof: 1
* Proof size in bits: 1019
* Elements of w skipped: 0 (0.00%)
* Elements of w processed with special addition: 1 (0.01%)
* Elements of w remaining: 16386 (99.99%)
* Elements of w skipped: 0 (0.00%)
* Elements of w processed with special addition: 0 (0.00%)
* Elements of w remaining: 16384 (100.00%)
* Elements of w skipped: 0 (0.00%)
* Elements of w processed with special addition: 0 (0.00%)
* Elements of w remaining: 16384 (100.00%)
* G1 elements in proof: 2
* G2 elements in proof: 1
* Proof size in bits: 1019
* Elements of w skipped: 0 (0.00%)
* Elements of w processed with special addition: 1 (0.01%)
* Elements of w remaining: 16386 (99.99%)
* Elements of w skipped: 0 (0.00%)
* Elements of w processed with special addition: 0 (0.00%)
* Elements of w remaining: 16384 (100.00%)
* Elements of w skipped: 0 (0.00%)
* Elements of w processed with special addition: 0 (0.00%)
* Elements of w remaining: 16384 (100.00%)
* G1 elements in proof: 2
* G2 elements in proof: 1
* Proof size in bits: 1019
* Elements of w skipped: 0 (0.00%)
* Elements of w processed with special addition: 1 (0.01%)
* Elements of w remaining: 16386 (99.99%)
* Elements of w skipped: 0 (0.00%)
* Elements of w processed with special addition: 0 (0.00%)
* Elements of w remaining: 16384 (100.00%)
* Elements of w skipped: 0 (0.00%)
* Elements of w processed with special addition: 0 (0.00%)
* Elements of w remaining: 16384 (100.00%)
* G1 elements in proof: 2
* G2 elements in proof: 1
* Proof size in bits: 1019
* Elements of w skipped: 0 (0.00%)
* Elements of w processed with special addition: 1 (0.01%)
* Elements of w remaining: 16386 (99.99%)
* Elements of w skipped: 0 (0.00%)
* Elements of w processed with special addition: 0 (0.00%)
* Elements of w remaining: 16384 (100.00%)
* Elements of w skipped: 0 (0.00%)
* Elements of w processed with special addition: 0 (0.00%)
* Elements of w remaining: 16384 (100.00%)
* G1 elements in proof: 2
* G2 elements in proof: 1
* Proof size in bits: 1019
* Elements of w skipped: 0 (0.00%)
* Elements of w processed with special addition: 1 (0.01%)
* Elements of w remaining: 16386 (99.99%)
* Elements of w skipped: 0 (0.00%)
* Elements of w processed with special addition: 0 (0.00%)
* Elements of w remaining: 16384 (100.00%)
* Elements of w skipped: 0 (0.00%)
* Elements of w processed with special addition: 0 (0.00%)
* Elements of w remaining: 16384 (100.00%)
* G1 elements in proof: 2
* G2 elements in proof: 1
* Proof size in bits: 1019
* Elements of w skipped: 0 (0.00%)
* Elements of w processed with special addition: 1 (0.01%)
* Elements of w remaining: 16386 (99.99%)
* Elements of w skipped: 0 (0.00%)
* Elements of w processed with special addition: 0 (0.00%)
* Elements of w remaining: 16384 (100.00%)
* Elements of w skipped: 0 (0.00%)
* Elements of w processed with special addition: 0 (0.00%)
* Elements of w remaining: 16384 (100.00%)
* G1 elements in proof: 2
* G2 elements in proof: 1
* Proof size in bits: 1019
  1       16384       2645.6        2945.30       3.98          PASS      
* Composed C_2: 32768 constraints, 32771 variables, 2 inputs
Swap is not beneficial, not performing
* QAP number of variables: 32771
* QAP pre degree: 32768
* QAP degree: 32772
* QAP number of input variables: 2
* G1 window: 13
* G2 window: 12
* G1 elements in PK: 131085
* Non-zero G1 elements in PK: 131081
* G2 elements in PK: 32773
* Non-zero G2 elements in PK: 32769
* PK size in bits: 52202228
* G1 elements in VK: 2
* G2 elements in VK: 2
* GT elements in VK: 1
* VK size in bits: 1911
* Elements of w skipped: 0 (0.00%)
* Elements of w processed with special addition: 1 (0.00%)
* Elements of w remaining: 32771 (100.00%)
* Elements of w skipped: 0 (0.00%)
* Elements of w processed with special addition: 0 (0.00%)
* Elements of w remaining: 32768 (100.00%)
* Elements of w skipped: 0 (0.00%)
* Elements of w processed with special addition: 0 (0.00%)
* Elements of w remaining: 32769 (100.00%)
* G1 elements in proof: 2
* G2 elements in proof: 1
* Proof size in bits: 1019
* Elements of w skipped: 0 (0.00%)
* Elements of w processed with special addition: 1 (0.00%)
* Elements of w remaining: 32771 (100.00%)
* Elements of w skipped: 0 (0.00%)
* Elements of w processed with special addition: 0 (0.00%)
* Elements of w remaining: 32768 (100.00%)
* Elements of w skipped: 0 (0.00%)
* Elements of w processed with special addition: 0 (0.00%)
* Elements of w remaining: 32769 (100.00%)
* G1 elements in proof: 2
* G2 elements in proof: 1
* Proof size in bits: 1019
* Elements of w skipped: 0 (0.00%)
* Elements of w processed with special addition: 1 (0.00%)
* Elements of w remaining: 32771 (100.00%)
* Elements of w skipped: 0 (0.00%)
* Elements of w processed with special addition: 0 (0.00%)
* Elements of w remaining: 32768 (100.00%)
* Elements of w skipped: 0 (0.00%)
* Elements of w processed with special addition: 0 (0.00%)
* Elements of w remaining: 32769 (100.00%)
* G1 elements in proof: 2
* G2 elements in proof: 1
* Proof size in bits: 1019
* Elements of w skipped: 0 (0.00%)
* Elements of w processed with special addition: 1 (0.00%)
* Elements of w remaining: 32771 (100.00%)
* Elements of w skipped: 0 (0.00%)
* Elements of w processed with special addition: 0 (0.00%)
* Elements of w remaining: 32768 (100.00%)
* Elements of w skipped: 0 (0.00%)
* Elements of w processed with special addition: 0 (0.00%)
* Elements of w remaining: 32769 (100.00%)
* G1 elements in proof: 2
* G2 elements in proof: 1
* Proof size in bits: 1019
* Elements of w skipped: 0 (0.00%)
* Elements of w processed with special addition: 1 (0.00%)
* Elements of w remaining: 32771 (100.00%)
* Elements of w skipped: 0 (0.00%)
* Elements of w processed with special addition: 0 (0.00%)
* Elements of w remaining: 32768 (100.00%)
* Elements of w skipped: 0 (0.00%)
* Elements of w processed with special addition: 0 (0.00%)
* Elements of w remaining: 32769 (100.00%)
* G1 elements in proof: 2
* G2 elements in proof: 1
* Proof size in bits: 1019
* Elements of w skipped: 0 (0.00%)
* Elements of w processed with special addition: 1 (0.00%)
* Elements of w remaining: 32771 (100.00%)
* Elements of w skipped: 0 (0.00%)
* Elements of w processed with special addition: 0 (0.00%)
* Elements of w remaining: 32768 (100.00%)
* Elements of w skipped: 0 (0.00%)
* Elements of w processed with special addition: 0 (0.00%)
* Elements of w remaining: 32769 (100.00%)
* G1 elements in proof: 2
* G2 elements in proof: 1
* Proof size in bits: 1019
* Elements of w skipped: 0 (0.00%)
* Elements of w processed with special addition: 1 (0.00%)
* Elements of w remaining: 32771 (100.00%)
* Elements of w skipped: 0 (0.00%)
* Elements of w processed with special addition: 0 (0.00%)
* Elements of w remaining: 32768 (100.00%)
* Elements of w skipped: 0 (0.00%)
* Elements of w processed with special addition: 0 (0.00%)
* Elements of w remaining: 32769 (100.00%)
* G1 elements in proof: 2
* G2 elements in proof: 1
* Proof size in bits: 1019
* Elements of w skipped: 0 (0.00%)
* Elements of w processed with special addition: 1 (0.00%)
* Elements of w remaining: 32771 (100.00%)
* Elements of w skipped: 0 (0.00%)
* Elements of w processed with special addition: 0 (0.00%)
* Elements of w remaining: 32768 (100.00%)
* Elements of w skipped: 0 (0.00%)
* Elements of w processed with special addition: 0 (0.00%)
* Elements of w remaining: 32769 (100.00%)
* G1 elements in proof: 2
* G2 elements in proof: 1
* Proof size in bits: 1019
* Elements of w skipped: 0 (0.00%)
* Elements of w processed with special addition: 1 (0.00%)
* Elements of w remaining: 32771 (100.00%)
* Elements of w skipped: 0 (0.00%)
* Elements of w processed with special addition: 0 (0.00%)
* Elements of w remaining: 32768 (100.00%)
* Elements of w skipped: 0 (0.00%)
* Elements of w processed with special addition: 0 (0.00%)
* Elements of w remaining: 32769 (100.00%)
* G1 elements in proof: 2
* G2 elements in proof: 1
* Proof size in bits: 1019
* Elements of w skipped: 0 (0.00%)
* Elements of w processed with special addition: 1 (0.00%)
* Elements of w remaining: 32771 (100.00%)
* Elements of w skipped: 0 (0.00%)
* Elements of w processed with special addition: 0 (0.00%)
* Elements of w remaining: 32768 (100.00%)
* Elements of w skipped: 0 (0.00%)
* Elements of w processed with special addition: 0 (0.00%)
* Elements of w remaining: 32769 (100.00%)
* G1 elements in proof: 2
* G2 elements in proof: 1
* Proof size in bits: 1019
  2       32768       4856.8        5407.61       3.97          PASS      
* Composed C_4: 65536 constraints, 65541 variables, 2 inputs
Swap is not beneficial, not performing
* QAP number of variables: 65541
* QAP pre degree: 65536
* QAP degree: 65540
* QAP number of input variables: 2
* G1 window: 15
* G2 window: 13
* G1 elements in PK: 262163
* Non-zero G1 elements in PK: 262157
* G2 elements in PK: 65543
* Non-zero G2 elements in PK: 65537
* PK size in bits: 104402672
* G1 elements in VK: 2
* G2 elements in VK: 2
* GT elements in VK: 1
* VK size in bits: 1911
* Elements of w skipped: 0 (0.00%)
* Elements of w processed with special addition: 1 (0.00%)
* Elements of w remaining: 65541 (100.00%)
* Elements of w skipped: 0 (0.00%)
* Elements of w processed with special addition: 0 (0.00%)
* Elements of w remaining: 65536 (100.00%)
* Elements of w skipped: 0 (0.00%)
* Elements of w processed with special addition: 0 (0.00%)
* Elements of w remaining: 65539 (100.00%)
* G1 elements in proof: 2
* G2 elements in proof: 1
* Proof size in bits: 1019
* Elements of w skipped: 0 (0.00%)
* Elements of w processed with special addition: 1 (0.00%)
* Elements of w remaining: 65541 (100.00%)
* Elements of w skipped: 0 (0.00%)
* Elements of w processed with special addition: 0 (0.00%)
* Elements of w remaining: 65536 (100.00%)
* Elements of w skipped: 0 (0.00%)
* Elements of w processed with special addition: 0 (0.00%)
* Elements of w remaining: 65539 (100.00%)
* G1 elements in proof: 2
* G2 elements in proof: 1
* Proof size in bits: 1019
* Elements of w skipped: 0 (0.00%)
* Elements of w processed with special addition: 1 (0.00%)
* Elements of w remaining: 65541 (100.00%)
* Elements of w skipped: 0 (0.00%)
* Elements of w processed with special addition: 0 (0.00%)
* Elements of w remaining: 65536 (100.00%)
* Elements of w skipped: 0 (0.00%)
* Elements of w processed with special addition: 0 (0.00%)
* Elements of w remaining: 65539 (100.00%)
* G1 elements in proof: 2
* G2 elements in proof: 1
* Proof size in bits: 1019
* Elements of w skipped: 0 (0.00%)
* Elements of w processed with special addition: 1 (0.00%)
* Elements of w remaining: 65541 (100.00%)
* Elements of w skipped: 0 (0.00%)
* Elements of w processed with special addition: 0 (0.00%)
* Elements of w remaining: 65536 (100.00%)
* Elements of w skipped: 0 (0.00%)
* Elements of w processed with special addition: 0 (0.00%)
* Elements of w remaining: 65539 (100.00%)
* G1 elements in proof: 2
* G2 elements in proof: 1
* Proof size in bits: 1019
* Elements of w skipped: 0 (0.00%)
* Elements of w processed with special addition: 1 (0.00%)
* Elements of w remaining: 65541 (100.00%)
* Elements of w skipped: 0 (0.00%)
* Elements of w processed with special addition: 0 (0.00%)
* Elements of w remaining: 65536 (100.00%)
* Elements of w skipped: 0 (0.00%)
* Elements of w processed with special addition: 0 (0.00%)
* Elements of w remaining: 65539 (100.00%)
* G1 elements in proof: 2
* G2 elements in proof: 1
* Proof size in bits: 1019
* Elements of w skipped: 0 (0.00%)
* Elements of w processed with special addition: 1 (0.00%)
* Elements of w remaining: 65541 (100.00%)
* Elements of w skipped: 0 (0.00%)
* Elements of w processed with special addition: 0 (0.00%)
* Elements of w remaining: 65536 (100.00%)
* Elements of w skipped: 0 (0.00%)
* Elements of w processed with special addition: 0 (0.00%)
* Elements of w remaining: 65539 (100.00%)
* G1 elements in proof: 2
* G2 elements in proof: 1
* Proof size in bits: 1019
* Elements of w skipped: 0 (0.00%)
* Elements of w processed with special addition: 1 (0.00%)
* Elements of w remaining: 65541 (100.00%)
* Elements of w skipped: 0 (0.00%)
* Elements of w processed with special addition: 0 (0.00%)
* Elements of w remaining: 65536 (100.00%)
* Elements of w skipped: 0 (0.00%)
* Elements of w processed with special addition: 0 (0.00%)
* Elements of w remaining: 65539 (100.00%)
* G1 elements in proof: 2
* G2 elements in proof: 1
* Proof size in bits: 1019
* Elements of w skipped: 0 (0.00%)
* Elements of w processed with special addition: 1 (0.00%)
* Elements of w remaining: 65541 (100.00%)
* Elements of w skipped: 0 (0.00%)
* Elements of w processed with special addition: 0 (0.00%)
* Elements of w remaining: 65536 (100.00%)
* Elements of w skipped: 0 (0.00%)
* Elements of w processed with special addition: 0 (0.00%)
* Elements of w remaining: 65539 (100.00%)
* G1 elements in proof: 2
* G2 elements in proof: 1
* Proof size in bits: 1019
* Elements of w skipped: 0 (0.00%)
* Elements of w processed with special addition: 1 (0.00%)
* Elements of w remaining: 65541 (100.00%)
* Elements of w skipped: 0 (0.00%)
* Elements of w processed with special addition: 0 (0.00%)
* Elements of w remaining: 65536 (100.00%)
* Elements of w skipped: 0 (0.00%)
* Elements of w processed with special addition: 0 (0.00%)
* Elements of w remaining: 65539 (100.00%)
* G1 elements in proof: 2
* G2 elements in proof: 1
* Proof size in bits: 1019
* Elements of w skipped: 0 (0.00%)
* Elements of w processed with special addition: 1 (0.00%)
* Elements of w remaining: 65541 (100.00%)
* Elements of w skipped: 0 (0.00%)
* Elements of w processed with special addition: 0 (0.00%)
* Elements of w remaining: 65536 (100.00%)
* Elements of w skipped: 0 (0.00%)
* Elements of w processed with special addition: 0 (0.00%)
* Elements of w remaining: 65539 (100.00%)
* G1 elements in proof: 2
* G2 elements in proof: 1
* Proof size in bits: 1019
  4       65536       9304.0        10056.43      3.99          PASS      
* Composed C_8: 131072 constraints, 131081 variables, 2 inputs
Swap is not beneficial, not performing
* QAP number of variables: 131081
* QAP pre degree: 131072
* QAP degree: 131076
* QAP number of input variables: 2
* G1 window: 15
* G2 window: 14
* G1 elements in PK: 524319
* Non-zero G1 elements in PK: 524309
* G2 elements in PK: 131083
* Non-zero G2 elements in PK: 131073
* PK size in bits: 208803560
* G1 elements in VK: 2
* G2 elements in VK: 2
* GT elements in VK: 1
* VK size in bits: 1911
* Elements of w skipped: 0 (0.00%)
* Elements of w processed with special addition: 1 (0.00%)
* Elements of w remaining: 131081 (100.00%)
* Elements of w skipped: 0 (0.00%)
* Elements of w processed with special addition: 0 (0.00%)
* Elements of w remaining: 131072 (100.00%)
* Elements of w skipped: 0 (0.00%)
* Elements of w processed with special addition: 0 (0.00%)
* Elements of w remaining: 131079 (100.00%)
* G1 elements in proof: 2
* G2 elements in proof: 1
* Proof size in bits: 1019
* Elements of w skipped: 0 (0.00%)
* Elements of w processed with special addition: 1 (0.00%)
* Elements of w remaining: 131081 (100.00%)
* Elements of w skipped: 0 (0.00%)
* Elements of w processed with special addition: 0 (0.00%)
* Elements of w remaining: 131072 (100.00%)
* Elements of w skipped: 0 (0.00%)
* Elements of w processed with special addition: 0 (0.00%)
* Elements of w remaining: 131079 (100.00%)
* G1 elements in proof: 2
* G2 elements in proof: 1
* Proof size in bits: 1019
* Elements of w skipped: 0 (0.00%)
* Elements of w processed with special addition: 1 (0.00%)
* Elements of w remaining: 131081 (100.00%)
* Elements of w skipped: 0 (0.00%)
* Elements of w processed with special addition: 0 (0.00%)
* Elements of w remaining: 131072 (100.00%)
* Elements of w skipped: 0 (0.00%)
* Elements of w processed with special addition: 0 (0.00%)
* Elements of w remaining: 131079 (100.00%)
* G1 elements in proof: 2
* G2 elements in proof: 1
* Proof size in bits: 1019
* Elements of w skipped: 0 (0.00%)
* Elements of w processed with special addition: 1 (0.00%)
* Elements of w remaining: 131081 (100.00%)
* Elements of w skipped: 0 (0.00%)
* Elements of w processed with special addition: 0 (0.00%)
* Elements of w remaining: 131072 (100.00%)
* Elements of w skipped: 0 (0.00%)
* Elements of w processed with special addition: 0 (0.00%)
* Elements of w remaining: 131079 (100.00%)
* G1 elements in proof: 2
* G2 elements in proof: 1
* Proof size in bits: 1019
* Elements of w skipped: 0 (0.00%)
* Elements of w processed with special addition: 1 (0.00%)
* Elements of w remaining: 131081 (100.00%)
* Elements of w skipped: 0 (0.00%)
* Elements of w processed with special addition: 0 (0.00%)
* Elements of w remaining: 131072 (100.00%)
* Elements of w skipped: 0 (0.00%)
* Elements of w processed with special addition: 0 (0.00%)
* Elements of w remaining: 131079 (100.00%)
* G1 elements in proof: 2
* G2 elements in proof: 1
* Proof size in bits: 1019
* Elements of w skipped: 0 (0.00%)
* Elements of w processed with special addition: 1 (0.00%)
* Elements of w remaining: 131081 (100.00%)
* Elements of w skipped: 0 (0.00%)
* Elements of w processed with special addition: 0 (0.00%)
* Elements of w remaining: 131072 (100.00%)
* Elements of w skipped: 0 (0.00%)
* Elements of w processed with special addition: 0 (0.00%)
* Elements of w remaining: 131079 (100.00%)
* G1 elements in proof: 2
* G2 elements in proof: 1
* Proof size in bits: 1019
* Elements of w skipped: 0 (0.00%)
* Elements of w processed with special addition: 1 (0.00%)
* Elements of w remaining: 131081 (100.00%)
* Elements of w skipped: 0 (0.00%)
* Elements of w processed with special addition: 0 (0.00%)
* Elements of w remaining: 131072 (100.00%)
* Elements of w skipped: 0 (0.00%)
* Elements of w processed with special addition: 0 (0.00%)
* Elements of w remaining: 131079 (100.00%)
* G1 elements in proof: 2
* G2 elements in proof: 1
* Proof size in bits: 1019
* Elements of w skipped: 0 (0.00%)
* Elements of w processed with special addition: 1 (0.00%)
* Elements of w remaining: 131081 (100.00%)
* Elements of w skipped: 0 (0.00%)
* Elements of w processed with special addition: 0 (0.00%)
* Elements of w remaining: 131072 (100.00%)
* Elements of w skipped: 0 (0.00%)
* Elements of w processed with special addition: 0 (0.00%)
* Elements of w remaining: 131079 (100.00%)
* G1 elements in proof: 2
* G2 elements in proof: 1
* Proof size in bits: 1019
* Elements of w skipped: 0 (0.00%)
* Elements of w processed with special addition: 1 (0.00%)
* Elements of w remaining: 131081 (100.00%)
* Elements of w skipped: 0 (0.00%)
* Elements of w processed with special addition: 0 (0.00%)
* Elements of w remaining: 131072 (100.00%)
* Elements of w skipped: 0 (0.00%)
* Elements of w processed with special addition: 0 (0.00%)
* Elements of w remaining: 131079 (100.00%)
* G1 elements in proof: 2
* G2 elements in proof: 1
* Proof size in bits: 1019
* Elements of w skipped: 0 (0.00%)
* Elements of w processed with special addition: 1 (0.00%)
* Elements of w remaining: 131081 (100.00%)
* Elements of w skipped: 0 (0.00%)
* Elements of w processed with special addition: 0 (0.00%)
* Elements of w remaining: 131072 (100.00%)
* Elements of w skipped: 0 (0.00%)
* Elements of w processed with special addition: 0 (0.00%)
* Elements of w remaining: 131079 (100.00%)
* G1 elements in proof: 2
* G2 elements in proof: 1
* Proof size in bits: 1019
  8       131072      17131.2       18764.56      4.10          PASS      
* Composed C_16: 262144 constraints, 262161 variables, 2 inputs
Swap is not beneficial, not performing
* QAP number of variables: 262161
* QAP pre degree: 262144
* QAP degree: 262148
* QAP number of input variables: 2
* G1 window: 16
* G2 window: 15
* G1 elements in PK: 1048631
* Non-zero G1 elements in PK: 1048613
* G2 elements in PK: 262163
* Non-zero G2 elements in PK: 262145
* PK size in bits: 417605336
* G1 elements in VK: 2
* G2 elements in VK: 2
* GT elements in VK: 1
* VK size in bits: 1911
* Elements of w skipped: 0 (0.00%)
* Elements of w processed with special addition: 1 (0.00%)
* Elements of w remaining: 262161 (100.00%)
* Elements of w skipped: 0 (0.00%)
* Elements of w processed with special addition: 0 (0.00%)
* Elements of w remaining: 262144 (100.00%)
* Elements of w skipped: 0 (0.00%)
* Elements of w processed with special addition: 0 (0.00%)
* Elements of w remaining: 262159 (100.00%)
* G1 elements in proof: 2
* G2 elements in proof: 1
* Proof size in bits: 1019
* Elements of w skipped: 0 (0.00%)
* Elements of w processed with special addition: 1 (0.00%)
* Elements of w remaining: 262161 (100.00%)
* Elements of w skipped: 0 (0.00%)
* Elements of w processed with special addition: 0 (0.00%)
* Elements of w remaining: 262144 (100.00%)
* Elements of w skipped: 0 (0.00%)
* Elements of w processed with special addition: 0 (0.00%)
* Elements of w remaining: 262159 (100.00%)
* G1 elements in proof: 2
* G2 elements in proof: 1
* Proof size in bits: 1019
* Elements of w skipped: 0 (0.00%)
* Elements of w processed with special addition: 1 (0.00%)
* Elements of w remaining: 262161 (100.00%)
* Elements of w skipped: 0 (0.00%)
* Elements of w processed with special addition: 0 (0.00%)
* Elements of w remaining: 262144 (100.00%)
* Elements of w skipped: 0 (0.00%)
* Elements of w processed with special addition: 0 (0.00%)
* Elements of w remaining: 262159 (100.00%)
* G1 elements in proof: 2
* G2 elements in proof: 1
* Proof size in bits: 1019
* Elements of w skipped: 0 (0.00%)
* Elements of w processed with special addition: 1 (0.00%)
* Elements of w remaining: 262161 (100.00%)
* Elements of w skipped: 0 (0.00%)
* Elements of w processed with special addition: 0 (0.00%)
* Elements of w remaining: 262144 (100.00%)
* Elements of w skipped: 0 (0.00%)
* Elements of w processed with special addition: 0 (0.00%)
* Elements of w remaining: 262159 (100.00%)
* G1 elements in proof: 2
* G2 elements in proof: 1
* Proof size in bits: 1019
* Elements of w skipped: 0 (0.00%)
* Elements of w processed with special addition: 1 (0.00%)
* Elements of w remaining: 262161 (100.00%)
* Elements of w skipped: 0 (0.00%)
* Elements of w processed with special addition: 0 (0.00%)
* Elements of w remaining: 262144 (100.00%)
* Elements of w skipped: 0 (0.00%)
* Elements of w processed with special addition: 0 (0.00%)
* Elements of w remaining: 262159 (100.00%)
* G1 elements in proof: 2
* G2 elements in proof: 1
* Proof size in bits: 1019
* Elements of w skipped: 0 (0.00%)
* Elements of w processed with special addition: 1 (0.00%)
* Elements of w remaining: 262161 (100.00%)
* Elements of w skipped: 0 (0.00%)
* Elements of w processed with special addition: 0 (0.00%)
* Elements of w remaining: 262144 (100.00%)
* Elements of w skipped: 0 (0.00%)
* Elements of w processed with special addition: 0 (0.00%)
* Elements of w remaining: 262159 (100.00%)
* G1 elements in proof: 2
* G2 elements in proof: 1
* Proof size in bits: 1019
* Elements of w skipped: 0 (0.00%)
* Elements of w processed with special addition: 1 (0.00%)
* Elements of w remaining: 262161 (100.00%)
* Elements of w skipped: 0 (0.00%)
* Elements of w processed with special addition: 0 (0.00%)
* Elements of w remaining: 262144 (100.00%)
* Elements of w skipped: 0 (0.00%)
* Elements of w processed with special addition: 0 (0.00%)
* Elements of w remaining: 262159 (100.00%)
* G1 elements in proof: 2
* G2 elements in proof: 1
* Proof size in bits: 1019
* Elements of w skipped: 0 (0.00%)
* Elements of w processed with special addition: 1 (0.00%)
* Elements of w remaining: 262161 (100.00%)
* Elements of w skipped: 0 (0.00%)
* Elements of w processed with special addition: 0 (0.00%)
* Elements of w remaining: 262144 (100.00%)
* Elements of w skipped: 0 (0.00%)
* Elements of w processed with special addition: 0 (0.00%)
* Elements of w remaining: 262159 (100.00%)
* G1 elements in proof: 2
* G2 elements in proof: 1
* Proof size in bits: 1019
* Elements of w skipped: 0 (0.00%)
* Elements of w processed with special addition: 1 (0.00%)
* Elements of w remaining: 262161 (100.00%)
* Elements of w skipped: 0 (0.00%)
* Elements of w processed with special addition: 0 (0.00%)
* Elements of w remaining: 262144 (100.00%)
* Elements of w skipped: 0 (0.00%)
* Elements of w processed with special addition: 0 (0.00%)
* Elements of w remaining: 262159 (100.00%)
* G1 elements in proof: 2
* G2 elements in proof: 1
* Proof size in bits: 1019
* Elements of w skipped: 0 (0.00%)
* Elements of w processed with special addition: 1 (0.00%)
* Elements of w remaining: 262161 (100.00%)
* Elements of w skipped: 0 (0.00%)
* Elements of w processed with special addition: 0 (0.00%)
* Elements of w remaining: 262144 (100.00%)
* Elements of w skipped: 0 (0.00%)
* Elements of w processed with special addition: 0 (0.00%)
* Elements of w remaining: 262159 (100.00%)
* G1 elements in proof: 2
* G2 elements in proof: 1
* Proof size in bits: 1019
  16      262144      31842.7       35820.17      3.98          PASS      
* Composed C_32: 524288 constraints, 524321 variables, 2 inputs
Swap is not beneficial, not performing
* QAP number of variables: 524321
* QAP pre degree: 524288
* QAP degree: 524292
* QAP number of input variables: 2
* G1 window: 17
* G2 window: 16
* G1 elements in PK: 2097255
* Non-zero G1 elements in PK: 2097221
* G2 elements in PK: 524323
* Non-zero G2 elements in PK: 524289
* PK size in bits: 835208888
* G1 elements in VK: 2
* G2 elements in VK: 2
* GT elements in VK: 1
* VK size in bits: 1911
* Elements of w skipped: 0 (0.00%)
* Elements of w processed with special addition: 1 (0.00%)
* Elements of w remaining: 524321 (100.00%)
* Elements of w skipped: 0 (0.00%)
* Elements of w processed with special addition: 0 (0.00%)
* Elements of w remaining: 524288 (100.00%)
* Elements of w skipped: 0 (0.00%)
* Elements of w processed with special addition: 0 (0.00%)
* Elements of w remaining: 524319 (100.00%)
* G1 elements in proof: 2
* G2 elements in proof: 1
* Proof size in bits: 1019
* Elements of w skipped: 0 (0.00%)
* Elements of w processed with special addition: 1 (0.00%)
* Elements of w remaining: 524321 (100.00%)
* Elements of w skipped: 0 (0.00%)
* Elements of w processed with special addition: 0 (0.00%)
* Elements of w remaining: 524288 (100.00%)
* Elements of w skipped: 0 (0.00%)
* Elements of w processed with special addition: 0 (0.00%)
* Elements of w remaining: 524319 (100.00%)
* G1 elements in proof: 2
* G2 elements in proof: 1
* Proof size in bits: 1019
* Elements of w skipped: 0 (0.00%)
* Elements of w processed with special addition: 1 (0.00%)
* Elements of w remaining: 524321 (100.00%)
* Elements of w skipped: 0 (0.00%)
* Elements of w processed with special addition: 0 (0.00%)
* Elements of w remaining: 524288 (100.00%)
* Elements of w skipped: 0 (0.00%)
* Elements of w processed with special addition: 0 (0.00%)
* Elements of w remaining: 524319 (100.00%)
* G1 elements in proof: 2
* G2 elements in proof: 1
* Proof size in bits: 1019
* Elements of w skipped: 0 (0.00%)
* Elements of w processed with special addition: 1 (0.00%)
* Elements of w remaining: 524321 (100.00%)
* Elements of w skipped: 0 (0.00%)
* Elements of w processed with special addition: 0 (0.00%)
* Elements of w remaining: 524288 (100.00%)
* Elements of w skipped: 0 (0.00%)
* Elements of w processed with special addition: 0 (0.00%)
* Elements of w remaining: 524319 (100.00%)
* G1 elements in proof: 2
* G2 elements in proof: 1
* Proof size in bits: 1019
* Elements of w skipped: 0 (0.00%)
* Elements of w processed with special addition: 1 (0.00%)
* Elements of w remaining: 524321 (100.00%)
* Elements of w skipped: 0 (0.00%)
* Elements of w processed with special addition: 0 (0.00%)
* Elements of w remaining: 524288 (100.00%)
* Elements of w skipped: 0 (0.00%)
* Elements of w processed with special addition: 0 (0.00%)
* Elements of w remaining: 524319 (100.00%)
* G1 elements in proof: 2
* G2 elements in proof: 1
* Proof size in bits: 1019
* Elements of w skipped: 0 (0.00%)
* Elements of w processed with special addition: 1 (0.00%)
* Elements of w remaining: 524321 (100.00%)
* Elements of w skipped: 0 (0.00%)
* Elements of w processed with special addition: 0 (0.00%)
* Elements of w remaining: 524288 (100.00%)
* Elements of w skipped: 0 (0.00%)
* Elements of w processed with special addition: 0 (0.00%)
* Elements of w remaining: 524319 (100.00%)
* G1 elements in proof: 2
* G2 elements in proof: 1
* Proof size in bits: 1019
* Elements of w skipped: 0 (0.00%)
* Elements of w processed with special addition: 1 (0.00%)
* Elements of w remaining: 524321 (100.00%)
* Elements of w skipped: 0 (0.00%)
* Elements of w processed with special addition: 0 (0.00%)
* Elements of w remaining: 524288 (100.00%)
* Elements of w skipped: 0 (0.00%)
* Elements of w processed with special addition: 0 (0.00%)
* Elements of w remaining: 524319 (100.00%)
* G1 elements in proof: 2
* G2 elements in proof: 1
* Proof size in bits: 1019
* Elements of w skipped: 0 (0.00%)
* Elements of w processed with special addition: 1 (0.00%)
* Elements of w remaining: 524321 (100.00%)
* Elements of w skipped: 0 (0.00%)
* Elements of w processed with special addition: 0 (0.00%)
* Elements of w remaining: 524288 (100.00%)
* Elements of w skipped: 0 (0.00%)
* Elements of w processed with special addition: 0 (0.00%)
* Elements of w remaining: 524319 (100.00%)
* G1 elements in proof: 2
* G2 elements in proof: 1
* Proof size in bits: 1019
* Elements of w skipped: 0 (0.00%)
* Elements of w processed with special addition: 1 (0.00%)
* Elements of w remaining: 524321 (100.00%)
* Elements of w skipped: 0 (0.00%)
* Elements of w processed with special addition: 0 (0.00%)
* Elements of w remaining: 524288 (100.00%)
* Elements of w skipped: 0 (0.00%)
* Elements of w processed with special addition: 0 (0.00%)
* Elements of w remaining: 524319 (100.00%)
* G1 elements in proof: 2
* G2 elements in proof: 1
* Proof size in bits: 1019
* Elements of w skipped: 0 (0.00%)
* Elements of w processed with special addition: 1 (0.00%)
* Elements of w remaining: 524321 (100.00%)
* Elements of w skipped: 0 (0.00%)
* Elements of w processed with special addition: 0 (0.00%)
* Elements of w remaining: 524288 (100.00%)
* Elements of w skipped: 0 (0.00%)
* Elements of w processed with special addition: 0 (0.00%)
* Elements of w remaining: 524319 (100.00%)
* G1 elements in proof: 2
* G2 elements in proof: 1
* Proof size in bits: 1019
  32      524288      61024.7       66530.64      4.09          PASS      
* Composed C_64: 1048576 constraints, 1048641 variables, 2 inputs
Swap is not beneficial, not performing
* QAP number of variables: 1048641
* QAP pre degree: 1048576
* QAP degree: 1048580
* QAP number of input variables: 2
* G1 window: 17
* G2 window: 17
* G1 elements in PK: 4194503
* Non-zero G1 elements in PK: 4194437
* G2 elements in PK: 1048643
* Non-zero G2 elements in PK: 1048577
* PK size in bits: 1670415992
* G1 elements in VK: 2
* G2 elements in VK: 2
* GT elements in VK: 1
* VK size in bits: 1911
* Elements of w skipped: 0 (0.00%)
* Elements of w processed with special addition: 1 (0.00%)
* Elements of w remaining: 1048641 (100.00%)
* Elements of w skipped: 0 (0.00%)
* Elements of w processed with special addition: 0 (0.00%)
* Elements of w remaining: 1048576 (100.00%)
* Elements of w skipped: 0 (0.00%)
* Elements of w processed with special addition: 0 (0.00%)
* Elements of w remaining: 1048639 (100.00%)
* G1 elements in proof: 2
* G2 elements in proof: 1
* Proof size in bits: 1019
* Elements of w skipped: 0 (0.00%)
* Elements of w processed with special addition: 1 (0.00%)
* Elements of w remaining: 1048641 (100.00%)
* Elements of w skipped: 0 (0.00%)
* Elements of w processed with special addition: 0 (0.00%)
* Elements of w remaining: 1048576 (100.00%)
* Elements of w skipped: 0 (0.00%)
* Elements of w processed with special addition: 0 (0.00%)
* Elements of w remaining: 1048639 (100.00%)
* G1 elements in proof: 2
* G2 elements in proof: 1
* Proof size in bits: 1019
* Elements of w skipped: 0 (0.00%)
* Elements of w processed with special addition: 1 (0.00%)
* Elements of w remaining: 1048641 (100.00%)
* Elements of w skipped: 0 (0.00%)
* Elements of w processed with special addition: 0 (0.00%)
* Elements of w remaining: 1048576 (100.00%)
* Elements of w skipped: 0 (0.00%)
* Elements of w processed with special addition: 0 (0.00%)
* Elements of w remaining: 1048639 (100.00%)
* G1 elements in proof: 2
* G2 elements in proof: 1
* Proof size in bits: 1019
* Elements of w skipped: 0 (0.00%)
* Elements of w processed with special addition: 1 (0.00%)
* Elements of w remaining: 1048641 (100.00%)
* Elements of w skipped: 0 (0.00%)
* Elements of w processed with special addition: 0 (0.00%)
* Elements of w remaining: 1048576 (100.00%)
* Elements of w skipped: 0 (0.00%)
* Elements of w processed with special addition: 0 (0.00%)
* Elements of w remaining: 1048639 (100.00%)
* G1 elements in proof: 2
* G2 elements in proof: 1
* Proof size in bits: 1019
* Elements of w skipped: 0 (0.00%)
* Elements of w processed with special addition: 1 (0.00%)
* Elements of w remaining: 1048641 (100.00%)
* Elements of w skipped: 0 (0.00%)
* Elements of w processed with special addition: 0 (0.00%)
* Elements of w remaining: 1048576 (100.00%)
* Elements of w skipped: 0 (0.00%)
* Elements of w processed with special addition: 0 (0.00%)
* Elements of w remaining: 1048639 (100.00%)
* G1 elements in proof: 2
* G2 elements in proof: 1
* Proof size in bits: 1019
* Elements of w skipped: 0 (0.00%)
* Elements of w processed with special addition: 1 (0.00%)
* Elements of w remaining: 1048641 (100.00%)
* Elements of w skipped: 0 (0.00%)
* Elements of w processed with special addition: 0 (0.00%)
* Elements of w remaining: 1048576 (100.00%)
* Elements of w skipped: 0 (0.00%)
* Elements of w processed with special addition: 0 (0.00%)
* Elements of w remaining: 1048639 (100.00%)
* G1 elements in proof: 2
* G2 elements in proof: 1
* Proof size in bits: 1019
* Elements of w skipped: 0 (0.00%)
* Elements of w processed with special addition: 1 (0.00%)
* Elements of w remaining: 1048641 (100.00%)
* Elements of w skipped: 0 (0.00%)
* Elements of w processed with special addition: 0 (0.00%)
* Elements of w remaining: 1048576 (100.00%)
* Elements of w skipped: 0 (0.00%)
* Elements of w processed with special addition: 0 (0.00%)
* Elements of w remaining: 1048639 (100.00%)
* G1 elements in proof: 2
* G2 elements in proof: 1
* Proof size in bits: 1019
* Elements of w skipped: 0 (0.00%)
* Elements of w processed with special addition: 1 (0.00%)
* Elements of w remaining: 1048641 (100.00%)
* Elements of w skipped: 0 (0.00%)
* Elements of w processed with special addition: 0 (0.00%)
* Elements of w remaining: 1048576 (100.00%)
* Elements of w skipped: 0 (0.00%)
* Elements of w processed with special addition: 0 (0.00%)
* Elements of w remaining: 1048639 (100.00%)
* G1 elements in proof: 2
* G2 elements in proof: 1
* Proof size in bits: 1019
* Elements of w skipped: 0 (0.00%)
* Elements of w processed with special addition: 1 (0.00%)
* Elements of w remaining: 1048641 (100.00%)
* Elements of w skipped: 0 (0.00%)
* Elements of w processed with special addition: 0 (0.00%)
* Elements of w remaining: 1048576 (100.00%)
* Elements of w skipped: 0 (0.00%)
* Elements of w processed with special addition: 0 (0.00%)
* Elements of w remaining: 1048639 (100.00%)
* G1 elements in proof: 2
* G2 elements in proof: 1
* Proof size in bits: 1019
* Elements of w skipped: 0 (0.00%)
* Elements of w processed with special addition: 1 (0.00%)
* Elements of w remaining: 1048641 (100.00%)
* Elements of w skipped: 0 (0.00%)
* Elements of w processed with special addition: 0 (0.00%)
* Elements of w remaining: 1048576 (100.00%)
* Elements of w skipped: 0 (0.00%)
* Elements of w processed with special addition: 0 (0.00%)
* Elements of w remaining: 1048639 (100.00%)
* G1 elements in proof: 2
* G2 elements in proof: 1
* Proof size in bits: 1019
  64      1048576     116140.2      127456.60     3.97          PASS      

  Groth16 results written to /Users/heewonchung/Documents/00-Research/active/Updatable Verifiable Computation/Dev/results/2026-03-06_121849_paper/csv/groth16_results.csv

================================================================
All benchmarks complete.
================================================================
  Done in 6702s


C++ benchmarks complete.
  UVC:     /Users/heewonchung/Documents/00-Research/active/Updatable Verifiable Computation/Dev/results/2026-03-06_121849_paper/csv/uvc_results.csv
  Groth16: /Users/heewonchung/Documents/00-Research/active/Updatable Verifiable Computation/Dev/results/2026-03-06_121849_paper/csv/groth16_results.csv
  Nova binary found: /Users/heewonchung/Documents/00-Research/active/Updatable Verifiable Computation/Dev/nova-bench/target/release/nova-bench

============================================================
  Nova Folding-Scheme Benchmarks
  Configurations: 5
============================================================

------------------------------------------------------------
  Running: [1/5] nova mimc n=270 steps=64
  Command: nova-bench --circuit mimc --n 270 --steps 64 --output-dir /Users/heewonchung/Documents/00-Research/active/Updatable Verifiable Computation/Dev/results/2026-03-06_121849_paper/csv
------------------------------------------------------------
================================================================
Nova Folding-Scheme Benchmark
================================================================
  Circuit: mimc, n=270, steps=64
  MiMC circuit: 90 rounds, 270 constraints/step
  [Setup] Computing public parameters...
  Setup: 1398.3 ms
  [Fold] Running 64 steps...
    Step 1: 24.54 ms
    Step 10: 55.24 ms
    Step 20: 56.29 ms
    Step 30: 67.01 ms
    Step 40: 60.63 ms
    Step 50: 60.09 ms
    Step 60: 56.34 ms
    Step 64: 60.07 ms
  RecursiveSNARK verified OK
  [Compress] Generating compressed SNARK...
  Compress: 1149.8 ms
  Verify: 36.95 ms

  Summary:
    Setup:         1398.3 ms
    Total fold:    3714.8 ms
    Avg fold/step: 58.04 ms
    Compress:      1149.8 ms
    Verify:        36.95 ms
  Nova results written to /Users/heewonchung/Documents/00-Research/active/Updatable Verifiable Computation/Dev/results/2026-03-06_121849_paper/csv/nova_results.csv

================================================================
Nova benchmark complete.
================================================================
  Done in 7s

------------------------------------------------------------
  Running: [2/5] nova hadamard n=32 steps=64
  Command: nova-bench --circuit hadamard --n 32 --steps 64 --output-dir /Users/heewonchung/Documents/00-Research/active/Updatable Verifiable Computation/Dev/results/2026-03-06_121849_paper/csv
------------------------------------------------------------
================================================================
Nova Folding-Scheme Benchmark
================================================================
  Circuit: hadamard, n=32, steps=64
Unknown circuit: hadamard
