============================================================
  UVC Benchmark Suite
  Mon Mar  9 19:57:37 KST 2026
  Mode: all
  Tag:  paper
  Reps: 10
  Output: /Users/heewonchung/Documents/00-Research/active/Updatable Verifiable Computation/Dev/results/2026-03-09_195737_paper
============================================================

Date:     2026-03-09T10:57:37Z
Hostname: GoM-Mac-Studio-M4.local
OS:       Darwin 25.3.0 arm64
CPU:      Apple M4 Max
Cores:    14
RAM:      36 GB
Compiler: Apple clang version 17.0.0 (clang-1700.6.4.2)
Build:    Release -O2 -march=native
Reps:     10
Configs:  18 C++ + 9 Nova

  Building all benchmarks...
CMake Warning (dev) at depends/gtest/googletest/cmake/internal_utils.cmake:221 (find_package):
  Policy CMP0148 is not set: The FindPythonInterp and FindPythonLibs modules
  are removed.  Run "cmake --help-policy CMP0148" for policy details.  Use
  the cmake_policy command to set the policy and suppress this warning.

Call Stack (most recent call first):
  depends/gtest/googletest/CMakeLists.txt:71 (include)
This warning is for project developers.  Use -Wno-dev to suppress it.

-- GMP: /opt/homebrew/lib/libgmp.dylib, /opt/homebrew/include
-- Configuring done (0.1s)
-- Generating done (0.2s)
-- Build files have been written to: /Users/heewonchung/Documents/00-Research/active/Updatable Verifiable Computation/Dev/build
[ 51%] Built target ff
[ 51%] Building CXX object CMakeFiles/snark.dir/src/libsnark/relations/ram_computations/rams/fooram/fooram_aux.cpp.o
[ 55%] Building CXX object CMakeFiles/snark.dir/src/libsnark/relations/circuit_satisfaction_problems/tbcs/tbcs.cpp.o
[ 62%] Building CXX object CMakeFiles/snark.dir/src/libsnark/relations/ram_computations/rams/tinyram/tinyram_aux.cpp.o
[ 62%] Building CXX object CMakeFiles/snark.dir/src/libsnark/relations/ram_computations/memory/memory_store_trace.cpp.o
[ 62%] Building CXX object CMakeFiles/snark.dir/src/libsnark/relations/ram_computations/memory/ra_memory.cpp.o
In file included from /Users/heewonchung/Documents/00-Research/active/Updatable Verifiable Computation/Dev/src/libsnark/relations/ram_computations/rams/tinyram/tinyram_aux.cpp:21:
In file included from /Users/heewonchung/Documents/00-Research/active/Updatable Verifiable Computation/Dev/src/libsnark/relations/ram_computations/rams/tinyram/tinyram_aux.hpp:21:
In file included from /Users/heewonchung/Documents/00-Research/active/Updatable Verifiable Computation/Dev/src/libsnark/relations/constraint_satisfaction_problems/r1cs/r1cs.hpp:151:
/Users/heewonchung/Documents/00-Research/active/Updatable Verifiable Computation/Dev/src/libsnark/relations/constraint_satisfaction_problems/r1cs/r1cs.tcc:173:106: warning: unused parameter 'annotation' [-Wunused-parameter]
  173 | void r1cs_constraint_system<FieldT>::add_constraint(const r1cs_constraint<FieldT> &c, const std::string &annotation)
      |                                                                                                          ^
1 warning generated.
[ 62%] Linking CXX static library libsnark.a
[ 96%] Built target snark
[100%] Linking CXX executable bench_comparative
[100%] Built target bench_comparative
  C++ binary: /Users/heewonchung/Documents/00-Research/active/Updatable Verifiable Computation/Dev/build/bench_comparative
    Updating crates.io index
 Downloading crates ...
  Downloaded addchain v0.2.0
  Downloaded bincode v1.3.3
  Downloaded anstyle-query v1.1.5
  Downloaded version_check v0.9.5
  Downloaded crypto-common v0.1.7
  Downloaded cfg-if v1.0.4
  Downloaded ref-cast v1.0.25
  Downloaded time-core v0.1.8
  Downloaded utf8parse v0.2.2
  Downloaded unty v0.0.4
  Downloaded time-macros v0.2.27
  Downloaded strsim v0.11.1
  Downloaded zmij v1.0.21
  Downloaded thiserror-impl v2.0.18
  Downloaded virtue v0.0.18
  Downloaded unicode-ident v1.0.24
  Downloaded static_assertions v1.1.0
  Downloaded typenum v1.19.0
  Downloaded clap_derive v4.5.55
  Downloaded spin v0.9.8
  Downloaded iana-time-zone v0.1.65
  Downloaded crossbeam-utils v0.8.21
  Downloaded crossbeam-epoch v0.9.18
  Downloaded serde_with_macros v3.17.0
  Downloaded rustversion v1.0.22
  Downloaded num-integer v0.1.46
  Downloaded deranged v0.5.8
  Downloaded cpufeatures v0.2.17
  Downloaded bincode v2.0.1
  Downloaded anstream v0.6.21
  Downloaded rand_core v0.6.4
  Downloaded quote v1.0.44
  Downloaded time v0.3.47
  Downloaded schemars v0.9.0
  Downloaded zerocopy v0.8.39
  Downloaded num-bigint v0.3.3
  Downloaded num-bigint v0.4.6
  Downloaded serde_json v1.0.149
  Downloaded libm v0.2.16
  Downloaded serde_with v3.17.0
  Downloaded clap_builder v4.5.60
  Downloaded syn v1.0.109
  Downloaded nova-snark v0.58.0
  Downloaded chrono v0.4.44
  Downloaded bitvec v1.0.1
  Downloaded itertools v0.14.0
  Downloaded hashbrown v0.16.1
  Downloaded rayon v1.11.0
  Downloaded hashbrown v0.12.3
  Downloaded indexmap v2.13.0
  Downloaded darling_core v0.21.3
  Downloaded syn v2.0.117
  Downloaded serde v1.0.228
  Downloaded schemars v1.2.1
  Downloaded rand v0.8.5
  Downloaded memchr v2.8.0
  Downloaded clap v4.5.60
  Downloaded rayon-core v1.13.0
  Downloaded proc-macro2 v1.0.106
  Downloaded num-traits v0.2.19
  Downloaded sha3 v0.10.8
  Downloaded libc v0.2.182
  Downloaded plonky2_maybe_rayon v1.0.0
  Downloaded csv v1.4.0
  Downloaded indexmap v1.9.3
  Downloaded generic-array v1.3.5
  Downloaded darling v0.21.3
  Downloaded core-foundation-sys v0.8.7
  Downloaded halo2curves v0.9.0
  Downloaded base64 v0.22.1
  Downloaded serde_derive v1.0.228
  Downloaded serde_core v1.0.228
  Downloaded ryu v1.0.23
  Downloaded once_cell v1.21.3
  Downloaded getrandom v0.2.17
  Downloaded pairing v0.23.0
  Downloaded paste v1.0.15
  Downloaded keccak v0.1.6
  Downloaded group v0.13.0
  Downloaded digest v0.10.7
  Downloaded ppv-lite86 v0.2.21
  Downloaded lazy_static v1.5.0
  Downloaded byteorder v1.5.0
  Downloaded sha2 v0.10.9
  Downloaded ff v0.13.1
  Downloaded either v1.15.0
  Downloaded csv-core v0.1.13
  Downloaded crossbeam-deque v0.8.6
  Downloaded autocfg v1.5.0
  Downloaded anstyle-parse v0.2.7
  Downloaded wyz v0.5.1
  Downloaded ref-cast-impl v1.0.25
  Downloaded radium v0.7.0
  Downloaded is_terminal_polyfill v1.70.2
  Downloaded ident_case v1.0.1
  Downloaded hex v0.4.3
  Downloaded halo2derive v0.2.0
  Downloaded generic-array v0.14.7
  Downloaded ff_derive v0.13.1
  Downloaded num-conv v0.2.0
  Downloaded rand_chacha v0.3.1
  Downloaded darling_macro v0.21.3
  Downloaded tap v1.0.1
  Downloaded heck v0.5.0
  Downloaded fnv v1.0.7
  Downloaded dyn-clone v1.0.20
  Downloaded thiserror v2.0.18
  Downloaded subtle v2.6.1
  Downloaded serde_arrays v0.2.0
  Downloaded powerfmt v0.2.0
  Downloaded funty v2.0.0
  Downloaded equivalent v1.0.2
  Downloaded colorchoice v1.0.4
  Downloaded block-buffer v0.10.4
  Downloaded itoa v1.0.17
  Downloaded clap_lex v1.0.0
  Downloaded bincode_derive v2.0.1
  Downloaded anstyle v1.0.13
   Compiling proc-macro2 v1.0.106
   Compiling quote v1.0.44
   Compiling unicode-ident v1.0.24
   Compiling autocfg v1.5.0
   Compiling libc v0.2.182
   Compiling serde_core v1.0.228
   Compiling typenum v1.19.0
   Compiling cfg-if v1.0.4
   Compiling version_check v0.9.5
   Compiling serde v1.0.228
   Compiling crossbeam-utils v0.8.21
   Compiling syn v1.0.109
   Compiling radium v0.7.0
   Compiling tap v1.0.1
   Compiling funty v2.0.0
   Compiling wyz v0.5.1
   Compiling ident_case v1.0.1
   Compiling strsim v0.11.1
   Compiling generic-array v0.14.7
   Compiling fnv v1.0.7
   Compiling num-traits v0.2.19
   Compiling num-bigint v0.3.3
   Compiling rayon-core v1.13.0
   Compiling byteorder v1.5.0
   Compiling either v1.15.0
   Compiling zerocopy v0.8.39
   Compiling subtle v2.6.1
   Compiling crossbeam-epoch v0.9.18
   Compiling crossbeam-deque v0.8.6
   Compiling libm v0.2.16
   Compiling utf8parse v0.2.2
   Compiling paste v1.0.15
   Compiling rustversion v1.0.22
   Compiling num-integer v0.1.46
   Compiling num-bigint v0.4.6
   Compiling getrandom v0.2.17
   Compiling rand_core v0.6.4
   Compiling cpufeatures v0.2.17
   Compiling rand v0.8.5
   Compiling anstyle-parse v0.2.7
   Compiling thiserror v2.0.18
   Compiling anstyle v1.0.13
   Compiling syn v2.0.117
   Compiling halo2curves v0.9.0
   Compiling spin v0.9.8
   Compiling is_terminal_polyfill v1.70.2
   Compiling anstyle-query v1.1.5
   Compiling colorchoice v1.0.4
   Compiling rayon v1.11.0
   Compiling virtue v0.0.18
   Compiling anstream v0.6.21
   Compiling lazy_static v1.5.0
   Compiling bincode_derive v2.0.1
   Compiling darling_core v0.21.3
   Compiling plonky2_maybe_rayon v1.0.0
   Compiling keccak v0.1.6
   Compiling heck v0.5.0
   Compiling bitvec v1.0.1
   Compiling memchr v2.8.0
   Compiling unty v0.0.4
   Compiling serde_derive v1.0.228
   Compiling thiserror-impl v2.0.18
   Compiling static_assertions v1.1.0
   Compiling clap_lex v1.0.0
   Compiling clap_builder v4.5.60
   Compiling darling_macro v0.21.3
   Compiling clap_derive v4.5.55
   Compiling darling v0.21.3
   Compiling addchain v0.2.0
   Compiling csv-core v0.1.13
   Compiling itertools v0.14.0
   Compiling block-buffer v0.10.4
   Compiling crypto-common v0.1.7
   Compiling digest v0.10.7
   Compiling itoa v1.0.17
   Compiling sha2 v0.10.9
   Compiling sha3 v0.10.8
   Compiling once_cell v1.21.3
   Compiling ryu v1.0.23
   Compiling csv v1.4.0
   Compiling clap v4.5.60
   Compiling ff_derive v0.13.1
   Compiling halo2derive v0.2.0
   Compiling generic-array v1.3.5
   Compiling ff v0.13.1
   Compiling ppv-lite86 v0.2.21
   Compiling rand_chacha v0.3.1
   Compiling serde_with_macros v3.17.0
   Compiling serde_with v3.17.0
   Compiling hex v0.4.3
   Compiling serde_arrays v0.2.0
   Compiling bincode v2.0.1
   Compiling bincode v1.3.3
   Compiling group v0.13.0
   Compiling pairing v0.23.0
   Compiling nova-snark v0.58.0
   Compiling nova-bench v0.1.0 (/Users/heewonchung/Documents/04-Dev/01-research/active/libsnark-uvc/nova-bench)
    Finished `release` profile [optimized] target(s) in 29.91s
  Nova binary: /Users/heewonchung/Documents/00-Research/active/Updatable Verifiable Computation/Dev/nova-bench/target/release/nova-bench


============================================================
  C++ Benchmarks: UVC + Groth16
  Configurations: 18
============================================================

------------------------------------------------------------
  Running: [1/18] mimc n=270 B=16
  Command: bench_comparative --circuit mimc --n 270 --B 16 --output-dir /Users/heewonchung/Documents/00-Research/active/Updatable Verifiable Computation/Dev/results/2026-03-09_195737_paper/csv --reps 10
------------------------------------------------------------
================================================================
Comparative Benchmark: UVC vs Groth16
================================================================
  Circuit: mimc, n=270, B=16, reps=10
  Output: /Users/heewonchung/Documents/00-Research/active/Updatable Verifiable Computation/Dev/results/2026-03-09_195737_paper/csv/

================================================================
UVC Benchmark: circuit=mimc, n=270, B=16
================================================================
  Circuit: 270 constraints, 272 vars, state=1, transition=1

  [Setup] Generating CRS for B=16...
* UVC Setup: B=16, n=272, state=1, transition=1
* Composed C_16: 4320 constraints, 4337 variables, 2 inputs
* QAP (C_B) variables: 4337, degree: 4352, inputs: 2
* UVC max compositions (B): 16
* G1 elements in PK: 17363
* G2 elements in PK: 4339
* PK size in bits: 4527452
* H_query_full size: 4351
* Step 2: 271 new wires (0 io, 271 wt)
* Step 3: 271 new wires (0 io, 271 wt)
* Step 4: 271 new wires (0 io, 271 wt)
* Step 5: 271 new wires (0 io, 271 wt)
* Step 6: 271 new wires (0 io, 271 wt)
* Step 7: 271 new wires (0 io, 271 wt)
* Step 8: 271 new wires (0 io, 271 wt)
* Step 9: 271 new wires (0 io, 271 wt)
* Step 10: 271 new wires (0 io, 271 wt)
* Step 11: 271 new wires (0 io, 271 wt)
* Step 12: 271 new wires (0 io, 271 wt)
* Step 13: 271 new wires (0 io, 271 wt)
* Step 14: 271 new wires (0 io, 271 wt)
* Step 15: 271 new wires (0 io, 271 wt)
* Step 16: 271 new wires (0 io, 271 wt)
* UVC VK: 16 max steps
* G2 elements in VK: 2
* GT elements in VK: 1
* gamma_ABC size: 2
  Setup: 555.7 ms, CRS: 21156 G1 + 8405 G2
  Building proof chain (steps 1..16)...
* UVC Prove step 1
* Elements of w skipped: 0 (0.00%)
* Elements of w processed with special addition: 1 (0.37%)
* Elements of w remaining: 272 (99.63%)
* Elements of w skipped: 0 (0.00%)
* Elements of w processed with special addition: 0 (0.00%)
* Elements of w remaining: 91 (100.00%)
* Elements of w skipped: 0 (0.00%)
* Elements of w processed with special addition: 0 (0.00%)
* Elements of w remaining: 270 (100.00%)
* UVC proof at step 1
* G1 elements in proof: 2
* G2 elements in proof: 1
* Proof size in bits: 1019
* Cached h poly size: 4351
* UVC Prove step 2
* Elements of w skipped: 0 (0.00%)
* Elements of w processed with special addition: 0 (0.00%)
* Elements of w remaining: 271 (100.00%)
* Elements of w skipped: 0 (0.00%)
* Elements of w processed with special addition: 0 (0.00%)
* Elements of w remaining: 91 (100.00%)
* Elements of w skipped: 0 (0.00%)
* Elements of w processed with special addition: 0 (0.00%)
* Elements of w remaining: 271 (100.00%)
* UVC proof at step 2
* G1 elements in proof: 2
* G2 elements in proof: 1
* Proof size in bits: 1019
* Cached h poly size: 4351
* UVC Prove step 3
* Elements of w skipped: 0 (0.00%)
* Elements of w processed with special addition: 0 (0.00%)
* Elements of w remaining: 271 (100.00%)
* Elements of w skipped: 0 (0.00%)
* Elements of w processed with special addition: 0 (0.00%)
* Elements of w remaining: 91 (100.00%)
* Elements of w skipped: 0 (0.00%)
* Elements of w processed with special addition: 0 (0.00%)
* Elements of w remaining: 271 (100.00%)
* UVC proof at step 3
* G1 elements in proof: 2
* G2 elements in proof: 1
* Proof size in bits: 1019
* Cached h poly size: 4351
* UVC Prove step 4
* Elements of w skipped: 0 (0.00%)
* Elements of w processed with special addition: 0 (0.00%)
* Elements of w remaining: 271 (100.00%)
* Elements of w skipped: 0 (0.00%)
* Elements of w processed with special addition: 0 (0.00%)
* Elements of w remaining: 91 (100.00%)
* Elements of w skipped: 0 (0.00%)
* Elements of w processed with special addition: 0 (0.00%)
* Elements of w remaining: 271 (100.00%)
* UVC proof at step 4
* G1 elements in proof: 2
* G2 elements in proof: 1
* Proof size in bits: 1019
* Cached h poly size: 4351
* UVC Prove step 5
* Elements of w skipped: 0 (0.00%)
* Elements of w processed with special addition: 0 (0.00%)
* Elements of w remaining: 271 (100.00%)
* Elements of w skipped: 0 (0.00%)
* Elements of w processed with special addition: 0 (0.00%)
* Elements of w remaining: 91 (100.00%)
* Elements of w skipped: 0 (0.00%)
* Elements of w processed with special addition: 0 (0.00%)
* Elements of w remaining: 271 (100.00%)
* UVC proof at step 5
* G1 elements in proof: 2
* G2 elements in proof: 1
* Proof size in bits: 1019
* Cached h poly size: 4351
* UVC Prove step 6
* Elements of w skipped: 0 (0.00%)
* Elements of w processed with special addition: 0 (0.00%)
* Elements of w remaining: 271 (100.00%)
* Elements of w skipped: 0 (0.00%)
* Elements of w processed with special addition: 0 (0.00%)
* Elements of w remaining: 91 (100.00%)
* Elements of w skipped: 0 (0.00%)
* Elements of w processed with special addition: 0 (0.00%)
* Elements of w remaining: 271 (100.00%)
* UVC proof at step 6
* G1 elements in proof: 2
* G2 elements in proof: 1
* Proof size in bits: 1019
* Cached h poly size: 4351
* UVC Prove step 7
* Elements of w skipped: 0 (0.00%)
* Elements of w processed with special addition: 0 (0.00%)
* Elements of w remaining: 271 (100.00%)
* Elements of w skipped: 0 (0.00%)
* Elements of w processed with special addition: 0 (0.00%)
* Elements of w remaining: 91 (100.00%)
* Elements of w skipped: 0 (0.00%)
* Elements of w processed with special addition: 0 (0.00%)
* Elements of w remaining: 271 (100.00%)
* UVC proof at step 7
* G1 elements in proof: 2
* G2 elements in proof: 1
* Proof size in bits: 1019
* Cached h poly size: 4351
* UVC Prove step 8
* Elements of w skipped: 0 (0.00%)
* Elements of w processed with special addition: 0 (0.00%)
* Elements of w remaining: 271 (100.00%)
* Elements of w skipped: 0 (0.00%)
* Elements of w processed with special addition: 0 (0.00%)
* Elements of w remaining: 91 (100.00%)
* Elements of w skipped: 0 (0.00%)
* Elements of w processed with special addition: 0 (0.00%)
* Elements of w remaining: 271 (100.00%)
* UVC proof at step 8
* G1 elements in proof: 2
* G2 elements in proof: 1
* Proof size in bits: 1019
* Cached h poly size: 4351
* UVC Prove step 9
* Elements of w skipped: 0 (0.00%)
* Elements of w processed with special addition: 0 (0.00%)
* Elements of w remaining: 271 (100.00%)
* Elements of w skipped: 0 (0.00%)
* Elements of w processed with special addition: 0 (0.00%)
* Elements of w remaining: 91 (100.00%)
* Elements of w skipped: 0 (0.00%)
* Elements of w processed with special addition: 0 (0.00%)
* Elements of w remaining: 271 (100.00%)
* UVC proof at step 9
* G1 elements in proof: 2
* G2 elements in proof: 1
* Proof size in bits: 1019
* Cached h poly size: 4351
* UVC Prove step 10
* Elements of w skipped: 0 (0.00%)
* Elements of w processed with special addition: 0 (0.00%)
* Elements of w remaining: 271 (100.00%)
* Elements of w skipped: 0 (0.00%)
* Elements of w processed with special addition: 0 (0.00%)
* Elements of w remaining: 91 (100.00%)
* Elements of w skipped: 0 (0.00%)
* Elements of w processed with special addition: 0 (0.00%)
* Elements of w remaining: 271 (100.00%)
* UVC proof at step 10
* G1 elements in proof: 2
* G2 elements in proof: 1
* Proof size in bits: 1019
* Cached h poly size: 4351
* UVC Prove step 11
* Elements of w skipped: 0 (0.00%)
* Elements of w processed with special addition: 0 (0.00%)
* Elements of w remaining: 271 (100.00%)
* Elements of w skipped: 0 (0.00%)
* Elements of w processed with special addition: 0 (0.00%)
* Elements of w remaining: 91 (100.00%)
* Elements of w skipped: 0 (0.00%)
* Elements of w processed with special addition: 0 (0.00%)
* Elements of w remaining: 271 (100.00%)
* UVC proof at step 11
* G1 elements in proof: 2
* G2 elements in proof: 1
* Proof size in bits: 1019
* Cached h poly size: 4351
* UVC Prove step 12
* Elements of w skipped: 0 (0.00%)
* Elements of w processed with special addition: 0 (0.00%)
* Elements of w remaining: 271 (100.00%)
* Elements of w skipped: 0 (0.00%)
* Elements of w processed with special addition: 0 (0.00%)
* Elements of w remaining: 91 (100.00%)
* Elements of w skipped: 0 (0.00%)
* Elements of w processed with special addition: 0 (0.00%)
* Elements of w remaining: 271 (100.00%)
* UVC proof at step 12
* G1 elements in proof: 2
* G2 elements in proof: 1
* Proof size in bits: 1019
* Cached h poly size: 4351
* UVC Prove step 13
* Elements of w skipped: 0 (0.00%)
* Elements of w processed with special addition: 0 (0.00%)
* Elements of w remaining: 271 (100.00%)
* Elements of w skipped: 0 (0.00%)
* Elements of w processed with special addition: 0 (0.00%)
* Elements of w remaining: 91 (100.00%)
* Elements of w skipped: 0 (0.00%)
* Elements of w processed with special addition: 0 (0.00%)
* Elements of w remaining: 271 (100.00%)
* UVC proof at step 13
* G1 elements in proof: 2
* G2 elements in proof: 1
* Proof size in bits: 1019
* Cached h poly size: 4351
* UVC Prove step 14
* Elements of w skipped: 0 (0.00%)
* Elements of w processed with special addition: 0 (0.00%)
* Elements of w remaining: 271 (100.00%)
* Elements of w skipped: 0 (0.00%)
* Elements of w processed with special addition: 0 (0.00%)
* Elements of w remaining: 91 (100.00%)
* Elements of w skipped: 0 (0.00%)
* Elements of w processed with special addition: 0 (0.00%)
* Elements of w remaining: 271 (100.00%)
* UVC proof at step 14
* G1 elements in proof: 2
* G2 elements in proof: 1
* Proof size in bits: 1019
* Cached h poly size: 4351
* UVC Prove step 15
* Elements of w skipped: 0 (0.00%)
* Elements of w processed with special addition: 0 (0.00%)
* Elements of w remaining: 271 (100.00%)
* Elements of w skipped: 0 (0.00%)
* Elements of w processed with special addition: 0 (0.00%)
* Elements of w remaining: 91 (100.00%)
* Elements of w skipped: 0 (0.00%)
* Elements of w processed with special addition: 0 (0.00%)
* Elements of w remaining: 271 (100.00%)
* UVC proof at step 15
* G1 elements in proof: 2
* G2 elements in proof: 1
* Proof size in bits: 1019
* Cached h poly size: 4351
* UVC Prove step 16
* Elements of w skipped: 0 (0.00%)
* Elements of w processed with special addition: 0 (0.00%)
* Elements of w remaining: 271 (100.00%)
* Elements of w skipped: 0 (0.00%)
* Elements of w processed with special addition: 0 (0.00%)
* Elements of w remaining: 91 (100.00%)
* Elements of w skipped: 0 (0.00%)
* Elements of w processed with special addition: 0 (0.00%)
* Elements of w remaining: 271 (100.00%)
* UVC proof at step 16
* G1 elements in proof: 2
* G2 elements in proof: 1
* Proof size in bits: 1019
* Cached h poly size: 4351

  Step    Prove (ms)    Verify (ms)   Proof bits    Verified  
  ------  ------------  ------------  ------------  ----------
* UVC Prove step 1
* Elements of w skipped: 0 (0.00%)
* Elements of w processed with special addition: 1 (0.37%)
* Elements of w remaining: 272 (99.63%)
* Elements of w skipped: 0 (0.00%)
* Elements of w processed with special addition: 0 (0.00%)
* Elements of w remaining: 91 (100.00%)
* Elements of w skipped: 0 (0.00%)
* Elements of w processed with special addition: 0 (0.00%)
* Elements of w remaining: 270 (100.00%)
* UVC proof at step 1
* G1 elements in proof: 2
* G2 elements in proof: 1
* Proof size in bits: 1019
* Cached h poly size: 4351
* UVC Prove step 1
* Elements of w skipped: 0 (0.00%)
* Elements of w processed with special addition: 1 (0.37%)
* Elements of w remaining: 272 (99.63%)
* Elements of w skipped: 0 (0.00%)
* Elements of w processed with special addition: 0 (0.00%)
* Elements of w remaining: 91 (100.00%)
* Elements of w skipped: 0 (0.00%)
* Elements of w processed with special addition: 0 (0.00%)
* Elements of w remaining: 270 (100.00%)
* UVC proof at step 1
* G1 elements in proof: 2
* G2 elements in proof: 1
* Proof size in bits: 1019
* Cached h poly size: 4351
* UVC Prove step 1
* Elements of w skipped: 0 (0.00%)
* Elements of w processed with special addition: 1 (0.37%)
* Elements of w remaining: 272 (99.63%)
* Elements of w skipped: 0 (0.00%)
* Elements of w processed with special addition: 0 (0.00%)
* Elements of w remaining: 91 (100.00%)
* Elements of w skipped: 0 (0.00%)
* Elements of w processed with special addition: 0 (0.00%)
* Elements of w remaining: 270 (100.00%)
* UVC proof at step 1
* G1 elements in proof: 2
* G2 elements in proof: 1
* Proof size in bits: 1019
* Cached h poly size: 4351
* UVC Prove step 1
* Elements of w skipped: 0 (0.00%)
* Elements of w processed with special addition: 1 (0.37%)
* Elements of w remaining: 272 (99.63%)
* Elements of w skipped: 0 (0.00%)
* Elements of w processed with special addition: 0 (0.00%)
* Elements of w remaining: 91 (100.00%)
* Elements of w skipped: 0 (0.00%)
* Elements of w processed with special addition: 0 (0.00%)
* Elements of w remaining: 270 (100.00%)
* UVC proof at step 1
* G1 elements in proof: 2
* G2 elements in proof: 1
* Proof size in bits: 1019
* Cached h poly size: 4351
* UVC Prove step 1
* Elements of w skipped: 0 (0.00%)
* Elements of w processed with special addition: 1 (0.37%)
* Elements of w remaining: 272 (99.63%)
* Elements of w skipped: 0 (0.00%)
* Elements of w processed with special addition: 0 (0.00%)
* Elements of w remaining: 91 (100.00%)
* Elements of w skipped: 0 (0.00%)
* Elements of w processed with special addition: 0 (0.00%)
* Elements of w remaining: 270 (100.00%)
* UVC proof at step 1
* G1 elements in proof: 2
* G2 elements in proof: 1
* Proof size in bits: 1019
* Cached h poly size: 4351
* UVC Prove step 1
* Elements of w skipped: 0 (0.00%)
* Elements of w processed with special addition: 1 (0.37%)
* Elements of w remaining: 272 (99.63%)
* Elements of w skipped: 0 (0.00%)
* Elements of w processed with special addition: 0 (0.00%)
* Elements of w remaining: 91 (100.00%)
* Elements of w skipped: 0 (0.00%)
* Elements of w processed with special addition: 0 (0.00%)
* Elements of w remaining: 270 (100.00%)
* UVC proof at step 1
* G1 elements in proof: 2
* G2 elements in proof: 1
* Proof size in bits: 1019
* Cached h poly size: 4351
* UVC Prove step 1
* Elements of w skipped: 0 (0.00%)
* Elements of w processed with special addition: 1 (0.37%)
* Elements of w remaining: 272 (99.63%)
* Elements of w skipped: 0 (0.00%)
* Elements of w processed with special addition: 0 (0.00%)
* Elements of w remaining: 91 (100.00%)
* Elements of w skipped: 0 (0.00%)
* Elements of w processed with special addition: 0 (0.00%)
* Elements of w remaining: 270 (100.00%)
* UVC proof at step 1
* G1 elements in proof: 2
* G2 elements in proof: 1
* Proof size in bits: 1019
* Cached h poly size: 4351
* UVC Prove step 1
* Elements of w skipped: 0 (0.00%)
* Elements of w processed with special addition: 1 (0.37%)
* Elements of w remaining: 272 (99.63%)
* Elements of w skipped: 0 (0.00%)
* Elements of w processed with special addition: 0 (0.00%)
* Elements of w remaining: 91 (100.00%)
* Elements of w skipped: 0 (0.00%)
* Elements of w processed with special addition: 0 (0.00%)
* Elements of w remaining: 270 (100.00%)
* UVC proof at step 1
* G1 elements in proof: 2
* G2 elements in proof: 1
* Proof size in bits: 1019
* Cached h poly size: 4351
* UVC Prove step 1
* Elements of w skipped: 0 (0.00%)
* Elements of w processed with special addition: 1 (0.37%)
* Elements of w remaining: 272 (99.63%)
* Elements of w skipped: 0 (0.00%)
* Elements of w processed with special addition: 0 (0.00%)
* Elements of w remaining: 91 (100.00%)
* Elements of w skipped: 0 (0.00%)
* Elements of w processed with special addition: 0 (0.00%)
* Elements of w remaining: 270 (100.00%)
* UVC proof at step 1
* G1 elements in proof: 2
* G2 elements in proof: 1
* Proof size in bits: 1019
* Cached h poly size: 4351
* UVC Prove step 1
* Elements of w skipped: 0 (0.00%)
* Elements of w processed with special addition: 1 (0.37%)
* Elements of w remaining: 272 (99.63%)
* Elements of w skipped: 0 (0.00%)
* Elements of w processed with special addition: 0 (0.00%)
* Elements of w remaining: 91 (100.00%)
* Elements of w skipped: 0 (0.00%)
* Elements of w processed with special addition: 0 (0.00%)
* Elements of w remaining: 270 (100.00%)
* UVC proof at step 1
* G1 elements in proof: 2
* G2 elements in proof: 1
* Proof size in bits: 1019
* Cached h poly size: 4351
* UVC Verify step 1: PASS
* UVC Verify step 1: PASS
* UVC Verify step 1: PASS
* UVC Verify step 1: PASS
* UVC Verify step 1: PASS
* UVC Verify step 1: PASS
* UVC Verify step 1: PASS
* UVC Verify step 1: PASS
* UVC Verify step 1: PASS
* UVC Verify step 1: PASS
  1       128.05        2.72          1019          PASS      
* UVC Prove step 2
* Elements of w skipped: 0 (0.00%)
* Elements of w processed with special addition: 0 (0.00%)
* Elements of w remaining: 271 (100.00%)
* Elements of w skipped: 0 (0.00%)
* Elements of w processed with special addition: 0 (0.00%)
* Elements of w remaining: 91 (100.00%)
* Elements of w skipped: 0 (0.00%)
* Elements of w processed with special addition: 0 (0.00%)
* Elements of w remaining: 271 (100.00%)
* UVC proof at step 2
* G1 elements in proof: 2
* G2 elements in proof: 1
* Proof size in bits: 1019
* Cached h poly size: 4351
* UVC Prove step 2
* Elements of w skipped: 0 (0.00%)
* Elements of w processed with special addition: 0 (0.00%)
* Elements of w remaining: 271 (100.00%)
* Elements of w skipped: 0 (0.00%)
* Elements of w processed with special addition: 0 (0.00%)
* Elements of w remaining: 91 (100.00%)
* Elements of w skipped: 0 (0.00%)
* Elements of w processed with special addition: 0 (0.00%)
* Elements of w remaining: 271 (100.00%)
* UVC proof at step 2
* G1 elements in proof: 2
* G2 elements in proof: 1
* Proof size in bits: 1019
* Cached h poly size: 4351
* UVC Prove step 2
* Elements of w skipped: 0 (0.00%)
* Elements of w processed with special addition: 0 (0.00%)
* Elements of w remaining: 271 (100.00%)
* Elements of w skipped: 0 (0.00%)
* Elements of w processed with special addition: 0 (0.00%)
* Elements of w remaining: 91 (100.00%)
* Elements of w skipped: 0 (0.00%)
* Elements of w processed with special addition: 0 (0.00%)
* Elements of w remaining: 271 (100.00%)
* UVC proof at step 2
* G1 elements in proof: 2
* G2 elements in proof: 1
* Proof size in bits: 1019
* Cached h poly size: 4351
* UVC Prove step 2
* Elements of w skipped: 0 (0.00%)
* Elements of w processed with special addition: 0 (0.00%)
* Elements of w remaining: 271 (100.00%)
* Elements of w skipped: 0 (0.00%)
* Elements of w processed with special addition: 0 (0.00%)
* Elements of w remaining: 91 (100.00%)
* Elements of w skipped: 0 (0.00%)
* Elements of w processed with special addition: 0 (0.00%)
* Elements of w remaining: 271 (100.00%)
* UVC proof at step 2
* G1 elements in proof: 2
* G2 elements in proof: 1
* Proof size in bits: 1019
* Cached h poly size: 4351
* UVC Prove step 2
* Elements of w skipped: 0 (0.00%)
* Elements of w processed with special addition: 0 (0.00%)
* Elements of w remaining: 271 (100.00%)
* Elements of w skipped: 0 (0.00%)
* Elements of w processed with special addition: 0 (0.00%)
* Elements of w remaining: 91 (100.00%)
* Elements of w skipped: 0 (0.00%)
* Elements of w processed with special addition: 0 (0.00%)
* Elements of w remaining: 271 (100.00%)
* UVC proof at step 2
* G1 elements in proof: 2
* G2 elements in proof: 1
* Proof size in bits: 1019
* Cached h poly size: 4351
* UVC Prove step 2
* Elements of w skipped: 0 (0.00%)
* Elements of w processed with special addition: 0 (0.00%)
* Elements of w remaining: 271 (100.00%)
* Elements of w skipped: 0 (0.00%)
* Elements of w processed with special addition: 0 (0.00%)
* Elements of w remaining: 91 (100.00%)
* Elements of w skipped: 0 (0.00%)
* Elements of w processed with special addition: 0 (0.00%)
* Elements of w remaining: 271 (100.00%)
* UVC proof at step 2
* G1 elements in proof: 2
* G2 elements in proof: 1
* Proof size in bits: 1019
* Cached h poly size: 4351
* UVC Prove step 2
* Elements of w skipped: 0 (0.00%)
* Elements of w processed with special addition: 0 (0.00%)
* Elements of w remaining: 271 (100.00%)
* Elements of w skipped: 0 (0.00%)
* Elements of w processed with special addition: 0 (0.00%)
* Elements of w remaining: 91 (100.00%)
* Elements of w skipped: 0 (0.00%)
* Elements of w processed with special addition: 0 (0.00%)
* Elements of w remaining: 271 (100.00%)
* UVC proof at step 2
* G1 elements in proof: 2
* G2 elements in proof: 1
* Proof size in bits: 1019
* Cached h poly size: 4351
* UVC Prove step 2
* Elements of w skipped: 0 (0.00%)
* Elements of w processed with special addition: 0 (0.00%)
* Elements of w remaining: 271 (100.00%)
* Elements of w skipped: 0 (0.00%)
* Elements of w processed with special addition: 0 (0.00%)
* Elements of w remaining: 91 (100.00%)
* Elements of w skipped: 0 (0.00%)
* Elements of w processed with special addition: 0 (0.00%)
* Elements of w remaining: 271 (100.00%)
* UVC proof at step 2
* G1 elements in proof: 2
* G2 elements in proof: 1
* Proof size in bits: 1019
* Cached h poly size: 4351
* UVC Prove step 2
* Elements of w skipped: 0 (0.00%)
* Elements of w processed with special addition: 0 (0.00%)
* Elements of w remaining: 271 (100.00%)
* Elements of w skipped: 0 (0.00%)
* Elements of w processed with special addition: 0 (0.00%)
* Elements of w remaining: 91 (100.00%)
* Elements of w skipped: 0 (0.00%)
* Elements of w processed with special addition: 0 (0.00%)
* Elements of w remaining: 271 (100.00%)
* UVC proof at step 2
* G1 elements in proof: 2
* G2 elements in proof: 1
* Proof size in bits: 1019
* Cached h poly size: 4351
* UVC Prove step 2
* Elements of w skipped: 0 (0.00%)
* Elements of w processed with special addition: 0 (0.00%)
* Elements of w remaining: 271 (100.00%)
* Elements of w skipped: 0 (0.00%)
* Elements of w processed with special addition: 0 (0.00%)
* Elements of w remaining: 91 (100.00%)
* Elements of w skipped: 0 (0.00%)
* Elements of w processed with special addition: 0 (0.00%)
* Elements of w remaining: 271 (100.00%)
* UVC proof at step 2
* G1 elements in proof: 2
* G2 elements in proof: 1
* Proof size in bits: 1019
* Cached h poly size: 4351
* UVC Verify step 2: PASS
* UVC Verify step 2: PASS
* UVC Verify step 2: PASS
* UVC Verify step 2: PASS
* UVC Verify step 2: PASS
* UVC Verify step 2: PASS
* UVC Verify step 2: PASS
* UVC Verify step 2: PASS
* UVC Verify step 2: PASS
* UVC Verify step 2: PASS
  2       128.67        2.73          1019          PASS      
* UVC Prove step 4
* Elements of w skipped: 0 (0.00%)
* Elements of w processed with special addition: 0 (0.00%)
* Elements of w remaining: 271 (100.00%)
* Elements of w skipped: 0 (0.00%)
* Elements of w processed with special addition: 0 (0.00%)
* Elements of w remaining: 91 (100.00%)
* Elements of w skipped: 0 (0.00%)
* Elements of w processed with special addition: 0 (0.00%)
* Elements of w remaining: 271 (100.00%)
* UVC proof at step 4
* G1 elements in proof: 2
* G2 elements in proof: 1
* Proof size in bits: 1019
* Cached h poly size: 4351
* UVC Prove step 4
* Elements of w skipped: 0 (0.00%)
* Elements of w processed with special addition: 0 (0.00%)
* Elements of w remaining: 271 (100.00%)
* Elements of w skipped: 0 (0.00%)
* Elements of w processed with special addition: 0 (0.00%)
* Elements of w remaining: 91 (100.00%)
* Elements of w skipped: 0 (0.00%)
* Elements of w processed with special addition: 0 (0.00%)
* Elements of w remaining: 271 (100.00%)
* UVC proof at step 4
* G1 elements in proof: 2
* G2 elements in proof: 1
* Proof size in bits: 1019
* Cached h poly size: 4351
* UVC Prove step 4
* Elements of w skipped: 0 (0.00%)
* Elements of w processed with special addition: 0 (0.00%)
* Elements of w remaining: 271 (100.00%)
* Elements of w skipped: 0 (0.00%)
* Elements of w processed with special addition: 0 (0.00%)
* Elements of w remaining: 91 (100.00%)
* Elements of w skipped: 0 (0.00%)
* Elements of w processed with special addition: 0 (0.00%)
* Elements of w remaining: 271 (100.00%)
* UVC proof at step 4
* G1 elements in proof: 2
* G2 elements in proof: 1
* Proof size in bits: 1019
* Cached h poly size: 4351
* UVC Prove step 4
* Elements of w skipped: 0 (0.00%)
* Elements of w processed with special addition: 0 (0.00%)
* Elements of w remaining: 271 (100.00%)
* Elements of w skipped: 0 (0.00%)
* Elements of w processed with special addition: 0 (0.00%)
* Elements of w remaining: 91 (100.00%)
* Elements of w skipped: 0 (0.00%)
* Elements of w processed with special addition: 0 (0.00%)
* Elements of w remaining: 271 (100.00%)
* UVC proof at step 4
* G1 elements in proof: 2
* G2 elements in proof: 1
* Proof size in bits: 1019
* Cached h poly size: 4351
* UVC Prove step 4
* Elements of w skipped: 0 (0.00%)
* Elements of w processed with special addition: 0 (0.00%)
* Elements of w remaining: 271 (100.00%)
* Elements of w skipped: 0 (0.00%)
* Elements of w processed with special addition: 0 (0.00%)
* Elements of w remaining: 91 (100.00%)
* Elements of w skipped: 0 (0.00%)
* Elements of w processed with special addition: 0 (0.00%)
* Elements of w remaining: 271 (100.00%)
* UVC proof at step 4
* G1 elements in proof: 2
* G2 elements in proof: 1
* Proof size in bits: 1019
* Cached h poly size: 4351
* UVC Prove step 4
* Elements of w skipped: 0 (0.00%)
* Elements of w processed with special addition: 0 (0.00%)
* Elements of w remaining: 271 (100.00%)
* Elements of w skipped: 0 (0.00%)
* Elements of w processed with special addition: 0 (0.00%)
* Elements of w remaining: 91 (100.00%)
* Elements of w skipped: 0 (0.00%)
* Elements of w processed with special addition: 0 (0.00%)
* Elements of w remaining: 271 (100.00%)
* UVC proof at step 4
* G1 elements in proof: 2
* G2 elements in proof: 1
* Proof size in bits: 1019
* Cached h poly size: 4351
* UVC Prove step 4
* Elements of w skipped: 0 (0.00%)
* Elements of w processed with special addition: 0 (0.00%)
* Elements of w remaining: 271 (100.00%)
* Elements of w skipped: 0 (0.00%)
* Elements of w processed with special addition: 0 (0.00%)
* Elements of w remaining: 91 (100.00%)
* Elements of w skipped: 0 (0.00%)
* Elements of w processed with special addition: 0 (0.00%)
* Elements of w remaining: 271 (100.00%)
* UVC proof at step 4
* G1 elements in proof: 2
* G2 elements in proof: 1
* Proof size in bits: 1019
* Cached h poly size: 4351
* UVC Prove step 4
* Elements of w skipped: 0 (0.00%)
* Elements of w processed with special addition: 0 (0.00%)
* Elements of w remaining: 271 (100.00%)
* Elements of w skipped: 0 (0.00%)
* Elements of w processed with special addition: 0 (0.00%)
* Elements of w remaining: 91 (100.00%)
* Elements of w skipped: 0 (0.00%)
* Elements of w processed with special addition: 0 (0.00%)
* Elements of w remaining: 271 (100.00%)
* UVC proof at step 4
* G1 elements in proof: 2
* G2 elements in proof: 1
* Proof size in bits: 1019
* Cached h poly size: 4351
* UVC Prove step 4
* Elements of w skipped: 0 (0.00%)
* Elements of w processed with special addition: 0 (0.00%)
* Elements of w remaining: 271 (100.00%)
* Elements of w skipped: 0 (0.00%)
* Elements of w processed with special addition: 0 (0.00%)
* Elements of w remaining: 91 (100.00%)
* Elements of w skipped: 0 (0.00%)
* Elements of w processed with special addition: 0 (0.00%)
* Elements of w remaining: 271 (100.00%)
* UVC proof at step 4
* G1 elements in proof: 2
* G2 elements in proof: 1
* Proof size in bits: 1019
* Cached h poly size: 4351
* UVC Prove step 4
* Elements of w skipped: 0 (0.00%)
* Elements of w processed with special addition: 0 (0.00%)
* Elements of w remaining: 271 (100.00%)
* Elements of w skipped: 0 (0.00%)
* Elements of w processed with special addition: 0 (0.00%)
* Elements of w remaining: 91 (100.00%)
* Elements of w skipped: 0 (0.00%)
* Elements of w processed with special addition: 0 (0.00%)
* Elements of w remaining: 271 (100.00%)
* UVC proof at step 4
* G1 elements in proof: 2
* G2 elements in proof: 1
* Proof size in bits: 1019
* Cached h poly size: 4351
* UVC Verify step 4: PASS
* UVC Verify step 4: PASS
* UVC Verify step 4: PASS
* UVC Verify step 4: PASS
* UVC Verify step 4: PASS
* UVC Verify step 4: PASS
* UVC Verify step 4: PASS
* UVC Verify step 4: PASS
* UVC Verify step 4: PASS
* UVC Verify step 4: PASS
  4       128.14        2.66          1019          PASS      
* UVC Prove step 8
* Elements of w skipped: 0 (0.00%)
* Elements of w processed with special addition: 0 (0.00%)
* Elements of w remaining: 271 (100.00%)
* Elements of w skipped: 0 (0.00%)
* Elements of w processed with special addition: 0 (0.00%)
* Elements of w remaining: 91 (100.00%)
* Elements of w skipped: 0 (0.00%)
* Elements of w processed with special addition: 0 (0.00%)
* Elements of w remaining: 271 (100.00%)
* UVC proof at step 8
* G1 elements in proof: 2
* G2 elements in proof: 1
* Proof size in bits: 1019
* Cached h poly size: 4351
* UVC Prove step 8
* Elements of w skipped: 0 (0.00%)
* Elements of w processed with special addition: 0 (0.00%)
* Elements of w remaining: 271 (100.00%)
* Elements of w skipped: 0 (0.00%)
* Elements of w processed with special addition: 0 (0.00%)
* Elements of w remaining: 91 (100.00%)
* Elements of w skipped: 0 (0.00%)
* Elements of w processed with special addition: 0 (0.00%)
* Elements of w remaining: 271 (100.00%)
* UVC proof at step 8
* G1 elements in proof: 2
* G2 elements in proof: 1
* Proof size in bits: 1019
* Cached h poly size: 4351
* UVC Prove step 8
* Elements of w skipped: 0 (0.00%)
* Elements of w processed with special addition: 0 (0.00%)
* Elements of w remaining: 271 (100.00%)
* Elements of w skipped: 0 (0.00%)
* Elements of w processed with special addition: 0 (0.00%)
* Elements of w remaining: 91 (100.00%)
* Elements of w skipped: 0 (0.00%)
* Elements of w processed with special addition: 0 (0.00%)
* Elements of w remaining: 271 (100.00%)
* UVC proof at step 8
* G1 elements in proof: 2
* G2 elements in proof: 1
* Proof size in bits: 1019
* Cached h poly size: 4351
* UVC Prove step 8
* Elements of w skipped: 0 (0.00%)
* Elements of w processed with special addition: 0 (0.00%)
* Elements of w remaining: 271 (100.00%)
* Elements of w skipped: 0 (0.00%)
* Elements of w processed with special addition: 0 (0.00%)
* Elements of w remaining: 91 (100.00%)
* Elements of w skipped: 0 (0.00%)
* Elements of w processed with special addition: 0 (0.00%)
* Elements of w remaining: 271 (100.00%)
* UVC proof at step 8
* G1 elements in proof: 2
* G2 elements in proof: 1
* Proof size in bits: 1019
* Cached h poly size: 4351
* UVC Prove step 8
* Elements of w skipped: 0 (0.00%)
* Elements of w processed with special addition: 0 (0.00%)
* Elements of w remaining: 271 (100.00%)
* Elements of w skipped: 0 (0.00%)
* Elements of w processed with special addition: 0 (0.00%)
* Elements of w remaining: 91 (100.00%)
* Elements of w skipped: 0 (0.00%)
* Elements of w processed with special addition: 0 (0.00%)
* Elements of w remaining: 271 (100.00%)
* UVC proof at step 8
* G1 elements in proof: 2
* G2 elements in proof: 1
* Proof size in bits: 1019
* Cached h poly size: 4351
* UVC Prove step 8
* Elements of w skipped: 0 (0.00%)
* Elements of w processed with special addition: 0 (0.00%)
* Elements of w remaining: 271 (100.00%)
* Elements of w skipped: 0 (0.00%)
* Elements of w processed with special addition: 0 (0.00%)
* Elements of w remaining: 91 (100.00%)
* Elements of w skipped: 0 (0.00%)
* Elements of w processed with special addition: 0 (0.00%)
* Elements of w remaining: 271 (100.00%)
* UVC proof at step 8
* G1 elements in proof: 2
* G2 elements in proof: 1
* Proof size in bits: 1019
* Cached h poly size: 4351
* UVC Prove step 8
* Elements of w skipped: 0 (0.00%)
* Elements of w processed with special addition: 0 (0.00%)
* Elements of w remaining: 271 (100.00%)
* Elements of w skipped: 0 (0.00%)
* Elements of w processed with special addition: 0 (0.00%)
* Elements of w remaining: 91 (100.00%)
* Elements of w skipped: 0 (0.00%)
* Elements of w processed with special addition: 0 (0.00%)
* Elements of w remaining: 271 (100.00%)
* UVC proof at step 8
* G1 elements in proof: 2
* G2 elements in proof: 1
* Proof size in bits: 1019
* Cached h poly size: 4351
* UVC Prove step 8
* Elements of w skipped: 0 (0.00%)
* Elements of w processed with special addition: 0 (0.00%)
* Elements of w remaining: 271 (100.00%)
* Elements of w skipped: 0 (0.00%)
* Elements of w processed with special addition: 0 (0.00%)
* Elements of w remaining: 91 (100.00%)
* Elements of w skipped: 0 (0.00%)
* Elements of w processed with special addition: 0 (0.00%)
* Elements of w remaining: 271 (100.00%)
* UVC proof at step 8
* G1 elements in proof: 2
* G2 elements in proof: 1
* Proof size in bits: 1019
* Cached h poly size: 4351
* UVC Prove step 8
* Elements of w skipped: 0 (0.00%)
* Elements of w processed with special addition: 0 (0.00%)
* Elements of w remaining: 271 (100.00%)
* Elements of w skipped: 0 (0.00%)
* Elements of w processed with special addition: 0 (0.00%)
* Elements of w remaining: 91 (100.00%)
* Elements of w skipped: 0 (0.00%)
* Elements of w processed with special addition: 0 (0.00%)
* Elements of w remaining: 271 (100.00%)
* UVC proof at step 8
* G1 elements in proof: 2
* G2 elements in proof: 1
* Proof size in bits: 1019
* Cached h poly size: 4351
* UVC Prove step 8
* Elements of w skipped: 0 (0.00%)
* Elements of w processed with special addition: 0 (0.00%)
* Elements of w remaining: 271 (100.00%)
* Elements of w skipped: 0 (0.00%)
* Elements of w processed with special addition: 0 (0.00%)
* Elements of w remaining: 91 (100.00%)
* Elements of w skipped: 0 (0.00%)
* Elements of w processed with special addition: 0 (0.00%)
* Elements of w remaining: 271 (100.00%)
* UVC proof at step 8
* G1 elements in proof: 2
* G2 elements in proof: 1
* Proof size in bits: 1019
* Cached h poly size: 4351
* UVC Verify step 8: PASS
* UVC Verify step 8: PASS
* UVC Verify step 8: PASS
* UVC Verify step 8: PASS
* UVC Verify step 8: PASS
* UVC Verify step 8: PASS
* UVC Verify step 8: PASS
* UVC Verify step 8: PASS
* UVC Verify step 8: PASS
* UVC Verify step 8: PASS
  8       128.43        2.64          1019          PASS      
* UVC Prove step 16
* Elements of w skipped: 0 (0.00%)
* Elements of w processed with special addition: 0 (0.00%)
* Elements of w remaining: 271 (100.00%)
* Elements of w skipped: 0 (0.00%)
* Elements of w processed with special addition: 0 (0.00%)
* Elements of w remaining: 91 (100.00%)
* Elements of w skipped: 0 (0.00%)
* Elements of w processed with special addition: 0 (0.00%)
* Elements of w remaining: 271 (100.00%)
* UVC proof at step 16
* G1 elements in proof: 2
* G2 elements in proof: 1
* Proof size in bits: 1019
* Cached h poly size: 4351
* UVC Prove step 16
* Elements of w skipped: 0 (0.00%)
* Elements of w processed with special addition: 0 (0.00%)
* Elements of w remaining: 271 (100.00%)
* Elements of w skipped: 0 (0.00%)
* Elements of w processed with special addition: 0 (0.00%)
* Elements of w remaining: 91 (100.00%)
* Elements of w skipped: 0 (0.00%)
* Elements of w processed with special addition: 0 (0.00%)
* Elements of w remaining: 271 (100.00%)
* UVC proof at step 16
* G1 elements in proof: 2
* G2 elements in proof: 1
* Proof size in bits: 1019
* Cached h poly size: 4351
* UVC Prove step 16
* Elements of w skipped: 0 (0.00%)
* Elements of w processed with special addition: 0 (0.00%)
* Elements of w remaining: 271 (100.00%)
* Elements of w skipped: 0 (0.00%)
* Elements of w processed with special addition: 0 (0.00%)
* Elements of w remaining: 91 (100.00%)
* Elements of w skipped: 0 (0.00%)
* Elements of w processed with special addition: 0 (0.00%)
* Elements of w remaining: 271 (100.00%)
* UVC proof at step 16
* G1 elements in proof: 2
* G2 elements in proof: 1
* Proof size in bits: 1019
* Cached h poly size: 4351
* UVC Prove step 16
* Elements of w skipped: 0 (0.00%)
* Elements of w processed with special addition: 0 (0.00%)
* Elements of w remaining: 271 (100.00%)
* Elements of w skipped: 0 (0.00%)
* Elements of w processed with special addition: 0 (0.00%)
* Elements of w remaining: 91 (100.00%)
* Elements of w skipped: 0 (0.00%)
* Elements of w processed with special addition: 0 (0.00%)
* Elements of w remaining: 271 (100.00%)
* UVC proof at step 16
* G1 elements in proof: 2
* G2 elements in proof: 1
* Proof size in bits: 1019
* Cached h poly size: 4351
* UVC Prove step 16
* Elements of w skipped: 0 (0.00%)
* Elements of w processed with special addition: 0 (0.00%)
* Elements of w remaining: 271 (100.00%)
* Elements of w skipped: 0 (0.00%)
* Elements of w processed with special addition: 0 (0.00%)
* Elements of w remaining: 91 (100.00%)
* Elements of w skipped: 0 (0.00%)
* Elements of w processed with special addition: 0 (0.00%)
* Elements of w remaining: 271 (100.00%)
* UVC proof at step 16
* G1 elements in proof: 2
* G2 elements in proof: 1
* Proof size in bits: 1019
* Cached h poly size: 4351
* UVC Prove step 16
* Elements of w skipped: 0 (0.00%)
* Elements of w processed with special addition: 0 (0.00%)
* Elements of w remaining: 271 (100.00%)
* Elements of w skipped: 0 (0.00%)
* Elements of w processed with special addition: 0 (0.00%)
* Elements of w remaining: 91 (100.00%)
* Elements of w skipped: 0 (0.00%)
* Elements of w processed with special addition: 0 (0.00%)
* Elements of w remaining: 271 (100.00%)
* UVC proof at step 16
* G1 elements in proof: 2
* G2 elements in proof: 1
* Proof size in bits: 1019
* Cached h poly size: 4351
* UVC Prove step 16
* Elements of w skipped: 0 (0.00%)
* Elements of w processed with special addition: 0 (0.00%)
* Elements of w remaining: 271 (100.00%)
* Elements of w skipped: 0 (0.00%)
* Elements of w processed with special addition: 0 (0.00%)
* Elements of w remaining: 91 (100.00%)
* Elements of w skipped: 0 (0.00%)
* Elements of w processed with special addition: 0 (0.00%)
* Elements of w remaining: 271 (100.00%)
* UVC proof at step 16
* G1 elements in proof: 2
* G2 elements in proof: 1
* Proof size in bits: 1019
* Cached h poly size: 4351
* UVC Prove step 16
* Elements of w skipped: 0 (0.00%)
* Elements of w processed with special addition: 0 (0.00%)
* Elements of w remaining: 271 (100.00%)
* Elements of w skipped: 0 (0.00%)
* Elements of w processed with special addition: 0 (0.00%)
* Elements of w remaining: 91 (100.00%)
* Elements of w skipped: 0 (0.00%)
* Elements of w processed with special addition: 0 (0.00%)
* Elements of w remaining: 271 (100.00%)
* UVC proof at step 16
* G1 elements in proof: 2
* G2 elements in proof: 1
* Proof size in bits: 1019
* Cached h poly size: 4351
* UVC Prove step 16
* Elements of w skipped: 0 (0.00%)
* Elements of w processed with special addition: 0 (0.00%)
* Elements of w remaining: 271 (100.00%)
* Elements of w skipped: 0 (0.00%)
* Elements of w processed with special addition: 0 (0.00%)
* Elements of w remaining: 91 (100.00%)
* Elements of w skipped: 0 (0.00%)
* Elements of w processed with special addition: 0 (0.00%)
* Elements of w remaining: 271 (100.00%)
* UVC proof at step 16
* G1 elements in proof: 2
* G2 elements in proof: 1
* Proof size in bits: 1019
* Cached h poly size: 4351
* UVC Prove step 16
* Elements of w skipped: 0 (0.00%)
* Elements of w processed with special addition: 0 (0.00%)
* Elements of w remaining: 271 (100.00%)
* Elements of w skipped: 0 (0.00%)
* Elements of w processed with special addition: 0 (0.00%)
* Elements of w remaining: 91 (100.00%)
* Elements of w skipped: 0 (0.00%)
* Elements of w processed with special addition: 0 (0.00%)
* Elements of w remaining: 271 (100.00%)
* UVC proof at step 16
* G1 elements in proof: 2
* G2 elements in proof: 1
* Proof size in bits: 1019
* Cached h poly size: 4351
* UVC Verify step 16: PASS
* UVC Verify step 16: PASS
* UVC Verify step 16: PASS
* UVC Verify step 16: PASS
* UVC Verify step 16: PASS
* UVC Verify step 16: PASS
* UVC Verify step 16: PASS
* UVC Verify step 16: PASS
* UVC Verify step 16: PASS
* UVC Verify step 16: PASS
  16      128.81        2.71          1019          PASS      

  UVC results written to /Users/heewonchung/Documents/00-Research/active/Updatable Verifiable Computation/Dev/results/2026-03-09_195737_paper/csv/uvc_results.csv

================================================================
Groth16 Benchmark: circuit=mimc, n=270, B=16
================================================================

  Step    C_j constr  Setup (ms)    Prove (ms)    Verify (ms)   Verified  
  ------  ----------  ------------  ------------  ------------  ----------
* Composed C_1: 270 constraints, 272 variables, 2 inputs
Swap is not beneficial, not performing
* QAP number of variables: 272
* QAP pre degree: 270
* QAP degree: 288
* QAP number of input variables: 2
* G1 window: 7
* G2 window: 5
* G1 elements in PK: 1104
* Non-zero G1 elements in PK: 922
* G2 elements in PK: 274
* Non-zero G2 elements in PK: 92
* PK size in bits: 287762
* G1 elements in VK: 2
* G2 elements in VK: 2
* GT elements in VK: 1
* VK size in bits: 1911
* Elements of w skipped: 0 (0.00%)
* Elements of w processed with special addition: 1 (0.37%)
* Elements of w remaining: 272 (99.63%)
* Elements of w skipped: 0 (0.00%)
* Elements of w processed with special addition: 0 (0.00%)
* Elements of w remaining: 91 (100.00%)
* Elements of w skipped: 0 (0.00%)
* Elements of w processed with special addition: 0 (0.00%)
* Elements of w remaining: 270 (100.00%)
* G1 elements in proof: 2
* G2 elements in proof: 1
* Proof size in bits: 1019
* Elements of w skipped: 0 (0.00%)
* Elements of w processed with special addition: 1 (0.37%)
* Elements of w remaining: 272 (99.63%)
* Elements of w skipped: 0 (0.00%)
* Elements of w processed with special addition: 0 (0.00%)
* Elements of w remaining: 91 (100.00%)
* Elements of w skipped: 0 (0.00%)
* Elements of w processed with special addition: 0 (0.00%)
* Elements of w remaining: 270 (100.00%)
* G1 elements in proof: 2
* G2 elements in proof: 1
* Proof size in bits: 1019
* Elements of w skipped: 0 (0.00%)
* Elements of w processed with special addition: 1 (0.37%)
* Elements of w remaining: 272 (99.63%)
* Elements of w skipped: 0 (0.00%)
* Elements of w processed with special addition: 0 (0.00%)
* Elements of w remaining: 91 (100.00%)
* Elements of w skipped: 0 (0.00%)
* Elements of w processed with special addition: 0 (0.00%)
* Elements of w remaining: 270 (100.00%)
* G1 elements in proof: 2
* G2 elements in proof: 1
* Proof size in bits: 1019
* Elements of w skipped: 0 (0.00%)
* Elements of w processed with special addition: 1 (0.37%)
* Elements of w remaining: 272 (99.63%)
* Elements of w skipped: 0 (0.00%)
* Elements of w processed with special addition: 0 (0.00%)
* Elements of w remaining: 91 (100.00%)
* Elements of w skipped: 0 (0.00%)
* Elements of w processed with special addition: 0 (0.00%)
* Elements of w remaining: 270 (100.00%)
* G1 elements in proof: 2
* G2 elements in proof: 1
* Proof size in bits: 1019
* Elements of w skipped: 0 (0.00%)
* Elements of w processed with special addition: 1 (0.37%)
* Elements of w remaining: 272 (99.63%)
* Elements of w skipped: 0 (0.00%)
* Elements of w processed with special addition: 0 (0.00%)
* Elements of w remaining: 91 (100.00%)
* Elements of w skipped: 0 (0.00%)
* Elements of w processed with special addition: 0 (0.00%)
* Elements of w remaining: 270 (100.00%)
* G1 elements in proof: 2
* G2 elements in proof: 1
* Proof size in bits: 1019
* Elements of w skipped: 0 (0.00%)
* Elements of w processed with special addition: 1 (0.37%)
* Elements of w remaining: 272 (99.63%)
* Elements of w skipped: 0 (0.00%)
* Elements of w processed with special addition: 0 (0.00%)
* Elements of w remaining: 91 (100.00%)
* Elements of w skipped: 0 (0.00%)
* Elements of w processed with special addition: 0 (0.00%)
* Elements of w remaining: 270 (100.00%)
* G1 elements in proof: 2
* G2 elements in proof: 1
* Proof size in bits: 1019
* Elements of w skipped: 0 (0.00%)
* Elements of w processed with special addition: 1 (0.37%)
* Elements of w remaining: 272 (99.63%)
* Elements of w skipped: 0 (0.00%)
* Elements of w processed with special addition: 0 (0.00%)
* Elements of w remaining: 91 (100.00%)
* Elements of w skipped: 0 (0.00%)
* Elements of w processed with special addition: 0 (0.00%)
* Elements of w remaining: 270 (100.00%)
* G1 elements in proof: 2
* G2 elements in proof: 1
* Proof size in bits: 1019
* Elements of w skipped: 0 (0.00%)
* Elements of w processed with special addition: 1 (0.37%)
* Elements of w remaining: 272 (99.63%)
* Elements of w skipped: 0 (0.00%)
* Elements of w processed with special addition: 0 (0.00%)
* Elements of w remaining: 91 (100.00%)
* Elements of w skipped: 0 (0.00%)
* Elements of w processed with special addition: 0 (0.00%)
* Elements of w remaining: 270 (100.00%)
* G1 elements in proof: 2
* G2 elements in proof: 1
* Proof size in bits: 1019
* Elements of w skipped: 0 (0.00%)
* Elements of w processed with special addition: 1 (0.37%)
* Elements of w remaining: 272 (99.63%)
* Elements of w skipped: 0 (0.00%)
* Elements of w processed with special addition: 0 (0.00%)
* Elements of w remaining: 91 (100.00%)
* Elements of w skipped: 0 (0.00%)
* Elements of w processed with special addition: 0 (0.00%)
* Elements of w remaining: 270 (100.00%)
* G1 elements in proof: 2
* G2 elements in proof: 1
* Proof size in bits: 1019
* Elements of w skipped: 0 (0.00%)
* Elements of w processed with special addition: 1 (0.37%)
* Elements of w remaining: 272 (99.63%)
* Elements of w skipped: 0 (0.00%)
* Elements of w processed with special addition: 0 (0.00%)
* Elements of w remaining: 91 (100.00%)
* Elements of w skipped: 0 (0.00%)
* Elements of w processed with special addition: 0 (0.00%)
* Elements of w remaining: 270 (100.00%)
* G1 elements in proof: 2
* G2 elements in proof: 1
* Proof size in bits: 1019
  1       270         47.2          48.26         2.71          PASS      
* Composed C_2: 540 constraints, 543 variables, 2 inputs
Swap is not beneficial, not performing
* QAP number of variables: 543
* QAP pre degree: 540
* QAP degree: 544
* QAP number of input variables: 2
* G1 window: 8
* G2 window: 6
* G1 elements in PK: 2173
* Non-zero G1 elements in PK: 1811
* G2 elements in PK: 545
* Non-zero G2 elements in PK: 183
* PK size in bits: 566600
* G1 elements in VK: 2
* G2 elements in VK: 2
* GT elements in VK: 1
* VK size in bits: 1911
* Elements of w skipped: 0 (0.00%)
* Elements of w processed with special addition: 1 (0.18%)
* Elements of w remaining: 543 (99.82%)
* Elements of w skipped: 0 (0.00%)
* Elements of w processed with special addition: 0 (0.00%)
* Elements of w remaining: 182 (100.00%)
* Elements of w skipped: 0 (0.00%)
* Elements of w processed with special addition: 0 (0.00%)
* Elements of w remaining: 541 (100.00%)
* G1 elements in proof: 2
* G2 elements in proof: 1
* Proof size in bits: 1019
* Elements of w skipped: 0 (0.00%)
* Elements of w processed with special addition: 1 (0.18%)
* Elements of w remaining: 543 (99.82%)
* Elements of w skipped: 0 (0.00%)
* Elements of w processed with special addition: 0 (0.00%)
* Elements of w remaining: 182 (100.00%)
* Elements of w skipped: 0 (0.00%)
* Elements of w processed with special addition: 0 (0.00%)
* Elements of w remaining: 541 (100.00%)
* G1 elements in proof: 2
* G2 elements in proof: 1
* Proof size in bits: 1019
* Elements of w skipped: 0 (0.00%)
* Elements of w processed with special addition: 1 (0.18%)
* Elements of w remaining: 543 (99.82%)
* Elements of w skipped: 0 (0.00%)
* Elements of w processed with special addition: 0 (0.00%)
* Elements of w remaining: 182 (100.00%)
* Elements of w skipped: 0 (0.00%)
* Elements of w processed with special addition: 0 (0.00%)
* Elements of w remaining: 541 (100.00%)
* G1 elements in proof: 2
* G2 elements in proof: 1
* Proof size in bits: 1019
* Elements of w skipped: 0 (0.00%)
* Elements of w processed with special addition: 1 (0.18%)
* Elements of w remaining: 543 (99.82%)
* Elements of w skipped: 0 (0.00%)
* Elements of w processed with special addition: 0 (0.00%)
* Elements of w remaining: 182 (100.00%)
* Elements of w skipped: 0 (0.00%)
* Elements of w processed with special addition: 0 (0.00%)
* Elements of w remaining: 541 (100.00%)
* G1 elements in proof: 2
* G2 elements in proof: 1
* Proof size in bits: 1019
* Elements of w skipped: 0 (0.00%)
* Elements of w processed with special addition: 1 (0.18%)
* Elements of w remaining: 543 (99.82%)
* Elements of w skipped: 0 (0.00%)
* Elements of w processed with special addition: 0 (0.00%)
* Elements of w remaining: 182 (100.00%)
* Elements of w skipped: 0 (0.00%)
* Elements of w processed with special addition: 0 (0.00%)
* Elements of w remaining: 541 (100.00%)
* G1 elements in proof: 2
* G2 elements in proof: 1
* Proof size in bits: 1019
* Elements of w skipped: 0 (0.00%)
* Elements of w processed with special addition: 1 (0.18%)
* Elements of w remaining: 543 (99.82%)
* Elements of w skipped: 0 (0.00%)
* Elements of w processed with special addition: 0 (0.00%)
* Elements of w remaining: 182 (100.00%)
* Elements of w skipped: 0 (0.00%)
* Elements of w processed with special addition: 0 (0.00%)
* Elements of w remaining: 541 (100.00%)
* G1 elements in proof: 2
* G2 elements in proof: 1
* Proof size in bits: 1019
* Elements of w skipped: 0 (0.00%)
* Elements of w processed with special addition: 1 (0.18%)
* Elements of w remaining: 543 (99.82%)
* Elements of w skipped: 0 (0.00%)
* Elements of w processed with special addition: 0 (0.00%)
* Elements of w remaining: 182 (100.00%)
* Elements of w skipped: 0 (0.00%)
* Elements of w processed with special addition: 0 (0.00%)
* Elements of w remaining: 541 (100.00%)
* G1 elements in proof: 2
* G2 elements in proof: 1
* Proof size in bits: 1019
* Elements of w skipped: 0 (0.00%)
* Elements of w processed with special addition: 1 (0.18%)
* Elements of w remaining: 543 (99.82%)
* Elements of w skipped: 0 (0.00%)
* Elements of w processed with special addition: 0 (0.00%)
* Elements of w remaining: 182 (100.00%)
* Elements of w skipped: 0 (0.00%)
* Elements of w processed with special addition: 0 (0.00%)
* Elements of w remaining: 541 (100.00%)
* G1 elements in proof: 2
* G2 elements in proof: 1
* Proof size in bits: 1019
* Elements of w skipped: 0 (0.00%)
* Elements of w processed with special addition: 1 (0.18%)
* Elements of w remaining: 543 (99.82%)
* Elements of w skipped: 0 (0.00%)
* Elements of w processed with special addition: 0 (0.00%)
* Elements of w remaining: 182 (100.00%)
* Elements of w skipped: 0 (0.00%)
* Elements of w processed with special addition: 0 (0.00%)
* Elements of w remaining: 541 (100.00%)
* G1 elements in proof: 2
* G2 elements in proof: 1
* Proof size in bits: 1019
* Elements of w skipped: 0 (0.00%)
* Elements of w processed with special addition: 1 (0.18%)
* Elements of w remaining: 543 (99.82%)
* Elements of w skipped: 0 (0.00%)
* Elements of w processed with special addition: 0 (0.00%)
* Elements of w remaining: 182 (100.00%)
* Elements of w skipped: 0 (0.00%)
* Elements of w processed with special addition: 0 (0.00%)
* Elements of w remaining: 541 (100.00%)
* G1 elements in proof: 2
* G2 elements in proof: 1
* Proof size in bits: 1019
  2       540         77.3          84.73         2.74          PASS      
* Composed C_4: 1080 constraints, 1085 variables, 2 inputs
Swap is not beneficial, not performing
* QAP number of variables: 1085
* QAP pre degree: 1080
* QAP degree: 1088
* QAP number of input variables: 2
* G1 window: 9
* G2 window: 7
* G1 elements in PK: 4343
* Non-zero G1 elements in PK: 3621
* G2 elements in PK: 1087
* Non-zero G2 elements in PK: 365
* PK size in bits: 1132436
* G1 elements in VK: 2
* G2 elements in VK: 2
* GT elements in VK: 1
* VK size in bits: 1911
* Elements of w skipped: 0 (0.00%)
* Elements of w processed with special addition: 1 (0.09%)
* Elements of w remaining: 1085 (99.91%)
* Elements of w skipped: 0 (0.00%)
* Elements of w processed with special addition: 0 (0.00%)
* Elements of w remaining: 364 (100.00%)
* Elements of w skipped: 0 (0.00%)
* Elements of w processed with special addition: 0 (0.00%)
* Elements of w remaining: 1083 (100.00%)
* G1 elements in proof: 2
* G2 elements in proof: 1
* Proof size in bits: 1019
* Elements of w skipped: 0 (0.00%)
* Elements of w processed with special addition: 1 (0.09%)
* Elements of w remaining: 1085 (99.91%)
* Elements of w skipped: 0 (0.00%)
* Elements of w processed with special addition: 0 (0.00%)
* Elements of w remaining: 364 (100.00%)
* Elements of w skipped: 0 (0.00%)
* Elements of w processed with special addition: 0 (0.00%)
* Elements of w remaining: 1083 (100.00%)
* G1 elements in proof: 2
* G2 elements in proof: 1
* Proof size in bits: 1019
* Elements of w skipped: 0 (0.00%)
* Elements of w processed with special addition: 1 (0.09%)
* Elements of w remaining: 1085 (99.91%)
* Elements of w skipped: 0 (0.00%)
* Elements of w processed with special addition: 0 (0.00%)
* Elements of w remaining: 364 (100.00%)
* Elements of w skipped: 0 (0.00%)
* Elements of w processed with special addition: 0 (0.00%)
* Elements of w remaining: 1083 (100.00%)
* G1 elements in proof: 2
* G2 elements in proof: 1
* Proof size in bits: 1019
* Elements of w skipped: 0 (0.00%)
* Elements of w processed with special addition: 1 (0.09%)
* Elements of w remaining: 1085 (99.91%)
* Elements of w skipped: 0 (0.00%)
* Elements of w processed with special addition: 0 (0.00%)
* Elements of w remaining: 364 (100.00%)
* Elements of w skipped: 0 (0.00%)
* Elements of w processed with special addition: 0 (0.00%)
* Elements of w remaining: 1083 (100.00%)
* G1 elements in proof: 2
* G2 elements in proof: 1
* Proof size in bits: 1019
* Elements of w skipped: 0 (0.00%)
* Elements of w processed with special addition: 1 (0.09%)
* Elements of w remaining: 1085 (99.91%)
* Elements of w skipped: 0 (0.00%)
* Elements of w processed with special addition: 0 (0.00%)
* Elements of w remaining: 364 (100.00%)
* Elements of w skipped: 0 (0.00%)
* Elements of w processed with special addition: 0 (0.00%)
* Elements of w remaining: 1083 (100.00%)
* G1 elements in proof: 2
* G2 elements in proof: 1
* Proof size in bits: 1019
* Elements of w skipped: 0 (0.00%)
* Elements of w processed with special addition: 1 (0.09%)
* Elements of w remaining: 1085 (99.91%)
* Elements of w skipped: 0 (0.00%)
* Elements of w processed with special addition: 0 (0.00%)
* Elements of w remaining: 364 (100.00%)
* Elements of w skipped: 0 (0.00%)
* Elements of w processed with special addition: 0 (0.00%)
* Elements of w remaining: 1083 (100.00%)
* G1 elements in proof: 2
* G2 elements in proof: 1
* Proof size in bits: 1019
* Elements of w skipped: 0 (0.00%)
* Elements of w processed with special addition: 1 (0.09%)
* Elements of w remaining: 1085 (99.91%)
* Elements of w skipped: 0 (0.00%)
* Elements of w processed with special addition: 0 (0.00%)
* Elements of w remaining: 364 (100.00%)
* Elements of w skipped: 0 (0.00%)
* Elements of w processed with special addition: 0 (0.00%)
* Elements of w remaining: 1083 (100.00%)
* G1 elements in proof: 2
* G2 elements in proof: 1
* Proof size in bits: 1019
* Elements of w skipped: 0 (0.00%)
* Elements of w processed with special addition: 1 (0.09%)
* Elements of w remaining: 1085 (99.91%)
* Elements of w skipped: 0 (0.00%)
* Elements of w processed with special addition: 0 (0.00%)
* Elements of w remaining: 364 (100.00%)
* Elements of w skipped: 0 (0.00%)
* Elements of w processed with special addition: 0 (0.00%)
* Elements of w remaining: 1083 (100.00%)
* G1 elements in proof: 2
* G2 elements in proof: 1
* Proof size in bits: 1019
* Elements of w skipped: 0 (0.00%)
* Elements of w processed with special addition: 1 (0.09%)
* Elements of w remaining: 1085 (99.91%)
* Elements of w skipped: 0 (0.00%)
* Elements of w processed with special addition: 0 (0.00%)
* Elements of w remaining: 364 (100.00%)
* Elements of w skipped: 0 (0.00%)
* Elements of w processed with special addition: 0 (0.00%)
* Elements of w remaining: 1083 (100.00%)
* G1 elements in proof: 2
* G2 elements in proof: 1
* Proof size in bits: 1019
* Elements of w skipped: 0 (0.00%)
* Elements of w processed with special addition: 1 (0.09%)
* Elements of w remaining: 1085 (99.91%)
* Elements of w skipped: 0 (0.00%)
* Elements of w processed with special addition: 0 (0.00%)
* Elements of w remaining: 364 (100.00%)
* Elements of w skipped: 0 (0.00%)
* Elements of w processed with special addition: 0 (0.00%)
* Elements of w remaining: 1083 (100.00%)
* G1 elements in proof: 2
* G2 elements in proof: 1
* Proof size in bits: 1019
  4       1080        129.6         137.77        2.73          PASS      
* Composed C_8: 2160 constraints, 2169 variables, 2 inputs
Swap is not beneficial, not performing
* QAP number of variables: 2169
* QAP pre degree: 2160
* QAP degree: 2176
* QAP number of input variables: 2
* G1 window: 9
* G2 window: 7
* G1 elements in PK: 8683
* Non-zero G1 elements in PK: 7241
* G2 elements in PK: 2171
* Non-zero G2 elements in PK: 729
* PK size in bits: 2264108
* G1 elements in VK: 2
* G2 elements in VK: 2
* GT elements in VK: 1
* VK size in bits: 1911
* Elements of w skipped: 0 (0.00%)
* Elements of w processed with special addition: 1 (0.05%)
* Elements of w remaining: 2169 (99.95%)
* Elements of w skipped: 0 (0.00%)
* Elements of w processed with special addition: 0 (0.00%)
* Elements of w remaining: 728 (100.00%)
* Elements of w skipped: 0 (0.00%)
* Elements of w processed with special addition: 0 (0.00%)
* Elements of w remaining: 2167 (100.00%)
* G1 elements in proof: 2
* G2 elements in proof: 1
* Proof size in bits: 1019
* Elements of w skipped: 0 (0.00%)
* Elements of w processed with special addition: 1 (0.05%)
* Elements of w remaining: 2169 (99.95%)
* Elements of w skipped: 0 (0.00%)
* Elements of w processed with special addition: 0 (0.00%)
* Elements of w remaining: 728 (100.00%)
* Elements of w skipped: 0 (0.00%)
* Elements of w processed with special addition: 0 (0.00%)
* Elements of w remaining: 2167 (100.00%)
* G1 elements in proof: 2
* G2 elements in proof: 1
* Proof size in bits: 1019
* Elements of w skipped: 0 (0.00%)
* Elements of w processed with special addition: 1 (0.05%)
* Elements of w remaining: 2169 (99.95%)
* Elements of w skipped: 0 (0.00%)
* Elements of w processed with special addition: 0 (0.00%)
* Elements of w remaining: 728 (100.00%)
* Elements of w skipped: 0 (0.00%)
* Elements of w processed with special addition: 0 (0.00%)
* Elements of w remaining: 2167 (100.00%)
* G1 elements in proof: 2
* G2 elements in proof: 1
* Proof size in bits: 1019
* Elements of w skipped: 0 (0.00%)
* Elements of w processed with special addition: 1 (0.05%)
* Elements of w remaining: 2169 (99.95%)
* Elements of w skipped: 0 (0.00%)
* Elements of w processed with special addition: 0 (0.00%)
* Elements of w remaining: 728 (100.00%)
* Elements of w skipped: 0 (0.00%)
* Elements of w processed with special addition: 0 (0.00%)
* Elements of w remaining: 2167 (100.00%)
* G1 elements in proof: 2
* G2 elements in proof: 1
* Proof size in bits: 1019
* Elements of w skipped: 0 (0.00%)
* Elements of w processed with special addition: 1 (0.05%)
* Elements of w remaining: 2169 (99.95%)
* Elements of w skipped: 0 (0.00%)
* Elements of w processed with special addition: 0 (0.00%)
* Elements of w remaining: 728 (100.00%)
* Elements of w skipped: 0 (0.00%)
* Elements of w processed with special addition: 0 (0.00%)
* Elements of w remaining: 2167 (100.00%)
* G1 elements in proof: 2
* G2 elements in proof: 1
* Proof size in bits: 1019
* Elements of w skipped: 0 (0.00%)
* Elements of w processed with special addition: 1 (0.05%)
* Elements of w remaining: 2169 (99.95%)
* Elements of w skipped: 0 (0.00%)
* Elements of w processed with special addition: 0 (0.00%)
* Elements of w remaining: 728 (100.00%)
* Elements of w skipped: 0 (0.00%)
* Elements of w processed with special addition: 0 (0.00%)
* Elements of w remaining: 2167 (100.00%)
* G1 elements in proof: 2
* G2 elements in proof: 1
* Proof size in bits: 1019
* Elements of w skipped: 0 (0.00%)
* Elements of w processed with special addition: 1 (0.05%)
* Elements of w remaining: 2169 (99.95%)
* Elements of w skipped: 0 (0.00%)
* Elements of w processed with special addition: 0 (0.00%)
* Elements of w remaining: 728 (100.00%)
* Elements of w skipped: 0 (0.00%)
* Elements of w processed with special addition: 0 (0.00%)
* Elements of w remaining: 2167 (100.00%)
* G1 elements in proof: 2
* G2 elements in proof: 1
* Proof size in bits: 1019
* Elements of w skipped: 0 (0.00%)
* Elements of w processed with special addition: 1 (0.05%)
* Elements of w remaining: 2169 (99.95%)
* Elements of w skipped: 0 (0.00%)
* Elements of w processed with special addition: 0 (0.00%)
* Elements of w remaining: 728 (100.00%)
* Elements of w skipped: 0 (0.00%)
* Elements of w processed with special addition: 0 (0.00%)
* Elements of w remaining: 2167 (100.00%)
* G1 elements in proof: 2
* G2 elements in proof: 1
* Proof size in bits: 1019
* Elements of w skipped: 0 (0.00%)
* Elements of w processed with special addition: 1 (0.05%)
* Elements of w remaining: 2169 (99.95%)
* Elements of w skipped: 0 (0.00%)
* Elements of w processed with special addition: 0 (0.00%)
* Elements of w remaining: 728 (100.00%)
* Elements of w skipped: 0 (0.00%)
* Elements of w processed with special addition: 0 (0.00%)
* Elements of w remaining: 2167 (100.00%)
* G1 elements in proof: 2
* G2 elements in proof: 1
* Proof size in bits: 1019
* Elements of w skipped: 0 (0.00%)
* Elements of w processed with special addition: 1 (0.05%)
* Elements of w remaining: 2169 (99.95%)
* Elements of w skipped: 0 (0.00%)
* Elements of w processed with special addition: 0 (0.00%)
* Elements of w remaining: 728 (100.00%)
* Elements of w skipped: 0 (0.00%)
* Elements of w processed with special addition: 0 (0.00%)
* Elements of w remaining: 2167 (100.00%)
* G1 elements in proof: 2
* G2 elements in proof: 1
* Proof size in bits: 1019
  8       2160        237.4         227.79        2.70          PASS      
* Composed C_16: 4320 constraints, 4337 variables, 2 inputs
Swap is not beneficial, not performing
* QAP number of variables: 4337
* QAP pre degree: 4320
* QAP degree: 4352
* QAP number of input variables: 2
* G1 window: 11
* G2 window: 8
* G1 elements in PK: 17363
* Non-zero G1 elements in PK: 14481
* G2 elements in PK: 4339
* Non-zero G2 elements in PK: 1457
* PK size in bits: 4527452
* G1 elements in VK: 2
* G2 elements in VK: 2
* GT elements in VK: 1
* VK size in bits: 1911
* Elements of w skipped: 0 (0.00%)
* Elements of w processed with special addition: 1 (0.02%)
* Elements of w remaining: 4337 (99.98%)
* Elements of w skipped: 0 (0.00%)
* Elements of w processed with special addition: 0 (0.00%)
* Elements of w remaining: 1456 (100.00%)
* Elements of w skipped: 0 (0.00%)
* Elements of w processed with special addition: 0 (0.00%)
* Elements of w remaining: 4335 (100.00%)
* G1 elements in proof: 2
* G2 elements in proof: 1
* Proof size in bits: 1019
* Elements of w skipped: 0 (0.00%)
* Elements of w processed with special addition: 1 (0.02%)
* Elements of w remaining: 4337 (99.98%)
* Elements of w skipped: 0 (0.00%)
* Elements of w processed with special addition: 0 (0.00%)
* Elements of w remaining: 1456 (100.00%)
* Elements of w skipped: 0 (0.00%)
* Elements of w processed with special addition: 0 (0.00%)
* Elements of w remaining: 4335 (100.00%)
* G1 elements in proof: 2
* G2 elements in proof: 1
* Proof size in bits: 1019
* Elements of w skipped: 0 (0.00%)
* Elements of w processed with special addition: 1 (0.02%)
* Elements of w remaining: 4337 (99.98%)
* Elements of w skipped: 0 (0.00%)
* Elements of w processed with special addition: 0 (0.00%)
* Elements of w remaining: 1456 (100.00%)
* Elements of w skipped: 0 (0.00%)
* Elements of w processed with special addition: 0 (0.00%)
* Elements of w remaining: 4335 (100.00%)
* G1 elements in proof: 2
* G2 elements in proof: 1
* Proof size in bits: 1019
* Elements of w skipped: 0 (0.00%)
* Elements of w processed with special addition: 1 (0.02%)
* Elements of w remaining: 4337 (99.98%)
* Elements of w skipped: 0 (0.00%)
* Elements of w processed with special addition: 0 (0.00%)
* Elements of w remaining: 1456 (100.00%)
* Elements of w skipped: 0 (0.00%)
* Elements of w processed with special addition: 0 (0.00%)
* Elements of w remaining: 4335 (100.00%)
* G1 elements in proof: 2
* G2 elements in proof: 1
* Proof size in bits: 1019
* Elements of w skipped: 0 (0.00%)
* Elements of w processed with special addition: 1 (0.02%)
* Elements of w remaining: 4337 (99.98%)
* Elements of w skipped: 0 (0.00%)
* Elements of w processed with special addition: 0 (0.00%)
* Elements of w remaining: 1456 (100.00%)
* Elements of w skipped: 0 (0.00%)
* Elements of w processed with special addition: 0 (0.00%)
* Elements of w remaining: 4335 (100.00%)
* G1 elements in proof: 2
* G2 elements in proof: 1
* Proof size in bits: 1019
* Elements of w skipped: 0 (0.00%)
* Elements of w processed with special addition: 1 (0.02%)
* Elements of w remaining: 4337 (99.98%)
* Elements of w skipped: 0 (0.00%)
* Elements of w processed with special addition: 0 (0.00%)
* Elements of w remaining: 1456 (100.00%)
* Elements of w skipped: 0 (0.00%)
* Elements of w processed with special addition: 0 (0.00%)
* Elements of w remaining: 4335 (100.00%)
* G1 elements in proof: 2
* G2 elements in proof: 1
* Proof size in bits: 1019
* Elements of w skipped: 0 (0.00%)
* Elements of w processed with special addition: 1 (0.02%)
* Elements of w remaining: 4337 (99.98%)
* Elements of w skipped: 0 (0.00%)
* Elements of w processed with special addition: 0 (0.00%)
* Elements of w remaining: 1456 (100.00%)
* Elements of w skipped: 0 (0.00%)
* Elements of w processed with special addition: 0 (0.00%)
* Elements of w remaining: 4335 (100.00%)
* G1 elements in proof: 2
* G2 elements in proof: 1
* Proof size in bits: 1019
* Elements of w skipped: 0 (0.00%)
* Elements of w processed with special addition: 1 (0.02%)
* Elements of w remaining: 4337 (99.98%)
* Elements of w skipped: 0 (0.00%)
* Elements of w processed with special addition: 0 (0.00%)
* Elements of w remaining: 1456 (100.00%)
* Elements of w skipped: 0 (0.00%)
* Elements of w processed with special addition: 0 (0.00%)
* Elements of w remaining: 4335 (100.00%)
* G1 elements in proof: 2
* G2 elements in proof: 1
* Proof size in bits: 1019
* Elements of w skipped: 0 (0.00%)
* Elements of w processed with special addition: 1 (0.02%)
* Elements of w remaining: 4337 (99.98%)
* Elements of w skipped: 0 (0.00%)
* Elements of w processed with special addition: 0 (0.00%)
* Elements of w remaining: 1456 (100.00%)
* Elements of w skipped: 0 (0.00%)
* Elements of w processed with special addition: 0 (0.00%)
* Elements of w remaining: 4335 (100.00%)
* G1 elements in proof: 2
* G2 elements in proof: 1
* Proof size in bits: 1019
* Elements of w skipped: 0 (0.00%)
* Elements of w processed with special addition: 1 (0.02%)
* Elements of w remaining: 4337 (99.98%)
* Elements of w skipped: 0 (0.00%)
* Elements of w processed with special addition: 0 (0.00%)
* Elements of w remaining: 1456 (100.00%)
* Elements of w skipped: 0 (0.00%)
* Elements of w processed with special addition: 0 (0.00%)
* Elements of w remaining: 4335 (100.00%)
* G1 elements in proof: 2
* G2 elements in proof: 1
* Proof size in bits: 1019
  16      4320        413.4         416.12        2.70          PASS      

  Groth16 results written to /Users/heewonchung/Documents/00-Research/active/Updatable Verifiable Computation/Dev/results/2026-03-09_195737_paper/csv/groth16_results.csv

================================================================
All benchmarks complete.
================================================================
  Done in 20s

------------------------------------------------------------
  Running: [2/18] mimc n=270 B=64
  Command: bench_comparative --circuit mimc --n 270 --B 64 --output-dir /Users/heewonchung/Documents/00-Research/active/Updatable Verifiable Computation/Dev/results/2026-03-09_195737_paper/csv --reps 10
------------------------------------------------------------
================================================================
Comparative Benchmark: UVC vs Groth16
================================================================
  Circuit: mimc, n=270, B=64, reps=10
  Output: /Users/heewonchung/Documents/00-Research/active/Updatable Verifiable Computation/Dev/results/2026-03-09_195737_paper/csv/

================================================================
UVC Benchmark: circuit=mimc, n=270, B=64
================================================================
  Circuit: 270 constraints, 272 vars, state=1, transition=1

  [Setup] Generating CRS for B=64...
* UVC Setup: B=64, n=272, state=1, transition=1
* Composed C_64: 17280 constraints, 17345 variables, 2 inputs
* QAP (C_B) variables: 17345, degree: 17408, inputs: 2
* UVC max compositions (B): 64
* G1 elements in PK: 69443
* G2 elements in PK: 17347
* PK size in bits: 18107516
* H_query_full size: 17407
* Step 2: 271 new wires (0 io, 271 wt)
* Step 3: 271 new wires (0 io, 271 wt)
* Step 4: 271 new wires (0 io, 271 wt)
* Step 5: 271 new wires (0 io, 271 wt)
* Step 6: 271 new wires (0 io, 271 wt)
* Step 7: 271 new wires (0 io, 271 wt)
* Step 8: 271 new wires (0 io, 271 wt)
* Step 9: 271 new wires (0 io, 271 wt)
* Step 10: 271 new wires (0 io, 271 wt)
* Step 11: 271 new wires (0 io, 271 wt)
* Step 12: 271 new wires (0 io, 271 wt)
* Step 13: 271 new wires (0 io, 271 wt)
* Step 14: 271 new wires (0 io, 271 wt)
* Step 15: 271 new wires (0 io, 271 wt)
* Step 16: 271 new wires (0 io, 271 wt)
* Step 17: 271 new wires (0 io, 271 wt)
* Step 18: 271 new wires (0 io, 271 wt)
* Step 19: 271 new wires (0 io, 271 wt)
* Step 20: 271 new wires (0 io, 271 wt)
* Step 21: 271 new wires (0 io, 271 wt)
* Step 22: 271 new wires (0 io, 271 wt)
* Step 23: 271 new wires (0 io, 271 wt)
* Step 24: 271 new wires (0 io, 271 wt)
* Step 25: 271 new wires (0 io, 271 wt)
* Step 26: 271 new wires (0 io, 271 wt)
* Step 27: 271 new wires (0 io, 271 wt)
* Step 28: 271 new wires (0 io, 271 wt)
* Step 29: 271 new wires (0 io, 271 wt)
* Step 30: 271 new wires (0 io, 271 wt)
* Step 31: 271 new wires (0 io, 271 wt)
* Step 32: 271 new wires (0 io, 271 wt)
* Step 33: 271 new wires (0 io, 271 wt)
* Step 34: 271 new wires (0 io, 271 wt)
* Step 35: 271 new wires (0 io, 271 wt)
* Step 36: 271 new wires (0 io, 271 wt)
* Step 37: 271 new wires (0 io, 271 wt)
* Step 38: 271 new wires (0 io, 271 wt)
* Step 39: 271 new wires (0 io, 271 wt)
* Step 40: 271 new wires (0 io, 271 wt)
* Step 41: 271 new wires (0 io, 271 wt)
* Step 42: 271 new wires (0 io, 271 wt)
* Step 43: 271 new wires (0 io, 271 wt)
* Step 44: 271 new wires (0 io, 271 wt)
* Step 45: 271 new wires (0 io, 271 wt)
* Step 46: 271 new wires (0 io, 271 wt)
* Step 47: 271 new wires (0 io, 271 wt)
* Step 48: 271 new wires (0 io, 271 wt)
* Step 49: 271 new wires (0 io, 271 wt)
* Step 50: 271 new wires (0 io, 271 wt)
* Step 51: 271 new wires (0 io, 271 wt)
* Step 52: 271 new wires (0 io, 271 wt)
* Step 53: 271 new wires (0 io, 271 wt)
* Step 54: 271 new wires (0 io, 271 wt)
* Step 55: 271 new wires (0 io, 271 wt)
* Step 56: 271 new wires (0 io, 271 wt)
* Step 57: 271 new wires (0 io, 271 wt)
* Step 58: 271 new wires (0 io, 271 wt)
* Step 59: 271 new wires (0 io, 271 wt)
* Step 60: 271 new wires (0 io, 271 wt)
* Step 61: 271 new wires (0 io, 271 wt)
* Step 62: 271 new wires (0 io, 271 wt)
* Step 63: 271 new wires (0 io, 271 wt)
* Step 64: 271 new wires (0 io, 271 wt)
* UVC VK: 64 max steps
* G2 elements in VK: 2
* GT elements in VK: 1
* gamma_ABC size: 2
  Setup: 1887.3 ms, CRS: 86244 G1 + 34421 G2
  Building proof chain (steps 1..64)...
* UVC Prove step 1
* Elements of w skipped: 0 (0.00%)
* Elements of w processed with special addition: 1 (0.37%)
* Elements of w remaining: 272 (99.63%)
* Elements of w skipped: 0 (0.00%)
* Elements of w processed with special addition: 0 (0.00%)
* Elements of w remaining: 91 (100.00%)
* Elements of w skipped: 0 (0.00%)
* Elements of w processed with special addition: 0 (0.00%)
* Elements of w remaining: 270 (100.00%)
* UVC proof at step 1
* G1 elements in proof: 2
* G2 elements in proof: 1
* Proof size in bits: 1019
* Cached h poly size: 17407
* UVC Prove step 2
* Elements of w skipped: 0 (0.00%)
* Elements of w processed with special addition: 0 (0.00%)
* Elements of w remaining: 271 (100.00%)
* Elements of w skipped: 0 (0.00%)
* Elements of w processed with special addition: 0 (0.00%)
* Elements of w remaining: 91 (100.00%)
* Elements of w skipped: 0 (0.00%)
* Elements of w processed with special addition: 0 (0.00%)
* Elements of w remaining: 271 (100.00%)
* UVC proof at step 2
* G1 elements in proof: 2
* G2 elements in proof: 1
* Proof size in bits: 1019
* Cached h poly size: 17407
* UVC Prove step 3
* Elements of w skipped: 0 (0.00%)
* Elements of w processed with special addition: 0 (0.00%)
* Elements of w remaining: 271 (100.00%)
* Elements of w skipped: 0 (0.00%)
* Elements of w processed with special addition: 0 (0.00%)
* Elements of w remaining: 91 (100.00%)
* Elements of w skipped: 0 (0.00%)
* Elements of w processed with special addition: 0 (0.00%)
* Elements of w remaining: 271 (100.00%)
* UVC proof at step 3
* G1 elements in proof: 2
* G2 elements in proof: 1
* Proof size in bits: 1019
* Cached h poly size: 17407
* UVC Prove step 4
* Elements of w skipped: 0 (0.00%)
* Elements of w processed with special addition: 0 (0.00%)
* Elements of w remaining: 271 (100.00%)
* Elements of w skipped: 0 (0.00%)
* Elements of w processed with special addition: 0 (0.00%)
* Elements of w remaining: 91 (100.00%)
* Elements of w skipped: 0 (0.00%)
* Elements of w processed with special addition: 0 (0.00%)
* Elements of w remaining: 271 (100.00%)
* UVC proof at step 4
* G1 elements in proof: 2
* G2 elements in proof: 1
* Proof size in bits: 1019
* Cached h poly size: 17407
* UVC Prove step 5
* Elements of w skipped: 0 (0.00%)
* Elements of w processed with special addition: 0 (0.00%)
* Elements of w remaining: 271 (100.00%)
* Elements of w skipped: 0 (0.00%)
* Elements of w processed with special addition: 0 (0.00%)
* Elements of w remaining: 91 (100.00%)
* Elements of w skipped: 0 (0.00%)
* Elements of w processed with special addition: 0 (0.00%)
* Elements of w remaining: 271 (100.00%)
* UVC proof at step 5
* G1 elements in proof: 2
* G2 elements in proof: 1
* Proof size in bits: 1019
* Cached h poly size: 17407
* UVC Prove step 6
* Elements of w skipped: 0 (0.00%)
* Elements of w processed with special addition: 0 (0.00%)
* Elements of w remaining: 271 (100.00%)
* Elements of w skipped: 0 (0.00%)
* Elements of w processed with special addition: 0 (0.00%)
* Elements of w remaining: 91 (100.00%)
* Elements of w skipped: 0 (0.00%)
* Elements of w processed with special addition: 0 (0.00%)
* Elements of w remaining: 271 (100.00%)
* UVC proof at step 6
* G1 elements in proof: 2
* G2 elements in proof: 1
* Proof size in bits: 1019
* Cached h poly size: 17407
* UVC Prove step 7
* Elements of w skipped: 0 (0.00%)
* Elements of w processed with special addition: 0 (0.00%)
* Elements of w remaining: 271 (100.00%)
* Elements of w skipped: 0 (0.00%)
* Elements of w processed with special addition: 0 (0.00%)
* Elements of w remaining: 91 (100.00%)
* Elements of w skipped: 0 (0.00%)
* Elements of w processed with special addition: 0 (0.00%)
* Elements of w remaining: 271 (100.00%)
* UVC proof at step 7
* G1 elements in proof: 2
* G2 elements in proof: 1
* Proof size in bits: 1019
* Cached h poly size: 17407
* UVC Prove step 8
* Elements of w skipped: 0 (0.00%)
* Elements of w processed with special addition: 0 (0.00%)
* Elements of w remaining: 271 (100.00%)
* Elements of w skipped: 0 (0.00%)
* Elements of w processed with special addition: 0 (0.00%)
* Elements of w remaining: 91 (100.00%)
* Elements of w skipped: 0 (0.00%)
* Elements of w processed with special addition: 0 (0.00%)
* Elements of w remaining: 271 (100.00%)
* UVC proof at step 8
* G1 elements in proof: 2
* G2 elements in proof: 1
* Proof size in bits: 1019
* Cached h poly size: 17407
* UVC Prove step 9
* Elements of w skipped: 0 (0.00%)
* Elements of w processed with special addition: 0 (0.00%)
* Elements of w remaining: 271 (100.00%)
* Elements of w skipped: 0 (0.00%)
* Elements of w processed with special addition: 0 (0.00%)
* Elements of w remaining: 91 (100.00%)
* Elements of w skipped: 0 (0.00%)
* Elements of w processed with special addition: 0 (0.00%)
* Elements of w remaining: 271 (100.00%)
* UVC proof at step 9
* G1 elements in proof: 2
* G2 elements in proof: 1
* Proof size in bits: 1019
* Cached h poly size: 17407
* UVC Prove step 10
* Elements of w skipped: 0 (0.00%)
* Elements of w processed with special addition: 0 (0.00%)
* Elements of w remaining: 271 (100.00%)
* Elements of w skipped: 0 (0.00%)
* Elements of w processed with special addition: 0 (0.00%)
* Elements of w remaining: 91 (100.00%)
* Elements of w skipped: 0 (0.00%)
* Elements of w processed with special addition: 0 (0.00%)
* Elements of w remaining: 271 (100.00%)
* UVC proof at step 10
* G1 elements in proof: 2
* G2 elements in proof: 1
* Proof size in bits: 1019
* Cached h poly size: 17407
* UVC Prove step 11
* Elements of w skipped: 0 (0.00%)
* Elements of w processed with special addition: 0 (0.00%)
* Elements of w remaining: 271 (100.00%)
* Elements of w skipped: 0 (0.00%)
* Elements of w processed with special addition: 0 (0.00%)
* Elements of w remaining: 91 (100.00%)
* Elements of w skipped: 0 (0.00%)
* Elements of w processed with special addition: 0 (0.00%)
* Elements of w remaining: 271 (100.00%)
* UVC proof at step 11
* G1 elements in proof: 2
* G2 elements in proof: 1
* Proof size in bits: 1019
* Cached h poly size: 17407
* UVC Prove step 12
* Elements of w skipped: 0 (0.00%)
* Elements of w processed with special addition: 0 (0.00%)
* Elements of w remaining: 271 (100.00%)
* Elements of w skipped: 0 (0.00%)
* Elements of w processed with special addition: 0 (0.00%)
* Elements of w remaining: 91 (100.00%)
* Elements of w skipped: 0 (0.00%)
* Elements of w processed with special addition: 0 (0.00%)
* Elements of w remaining: 271 (100.00%)
* UVC proof at step 12
* G1 elements in proof: 2
* G2 elements in proof: 1
* Proof size in bits: 1019
* Cached h poly size: 17407
* UVC Prove step 13
* Elements of w skipped: 0 (0.00%)
* Elements of w processed with special addition: 0 (0.00%)
* Elements of w remaining: 271 (100.00%)
* Elements of w skipped: 0 (0.00%)
* Elements of w processed with special addition: 0 (0.00%)
* Elements of w remaining: 91 (100.00%)
* Elements of w skipped: 0 (0.00%)
* Elements of w processed with special addition: 0 (0.00%)
* Elements of w remaining: 271 (100.00%)
* UVC proof at step 13
* G1 elements in proof: 2
* G2 elements in proof: 1
* Proof size in bits: 1019
* Cached h poly size: 17407
* UVC Prove step 14
* Elements of w skipped: 0 (0.00%)
* Elements of w processed with special addition: 0 (0.00%)
* Elements of w remaining: 271 (100.00%)
* Elements of w skipped: 0 (0.00%)
* Elements of w processed with special addition: 0 (0.00%)
* Elements of w remaining: 91 (100.00%)
* Elements of w skipped: 0 (0.00%)
* Elements of w processed with special addition: 0 (0.00%)
* Elements of w remaining: 271 (100.00%)
* UVC proof at step 14
* G1 elements in proof: 2
* G2 elements in proof: 1
* Proof size in bits: 1019
* Cached h poly size: 17407
* UVC Prove step 15
* Elements of w skipped: 0 (0.00%)
* Elements of w processed with special addition: 0 (0.00%)
* Elements of w remaining: 271 (100.00%)
* Elements of w skipped: 0 (0.00%)
* Elements of w processed with special addition: 0 (0.00%)
* Elements of w remaining: 91 (100.00%)
* Elements of w skipped: 0 (0.00%)
* Elements of w processed with special addition: 0 (0.00%)
* Elements of w remaining: 271 (100.00%)
* UVC proof at step 15
* G1 elements in proof: 2
* G2 elements in proof: 1
* Proof size in bits: 1019
* Cached h poly size: 17407
* UVC Prove step 16
* Elements of w skipped: 0 (0.00%)
* Elements of w processed with special addition: 0 (0.00%)
* Elements of w remaining: 271 (100.00%)
* Elements of w skipped: 0 (0.00%)
* Elements of w processed with special addition: 0 (0.00%)
* Elements of w remaining: 91 (100.00%)
* Elements of w skipped: 0 (0.00%)
* Elements of w processed with special addition: 0 (0.00%)
* Elements of w remaining: 271 (100.00%)
* UVC proof at step 16
* G1 elements in proof: 2
* G2 elements in proof: 1
* Proof size in bits: 1019
* Cached h poly size: 17407
* UVC Prove step 17
* Elements of w skipped: 0 (0.00%)
* Elements of w processed with special addition: 0 (0.00%)
* Elements of w remaining: 271 (100.00%)
* Elements of w skipped: 0 (0.00%)
* Elements of w processed with special addition: 0 (0.00%)
* Elements of w remaining: 91 (100.00%)
* Elements of w skipped: 0 (0.00%)
* Elements of w processed with special addition: 0 (0.00%)
* Elements of w remaining: 271 (100.00%)
* UVC proof at step 17
* G1 elements in proof: 2
* G2 elements in proof: 1
* Proof size in bits: 1019
* Cached h poly size: 17407
* UVC Prove step 18
* Elements of w skipped: 0 (0.00%)
* Elements of w processed with special addition: 0 (0.00%)
* Elements of w remaining: 271 (100.00%)
* Elements of w skipped: 0 (0.00%)
* Elements of w processed with special addition: 0 (0.00%)
* Elements of w remaining: 91 (100.00%)
* Elements of w skipped: 0 (0.00%)
* Elements of w processed with special addition: 0 (0.00%)
* Elements of w remaining: 271 (100.00%)
* UVC proof at step 18
* G1 elements in proof: 2
* G2 elements in proof: 1
* Proof size in bits: 1019
* Cached h poly size: 17407
* UVC Prove step 19
* Elements of w skipped: 0 (0.00%)
* Elements of w processed with special addition: 0 (0.00%)
* Elements of w remaining: 271 (100.00%)
* Elements of w skipped: 0 (0.00%)
* Elements of w processed with special addition: 0 (0.00%)
* Elements of w remaining: 91 (100.00%)
* Elements of w skipped: 0 (0.00%)
* Elements of w processed with special addition: 0 (0.00%)
* Elements of w remaining: 271 (100.00%)
* UVC proof at step 19
* G1 elements in proof: 2
* G2 elements in proof: 1
* Proof size in bits: 1019
* Cached h poly size: 17407
* UVC Prove step 20
* Elements of w skipped: 0 (0.00%)
* Elements of w processed with special addition: 0 (0.00%)
* Elements of w remaining: 271 (100.00%)
* Elements of w skipped: 0 (0.00%)
* Elements of w processed with special addition: 0 (0.00%)
* Elements of w remaining: 91 (100.00%)
* Elements of w skipped: 0 (0.00%)
* Elements of w processed with special addition: 0 (0.00%)
* Elements of w remaining: 271 (100.00%)
* UVC proof at step 20
* G1 elements in proof: 2
* G2 elements in proof: 1
* Proof size in bits: 1019
* Cached h poly size: 17407
* UVC Prove step 21
* Elements of w skipped: 0 (0.00%)
* Elements of w processed with special addition: 0 (0.00%)
* Elements of w remaining: 271 (100.00%)
* Elements of w skipped: 0 (0.00%)
* Elements of w processed with special addition: 0 (0.00%)
* Elements of w remaining: 91 (100.00%)
* Elements of w skipped: 0 (0.00%)
* Elements of w processed with special addition: 0 (0.00%)
* Elements of w remaining: 271 (100.00%)
* UVC proof at step 21
* G1 elements in proof: 2
* G2 elements in proof: 1
* Proof size in bits: 1019
* Cached h poly size: 17407
* UVC Prove step 22
* Elements of w skipped: 0 (0.00%)
* Elements of w processed with special addition: 0 (0.00%)
* Elements of w remaining: 271 (100.00%)
* Elements of w skipped: 0 (0.00%)
* Elements of w processed with special addition: 0 (0.00%)
* Elements of w remaining: 91 (100.00%)
* Elements of w skipped: 0 (0.00%)
* Elements of w processed with special addition: 0 (0.00%)
* Elements of w remaining: 271 (100.00%)
* UVC proof at step 22
* G1 elements in proof: 2
* G2 elements in proof: 1
* Proof size in bits: 1019
* Cached h poly size: 17407
* UVC Prove step 23
* Elements of w skipped: 0 (0.00%)
* Elements of w processed with special addition: 0 (0.00%)
* Elements of w remaining: 271 (100.00%)
* Elements of w skipped: 0 (0.00%)
* Elements of w processed with special addition: 0 (0.00%)
* Elements of w remaining: 91 (100.00%)
* Elements of w skipped: 0 (0.00%)
* Elements of w processed with special addition: 0 (0.00%)
* Elements of w remaining: 271 (100.00%)
* UVC proof at step 23
* G1 elements in proof: 2
* G2 elements in proof: 1
* Proof size in bits: 1019
* Cached h poly size: 17407
* UVC Prove step 24
* Elements of w skipped: 0 (0.00%)
* Elements of w processed with special addition: 0 (0.00%)
* Elements of w remaining: 271 (100.00%)
* Elements of w skipped: 0 (0.00%)
* Elements of w processed with special addition: 0 (0.00%)
* Elements of w remaining: 91 (100.00%)
* Elements of w skipped: 0 (0.00%)
* Elements of w processed with special addition: 0 (0.00%)
* Elements of w remaining: 271 (100.00%)
* UVC proof at step 24
* G1 elements in proof: 2
* G2 elements in proof: 1
* Proof size in bits: 1019
* Cached h poly size: 17407
* UVC Prove step 25
* Elements of w skipped: 0 (0.00%)
* Elements of w processed with special addition: 0 (0.00%)
* Elements of w remaining: 271 (100.00%)
* Elements of w skipped: 0 (0.00%)
* Elements of w processed with special addition: 0 (0.00%)
* Elements of w remaining: 91 (100.00%)
* Elements of w skipped: 0 (0.00%)
* Elements of w processed with special addition: 0 (0.00%)
* Elements of w remaining: 271 (100.00%)
* UVC proof at step 25
* G1 elements in proof: 2
* G2 elements in proof: 1
* Proof size in bits: 1019
* Cached h poly size: 17407
* UVC Prove step 26
* Elements of w skipped: 0 (0.00%)
* Elements of w processed with special addition: 0 (0.00%)
* Elements of w remaining: 271 (100.00%)
* Elements of w skipped: 0 (0.00%)
* Elements of w processed with special addition: 0 (0.00%)
* Elements of w remaining: 91 (100.00%)
* Elements of w skipped: 0 (0.00%)
* Elements of w processed with special addition: 0 (0.00%)
* Elements of w remaining: 271 (100.00%)
* UVC proof at step 26
* G1 elements in proof: 2
* G2 elements in proof: 1
* Proof size in bits: 1019
* Cached h poly size: 17407
* UVC Prove step 27
* Elements of w skipped: 0 (0.00%)
* Elements of w processed with special addition: 0 (0.00%)
* Elements of w remaining: 271 (100.00%)
* Elements of w skipped: 0 (0.00%)
* Elements of w processed with special addition: 0 (0.00%)
* Elements of w remaining: 91 (100.00%)
* Elements of w skipped: 0 (0.00%)
* Elements of w processed with special addition: 0 (0.00%)
* Elements of w remaining: 271 (100.00%)
* UVC proof at step 27
* G1 elements in proof: 2
* G2 elements in proof: 1
* Proof size in bits: 1019
* Cached h poly size: 17407
* UVC Prove step 28
* Elements of w skipped: 0 (0.00%)
* Elements of w processed with special addition: 0 (0.00%)
* Elements of w remaining: 271 (100.00%)
* Elements of w skipped: 0 (0.00%)
* Elements of w processed with special addition: 0 (0.00%)
* Elements of w remaining: 91 (100.00%)
* Elements of w skipped: 0 (0.00%)
* Elements of w processed with special addition: 0 (0.00%)
* Elements of w remaining: 271 (100.00%)
* UVC proof at step 28
* G1 elements in proof: 2
* G2 elements in proof: 1
* Proof size in bits: 1019
* Cached h poly size: 17407
* UVC Prove step 29
* Elements of w skipped: 0 (0.00%)
* Elements of w processed with special addition: 0 (0.00%)
* Elements of w remaining: 271 (100.00%)
* Elements of w skipped: 0 (0.00%)
* Elements of w processed with special addition: 0 (0.00%)
* Elements of w remaining: 91 (100.00%)
* Elements of w skipped: 0 (0.00%)
* Elements of w processed with special addition: 0 (0.00%)
* Elements of w remaining: 271 (100.00%)
* UVC proof at step 29
* G1 elements in proof: 2
* G2 elements in proof: 1
* Proof size in bits: 1019
* Cached h poly size: 17407
* UVC Prove step 30
* Elements of w skipped: 0 (0.00%)
* Elements of w processed with special addition: 0 (0.00%)
* Elements of w remaining: 271 (100.00%)
* Elements of w skipped: 0 (0.00%)
* Elements of w processed with special addition: 0 (0.00%)
* Elements of w remaining: 91 (100.00%)
* Elements of w skipped: 0 (0.00%)
* Elements of w processed with special addition: 0 (0.00%)
* Elements of w remaining: 271 (100.00%)
* UVC proof at step 30
* G1 elements in proof: 2
* G2 elements in proof: 1
* Proof size in bits: 1019
* Cached h poly size: 17407
* UVC Prove step 31
* Elements of w skipped: 0 (0.00%)
* Elements of w processed with special addition: 0 (0.00%)
* Elements of w remaining: 271 (100.00%)
* Elements of w skipped: 0 (0.00%)
* Elements of w processed with special addition: 0 (0.00%)
* Elements of w remaining: 91 (100.00%)
* Elements of w skipped: 0 (0.00%)
* Elements of w processed with special addition: 0 (0.00%)
* Elements of w remaining: 271 (100.00%)
* UVC proof at step 31
* G1 elements in proof: 2
* G2 elements in proof: 1
* Proof size in bits: 1019
* Cached h poly size: 17407
* UVC Prove step 32
* Elements of w skipped: 0 (0.00%)
* Elements of w processed with special addition: 0 (0.00%)
* Elements of w remaining: 271 (100.00%)
* Elements of w skipped: 0 (0.00%)
* Elements of w processed with special addition: 0 (0.00%)
* Elements of w remaining: 91 (100.00%)
* Elements of w skipped: 0 (0.00%)
* Elements of w processed with special addition: 0 (0.00%)
* Elements of w remaining: 271 (100.00%)
* UVC proof at step 32
* G1 elements in proof: 2
* G2 elements in proof: 1
* Proof size in bits: 1019
* Cached h poly size: 17407
* UVC Prove step 33
* Elements of w skipped: 0 (0.00%)
* Elements of w processed with special addition: 0 (0.00%)
* Elements of w remaining: 271 (100.00%)
* Elements of w skipped: 0 (0.00%)
* Elements of w processed with special addition: 0 (0.00%)
* Elements of w remaining: 91 (100.00%)
* Elements of w skipped: 0 (0.00%)
* Elements of w processed with special addition: 0 (0.00%)
* Elements of w remaining: 271 (100.00%)
* UVC proof at step 33
* G1 elements in proof: 2
* G2 elements in proof: 1
* Proof size in bits: 1019
* Cached h poly size: 17407
* UVC Prove step 34
* Elements of w skipped: 0 (0.00%)
* Elements of w processed with special addition: 0 (0.00%)
* Elements of w remaining: 271 (100.00%)
* Elements of w skipped: 0 (0.00%)
* Elements of w processed with special addition: 0 (0.00%)
* Elements of w remaining: 91 (100.00%)
* Elements of w skipped: 0 (0.00%)
* Elements of w processed with special addition: 0 (0.00%)
* Elements of w remaining: 271 (100.00%)
* UVC proof at step 34
* G1 elements in proof: 2
* G2 elements in proof: 1
* Proof size in bits: 1019
* Cached h poly size: 17407
* UVC Prove step 35
* Elements of w skipped: 0 (0.00%)
* Elements of w processed with special addition: 0 (0.00%)
* Elements of w remaining: 271 (100.00%)
* Elements of w skipped: 0 (0.00%)
* Elements of w processed with special addition: 0 (0.00%)
* Elements of w remaining: 91 (100.00%)
* Elements of w skipped: 0 (0.00%)
* Elements of w processed with special addition: 0 (0.00%)
* Elements of w remaining: 271 (100.00%)
* UVC proof at step 35
* G1 elements in proof: 2
* G2 elements in proof: 1
* Proof size in bits: 1019
* Cached h poly size: 17407
* UVC Prove step 36
* Elements of w skipped: 0 (0.00%)
* Elements of w processed with special addition: 0 (0.00%)
* Elements of w remaining: 271 (100.00%)
* Elements of w skipped: 0 (0.00%)
* Elements of w processed with special addition: 0 (0.00%)
* Elements of w remaining: 91 (100.00%)
* Elements of w skipped: 0 (0.00%)
* Elements of w processed with special addition: 0 (0.00%)
* Elements of w remaining: 271 (100.00%)
* UVC proof at step 36
* G1 elements in proof: 2
* G2 elements in proof: 1
* Proof size in bits: 1019
* Cached h poly size: 17407
* UVC Prove step 37
* Elements of w skipped: 0 (0.00%)
* Elements of w processed with special addition: 0 (0.00%)
* Elements of w remaining: 271 (100.00%)
* Elements of w skipped: 0 (0.00%)
* Elements of w processed with special addition: 0 (0.00%)
* Elements of w remaining: 91 (100.00%)
* Elements of w skipped: 0 (0.00%)
* Elements of w processed with special addition: 0 (0.00%)
* Elements of w remaining: 271 (100.00%)
* UVC proof at step 37
* G1 elements in proof: 2
* G2 elements in proof: 1
* Proof size in bits: 1019
* Cached h poly size: 17407
* UVC Prove step 38
* Elements of w skipped: 0 (0.00%)
* Elements of w processed with special addition: 0 (0.00%)
* Elements of w remaining: 271 (100.00%)
* Elements of w skipped: 0 (0.00%)
* Elements of w processed with special addition: 0 (0.00%)
* Elements of w remaining: 91 (100.00%)
* Elements of w skipped: 0 (0.00%)
* Elements of w processed with special addition: 0 (0.00%)
* Elements of w remaining: 271 (100.00%)
* UVC proof at step 38
* G1 elements in proof: 2
* G2 elements in proof: 1
* Proof size in bits: 1019
* Cached h poly size: 17407
* UVC Prove step 39
* Elements of w skipped: 0 (0.00%)
* Elements of w processed with special addition: 0 (0.00%)
* Elements of w remaining: 271 (100.00%)
* Elements of w skipped: 0 (0.00%)
* Elements of w processed with special addition: 0 (0.00%)
* Elements of w remaining: 91 (100.00%)
* Elements of w skipped: 0 (0.00%)
* Elements of w processed with special addition: 0 (0.00%)
* Elements of w remaining: 271 (100.00%)
* UVC proof at step 39
* G1 elements in proof: 2
* G2 elements in proof: 1
* Proof size in bits: 1019
* Cached h poly size: 17407
* UVC Prove step 40
* Elements of w skipped: 0 (0.00%)
* Elements of w processed with special addition: 0 (0.00%)
* Elements of w remaining: 271 (100.00%)
* Elements of w skipped: 0 (0.00%)
* Elements of w processed with special addition: 0 (0.00%)
* Elements of w remaining: 91 (100.00%)
* Elements of w skipped: 0 (0.00%)
* Elements of w processed with special addition: 0 (0.00%)
* Elements of w remaining: 271 (100.00%)
* UVC proof at step 40
* G1 elements in proof: 2
* G2 elements in proof: 1
* Proof size in bits: 1019
* Cached h poly size: 17407
* UVC Prove step 41
* Elements of w skipped: 0 (0.00%)
* Elements of w processed with special addition: 0 (0.00%)
* Elements of w remaining: 271 (100.00%)
* Elements of w skipped: 0 (0.00%)
* Elements of w processed with special addition: 0 (0.00%)
* Elements of w remaining: 91 (100.00%)
* Elements of w skipped: 0 (0.00%)
* Elements of w processed with special addition: 0 (0.00%)
* Elements of w remaining: 271 (100.00%)
* UVC proof at step 41
* G1 elements in proof: 2
* G2 elements in proof: 1
* Proof size in bits: 1019
* Cached h poly size: 17407
* UVC Prove step 42
* Elements of w skipped: 0 (0.00%)
* Elements of w processed with special addition: 0 (0.00%)
* Elements of w remaining: 271 (100.00%)
* Elements of w skipped: 0 (0.00%)
* Elements of w processed with special addition: 0 (0.00%)
* Elements of w remaining: 91 (100.00%)
* Elements of w skipped: 0 (0.00%)
* Elements of w processed with special addition: 0 (0.00%)
* Elements of w remaining: 271 (100.00%)
* UVC proof at step 42
* G1 elements in proof: 2
* G2 elements in proof: 1
* Proof size in bits: 1019
* Cached h poly size: 17407
* UVC Prove step 43
* Elements of w skipped: 0 (0.00%)
* Elements of w processed with special addition: 0 (0.00%)
* Elements of w remaining: 271 (100.00%)
* Elements of w skipped: 0 (0.00%)
* Elements of w processed with special addition: 0 (0.00%)
* Elements of w remaining: 91 (100.00%)
* Elements of w skipped: 0 (0.00%)
* Elements of w processed with special addition: 0 (0.00%)
* Elements of w remaining: 271 (100.00%)
* UVC proof at step 43
* G1 elements in proof: 2
* G2 elements in proof: 1
* Proof size in bits: 1019
* Cached h poly size: 17407
* UVC Prove step 44
* Elements of w skipped: 0 (0.00%)
* Elements of w processed with special addition: 0 (0.00%)
* Elements of w remaining: 271 (100.00%)
* Elements of w skipped: 0 (0.00%)
* Elements of w processed with special addition: 0 (0.00%)
* Elements of w remaining: 91 (100.00%)
* Elements of w skipped: 0 (0.00%)
* Elements of w processed with special addition: 0 (0.00%)
* Elements of w remaining: 271 (100.00%)
* UVC proof at step 44
* G1 elements in proof: 2
* G2 elements in proof: 1
* Proof size in bits: 1019
* Cached h poly size: 17407
* UVC Prove step 45
* Elements of w skipped: 0 (0.00%)
* Elements of w processed with special addition: 0 (0.00%)
* Elements of w remaining: 271 (100.00%)
* Elements of w skipped: 0 (0.00%)
* Elements of w processed with special addition: 0 (0.00%)
* Elements of w remaining: 91 (100.00%)
* Elements of w skipped: 0 (0.00%)
* Elements of w processed with special addition: 0 (0.00%)
* Elements of w remaining: 271 (100.00%)
* UVC proof at step 45
* G1 elements in proof: 2
* G2 elements in proof: 1
* Proof size in bits: 1019
* Cached h poly size: 17407
* UVC Prove step 46
* Elements of w skipped: 0 (0.00%)
* Elements of w processed with special addition: 0 (0.00%)
* Elements of w remaining: 271 (100.00%)
* Elements of w skipped: 0 (0.00%)
* Elements of w processed with special addition: 0 (0.00%)
* Elements of w remaining: 91 (100.00%)
* Elements of w skipped: 0 (0.00%)
* Elements of w processed with special addition: 0 (0.00%)
* Elements of w remaining: 271 (100.00%)
* UVC proof at step 46
* G1 elements in proof: 2
* G2 elements in proof: 1
* Proof size in bits: 1019
* Cached h poly size: 17407
* UVC Prove step 47
* Elements of w skipped: 0 (0.00%)
* Elements of w processed with special addition: 0 (0.00%)
* Elements of w remaining: 271 (100.00%)
* Elements of w skipped: 0 (0.00%)
* Elements of w processed with special addition: 0 (0.00%)
* Elements of w remaining: 91 (100.00%)
* Elements of w skipped: 0 (0.00%)
* Elements of w processed with special addition: 0 (0.00%)
* Elements of w remaining: 271 (100.00%)
* UVC proof at step 47
* G1 elements in proof: 2
* G2 elements in proof: 1
* Proof size in bits: 1019
* Cached h poly size: 17407
* UVC Prove step 48
* Elements of w skipped: 0 (0.00%)
* Elements of w processed with special addition: 0 (0.00%)
* Elements of w remaining: 271 (100.00%)
* Elements of w skipped: 0 (0.00%)
* Elements of w processed with special addition: 0 (0.00%)
* Elements of w remaining: 91 (100.00%)
* Elements of w skipped: 0 (0.00%)
* Elements of w processed with special addition: 0 (0.00%)
* Elements of w remaining: 271 (100.00%)
* UVC proof at step 48
* G1 elements in proof: 2
* G2 elements in proof: 1
* Proof size in bits: 1019
* Cached h poly size: 17407
* UVC Prove step 49
* Elements of w skipped: 0 (0.00%)
* Elements of w processed with special addition: 0 (0.00%)
* Elements of w remaining: 271 (100.00%)
* Elements of w skipped: 0 (0.00%)
* Elements of w processed with special addition: 0 (0.00%)
* Elements of w remaining: 91 (100.00%)
* Elements of w skipped: 0 (0.00%)
* Elements of w processed with special addition: 0 (0.00%)
* Elements of w remaining: 271 (100.00%)
* UVC proof at step 49
* G1 elements in proof: 2
* G2 elements in proof: 1
* Proof size in bits: 1019
* Cached h poly size: 17407
* UVC Prove step 50
* Elements of w skipped: 0 (0.00%)
* Elements of w processed with special addition: 0 (0.00%)
* Elements of w remaining: 271 (100.00%)
* Elements of w skipped: 0 (0.00%)
* Elements of w processed with special addition: 0 (0.00%)
* Elements of w remaining: 91 (100.00%)
* Elements of w skipped: 0 (0.00%)
* Elements of w processed with special addition: 0 (0.00%)
* Elements of w remaining: 271 (100.00%)
* UVC proof at step 50
* G1 elements in proof: 2
* G2 elements in proof: 1
* Proof size in bits: 1019
* Cached h poly size: 17407
* UVC Prove step 51
* Elements of w skipped: 0 (0.00%)
* Elements of w processed with special addition: 0 (0.00%)
* Elements of w remaining: 271 (100.00%)
* Elements of w skipped: 0 (0.00%)
* Elements of w processed with special addition: 0 (0.00%)
* Elements of w remaining: 91 (100.00%)
* Elements of w skipped: 0 (0.00%)
* Elements of w processed with special addition: 0 (0.00%)
* Elements of w remaining: 271 (100.00%)
* UVC proof at step 51
* G1 elements in proof: 2
* G2 elements in proof: 1
* Proof size in bits: 1019
* Cached h poly size: 17407
* UVC Prove step 52
* Elements of w skipped: 0 (0.00%)
* Elements of w processed with special addition: 0 (0.00%)
* Elements of w remaining: 271 (100.00%)
* Elements of w skipped: 0 (0.00%)
* Elements of w processed with special addition: 0 (0.00%)
* Elements of w remaining: 91 (100.00%)
* Elements of w skipped: 0 (0.00%)
* Elements of w processed with special addition: 0 (0.00%)
* Elements of w remaining: 271 (100.00%)
* UVC proof at step 52
* G1 elements in proof: 2
* G2 elements in proof: 1
* Proof size in bits: 1019
* Cached h poly size: 17407
* UVC Prove step 53
* Elements of w skipped: 0 (0.00%)
* Elements of w processed with special addition: 0 (0.00%)
* Elements of w remaining: 271 (100.00%)
* Elements of w skipped: 0 (0.00%)
* Elements of w processed with special addition: 0 (0.00%)
* Elements of w remaining: 91 (100.00%)
* Elements of w skipped: 0 (0.00%)
* Elements of w processed with special addition: 0 (0.00%)
* Elements of w remaining: 271 (100.00%)
* UVC proof at step 53
* G1 elements in proof: 2
* G2 elements in proof: 1
* Proof size in bits: 1019
* Cached h poly size: 17407
* UVC Prove step 54
* Elements of w skipped: 0 (0.00%)
* Elements of w processed with special addition: 0 (0.00%)
* Elements of w remaining: 271 (100.00%)
* Elements of w skipped: 0 (0.00%)
* Elements of w processed with special addition: 0 (0.00%)
* Elements of w remaining: 91 (100.00%)
* Elements of w skipped: 0 (0.00%)
* Elements of w processed with special addition: 0 (0.00%)
* Elements of w remaining: 271 (100.00%)
* UVC proof at step 54
* G1 elements in proof: 2
* G2 elements in proof: 1
* Proof size in bits: 1019
* Cached h poly size: 17407
* UVC Prove step 55
* Elements of w skipped: 0 (0.00%)
* Elements of w processed with special addition: 0 (0.00%)
* Elements of w remaining: 271 (100.00%)
* Elements of w skipped: 0 (0.00%)
* Elements of w processed with special addition: 0 (0.00%)
* Elements of w remaining: 91 (100.00%)
* Elements of w skipped: 0 (0.00%)
* Elements of w processed with special addition: 0 (0.00%)
* Elements of w remaining: 271 (100.00%)
* UVC proof at step 55
* G1 elements in proof: 2
* G2 elements in proof: 1
* Proof size in bits: 1019
* Cached h poly size: 17407
* UVC Prove step 56
* Elements of w skipped: 0 (0.00%)
* Elements of w processed with special addition: 0 (0.00%)
* Elements of w remaining: 271 (100.00%)
* Elements of w skipped: 0 (0.00%)
* Elements of w processed with special addition: 0 (0.00%)
* Elements of w remaining: 91 (100.00%)
* Elements of w skipped: 0 (0.00%)
* Elements of w processed with special addition: 0 (0.00%)
* Elements of w remaining: 271 (100.00%)
* UVC proof at step 56
* G1 elements in proof: 2
* G2 elements in proof: 1
* Proof size in bits: 1019
* Cached h poly size: 17407
* UVC Prove step 57
* Elements of w skipped: 0 (0.00%)
* Elements of w processed with special addition: 0 (0.00%)
* Elements of w remaining: 271 (100.00%)
* Elements of w skipped: 0 (0.00%)
* Elements of w processed with special addition: 0 (0.00%)
* Elements of w remaining: 91 (100.00%)
* Elements of w skipped: 0 (0.00%)
* Elements of w processed with special addition: 0 (0.00%)
* Elements of w remaining: 271 (100.00%)
* UVC proof at step 57
* G1 elements in proof: 2
* G2 elements in proof: 1
* Proof size in bits: 1019
* Cached h poly size: 17407
* UVC Prove step 58
* Elements of w skipped: 0 (0.00%)
* Elements of w processed with special addition: 0 (0.00%)
* Elements of w remaining: 271 (100.00%)
* Elements of w skipped: 0 (0.00%)
* Elements of w processed with special addition: 0 (0.00%)
* Elements of w remaining: 91 (100.00%)
* Elements of w skipped: 0 (0.00%)
* Elements of w processed with special addition: 0 (0.00%)
* Elements of w remaining: 271 (100.00%)
* UVC proof at step 58
* G1 elements in proof: 2
* G2 elements in proof: 1
* Proof size in bits: 1019
* Cached h poly size: 17407
* UVC Prove step 59
* Elements of w skipped: 0 (0.00%)
* Elements of w processed with special addition: 0 (0.00%)
* Elements of w remaining: 271 (100.00%)
* Elements of w skipped: 0 (0.00%)
* Elements of w processed with special addition: 0 (0.00%)
* Elements of w remaining: 91 (100.00%)
* Elements of w skipped: 0 (0.00%)
* Elements of w processed with special addition: 0 (0.00%)
* Elements of w remaining: 271 (100.00%)
* UVC proof at step 59
* G1 elements in proof: 2
* G2 elements in proof: 1
* Proof size in bits: 1019
* Cached h poly size: 17407
* UVC Prove step 60
* Elements of w skipped: 0 (0.00%)
* Elements of w processed with special addition: 0 (0.00%)
* Elements of w remaining: 271 (100.00%)
* Elements of w skipped: 0 (0.00%)
* Elements of w processed with special addition: 0 (0.00%)
* Elements of w remaining: 91 (100.00%)
* Elements of w skipped: 0 (0.00%)
* Elements of w processed with special addition: 0 (0.00%)
* Elements of w remaining: 271 (100.00%)
* UVC proof at step 60
* G1 elements in proof: 2
* G2 elements in proof: 1
* Proof size in bits: 1019
* Cached h poly size: 17407
* UVC Prove step 61
* Elements of w skipped: 0 (0.00%)
* Elements of w processed with special addition: 0 (0.00%)
* Elements of w remaining: 271 (100.00%)
* Elements of w skipped: 0 (0.00%)
* Elements of w processed with special addition: 0 (0.00%)
* Elements of w remaining: 91 (100.00%)
* Elements of w skipped: 0 (0.00%)
* Elements of w processed with special addition: 0 (0.00%)
* Elements of w remaining: 271 (100.00%)
* UVC proof at step 61
* G1 elements in proof: 2
* G2 elements in proof: 1
* Proof size in bits: 1019
* Cached h poly size: 17407
* UVC Prove step 62
* Elements of w skipped: 0 (0.00%)
* Elements of w processed with special addition: 0 (0.00%)
* Elements of w remaining: 271 (100.00%)
* Elements of w skipped: 0 (0.00%)
* Elements of w processed with special addition: 0 (0.00%)
* Elements of w remaining: 91 (100.00%)
* Elements of w skipped: 0 (0.00%)
* Elements of w processed with special addition: 0 (0.00%)
* Elements of w remaining: 271 (100.00%)
* UVC proof at step 62
* G1 elements in proof: 2
* G2 elements in proof: 1
* Proof size in bits: 1019
* Cached h poly size: 17407
* UVC Prove step 63
* Elements of w skipped: 0 (0.00%)
* Elements of w processed with special addition: 0 (0.00%)
* Elements of w remaining: 271 (100.00%)
* Elements of w skipped: 0 (0.00%)
* Elements of w processed with special addition: 0 (0.00%)
* Elements of w remaining: 91 (100.00%)
* Elements of w skipped: 0 (0.00%)
* Elements of w processed with special addition: 0 (0.00%)
* Elements of w remaining: 271 (100.00%)
* UVC proof at step 63
* G1 elements in proof: 2
* G2 elements in proof: 1
* Proof size in bits: 1019
* Cached h poly size: 17407
* UVC Prove step 64
* Elements of w skipped: 0 (0.00%)
* Elements of w processed with special addition: 0 (0.00%)
* Elements of w remaining: 271 (100.00%)
* Elements of w skipped: 0 (0.00%)
* Elements of w processed with special addition: 0 (0.00%)
* Elements of w remaining: 91 (100.00%)
* Elements of w skipped: 0 (0.00%)
* Elements of w processed with special addition: 0 (0.00%)
* Elements of w remaining: 271 (100.00%)
* UVC proof at step 64
* G1 elements in proof: 2
* G2 elements in proof: 1
* Proof size in bits: 1019
* Cached h poly size: 17407

  Step    Prove (ms)    Verify (ms)   Proof bits    Verified  
  ------  ------------  ------------  ------------  ----------
* UVC Prove step 1
* Elements of w skipped: 0 (0.00%)
* Elements of w processed with special addition: 1 (0.37%)
* Elements of w remaining: 272 (99.63%)
* Elements of w skipped: 0 (0.00%)
* Elements of w processed with special addition: 0 (0.00%)
* Elements of w remaining: 91 (100.00%)
* Elements of w skipped: 0 (0.00%)
* Elements of w processed with special addition: 0 (0.00%)
* Elements of w remaining: 270 (100.00%)
* UVC proof at step 1
* G1 elements in proof: 2
* G2 elements in proof: 1
* Proof size in bits: 1019
* Cached h poly size: 17407
* UVC Prove step 1
* Elements of w skipped: 0 (0.00%)
* Elements of w processed with special addition: 1 (0.37%)
* Elements of w remaining: 272 (99.63%)
* Elements of w skipped: 0 (0.00%)
* Elements of w processed with special addition: 0 (0.00%)
* Elements of w remaining: 91 (100.00%)
* Elements of w skipped: 0 (0.00%)
* Elements of w processed with special addition: 0 (0.00%)
* Elements of w remaining: 270 (100.00%)
* UVC proof at step 1
* G1 elements in proof: 2
* G2 elements in proof: 1
* Proof size in bits: 1019
* Cached h poly size: 17407
* UVC Prove step 1
* Elements of w skipped: 0 (0.00%)
* Elements of w processed with special addition: 1 (0.37%)
* Elements of w remaining: 272 (99.63%)
* Elements of w skipped: 0 (0.00%)
* Elements of w processed with special addition: 0 (0.00%)
* Elements of w remaining: 91 (100.00%)
* Elements of w skipped: 0 (0.00%)
* Elements of w processed with special addition: 0 (0.00%)
* Elements of w remaining: 270 (100.00%)
* UVC proof at step 1
* G1 elements in proof: 2
* G2 elements in proof: 1
* Proof size in bits: 1019
* Cached h poly size: 17407
* UVC Prove step 1
* Elements of w skipped: 0 (0.00%)
* Elements of w processed with special addition: 1 (0.37%)
* Elements of w remaining: 272 (99.63%)
* Elements of w skipped: 0 (0.00%)
* Elements of w processed with special addition: 0 (0.00%)
* Elements of w remaining: 91 (100.00%)
* Elements of w skipped: 0 (0.00%)
* Elements of w processed with special addition: 0 (0.00%)
* Elements of w remaining: 270 (100.00%)
* UVC proof at step 1
* G1 elements in proof: 2
* G2 elements in proof: 1
* Proof size in bits: 1019
* Cached h poly size: 17407
* UVC Prove step 1
* Elements of w skipped: 0 (0.00%)
* Elements of w processed with special addition: 1 (0.37%)
* Elements of w remaining: 272 (99.63%)
* Elements of w skipped: 0 (0.00%)
* Elements of w processed with special addition: 0 (0.00%)
* Elements of w remaining: 91 (100.00%)
* Elements of w skipped: 0 (0.00%)
* Elements of w processed with special addition: 0 (0.00%)
* Elements of w remaining: 270 (100.00%)
* UVC proof at step 1
* G1 elements in proof: 2
* G2 elements in proof: 1
* Proof size in bits: 1019
* Cached h poly size: 17407
* UVC Prove step 1
* Elements of w skipped: 0 (0.00%)
* Elements of w processed with special addition: 1 (0.37%)
* Elements of w remaining: 272 (99.63%)
* Elements of w skipped: 0 (0.00%)
* Elements of w processed with special addition: 0 (0.00%)
* Elements of w remaining: 91 (100.00%)
* Elements of w skipped: 0 (0.00%)
* Elements of w processed with special addition: 0 (0.00%)
* Elements of w remaining: 270 (100.00%)
* UVC proof at step 1
* G1 elements in proof: 2
* G2 elements in proof: 1
* Proof size in bits: 1019
* Cached h poly size: 17407
* UVC Prove step 1
* Elements of w skipped: 0 (0.00%)
* Elements of w processed with special addition: 1 (0.37%)
* Elements of w remaining: 272 (99.63%)
* Elements of w skipped: 0 (0.00%)
* Elements of w processed with special addition: 0 (0.00%)
* Elements of w remaining: 91 (100.00%)
* Elements of w skipped: 0 (0.00%)
* Elements of w processed with special addition: 0 (0.00%)
* Elements of w remaining: 270 (100.00%)
* UVC proof at step 1
* G1 elements in proof: 2
* G2 elements in proof: 1
* Proof size in bits: 1019
* Cached h poly size: 17407
* UVC Prove step 1
* Elements of w skipped: 0 (0.00%)
* Elements of w processed with special addition: 1 (0.37%)
* Elements of w remaining: 272 (99.63%)
* Elements of w skipped: 0 (0.00%)
* Elements of w processed with special addition: 0 (0.00%)
* Elements of w remaining: 91 (100.00%)
* Elements of w skipped: 0 (0.00%)
* Elements of w processed with special addition: 0 (0.00%)
* Elements of w remaining: 270 (100.00%)
* UVC proof at step 1
* G1 elements in proof: 2
* G2 elements in proof: 1
* Proof size in bits: 1019
* Cached h poly size: 17407
* UVC Prove step 1
* Elements of w skipped: 0 (0.00%)
* Elements of w processed with special addition: 1 (0.37%)
* Elements of w remaining: 272 (99.63%)
* Elements of w skipped: 0 (0.00%)
* Elements of w processed with special addition: 0 (0.00%)
* Elements of w remaining: 91 (100.00%)
* Elements of w skipped: 0 (0.00%)
* Elements of w processed with special addition: 0 (0.00%)
* Elements of w remaining: 270 (100.00%)
* UVC proof at step 1
* G1 elements in proof: 2
* G2 elements in proof: 1
* Proof size in bits: 1019
* Cached h poly size: 17407
* UVC Prove step 1
* Elements of w skipped: 0 (0.00%)
* Elements of w processed with special addition: 1 (0.37%)
* Elements of w remaining: 272 (99.63%)
* Elements of w skipped: 0 (0.00%)
* Elements of w processed with special addition: 0 (0.00%)
* Elements of w remaining: 91 (100.00%)
* Elements of w skipped: 0 (0.00%)
* Elements of w processed with special addition: 0 (0.00%)
* Elements of w remaining: 270 (100.00%)
* UVC proof at step 1
* G1 elements in proof: 2
* G2 elements in proof: 1
* Proof size in bits: 1019
* Cached h poly size: 17407
* UVC Verify step 1: PASS
* UVC Verify step 1: PASS
* UVC Verify step 1: PASS
* UVC Verify step 1: PASS
* UVC Verify step 1: PASS
* UVC Verify step 1: PASS
* UVC Verify step 1: PASS
* UVC Verify step 1: PASS
* UVC Verify step 1: PASS
* UVC Verify step 1: PASS
  1       342.24        2.70          1019          PASS      
* UVC Prove step 2
* Elements of w skipped: 0 (0.00%)
* Elements of w processed with special addition: 0 (0.00%)
* Elements of w remaining: 271 (100.00%)
* Elements of w skipped: 0 (0.00%)
* Elements of w processed with special addition: 0 (0.00%)
* Elements of w remaining: 91 (100.00%)
* Elements of w skipped: 0 (0.00%)
* Elements of w processed with special addition: 0 (0.00%)
* Elements of w remaining: 271 (100.00%)
* UVC proof at step 2
* G1 elements in proof: 2
* G2 elements in proof: 1
* Proof size in bits: 1019
* Cached h poly size: 17407
* UVC Prove step 2
* Elements of w skipped: 0 (0.00%)
* Elements of w processed with special addition: 0 (0.00%)
* Elements of w remaining: 271 (100.00%)
* Elements of w skipped: 0 (0.00%)
* Elements of w processed with special addition: 0 (0.00%)
* Elements of w remaining: 91 (100.00%)
* Elements of w skipped: 0 (0.00%)
* Elements of w processed with special addition: 0 (0.00%)
* Elements of w remaining: 271 (100.00%)
* UVC proof at step 2
* G1 elements in proof: 2
* G2 elements in proof: 1
* Proof size in bits: 1019
* Cached h poly size: 17407
* UVC Prove step 2
* Elements of w skipped: 0 (0.00%)
* Elements of w processed with special addition: 0 (0.00%)
* Elements of w remaining: 271 (100.00%)
* Elements of w skipped: 0 (0.00%)
* Elements of w processed with special addition: 0 (0.00%)
* Elements of w remaining: 91 (100.00%)
* Elements of w skipped: 0 (0.00%)
* Elements of w processed with special addition: 0 (0.00%)
* Elements of w remaining: 271 (100.00%)
* UVC proof at step 2
* G1 elements in proof: 2
* G2 elements in proof: 1
* Proof size in bits: 1019
* Cached h poly size: 17407
* UVC Prove step 2
* Elements of w skipped: 0 (0.00%)
* Elements of w processed with special addition: 0 (0.00%)
* Elements of w remaining: 271 (100.00%)
* Elements of w skipped: 0 (0.00%)
* Elements of w processed with special addition: 0 (0.00%)
* Elements of w remaining: 91 (100.00%)
* Elements of w skipped: 0 (0.00%)
* Elements of w processed with special addition: 0 (0.00%)
* Elements of w remaining: 271 (100.00%)
* UVC proof at step 2
* G1 elements in proof: 2
* G2 elements in proof: 1
* Proof size in bits: 1019
* Cached h poly size: 17407
* UVC Prove step 2
* Elements of w skipped: 0 (0.00%)
* Elements of w processed with special addition: 0 (0.00%)
* Elements of w remaining: 271 (100.00%)
* Elements of w skipped: 0 (0.00%)
* Elements of w processed with special addition: 0 (0.00%)
* Elements of w remaining: 91 (100.00%)
* Elements of w skipped: 0 (0.00%)
* Elements of w processed with special addition: 0 (0.00%)
* Elements of w remaining: 271 (100.00%)
* UVC proof at step 2
* G1 elements in proof: 2
* G2 elements in proof: 1
* Proof size in bits: 1019
* Cached h poly size: 17407
* UVC Prove step 2
* Elements of w skipped: 0 (0.00%)
* Elements of w processed with special addition: 0 (0.00%)
* Elements of w remaining: 271 (100.00%)
* Elements of w skipped: 0 (0.00%)
* Elements of w processed with special addition: 0 (0.00%)
* Elements of w remaining: 91 (100.00%)
* Elements of w skipped: 0 (0.00%)
* Elements of w processed with special addition: 0 (0.00%)
* Elements of w remaining: 271 (100.00%)
* UVC proof at step 2
* G1 elements in proof: 2
* G2 elements in proof: 1
* Proof size in bits: 1019
* Cached h poly size: 17407
* UVC Prove step 2
* Elements of w skipped: 0 (0.00%)
* Elements of w processed with special addition: 0 (0.00%)
* Elements of w remaining: 271 (100.00%)
* Elements of w skipped: 0 (0.00%)
* Elements of w processed with special addition: 0 (0.00%)
* Elements of w remaining: 91 (100.00%)
* Elements of w skipped: 0 (0.00%)
* Elements of w processed with special addition: 0 (0.00%)
* Elements of w remaining: 271 (100.00%)
* UVC proof at step 2
* G1 elements in proof: 2
* G2 elements in proof: 1
* Proof size in bits: 1019
* Cached h poly size: 17407
* UVC Prove step 2
* Elements of w skipped: 0 (0.00%)
* Elements of w processed with special addition: 0 (0.00%)
* Elements of w remaining: 271 (100.00%)
* Elements of w skipped: 0 (0.00%)
* Elements of w processed with special addition: 0 (0.00%)
* Elements of w remaining: 91 (100.00%)
* Elements of w skipped: 0 (0.00%)
* Elements of w processed with special addition: 0 (0.00%)
* Elements of w remaining: 271 (100.00%)
* UVC proof at step 2
* G1 elements in proof: 2
* G2 elements in proof: 1
* Proof size in bits: 1019
* Cached h poly size: 17407
* UVC Prove step 2
* Elements of w skipped: 0 (0.00%)
* Elements of w processed with special addition: 0 (0.00%)
* Elements of w remaining: 271 (100.00%)
* Elements of w skipped: 0 (0.00%)
* Elements of w processed with special addition: 0 (0.00%)
* Elements of w remaining: 91 (100.00%)
* Elements of w skipped: 0 (0.00%)
* Elements of w processed with special addition: 0 (0.00%)
* Elements of w remaining: 271 (100.00%)
* UVC proof at step 2
* G1 elements in proof: 2
* G2 elements in proof: 1
* Proof size in bits: 1019
* Cached h poly size: 17407
* UVC Prove step 2
* Elements of w skipped: 0 (0.00%)
* Elements of w processed with special addition: 0 (0.00%)
* Elements of w remaining: 271 (100.00%)
* Elements of w skipped: 0 (0.00%)
* Elements of w processed with special addition: 0 (0.00%)
* Elements of w remaining: 91 (100.00%)
* Elements of w skipped: 0 (0.00%)
* Elements of w processed with special addition: 0 (0.00%)
* Elements of w remaining: 271 (100.00%)
* UVC proof at step 2
* G1 elements in proof: 2
* G2 elements in proof: 1
* Proof size in bits: 1019
* Cached h poly size: 17407
* UVC Verify step 2: PASS
* UVC Verify step 2: PASS
* UVC Verify step 2: PASS
* UVC Verify step 2: PASS
* UVC Verify step 2: PASS
* UVC Verify step 2: PASS
* UVC Verify step 2: PASS
* UVC Verify step 2: PASS
* UVC Verify step 2: PASS
* UVC Verify step 2: PASS
  2       343.18        2.73          1019          PASS      
* UVC Prove step 4
* Elements of w skipped: 0 (0.00%)
* Elements of w processed with special addition: 0 (0.00%)
* Elements of w remaining: 271 (100.00%)
* Elements of w skipped: 0 (0.00%)
* Elements of w processed with special addition: 0 (0.00%)
* Elements of w remaining: 91 (100.00%)
* Elements of w skipped: 0 (0.00%)
* Elements of w processed with special addition: 0 (0.00%)
* Elements of w remaining: 271 (100.00%)
* UVC proof at step 4
* G1 elements in proof: 2
* G2 elements in proof: 1
* Proof size in bits: 1019
* Cached h poly size: 17407
* UVC Prove step 4
* Elements of w skipped: 0 (0.00%)
* Elements of w processed with special addition: 0 (0.00%)
* Elements of w remaining: 271 (100.00%)
* Elements of w skipped: 0 (0.00%)
* Elements of w processed with special addition: 0 (0.00%)
* Elements of w remaining: 91 (100.00%)
* Elements of w skipped: 0 (0.00%)
* Elements of w processed with special addition: 0 (0.00%)
* Elements of w remaining: 271 (100.00%)
* UVC proof at step 4
* G1 elements in proof: 2
* G2 elements in proof: 1
* Proof size in bits: 1019
* Cached h poly size: 17407
* UVC Prove step 4
* Elements of w skipped: 0 (0.00%)
* Elements of w processed with special addition: 0 (0.00%)
* Elements of w remaining: 271 (100.00%)
* Elements of w skipped: 0 (0.00%)
* Elements of w processed with special addition: 0 (0.00%)
* Elements of w remaining: 91 (100.00%)
* Elements of w skipped: 0 (0.00%)
* Elements of w processed with special addition: 0 (0.00%)
* Elements of w remaining: 271 (100.00%)
* UVC proof at step 4
* G1 elements in proof: 2
* G2 elements in proof: 1
* Proof size in bits: 1019
* Cached h poly size: 17407
* UVC Prove step 4
* Elements of w skipped: 0 (0.00%)
* Elements of w processed with special addition: 0 (0.00%)
* Elements of w remaining: 271 (100.00%)
* Elements of w skipped: 0 (0.00%)
* Elements of w processed with special addition: 0 (0.00%)
* Elements of w remaining: 91 (100.00%)
* Elements of w skipped: 0 (0.00%)
* Elements of w processed with special addition: 0 (0.00%)
* Elements of w remaining: 271 (100.00%)
* UVC proof at step 4
* G1 elements in proof: 2
* G2 elements in proof: 1
* Proof size in bits: 1019
* Cached h poly size: 17407
* UVC Prove step 4
* Elements of w skipped: 0 (0.00%)
* Elements of w processed with special addition: 0 (0.00%)
* Elements of w remaining: 271 (100.00%)
* Elements of w skipped: 0 (0.00%)
* Elements of w processed with special addition: 0 (0.00%)
* Elements of w remaining: 91 (100.00%)
* Elements of w skipped: 0 (0.00%)
* Elements of w processed with special addition: 0 (0.00%)
* Elements of w remaining: 271 (100.00%)
* UVC proof at step 4
* G1 elements in proof: 2
* G2 elements in proof: 1
* Proof size in bits: 1019
* Cached h poly size: 17407
* UVC Prove step 4
* Elements of w skipped: 0 (0.00%)
* Elements of w processed with special addition: 0 (0.00%)
* Elements of w remaining: 271 (100.00%)
* Elements of w skipped: 0 (0.00%)
* Elements of w processed with special addition: 0 (0.00%)
* Elements of w remaining: 91 (100.00%)
* Elements of w skipped: 0 (0.00%)
* Elements of w processed with special addition: 0 (0.00%)
* Elements of w remaining: 271 (100.00%)
* UVC proof at step 4
* G1 elements in proof: 2
* G2 elements in proof: 1
* Proof size in bits: 1019
* Cached h poly size: 17407
* UVC Prove step 4
* Elements of w skipped: 0 (0.00%)
* Elements of w processed with special addition: 0 (0.00%)
* Elements of w remaining: 271 (100.00%)
* Elements of w skipped: 0 (0.00%)
* Elements of w processed with special addition: 0 (0.00%)
* Elements of w remaining: 91 (100.00%)
* Elements of w skipped: 0 (0.00%)
* Elements of w processed with special addition: 0 (0.00%)
* Elements of w remaining: 271 (100.00%)
* UVC proof at step 4
* G1 elements in proof: 2
* G2 elements in proof: 1
* Proof size in bits: 1019
* Cached h poly size: 17407
* UVC Prove step 4
* Elements of w skipped: 0 (0.00%)
* Elements of w processed with special addition: 0 (0.00%)
* Elements of w remaining: 271 (100.00%)
* Elements of w skipped: 0 (0.00%)
* Elements of w processed with special addition: 0 (0.00%)
* Elements of w remaining: 91 (100.00%)
* Elements of w skipped: 0 (0.00%)
* Elements of w processed with special addition: 0 (0.00%)
* Elements of w remaining: 271 (100.00%)
* UVC proof at step 4
* G1 elements in proof: 2
* G2 elements in proof: 1
* Proof size in bits: 1019
* Cached h poly size: 17407
* UVC Prove step 4
* Elements of w skipped: 0 (0.00%)
* Elements of w processed with special addition: 0 (0.00%)
* Elements of w remaining: 271 (100.00%)
* Elements of w skipped: 0 (0.00%)
* Elements of w processed with special addition: 0 (0.00%)
* Elements of w remaining: 91 (100.00%)
* Elements of w skipped: 0 (0.00%)
* Elements of w processed with special addition: 0 (0.00%)
* Elements of w remaining: 271 (100.00%)
* UVC proof at step 4
* G1 elements in proof: 2
* G2 elements in proof: 1
* Proof size in bits: 1019
* Cached h poly size: 17407
* UVC Prove step 4
* Elements of w skipped: 0 (0.00%)
* Elements of w processed with special addition: 0 (0.00%)
* Elements of w remaining: 271 (100.00%)
* Elements of w skipped: 0 (0.00%)
* Elements of w processed with special addition: 0 (0.00%)
* Elements of w remaining: 91 (100.00%)
* Elements of w skipped: 0 (0.00%)
* Elements of w processed with special addition: 0 (0.00%)
* Elements of w remaining: 271 (100.00%)
* UVC proof at step 4
* G1 elements in proof: 2
* G2 elements in proof: 1
* Proof size in bits: 1019
* Cached h poly size: 17407
* UVC Verify step 4: PASS
* UVC Verify step 4: PASS
* UVC Verify step 4: PASS
* UVC Verify step 4: PASS
* UVC Verify step 4: PASS
* UVC Verify step 4: PASS
* UVC Verify step 4: PASS
* UVC Verify step 4: PASS
* UVC Verify step 4: PASS
* UVC Verify step 4: PASS
  4       343.45        2.69          1019          PASS      
* UVC Prove step 8
* Elements of w skipped: 0 (0.00%)
* Elements of w processed with special addition: 0 (0.00%)
* Elements of w remaining: 271 (100.00%)
* Elements of w skipped: 0 (0.00%)
* Elements of w processed with special addition: 0 (0.00%)
* Elements of w remaining: 91 (100.00%)
* Elements of w skipped: 0 (0.00%)
* Elements of w processed with special addition: 0 (0.00%)
* Elements of w remaining: 271 (100.00%)
* UVC proof at step 8
* G1 elements in proof: 2
* G2 elements in proof: 1
* Proof size in bits: 1019
* Cached h poly size: 17407
* UVC Prove step 8
* Elements of w skipped: 0 (0.00%)
* Elements of w processed with special addition: 0 (0.00%)
* Elements of w remaining: 271 (100.00%)
* Elements of w skipped: 0 (0.00%)
* Elements of w processed with special addition: 0 (0.00%)
* Elements of w remaining: 91 (100.00%)
* Elements of w skipped: 0 (0.00%)
* Elements of w processed with special addition: 0 (0.00%)
* Elements of w remaining: 271 (100.00%)
* UVC proof at step 8
* G1 elements in proof: 2
* G2 elements in proof: 1
* Proof size in bits: 1019
* Cached h poly size: 17407
* UVC Prove step 8
* Elements of w skipped: 0 (0.00%)
* Elements of w processed with special addition: 0 (0.00%)
* Elements of w remaining: 271 (100.00%)
* Elements of w skipped: 0 (0.00%)
* Elements of w processed with special addition: 0 (0.00%)
* Elements of w remaining: 91 (100.00%)
* Elements of w skipped: 0 (0.00%)
* Elements of w processed with special addition: 0 (0.00%)
* Elements of w remaining: 271 (100.00%)
* UVC proof at step 8
* G1 elements in proof: 2
* G2 elements in proof: 1
* Proof size in bits: 1019
* Cached h poly size: 17407
* UVC Prove step 8
* Elements of w skipped: 0 (0.00%)
* Elements of w processed with special addition: 0 (0.00%)
* Elements of w remaining: 271 (100.00%)
* Elements of w skipped: 0 (0.00%)
* Elements of w processed with special addition: 0 (0.00%)
* Elements of w remaining: 91 (100.00%)
* Elements of w skipped: 0 (0.00%)
* Elements of w processed with special addition: 0 (0.00%)
* Elements of w remaining: 271 (100.00%)
* UVC proof at step 8
* G1 elements in proof: 2
* G2 elements in proof: 1
* Proof size in bits: 1019
* Cached h poly size: 17407
* UVC Prove step 8
* Elements of w skipped: 0 (0.00%)
* Elements of w processed with special addition: 0 (0.00%)
* Elements of w remaining: 271 (100.00%)
* Elements of w skipped: 0 (0.00%)
* Elements of w processed with special addition: 0 (0.00%)
* Elements of w remaining: 91 (100.00%)
* Elements of w skipped: 0 (0.00%)
* Elements of w processed with special addition: 0 (0.00%)
* Elements of w remaining: 271 (100.00%)
* UVC proof at step 8
* G1 elements in proof: 2
* G2 elements in proof: 1
* Proof size in bits: 1019
* Cached h poly size: 17407
* UVC Prove step 8
* Elements of w skipped: 0 (0.00%)
* Elements of w processed with special addition: 0 (0.00%)
* Elements of w remaining: 271 (100.00%)
* Elements of w skipped: 0 (0.00%)
* Elements of w processed with special addition: 0 (0.00%)
* Elements of w remaining: 91 (100.00%)
* Elements of w skipped: 0 (0.00%)
* Elements of w processed with special addition: 0 (0.00%)
* Elements of w remaining: 271 (100.00%)
* UVC proof at step 8
* G1 elements in proof: 2
* G2 elements in proof: 1
* Proof size in bits: 1019
* Cached h poly size: 17407
* UVC Prove step 8
* Elements of w skipped: 0 (0.00%)
* Elements of w processed with special addition: 0 (0.00%)
* Elements of w remaining: 271 (100.00%)
* Elements of w skipped: 0 (0.00%)
* Elements of w processed with special addition: 0 (0.00%)
* Elements of w remaining: 91 (100.00%)
* Elements of w skipped: 0 (0.00%)
* Elements of w processed with special addition: 0 (0.00%)
* Elements of w remaining: 271 (100.00%)
* UVC proof at step 8
* G1 elements in proof: 2
* G2 elements in proof: 1
* Proof size in bits: 1019
* Cached h poly size: 17407
* UVC Prove step 8
* Elements of w skipped: 0 (0.00%)
* Elements of w processed with special addition: 0 (0.00%)
* Elements of w remaining: 271 (100.00%)
* Elements of w skipped: 0 (0.00%)
* Elements of w processed with special addition: 0 (0.00%)
* Elements of w remaining: 91 (100.00%)
* Elements of w skipped: 0 (0.00%)
* Elements of w processed with special addition: 0 (0.00%)
* Elements of w remaining: 271 (100.00%)
* UVC proof at step 8
* G1 elements in proof: 2
* G2 elements in proof: 1
* Proof size in bits: 1019
* Cached h poly size: 17407
* UVC Prove step 8
* Elements of w skipped: 0 (0.00%)
* Elements of w processed with special addition: 0 (0.00%)
* Elements of w remaining: 271 (100.00%)
* Elements of w skipped: 0 (0.00%)
* Elements of w processed with special addition: 0 (0.00%)
* Elements of w remaining: 91 (100.00%)
* Elements of w skipped: 0 (0.00%)
* Elements of w processed with special addition: 0 (0.00%)
* Elements of w remaining: 271 (100.00%)
* UVC proof at step 8
* G1 elements in proof: 2
* G2 elements in proof: 1
* Proof size in bits: 1019
* Cached h poly size: 17407
* UVC Prove step 8
* Elements of w skipped: 0 (0.00%)
* Elements of w processed with special addition: 0 (0.00%)
* Elements of w remaining: 271 (100.00%)
* Elements of w skipped: 0 (0.00%)
* Elements of w processed with special addition: 0 (0.00%)
* Elements of w remaining: 91 (100.00%)
* Elements of w skipped: 0 (0.00%)
* Elements of w processed with special addition: 0 (0.00%)
* Elements of w remaining: 271 (100.00%)
* UVC proof at step 8
* G1 elements in proof: 2
* G2 elements in proof: 1
* Proof size in bits: 1019
* Cached h poly size: 17407
* UVC Verify step 8: PASS
* UVC Verify step 8: PASS
* UVC Verify step 8: PASS
* UVC Verify step 8: PASS
* UVC Verify step 8: PASS
* UVC Verify step 8: PASS
* UVC Verify step 8: PASS
* UVC Verify step 8: PASS
* UVC Verify step 8: PASS
* UVC Verify step 8: PASS
  8       343.93        2.71          1019          PASS      
* UVC Prove step 16
* Elements of w skipped: 0 (0.00%)
* Elements of w processed with special addition: 0 (0.00%)
* Elements of w remaining: 271 (100.00%)
* Elements of w skipped: 0 (0.00%)
* Elements of w processed with special addition: 0 (0.00%)
* Elements of w remaining: 91 (100.00%)
* Elements of w skipped: 0 (0.00%)
* Elements of w processed with special addition: 0 (0.00%)
* Elements of w remaining: 271 (100.00%)
* UVC proof at step 16
* G1 elements in proof: 2
* G2 elements in proof: 1
* Proof size in bits: 1019
* Cached h poly size: 17407
* UVC Prove step 16
* Elements of w skipped: 0 (0.00%)
* Elements of w processed with special addition: 0 (0.00%)
* Elements of w remaining: 271 (100.00%)
* Elements of w skipped: 0 (0.00%)
* Elements of w processed with special addition: 0 (0.00%)
* Elements of w remaining: 91 (100.00%)
* Elements of w skipped: 0 (0.00%)
* Elements of w processed with special addition: 0 (0.00%)
* Elements of w remaining: 271 (100.00%)
* UVC proof at step 16
* G1 elements in proof: 2
* G2 elements in proof: 1
* Proof size in bits: 1019
* Cached h poly size: 17407
* UVC Prove step 16
* Elements of w skipped: 0 (0.00%)
* Elements of w processed with special addition: 0 (0.00%)
* Elements of w remaining: 271 (100.00%)
* Elements of w skipped: 0 (0.00%)
* Elements of w processed with special addition: 0 (0.00%)
* Elements of w remaining: 91 (100.00%)
* Elements of w skipped: 0 (0.00%)
* Elements of w processed with special addition: 0 (0.00%)
* Elements of w remaining: 271 (100.00%)
* UVC proof at step 16
* G1 elements in proof: 2
* G2 elements in proof: 1
* Proof size in bits: 1019
* Cached h poly size: 17407
* UVC Prove step 16
* Elements of w skipped: 0 (0.00%)
* Elements of w processed with special addition: 0 (0.00%)
* Elements of w remaining: 271 (100.00%)
* Elements of w skipped: 0 (0.00%)
* Elements of w processed with special addition: 0 (0.00%)
* Elements of w remaining: 91 (100.00%)
* Elements of w skipped: 0 (0.00%)
* Elements of w processed with special addition: 0 (0.00%)
* Elements of w remaining: 271 (100.00%)
* UVC proof at step 16
* G1 elements in proof: 2
* G2 elements in proof: 1
* Proof size in bits: 1019
* Cached h poly size: 17407
* UVC Prove step 16
* Elements of w skipped: 0 (0.00%)
* Elements of w processed with special addition: 0 (0.00%)
* Elements of w remaining: 271 (100.00%)
* Elements of w skipped: 0 (0.00%)
* Elements of w processed with special addition: 0 (0.00%)
* Elements of w remaining: 91 (100.00%)
* Elements of w skipped: 0 (0.00%)
* Elements of w processed with special addition: 0 (0.00%)
* Elements of w remaining: 271 (100.00%)
* UVC proof at step 16
* G1 elements in proof: 2
* G2 elements in proof: 1
* Proof size in bits: 1019
* Cached h poly size: 17407
* UVC Prove step 16
* Elements of w skipped: 0 (0.00%)
* Elements of w processed with special addition: 0 (0.00%)
* Elements of w remaining: 271 (100.00%)
* Elements of w skipped: 0 (0.00%)
* Elements of w processed with special addition: 0 (0.00%)
* Elements of w remaining: 91 (100.00%)
* Elements of w skipped: 0 (0.00%)
* Elements of w processed with special addition: 0 (0.00%)
* Elements of w remaining: 271 (100.00%)
* UVC proof at step 16
* G1 elements in proof: 2
* G2 elements in proof: 1
* Proof size in bits: 1019
* Cached h poly size: 17407
* UVC Prove step 16
* Elements of w skipped: 0 (0.00%)
* Elements of w processed with special addition: 0 (0.00%)
* Elements of w remaining: 271 (100.00%)
* Elements of w skipped: 0 (0.00%)
* Elements of w processed with special addition: 0 (0.00%)
* Elements of w remaining: 91 (100.00%)
* Elements of w skipped: 0 (0.00%)
* Elements of w processed with special addition: 0 (0.00%)
* Elements of w remaining: 271 (100.00%)
* UVC proof at step 16
* G1 elements in proof: 2
* G2 elements in proof: 1
* Proof size in bits: 1019
* Cached h poly size: 17407
* UVC Prove step 16
* Elements of w skipped: 0 (0.00%)
* Elements of w processed with special addition: 0 (0.00%)
* Elements of w remaining: 271 (100.00%)
* Elements of w skipped: 0 (0.00%)
* Elements of w processed with special addition: 0 (0.00%)
* Elements of w remaining: 91 (100.00%)
* Elements of w skipped: 0 (0.00%)
* Elements of w processed with special addition: 0 (0.00%)
* Elements of w remaining: 271 (100.00%)
* UVC proof at step 16
* G1 elements in proof: 2
* G2 elements in proof: 1
* Proof size in bits: 1019
* Cached h poly size: 17407
* UVC Prove step 16
* Elements of w skipped: 0 (0.00%)
* Elements of w processed with special addition: 0 (0.00%)
* Elements of w remaining: 271 (100.00%)
* Elements of w skipped: 0 (0.00%)
* Elements of w processed with special addition: 0 (0.00%)
* Elements of w remaining: 91 (100.00%)
* Elements of w skipped: 0 (0.00%)
* Elements of w processed with special addition: 0 (0.00%)
* Elements of w remaining: 271 (100.00%)
* UVC proof at step 16
* G1 elements in proof: 2
* G2 elements in proof: 1
* Proof size in bits: 1019
* Cached h poly size: 17407
* UVC Prove step 16
* Elements of w skipped: 0 (0.00%)
* Elements of w processed with special addition: 0 (0.00%)
* Elements of w remaining: 271 (100.00%)
* Elements of w skipped: 0 (0.00%)
* Elements of w processed with special addition: 0 (0.00%)
* Elements of w remaining: 91 (100.00%)
* Elements of w skipped: 0 (0.00%)
* Elements of w processed with special addition: 0 (0.00%)
* Elements of w remaining: 271 (100.00%)
* UVC proof at step 16
* G1 elements in proof: 2
* G2 elements in proof: 1
* Proof size in bits: 1019
* Cached h poly size: 17407
* UVC Verify step 16: PASS
* UVC Verify step 16: PASS
* UVC Verify step 16: PASS
* UVC Verify step 16: PASS
* UVC Verify step 16: PASS
* UVC Verify step 16: PASS
* UVC Verify step 16: PASS
* UVC Verify step 16: PASS
* UVC Verify step 16: PASS
* UVC Verify step 16: PASS
  16      344.19        2.71          1019          PASS      
* UVC Prove step 32
* Elements of w skipped: 0 (0.00%)
* Elements of w processed with special addition: 0 (0.00%)
* Elements of w remaining: 271 (100.00%)
* Elements of w skipped: 0 (0.00%)
* Elements of w processed with special addition: 0 (0.00%)
* Elements of w remaining: 91 (100.00%)
* Elements of w skipped: 0 (0.00%)
* Elements of w processed with special addition: 0 (0.00%)
* Elements of w remaining: 271 (100.00%)
* UVC proof at step 32
* G1 elements in proof: 2
* G2 elements in proof: 1
* Proof size in bits: 1019
* Cached h poly size: 17407
* UVC Prove step 32
* Elements of w skipped: 0 (0.00%)
* Elements of w processed with special addition: 0 (0.00%)
* Elements of w remaining: 271 (100.00%)
* Elements of w skipped: 0 (0.00%)
* Elements of w processed with special addition: 0 (0.00%)
* Elements of w remaining: 91 (100.00%)
* Elements of w skipped: 0 (0.00%)
* Elements of w processed with special addition: 0 (0.00%)
* Elements of w remaining: 271 (100.00%)
* UVC proof at step 32
* G1 elements in proof: 2
* G2 elements in proof: 1
* Proof size in bits: 1019
* Cached h poly size: 17407
* UVC Prove step 32
* Elements of w skipped: 0 (0.00%)
* Elements of w processed with special addition: 0 (0.00%)
* Elements of w remaining: 271 (100.00%)
* Elements of w skipped: 0 (0.00%)
* Elements of w processed with special addition: 0 (0.00%)
* Elements of w remaining: 91 (100.00%)
* Elements of w skipped: 0 (0.00%)
* Elements of w processed with special addition: 0 (0.00%)
* Elements of w remaining: 271 (100.00%)
* UVC proof at step 32
* G1 elements in proof: 2
* G2 elements in proof: 1
* Proof size in bits: 1019
* Cached h poly size: 17407
* UVC Prove step 32
* Elements of w skipped: 0 (0.00%)
* Elements of w processed with special addition: 0 (0.00%)
* Elements of w remaining: 271 (100.00%)
* Elements of w skipped: 0 (0.00%)
* Elements of w processed with special addition: 0 (0.00%)
* Elements of w remaining: 91 (100.00%)
* Elements of w skipped: 0 (0.00%)
* Elements of w processed with special addition: 0 (0.00%)
* Elements of w remaining: 271 (100.00%)
* UVC proof at step 32
* G1 elements in proof: 2
* G2 elements in proof: 1
* Proof size in bits: 1019
* Cached h poly size: 17407
* UVC Prove step 32
* Elements of w skipped: 0 (0.00%)
* Elements of w processed with special addition: 0 (0.00%)
* Elements of w remaining: 271 (100.00%)
* Elements of w skipped: 0 (0.00%)
* Elements of w processed with special addition: 0 (0.00%)
* Elements of w remaining: 91 (100.00%)
* Elements of w skipped: 0 (0.00%)
* Elements of w processed with special addition: 0 (0.00%)
* Elements of w remaining: 271 (100.00%)
* UVC proof at step 32
* G1 elements in proof: 2
* G2 elements in proof: 1
* Proof size in bits: 1019
* Cached h poly size: 17407
* UVC Prove step 32
* Elements of w skipped: 0 (0.00%)
* Elements of w processed with special addition: 0 (0.00%)
* Elements of w remaining: 271 (100.00%)
* Elements of w skipped: 0 (0.00%)
* Elements of w processed with special addition: 0 (0.00%)
* Elements of w remaining: 91 (100.00%)
* Elements of w skipped: 0 (0.00%)
* Elements of w processed with special addition: 0 (0.00%)
* Elements of w remaining: 271 (100.00%)
* UVC proof at step 32
* G1 elements in proof: 2
* G2 elements in proof: 1
* Proof size in bits: 1019
* Cached h poly size: 17407
* UVC Prove step 32
* Elements of w skipped: 0 (0.00%)
* Elements of w processed with special addition: 0 (0.00%)
* Elements of w remaining: 271 (100.00%)
* Elements of w skipped: 0 (0.00%)
* Elements of w processed with special addition: 0 (0.00%)
* Elements of w remaining: 91 (100.00%)
* Elements of w skipped: 0 (0.00%)
* Elements of w processed with special addition: 0 (0.00%)
* Elements of w remaining: 271 (100.00%)
* UVC proof at step 32
* G1 elements in proof: 2
* G2 elements in proof: 1
* Proof size in bits: 1019
* Cached h poly size: 17407
* UVC Prove step 32
* Elements of w skipped: 0 (0.00%)
* Elements of w processed with special addition: 0 (0.00%)
* Elements of w remaining: 271 (100.00%)
* Elements of w skipped: 0 (0.00%)
* Elements of w processed with special addition: 0 (0.00%)
* Elements of w remaining: 91 (100.00%)
* Elements of w skipped: 0 (0.00%)
* Elements of w processed with special addition: 0 (0.00%)
* Elements of w remaining: 271 (100.00%)
* UVC proof at step 32
* G1 elements in proof: 2
* G2 elements in proof: 1
* Proof size in bits: 1019
* Cached h poly size: 17407
* UVC Prove step 32
* Elements of w skipped: 0 (0.00%)
* Elements of w processed with special addition: 0 (0.00%)
* Elements of w remaining: 271 (100.00%)
* Elements of w skipped: 0 (0.00%)
* Elements of w processed with special addition: 0 (0.00%)
* Elements of w remaining: 91 (100.00%)
* Elements of w skipped: 0 (0.00%)
* Elements of w processed with special addition: 0 (0.00%)
* Elements of w remaining: 271 (100.00%)
* UVC proof at step 32
* G1 elements in proof: 2
* G2 elements in proof: 1
* Proof size in bits: 1019
* Cached h poly size: 17407
* UVC Prove step 32
* Elements of w skipped: 0 (0.00%)
* Elements of w processed with special addition: 0 (0.00%)
* Elements of w remaining: 271 (100.00%)
* Elements of w skipped: 0 (0.00%)
* Elements of w processed with special addition: 0 (0.00%)
* Elements of w remaining: 91 (100.00%)
* Elements of w skipped: 0 (0.00%)
* Elements of w processed with special addition: 0 (0.00%)
* Elements of w remaining: 271 (100.00%)
* UVC proof at step 32
* G1 elements in proof: 2
* G2 elements in proof: 1
* Proof size in bits: 1019
* Cached h poly size: 17407
* UVC Verify step 32: PASS
* UVC Verify step 32: PASS
* UVC Verify step 32: PASS
* UVC Verify step 32: PASS
* UVC Verify step 32: PASS
* UVC Verify step 32: PASS
* UVC Verify step 32: PASS
* UVC Verify step 32: PASS
* UVC Verify step 32: PASS
* UVC Verify step 32: PASS
  32      344.18        2.71          1019          PASS      
* UVC Prove step 64
* Elements of w skipped: 0 (0.00%)
* Elements of w processed with special addition: 0 (0.00%)
* Elements of w remaining: 271 (100.00%)
* Elements of w skipped: 0 (0.00%)
* Elements of w processed with special addition: 0 (0.00%)
* Elements of w remaining: 91 (100.00%)
* Elements of w skipped: 0 (0.00%)
* Elements of w processed with special addition: 0 (0.00%)
* Elements of w remaining: 271 (100.00%)
* UVC proof at step 64
* G1 elements in proof: 2
* G2 elements in proof: 1
* Proof size in bits: 1019
* Cached h poly size: 17407
* UVC Prove step 64
* Elements of w skipped: 0 (0.00%)
* Elements of w processed with special addition: 0 (0.00%)
* Elements of w remaining: 271 (100.00%)
* Elements of w skipped: 0 (0.00%)
* Elements of w processed with special addition: 0 (0.00%)
* Elements of w remaining: 91 (100.00%)
* Elements of w skipped: 0 (0.00%)
* Elements of w processed with special addition: 0 (0.00%)
* Elements of w remaining: 271 (100.00%)
* UVC proof at step 64
* G1 elements in proof: 2
* G2 elements in proof: 1
* Proof size in bits: 1019
* Cached h poly size: 17407
* UVC Prove step 64
* Elements of w skipped: 0 (0.00%)
* Elements of w processed with special addition: 0 (0.00%)
* Elements of w remaining: 271 (100.00%)
* Elements of w skipped: 0 (0.00%)
* Elements of w processed with special addition: 0 (0.00%)
* Elements of w remaining: 91 (100.00%)
* Elements of w skipped: 0 (0.00%)
* Elements of w processed with special addition: 0 (0.00%)
* Elements of w remaining: 271 (100.00%)
* UVC proof at step 64
* G1 elements in proof: 2
* G2 elements in proof: 1
* Proof size in bits: 1019
* Cached h poly size: 17407
* UVC Prove step 64
* Elements of w skipped: 0 (0.00%)
* Elements of w processed with special addition: 0 (0.00%)
* Elements of w remaining: 271 (100.00%)
* Elements of w skipped: 0 (0.00%)
* Elements of w processed with special addition: 0 (0.00%)
* Elements of w remaining: 91 (100.00%)
* Elements of w skipped: 0 (0.00%)
* Elements of w processed with special addition: 0 (0.00%)
* Elements of w remaining: 271 (100.00%)
* UVC proof at step 64
* G1 elements in proof: 2
* G2 elements in proof: 1
* Proof size in bits: 1019
* Cached h poly size: 17407
* UVC Prove step 64
* Elements of w skipped: 0 (0.00%)
* Elements of w processed with special addition: 0 (0.00%)
* Elements of w remaining: 271 (100.00%)
* Elements of w skipped: 0 (0.00%)
* Elements of w processed with special addition: 0 (0.00%)
* Elements of w remaining: 91 (100.00%)
* Elements of w skipped: 0 (0.00%)
* Elements of w processed with special addition: 0 (0.00%)
* Elements of w remaining: 271 (100.00%)
* UVC proof at step 64
* G1 elements in proof: 2
* G2 elements in proof: 1
* Proof size in bits: 1019
* Cached h poly size: 17407
* UVC Prove step 64
* Elements of w skipped: 0 (0.00%)
* Elements of w processed with special addition: 0 (0.00%)
* Elements of w remaining: 271 (100.00%)
* Elements of w skipped: 0 (0.00%)
* Elements of w processed with special addition: 0 (0.00%)
* Elements of w remaining: 91 (100.00%)
* Elements of w skipped: 0 (0.00%)
* Elements of w processed with special addition: 0 (0.00%)
* Elements of w remaining: 271 (100.00%)
* UVC proof at step 64
* G1 elements in proof: 2
* G2 elements in proof: 1
* Proof size in bits: 1019
* Cached h poly size: 17407
* UVC Prove step 64
* Elements of w skipped: 0 (0.00%)
* Elements of w processed with special addition: 0 (0.00%)
* Elements of w remaining: 271 (100.00%)
* Elements of w skipped: 0 (0.00%)
* Elements of w processed with special addition: 0 (0.00%)
* Elements of w remaining: 91 (100.00%)
* Elements of w skipped: 0 (0.00%)
* Elements of w processed with special addition: 0 (0.00%)
* Elements of w remaining: 271 (100.00%)
* UVC proof at step 64
* G1 elements in proof: 2
* G2 elements in proof: 1
* Proof size in bits: 1019
* Cached h poly size: 17407
* UVC Prove step 64
* Elements of w skipped: 0 (0.00%)
* Elements of w processed with special addition: 0 (0.00%)
* Elements of w remaining: 271 (100.00%)
* Elements of w skipped: 0 (0.00%)
* Elements of w processed with special addition: 0 (0.00%)
* Elements of w remaining: 91 (100.00%)
* Elements of w skipped: 0 (0.00%)
* Elements of w processed with special addition: 0 (0.00%)
* Elements of w remaining: 271 (100.00%)
* UVC proof at step 64
* G1 elements in proof: 2
* G2 elements in proof: 1
* Proof size in bits: 1019
* Cached h poly size: 17407
* UVC Prove step 64
* Elements of w skipped: 0 (0.00%)
* Elements of w processed with special addition: 0 (0.00%)
* Elements of w remaining: 271 (100.00%)
* Elements of w skipped: 0 (0.00%)
* Elements of w processed with special addition: 0 (0.00%)
* Elements of w remaining: 91 (100.00%)
* Elements of w skipped: 0 (0.00%)
* Elements of w processed with special addition: 0 (0.00%)
* Elements of w remaining: 271 (100.00%)
* UVC proof at step 64
* G1 elements in proof: 2
* G2 elements in proof: 1
* Proof size in bits: 1019
* Cached h poly size: 17407
* UVC Prove step 64
* Elements of w skipped: 0 (0.00%)
* Elements of w processed with special addition: 0 (0.00%)
* Elements of w remaining: 271 (100.00%)
* Elements of w skipped: 0 (0.00%)
* Elements of w processed with special addition: 0 (0.00%)
* Elements of w remaining: 91 (100.00%)
* Elements of w skipped: 0 (0.00%)
* Elements of w processed with special addition: 0 (0.00%)
* Elements of w remaining: 271 (100.00%)
* UVC proof at step 64
* G1 elements in proof: 2
* G2 elements in proof: 1
* Proof size in bits: 1019
* Cached h poly size: 17407
* UVC Verify step 64: PASS
* UVC Verify step 64: PASS
* UVC Verify step 64: PASS
* UVC Verify step 64: PASS
* UVC Verify step 64: PASS
* UVC Verify step 64: PASS
* UVC Verify step 64: PASS
* UVC Verify step 64: PASS
* UVC Verify step 64: PASS
* UVC Verify step 64: PASS
  64      344.91        2.72          1019          PASS      

  UVC results written to /Users/heewonchung/Documents/00-Research/active/Updatable Verifiable Computation/Dev/results/2026-03-09_195737_paper/csv/uvc_results.csv

================================================================
Groth16 Benchmark: circuit=mimc, n=270, B=64
================================================================

  Step    C_j constr  Setup (ms)    Prove (ms)    Verify (ms)   Verified  
  ------  ----------  ------------  ------------  ------------  ----------
* Composed C_1: 270 constraints, 272 variables, 2 inputs
Swap is not beneficial, not performing
* QAP number of variables: 272
* QAP pre degree: 270
* QAP degree: 288
* QAP number of input variables: 2
* G1 window: 7
* G2 window: 5
* G1 elements in PK: 1104
* Non-zero G1 elements in PK: 922
* G2 elements in PK: 274
* Non-zero G2 elements in PK: 92
* PK size in bits: 287762
* G1 elements in VK: 2
* G2 elements in VK: 2
* GT elements in VK: 1
* VK size in bits: 1911
* Elements of w skipped: 0 (0.00%)
* Elements of w processed with special addition: 1 (0.37%)
* Elements of w remaining: 272 (99.63%)
* Elements of w skipped: 0 (0.00%)
* Elements of w processed with special addition: 0 (0.00%)
* Elements of w remaining: 91 (100.00%)
* Elements of w skipped: 0 (0.00%)
* Elements of w processed with special addition: 0 (0.00%)
* Elements of w remaining: 270 (100.00%)
* G1 elements in proof: 2
* G2 elements in proof: 1
* Proof size in bits: 1019
* Elements of w skipped: 0 (0.00%)
* Elements of w processed with special addition: 1 (0.37%)
* Elements of w remaining: 272 (99.63%)
* Elements of w skipped: 0 (0.00%)
* Elements of w processed with special addition: 0 (0.00%)
* Elements of w remaining: 91 (100.00%)
* Elements of w skipped: 0 (0.00%)
* Elements of w processed with special addition: 0 (0.00%)
* Elements of w remaining: 270 (100.00%)
* G1 elements in proof: 2
* G2 elements in proof: 1
* Proof size in bits: 1019
* Elements of w skipped: 0 (0.00%)
* Elements of w processed with special addition: 1 (0.37%)
* Elements of w remaining: 272 (99.63%)
* Elements of w skipped: 0 (0.00%)
* Elements of w processed with special addition: 0 (0.00%)
* Elements of w remaining: 91 (100.00%)
* Elements of w skipped: 0 (0.00%)
* Elements of w processed with special addition: 0 (0.00%)
* Elements of w remaining: 270 (100.00%)
* G1 elements in proof: 2
* G2 elements in proof: 1
* Proof size in bits: 1019
* Elements of w skipped: 0 (0.00%)
* Elements of w processed with special addition: 1 (0.37%)
* Elements of w remaining: 272 (99.63%)
* Elements of w skipped: 0 (0.00%)
* Elements of w processed with special addition: 0 (0.00%)
* Elements of w remaining: 91 (100.00%)
* Elements of w skipped: 0 (0.00%)
* Elements of w processed with special addition: 0 (0.00%)
* Elements of w remaining: 270 (100.00%)
* G1 elements in proof: 2
* G2 elements in proof: 1
* Proof size in bits: 1019
* Elements of w skipped: 0 (0.00%)
* Elements of w processed with special addition: 1 (0.37%)
* Elements of w remaining: 272 (99.63%)
* Elements of w skipped: 0 (0.00%)
* Elements of w processed with special addition: 0 (0.00%)
* Elements of w remaining: 91 (100.00%)
* Elements of w skipped: 0 (0.00%)
* Elements of w processed with special addition: 0 (0.00%)
* Elements of w remaining: 270 (100.00%)
* G1 elements in proof: 2
* G2 elements in proof: 1
* Proof size in bits: 1019
* Elements of w skipped: 0 (0.00%)
* Elements of w processed with special addition: 1 (0.37%)
* Elements of w remaining: 272 (99.63%)
* Elements of w skipped: 0 (0.00%)
* Elements of w processed with special addition: 0 (0.00%)
* Elements of w remaining: 91 (100.00%)
* Elements of w skipped: 0 (0.00%)
* Elements of w processed with special addition: 0 (0.00%)
* Elements of w remaining: 270 (100.00%)
* G1 elements in proof: 2
* G2 elements in proof: 1
* Proof size in bits: 1019
* Elements of w skipped: 0 (0.00%)
* Elements of w processed with special addition: 1 (0.37%)
* Elements of w remaining: 272 (99.63%)
* Elements of w skipped: 0 (0.00%)
* Elements of w processed with special addition: 0 (0.00%)
* Elements of w remaining: 91 (100.00%)
* Elements of w skipped: 0 (0.00%)
* Elements of w processed with special addition: 0 (0.00%)
* Elements of w remaining: 270 (100.00%)
* G1 elements in proof: 2
* G2 elements in proof: 1
* Proof size in bits: 1019
* Elements of w skipped: 0 (0.00%)
* Elements of w processed with special addition: 1 (0.37%)
* Elements of w remaining: 272 (99.63%)
* Elements of w skipped: 0 (0.00%)
* Elements of w processed with special addition: 0 (0.00%)
* Elements of w remaining: 91 (100.00%)
* Elements of w skipped: 0 (0.00%)
* Elements of w processed with special addition: 0 (0.00%)
* Elements of w remaining: 270 (100.00%)
* G1 elements in proof: 2
* G2 elements in proof: 1
* Proof size in bits: 1019
* Elements of w skipped: 0 (0.00%)
* Elements of w processed with special addition: 1 (0.37%)
* Elements of w remaining: 272 (99.63%)
* Elements of w skipped: 0 (0.00%)
* Elements of w processed with special addition: 0 (0.00%)
* Elements of w remaining: 91 (100.00%)
* Elements of w skipped: 0 (0.00%)
* Elements of w processed with special addition: 0 (0.00%)
* Elements of w remaining: 270 (100.00%)
* G1 elements in proof: 2
* G2 elements in proof: 1
* Proof size in bits: 1019
* Elements of w skipped: 0 (0.00%)
* Elements of w processed with special addition: 1 (0.37%)
* Elements of w remaining: 272 (99.63%)
* Elements of w skipped: 0 (0.00%)
* Elements of w processed with special addition: 0 (0.00%)
* Elements of w remaining: 91 (100.00%)
* Elements of w skipped: 0 (0.00%)
* Elements of w processed with special addition: 0 (0.00%)
* Elements of w remaining: 270 (100.00%)
* G1 elements in proof: 2
* G2 elements in proof: 1
* Proof size in bits: 1019
  1       270         47.9          48.32         2.70          PASS      
* Composed C_2: 540 constraints, 543 variables, 2 inputs
Swap is not beneficial, not performing
* QAP number of variables: 543
* QAP pre degree: 540
* QAP degree: 544
* QAP number of input variables: 2
* G1 window: 8
* G2 window: 6
* G1 elements in PK: 2173
* Non-zero G1 elements in PK: 1811
* G2 elements in PK: 545
* Non-zero G2 elements in PK: 183
* PK size in bits: 566600
* G1 elements in VK: 2
* G2 elements in VK: 2
* GT elements in VK: 1
* VK size in bits: 1911
* Elements of w skipped: 0 (0.00%)
* Elements of w processed with special addition: 1 (0.18%)
* Elements of w remaining: 543 (99.82%)
* Elements of w skipped: 0 (0.00%)
* Elements of w processed with special addition: 0 (0.00%)
* Elements of w remaining: 182 (100.00%)
* Elements of w skipped: 0 (0.00%)
* Elements of w processed with special addition: 0 (0.00%)
* Elements of w remaining: 541 (100.00%)
* G1 elements in proof: 2
* G2 elements in proof: 1
* Proof size in bits: 1019
* Elements of w skipped: 0 (0.00%)
* Elements of w processed with special addition: 1 (0.18%)
* Elements of w remaining: 543 (99.82%)
* Elements of w skipped: 0 (0.00%)
* Elements of w processed with special addition: 0 (0.00%)
* Elements of w remaining: 182 (100.00%)
* Elements of w skipped: 0 (0.00%)
* Elements of w processed with special addition: 0 (0.00%)
* Elements of w remaining: 541 (100.00%)
* G1 elements in proof: 2
* G2 elements in proof: 1
* Proof size in bits: 1019
* Elements of w skipped: 0 (0.00%)
* Elements of w processed with special addition: 1 (0.18%)
* Elements of w remaining: 543 (99.82%)
* Elements of w skipped: 0 (0.00%)
* Elements of w processed with special addition: 0 (0.00%)
* Elements of w remaining: 182 (100.00%)
* Elements of w skipped: 0 (0.00%)
* Elements of w processed with special addition: 0 (0.00%)
* Elements of w remaining: 541 (100.00%)
* G1 elements in proof: 2
* G2 elements in proof: 1
* Proof size in bits: 1019
* Elements of w skipped: 0 (0.00%)
* Elements of w processed with special addition: 1 (0.18%)
* Elements of w remaining: 543 (99.82%)
* Elements of w skipped: 0 (0.00%)
* Elements of w processed with special addition: 0 (0.00%)
* Elements of w remaining: 182 (100.00%)
* Elements of w skipped: 0 (0.00%)
* Elements of w processed with special addition: 0 (0.00%)
* Elements of w remaining: 541 (100.00%)
* G1 elements in proof: 2
* G2 elements in proof: 1
* Proof size in bits: 1019
* Elements of w skipped: 0 (0.00%)
* Elements of w processed with special addition: 1 (0.18%)
* Elements of w remaining: 543 (99.82%)
* Elements of w skipped: 0 (0.00%)
* Elements of w processed with special addition: 0 (0.00%)
* Elements of w remaining: 182 (100.00%)
* Elements of w skipped: 0 (0.00%)
* Elements of w processed with special addition: 0 (0.00%)
* Elements of w remaining: 541 (100.00%)
* G1 elements in proof: 2
* G2 elements in proof: 1
* Proof size in bits: 1019
* Elements of w skipped: 0 (0.00%)
* Elements of w processed with special addition: 1 (0.18%)
* Elements of w remaining: 543 (99.82%)
* Elements of w skipped: 0 (0.00%)
* Elements of w processed with special addition: 0 (0.00%)
* Elements of w remaining: 182 (100.00%)
* Elements of w skipped: 0 (0.00%)
* Elements of w processed with special addition: 0 (0.00%)
* Elements of w remaining: 541 (100.00%)
* G1 elements in proof: 2
* G2 elements in proof: 1
* Proof size in bits: 1019
* Elements of w skipped: 0 (0.00%)
* Elements of w processed with special addition: 1 (0.18%)
* Elements of w remaining: 543 (99.82%)
* Elements of w skipped: 0 (0.00%)
* Elements of w processed with special addition: 0 (0.00%)
* Elements of w remaining: 182 (100.00%)
* Elements of w skipped: 0 (0.00%)
* Elements of w processed with special addition: 0 (0.00%)
* Elements of w remaining: 541 (100.00%)
* G1 elements in proof: 2
* G2 elements in proof: 1
* Proof size in bits: 1019
* Elements of w skipped: 0 (0.00%)
* Elements of w processed with special addition: 1 (0.18%)
* Elements of w remaining: 543 (99.82%)
* Elements of w skipped: 0 (0.00%)
* Elements of w processed with special addition: 0 (0.00%)
* Elements of w remaining: 182 (100.00%)
* Elements of w skipped: 0 (0.00%)
* Elements of w processed with special addition: 0 (0.00%)
* Elements of w remaining: 541 (100.00%)
* G1 elements in proof: 2
* G2 elements in proof: 1
* Proof size in bits: 1019
* Elements of w skipped: 0 (0.00%)
* Elements of w processed with special addition: 1 (0.18%)
* Elements of w remaining: 543 (99.82%)
* Elements of w skipped: 0 (0.00%)
* Elements of w processed with special addition: 0 (0.00%)
* Elements of w remaining: 182 (100.00%)
* Elements of w skipped: 0 (0.00%)
* Elements of w processed with special addition: 0 (0.00%)
* Elements of w remaining: 541 (100.00%)
* G1 elements in proof: 2
* G2 elements in proof: 1
* Proof size in bits: 1019
* Elements of w skipped: 0 (0.00%)
* Elements of w processed with special addition: 1 (0.18%)
* Elements of w remaining: 543 (99.82%)
* Elements of w skipped: 0 (0.00%)
* Elements of w processed with special addition: 0 (0.00%)
* Elements of w remaining: 182 (100.00%)
* Elements of w skipped: 0 (0.00%)
* Elements of w processed with special addition: 0 (0.00%)
* Elements of w remaining: 541 (100.00%)
* G1 elements in proof: 2
* G2 elements in proof: 1
* Proof size in bits: 1019
  2       540         76.4          84.91         2.75          PASS      
* Composed C_4: 1080 constraints, 1085 variables, 2 inputs
Swap is not beneficial, not performing
* QAP number of variables: 1085
* QAP pre degree: 1080
* QAP degree: 1088
* QAP number of input variables: 2
* G1 window: 9
* G2 window: 7
* G1 elements in PK: 4343
* Non-zero G1 elements in PK: 3621
* G2 elements in PK: 1087
* Non-zero G2 elements in PK: 365
* PK size in bits: 1132436
* G1 elements in VK: 2
* G2 elements in VK: 2
* GT elements in VK: 1
* VK size in bits: 1911
* Elements of w skipped: 0 (0.00%)
* Elements of w processed with special addition: 1 (0.09%)
* Elements of w remaining: 1085 (99.91%)
* Elements of w skipped: 0 (0.00%)
* Elements of w processed with special addition: 0 (0.00%)
* Elements of w remaining: 364 (100.00%)
* Elements of w skipped: 0 (0.00%)
* Elements of w processed with special addition: 0 (0.00%)
* Elements of w remaining: 1083 (100.00%)
* G1 elements in proof: 2
* G2 elements in proof: 1
* Proof size in bits: 1019
* Elements of w skipped: 0 (0.00%)
* Elements of w processed with special addition: 1 (0.09%)
* Elements of w remaining: 1085 (99.91%)
* Elements of w skipped: 0 (0.00%)
* Elements of w processed with special addition: 0 (0.00%)
* Elements of w remaining: 364 (100.00%)
* Elements of w skipped: 0 (0.00%)
* Elements of w processed with special addition: 0 (0.00%)
* Elements of w remaining: 1083 (100.00%)
* G1 elements in proof: 2
* G2 elements in proof: 1
* Proof size in bits: 1019
* Elements of w skipped: 0 (0.00%)
* Elements of w processed with special addition: 1 (0.09%)
* Elements of w remaining: 1085 (99.91%)
* Elements of w skipped: 0 (0.00%)
* Elements of w processed with special addition: 0 (0.00%)
* Elements of w remaining: 364 (100.00%)
* Elements of w skipped: 0 (0.00%)
* Elements of w processed with special addition: 0 (0.00%)
* Elements of w remaining: 1083 (100.00%)
* G1 elements in proof: 2
* G2 elements in proof: 1
* Proof size in bits: 1019
* Elements of w skipped: 0 (0.00%)
* Elements of w processed with special addition: 1 (0.09%)
* Elements of w remaining: 1085 (99.91%)
* Elements of w skipped: 0 (0.00%)
* Elements of w processed with special addition: 0 (0.00%)
* Elements of w remaining: 364 (100.00%)
* Elements of w skipped: 0 (0.00%)
* Elements of w processed with special addition: 0 (0.00%)
* Elements of w remaining: 1083 (100.00%)
* G1 elements in proof: 2
* G2 elements in proof: 1
* Proof size in bits: 1019
* Elements of w skipped: 0 (0.00%)
* Elements of w processed with special addition: 1 (0.09%)
* Elements of w remaining: 1085 (99.91%)
* Elements of w skipped: 0 (0.00%)
* Elements of w processed with special addition: 0 (0.00%)
* Elements of w remaining: 364 (100.00%)
* Elements of w skipped: 0 (0.00%)
* Elements of w processed with special addition: 0 (0.00%)
* Elements of w remaining: 1083 (100.00%)
* G1 elements in proof: 2
* G2 elements in proof: 1
* Proof size in bits: 1019
* Elements of w skipped: 0 (0.00%)
* Elements of w processed with special addition: 1 (0.09%)
* Elements of w remaining: 1085 (99.91%)
* Elements of w skipped: 0 (0.00%)
* Elements of w processed with special addition: 0 (0.00%)
* Elements of w remaining: 364 (100.00%)
* Elements of w skipped: 0 (0.00%)
* Elements of w processed with special addition: 0 (0.00%)
* Elements of w remaining: 1083 (100.00%)
* G1 elements in proof: 2
* G2 elements in proof: 1
* Proof size in bits: 1019
* Elements of w skipped: 0 (0.00%)
* Elements of w processed with special addition: 1 (0.09%)
* Elements of w remaining: 1085 (99.91%)
* Elements of w skipped: 0 (0.00%)
* Elements of w processed with special addition: 0 (0.00%)
* Elements of w remaining: 364 (100.00%)
* Elements of w skipped: 0 (0.00%)
* Elements of w processed with special addition: 0 (0.00%)
* Elements of w remaining: 1083 (100.00%)
* G1 elements in proof: 2
* G2 elements in proof: 1
* Proof size in bits: 1019
* Elements of w skipped: 0 (0.00%)
* Elements of w processed with special addition: 1 (0.09%)
* Elements of w remaining: 1085 (99.91%)
* Elements of w skipped: 0 (0.00%)
* Elements of w processed with special addition: 0 (0.00%)
* Elements of w remaining: 364 (100.00%)
* Elements of w skipped: 0 (0.00%)
* Elements of w processed with special addition: 0 (0.00%)
* Elements of w remaining: 1083 (100.00%)
* G1 elements in proof: 2
* G2 elements in proof: 1
* Proof size in bits: 1019
* Elements of w skipped: 0 (0.00%)
* Elements of w processed with special addition: 1 (0.09%)
* Elements of w remaining: 1085 (99.91%)
* Elements of w skipped: 0 (0.00%)
* Elements of w processed with special addition: 0 (0.00%)
* Elements of w remaining: 364 (100.00%)
* Elements of w skipped: 0 (0.00%)
* Elements of w processed with special addition: 0 (0.00%)
* Elements of w remaining: 1083 (100.00%)
* G1 elements in proof: 2
* G2 elements in proof: 1
* Proof size in bits: 1019
* Elements of w skipped: 0 (0.00%)
* Elements of w processed with special addition: 1 (0.09%)
* Elements of w remaining: 1085 (99.91%)
* Elements of w skipped: 0 (0.00%)
* Elements of w processed with special addition: 0 (0.00%)
* Elements of w remaining: 364 (100.00%)
* Elements of w skipped: 0 (0.00%)
* Elements of w processed with special addition: 0 (0.00%)
* Elements of w remaining: 1083 (100.00%)
* G1 elements in proof: 2
* G2 elements in proof: 1
* Proof size in bits: 1019
  4       1080        130.4         138.00        2.71          PASS      
* Composed C_8: 2160 constraints, 2169 variables, 2 inputs
Swap is not beneficial, not performing
* QAP number of variables: 2169
* QAP pre degree: 2160
* QAP degree: 2176
* QAP number of input variables: 2
* G1 window: 9
* G2 window: 7
* G1 elements in PK: 8683
* Non-zero G1 elements in PK: 7241
* G2 elements in PK: 2171
* Non-zero G2 elements in PK: 729
* PK size in bits: 2264108
* G1 elements in VK: 2
* G2 elements in VK: 2
* GT elements in VK: 1
* VK size in bits: 1911
* Elements of w skipped: 0 (0.00%)
* Elements of w processed with special addition: 1 (0.05%)
* Elements of w remaining: 2169 (99.95%)
* Elements of w skipped: 0 (0.00%)
* Elements of w processed with special addition: 0 (0.00%)
* Elements of w remaining: 728 (100.00%)
* Elements of w skipped: 0 (0.00%)
* Elements of w processed with special addition: 0 (0.00%)
* Elements of w remaining: 2167 (100.00%)
* G1 elements in proof: 2
* G2 elements in proof: 1
* Proof size in bits: 1019
* Elements of w skipped: 0 (0.00%)
* Elements of w processed with special addition: 1 (0.05%)
* Elements of w remaining: 2169 (99.95%)
* Elements of w skipped: 0 (0.00%)
* Elements of w processed with special addition: 0 (0.00%)
* Elements of w remaining: 728 (100.00%)
* Elements of w skipped: 0 (0.00%)
* Elements of w processed with special addition: 0 (0.00%)
* Elements of w remaining: 2167 (100.00%)
* G1 elements in proof: 2
* G2 elements in proof: 1
* Proof size in bits: 1019
* Elements of w skipped: 0 (0.00%)
* Elements of w processed with special addition: 1 (0.05%)
* Elements of w remaining: 2169 (99.95%)
* Elements of w skipped: 0 (0.00%)
* Elements of w processed with special addition: 0 (0.00%)
* Elements of w remaining: 728 (100.00%)
* Elements of w skipped: 0 (0.00%)
* Elements of w processed with special addition: 0 (0.00%)
* Elements of w remaining: 2167 (100.00%)
* G1 elements in proof: 2
* G2 elements in proof: 1
* Proof size in bits: 1019
* Elements of w skipped: 0 (0.00%)
* Elements of w processed with special addition: 1 (0.05%)
* Elements of w remaining: 2169 (99.95%)
* Elements of w skipped: 0 (0.00%)
* Elements of w processed with special addition: 0 (0.00%)
* Elements of w remaining: 728 (100.00%)
* Elements of w skipped: 0 (0.00%)
* Elements of w processed with special addition: 0 (0.00%)
* Elements of w remaining: 2167 (100.00%)
* G1 elements in proof: 2
* G2 elements in proof: 1
* Proof size in bits: 1019
* Elements of w skipped: 0 (0.00%)
* Elements of w processed with special addition: 1 (0.05%)
* Elements of w remaining: 2169 (99.95%)
* Elements of w skipped: 0 (0.00%)
* Elements of w processed with special addition: 0 (0.00%)
* Elements of w remaining: 728 (100.00%)
* Elements of w skipped: 0 (0.00%)
* Elements of w processed with special addition: 0 (0.00%)
* Elements of w remaining: 2167 (100.00%)
* G1 elements in proof: 2
* G2 elements in proof: 1
* Proof size in bits: 1019
* Elements of w skipped: 0 (0.00%)
* Elements of w processed with special addition: 1 (0.05%)
* Elements of w remaining: 2169 (99.95%)
* Elements of w skipped: 0 (0.00%)
* Elements of w processed with special addition: 0 (0.00%)
* Elements of w remaining: 728 (100.00%)
* Elements of w skipped: 0 (0.00%)
* Elements of w processed with special addition: 0 (0.00%)
* Elements of w remaining: 2167 (100.00%)
* G1 elements in proof: 2
* G2 elements in proof: 1
* Proof size in bits: 1019
* Elements of w skipped: 0 (0.00%)
* Elements of w processed with special addition: 1 (0.05%)
* Elements of w remaining: 2169 (99.95%)
* Elements of w skipped: 0 (0.00%)
* Elements of w processed with special addition: 0 (0.00%)
* Elements of w remaining: 728 (100.00%)
* Elements of w skipped: 0 (0.00%)
* Elements of w processed with special addition: 0 (0.00%)
* Elements of w remaining: 2167 (100.00%)
* G1 elements in proof: 2
* G2 elements in proof: 1
* Proof size in bits: 1019
* Elements of w skipped: 0 (0.00%)
* Elements of w processed with special addition: 1 (0.05%)
* Elements of w remaining: 2169 (99.95%)
* Elements of w skipped: 0 (0.00%)
* Elements of w processed with special addition: 0 (0.00%)
* Elements of w remaining: 728 (100.00%)
* Elements of w skipped: 0 (0.00%)
* Elements of w processed with special addition: 0 (0.00%)
* Elements of w remaining: 2167 (100.00%)
* G1 elements in proof: 2
* G2 elements in proof: 1
* Proof size in bits: 1019
* Elements of w skipped: 0 (0.00%)
* Elements of w processed with special addition: 1 (0.05%)
* Elements of w remaining: 2169 (99.95%)
* Elements of w skipped: 0 (0.00%)
* Elements of w processed with special addition: 0 (0.00%)
* Elements of w remaining: 728 (100.00%)
* Elements of w skipped: 0 (0.00%)
* Elements of w processed with special addition: 0 (0.00%)
* Elements of w remaining: 2167 (100.00%)
* G1 elements in proof: 2
* G2 elements in proof: 1
* Proof size in bits: 1019
* Elements of w skipped: 0 (0.00%)
* Elements of w processed with special addition: 1 (0.05%)
* Elements of w remaining: 2169 (99.95%)
* Elements of w skipped: 0 (0.00%)
* Elements of w processed with special addition: 0 (0.00%)
* Elements of w remaining: 728 (100.00%)
* Elements of w skipped: 0 (0.00%)
* Elements of w processed with special addition: 0 (0.00%)
* Elements of w remaining: 2167 (100.00%)
* G1 elements in proof: 2
* G2 elements in proof: 1
* Proof size in bits: 1019
  8       2160        238.5         227.53        2.70          PASS      
* Composed C_16: 4320 constraints, 4337 variables, 2 inputs
Swap is not beneficial, not performing
* QAP number of variables: 4337
* QAP pre degree: 4320
* QAP degree: 4352
* QAP number of input variables: 2
* G1 window: 11
* G2 window: 8
* G1 elements in PK: 17363
* Non-zero G1 elements in PK: 14481
* G2 elements in PK: 4339
* Non-zero G2 elements in PK: 1457
* PK size in bits: 4527452
* G1 elements in VK: 2
* G2 elements in VK: 2
* GT elements in VK: 1
* VK size in bits: 1911
* Elements of w skipped: 0 (0.00%)
* Elements of w processed with special addition: 1 (0.02%)
* Elements of w remaining: 4337 (99.98%)
* Elements of w skipped: 0 (0.00%)
* Elements of w processed with special addition: 0 (0.00%)
* Elements of w remaining: 1456 (100.00%)
* Elements of w skipped: 0 (0.00%)
* Elements of w processed with special addition: 0 (0.00%)
* Elements of w remaining: 4335 (100.00%)
* G1 elements in proof: 2
* G2 elements in proof: 1
* Proof size in bits: 1019
* Elements of w skipped: 0 (0.00%)
* Elements of w processed with special addition: 1 (0.02%)
* Elements of w remaining: 4337 (99.98%)
* Elements of w skipped: 0 (0.00%)
* Elements of w processed with special addition: 0 (0.00%)
* Elements of w remaining: 1456 (100.00%)
* Elements of w skipped: 0 (0.00%)
* Elements of w processed with special addition: 0 (0.00%)
* Elements of w remaining: 4335 (100.00%)
* G1 elements in proof: 2
* G2 elements in proof: 1
* Proof size in bits: 1019
* Elements of w skipped: 0 (0.00%)
* Elements of w processed with special addition: 1 (0.02%)
* Elements of w remaining: 4337 (99.98%)
* Elements of w skipped: 0 (0.00%)
* Elements of w processed with special addition: 0 (0.00%)
* Elements of w remaining: 1456 (100.00%)
* Elements of w skipped: 0 (0.00%)
* Elements of w processed with special addition: 0 (0.00%)
* Elements of w remaining: 4335 (100.00%)
* G1 elements in proof: 2
* G2 elements in proof: 1
* Proof size in bits: 1019
* Elements of w skipped: 0 (0.00%)
* Elements of w processed with special addition: 1 (0.02%)
* Elements of w remaining: 4337 (99.98%)
* Elements of w skipped: 0 (0.00%)
* Elements of w processed with special addition: 0 (0.00%)
* Elements of w remaining: 1456 (100.00%)
* Elements of w skipped: 0 (0.00%)
* Elements of w processed with special addition: 0 (0.00%)
* Elements of w remaining: 4335 (100.00%)
* G1 elements in proof: 2
* G2 elements in proof: 1
* Proof size in bits: 1019
* Elements of w skipped: 0 (0.00%)
* Elements of w processed with special addition: 1 (0.02%)
* Elements of w remaining: 4337 (99.98%)
* Elements of w skipped: 0 (0.00%)
* Elements of w processed with special addition: 0 (0.00%)
* Elements of w remaining: 1456 (100.00%)
* Elements of w skipped: 0 (0.00%)
* Elements of w processed with special addition: 0 (0.00%)
* Elements of w remaining: 4335 (100.00%)
* G1 elements in proof: 2
* G2 elements in proof: 1
* Proof size in bits: 1019
* Elements of w skipped: 0 (0.00%)
* Elements of w processed with special addition: 1 (0.02%)
* Elements of w remaining: 4337 (99.98%)
* Elements of w skipped: 0 (0.00%)
* Elements of w processed with special addition: 0 (0.00%)
* Elements of w remaining: 1456 (100.00%)
* Elements of w skipped: 0 (0.00%)
* Elements of w processed with special addition: 0 (0.00%)
* Elements of w remaining: 4335 (100.00%)
* G1 elements in proof: 2
* G2 elements in proof: 1
* Proof size in bits: 1019
* Elements of w skipped: 0 (0.00%)
* Elements of w processed with special addition: 1 (0.02%)
* Elements of w remaining: 4337 (99.98%)
* Elements of w skipped: 0 (0.00%)
* Elements of w processed with special addition: 0 (0.00%)
* Elements of w remaining: 1456 (100.00%)
* Elements of w skipped: 0 (0.00%)
* Elements of w processed with special addition: 0 (0.00%)
* Elements of w remaining: 4335 (100.00%)
* G1 elements in proof: 2
* G2 elements in proof: 1
* Proof size in bits: 1019
* Elements of w skipped: 0 (0.00%)
* Elements of w processed with special addition: 1 (0.02%)
* Elements of w remaining: 4337 (99.98%)
* Elements of w skipped: 0 (0.00%)
* Elements of w processed with special addition: 0 (0.00%)
* Elements of w remaining: 1456 (100.00%)
* Elements of w skipped: 0 (0.00%)
* Elements of w processed with special addition: 0 (0.00%)
* Elements of w remaining: 4335 (100.00%)
* G1 elements in proof: 2
* G2 elements in proof: 1
* Proof size in bits: 1019
* Elements of w skipped: 0 (0.00%)
* Elements of w processed with special addition: 1 (0.02%)
* Elements of w remaining: 4337 (99.98%)
* Elements of w skipped: 0 (0.00%)
* Elements of w processed with special addition: 0 (0.00%)
* Elements of w remaining: 1456 (100.00%)
* Elements of w skipped: 0 (0.00%)
* Elements of w processed with special addition: 0 (0.00%)
* Elements of w remaining: 4335 (100.00%)
* G1 elements in proof: 2
* G2 elements in proof: 1
* Proof size in bits: 1019
* Elements of w skipped: 0 (0.00%)
* Elements of w processed with special addition: 1 (0.02%)
* Elements of w remaining: 4337 (99.98%)
* Elements of w skipped: 0 (0.00%)
* Elements of w processed with special addition: 0 (0.00%)
* Elements of w remaining: 1456 (100.00%)
* Elements of w skipped: 0 (0.00%)
* Elements of w processed with special addition: 0 (0.00%)
* Elements of w remaining: 4335 (100.00%)
* G1 elements in proof: 2
* G2 elements in proof: 1
* Proof size in bits: 1019
  16      4320        410.2         413.31        2.68          PASS      
* Composed C_32: 8640 constraints, 8673 variables, 2 inputs
Swap is not beneficial, not performing
* QAP number of variables: 8673
* QAP pre degree: 8640
* QAP degree: 8704
* QAP number of input variables: 2
* G1 window: 11
* G2 window: 9
* G1 elements in PK: 34723
* Non-zero G1 elements in PK: 28961
* G2 elements in PK: 8675
* Non-zero G2 elements in PK: 2913
* PK size in bits: 9054140
* G1 elements in VK: 2
* G2 elements in VK: 2
* GT elements in VK: 1
* VK size in bits: 1911
* Elements of w skipped: 0 (0.00%)
* Elements of w processed with special addition: 1 (0.01%)
* Elements of w remaining: 8673 (99.99%)
* Elements of w skipped: 0 (0.00%)
* Elements of w processed with special addition: 0 (0.00%)
* Elements of w remaining: 2912 (100.00%)
* Elements of w skipped: 0 (0.00%)
* Elements of w processed with special addition: 0 (0.00%)
* Elements of w remaining: 8671 (100.00%)
* G1 elements in proof: 2
* G2 elements in proof: 1
* Proof size in bits: 1019
* Elements of w skipped: 0 (0.00%)
* Elements of w processed with special addition: 1 (0.01%)
* Elements of w remaining: 8673 (99.99%)
* Elements of w skipped: 0 (0.00%)
* Elements of w processed with special addition: 0 (0.00%)
* Elements of w remaining: 2912 (100.00%)
* Elements of w skipped: 0 (0.00%)
* Elements of w processed with special addition: 0 (0.00%)
* Elements of w remaining: 8671 (100.00%)
* G1 elements in proof: 2
* G2 elements in proof: 1
* Proof size in bits: 1019
* Elements of w skipped: 0 (0.00%)
* Elements of w processed with special addition: 1 (0.01%)
* Elements of w remaining: 8673 (99.99%)
* Elements of w skipped: 0 (0.00%)
* Elements of w processed with special addition: 0 (0.00%)
* Elements of w remaining: 2912 (100.00%)
* Elements of w skipped: 0 (0.00%)
* Elements of w processed with special addition: 0 (0.00%)
* Elements of w remaining: 8671 (100.00%)
* G1 elements in proof: 2
* G2 elements in proof: 1
* Proof size in bits: 1019
* Elements of w skipped: 0 (0.00%)
* Elements of w processed with special addition: 1 (0.01%)
* Elements of w remaining: 8673 (99.99%)
* Elements of w skipped: 0 (0.00%)
* Elements of w processed with special addition: 0 (0.00%)
* Elements of w remaining: 2912 (100.00%)
* Elements of w skipped: 0 (0.00%)
* Elements of w processed with special addition: 0 (0.00%)
* Elements of w remaining: 8671 (100.00%)
* G1 elements in proof: 2
* G2 elements in proof: 1
* Proof size in bits: 1019
* Elements of w skipped: 0 (0.00%)
* Elements of w processed with special addition: 1 (0.01%)
* Elements of w remaining: 8673 (99.99%)
* Elements of w skipped: 0 (0.00%)
* Elements of w processed with special addition: 0 (0.00%)
* Elements of w remaining: 2912 (100.00%)
* Elements of w skipped: 0 (0.00%)
* Elements of w processed with special addition: 0 (0.00%)
* Elements of w remaining: 8671 (100.00%)
* G1 elements in proof: 2
* G2 elements in proof: 1
* Proof size in bits: 1019
* Elements of w skipped: 0 (0.00%)
* Elements of w processed with special addition: 1 (0.01%)
* Elements of w remaining: 8673 (99.99%)
* Elements of w skipped: 0 (0.00%)
* Elements of w processed with special addition: 0 (0.00%)
* Elements of w remaining: 2912 (100.00%)
* Elements of w skipped: 0 (0.00%)
* Elements of w processed with special addition: 0 (0.00%)
* Elements of w remaining: 8671 (100.00%)
* G1 elements in proof: 2
* G2 elements in proof: 1
* Proof size in bits: 1019
* Elements of w skipped: 0 (0.00%)
* Elements of w processed with special addition: 1 (0.01%)
* Elements of w remaining: 8673 (99.99%)
* Elements of w skipped: 0 (0.00%)
* Elements of w processed with special addition: 0 (0.00%)
* Elements of w remaining: 2912 (100.00%)
* Elements of w skipped: 0 (0.00%)
* Elements of w processed with special addition: 0 (0.00%)
* Elements of w remaining: 8671 (100.00%)
* G1 elements in proof: 2
* G2 elements in proof: 1
* Proof size in bits: 1019
* Elements of w skipped: 0 (0.00%)
* Elements of w processed with special addition: 1 (0.01%)
* Elements of w remaining: 8673 (99.99%)
* Elements of w skipped: 0 (0.00%)
* Elements of w processed with special addition: 0 (0.00%)
* Elements of w remaining: 2912 (100.00%)
* Elements of w skipped: 0 (0.00%)
* Elements of w processed with special addition: 0 (0.00%)
* Elements of w remaining: 8671 (100.00%)
* G1 elements in proof: 2
* G2 elements in proof: 1
* Proof size in bits: 1019
* Elements of w skipped: 0 (0.00%)
* Elements of w processed with special addition: 1 (0.01%)
* Elements of w remaining: 8673 (99.99%)
* Elements of w skipped: 0 (0.00%)
* Elements of w processed with special addition: 0 (0.00%)
* Elements of w remaining: 2912 (100.00%)
* Elements of w skipped: 0 (0.00%)
* Elements of w processed with special addition: 0 (0.00%)
* Elements of w remaining: 8671 (100.00%)
* G1 elements in proof: 2
* G2 elements in proof: 1
* Proof size in bits: 1019
* Elements of w skipped: 0 (0.00%)
* Elements of w processed with special addition: 1 (0.01%)
* Elements of w remaining: 8673 (99.99%)
* Elements of w skipped: 0 (0.00%)
* Elements of w processed with special addition: 0 (0.00%)
* Elements of w remaining: 2912 (100.00%)
* Elements of w skipped: 0 (0.00%)
* Elements of w processed with special addition: 0 (0.00%)
* Elements of w remaining: 8671 (100.00%)
* G1 elements in proof: 2
* G2 elements in proof: 1
* Proof size in bits: 1019
  32      8640        746.8         726.84        2.73          PASS      
* Composed C_64: 17280 constraints, 17345 variables, 2 inputs
Swap is not beneficial, not performing
* QAP number of variables: 17345
* QAP pre degree: 17280
* QAP degree: 17408
* QAP number of input variables: 2
* G1 window: 11
* G2 window: 10
* G1 elements in PK: 69443
* Non-zero G1 elements in PK: 57921
* G2 elements in PK: 17347
* Non-zero G2 elements in PK: 5825
* PK size in bits: 18107516
* G1 elements in VK: 2
* G2 elements in VK: 2
* GT elements in VK: 1
* VK size in bits: 1911
* Elements of w skipped: 0 (0.00%)
* Elements of w processed with special addition: 1 (0.01%)
* Elements of w remaining: 17345 (99.99%)
* Elements of w skipped: 0 (0.00%)
* Elements of w processed with special addition: 0 (0.00%)
* Elements of w remaining: 5824 (100.00%)
* Elements of w skipped: 0 (0.00%)
* Elements of w processed with special addition: 0 (0.00%)
* Elements of w remaining: 17343 (100.00%)
* G1 elements in proof: 2
* G2 elements in proof: 1
* Proof size in bits: 1019
* Elements of w skipped: 0 (0.00%)
* Elements of w processed with special addition: 1 (0.01%)
* Elements of w remaining: 17345 (99.99%)
* Elements of w skipped: 0 (0.00%)
* Elements of w processed with special addition: 0 (0.00%)
* Elements of w remaining: 5824 (100.00%)
* Elements of w skipped: 0 (0.00%)
* Elements of w processed with special addition: 0 (0.00%)
* Elements of w remaining: 17343 (100.00%)
* G1 elements in proof: 2
* G2 elements in proof: 1
* Proof size in bits: 1019
* Elements of w skipped: 0 (0.00%)
* Elements of w processed with special addition: 1 (0.01%)
* Elements of w remaining: 17345 (99.99%)
* Elements of w skipped: 0 (0.00%)
* Elements of w processed with special addition: 0 (0.00%)
* Elements of w remaining: 5824 (100.00%)
* Elements of w skipped: 0 (0.00%)
* Elements of w processed with special addition: 0 (0.00%)
* Elements of w remaining: 17343 (100.00%)
* G1 elements in proof: 2
* G2 elements in proof: 1
* Proof size in bits: 1019
* Elements of w skipped: 0 (0.00%)
* Elements of w processed with special addition: 1 (0.01%)
* Elements of w remaining: 17345 (99.99%)
* Elements of w skipped: 0 (0.00%)
* Elements of w processed with special addition: 0 (0.00%)
* Elements of w remaining: 5824 (100.00%)
* Elements of w skipped: 0 (0.00%)
* Elements of w processed with special addition: 0 (0.00%)
* Elements of w remaining: 17343 (100.00%)
* G1 elements in proof: 2
* G2 elements in proof: 1
* Proof size in bits: 1019
* Elements of w skipped: 0 (0.00%)
* Elements of w processed with special addition: 1 (0.01%)
* Elements of w remaining: 17345 (99.99%)
* Elements of w skipped: 0 (0.00%)
* Elements of w processed with special addition: 0 (0.00%)
* Elements of w remaining: 5824 (100.00%)
* Elements of w skipped: 0 (0.00%)
* Elements of w processed with special addition: 0 (0.00%)
* Elements of w remaining: 17343 (100.00%)
* G1 elements in proof: 2
* G2 elements in proof: 1
* Proof size in bits: 1019
* Elements of w skipped: 0 (0.00%)
* Elements of w processed with special addition: 1 (0.01%)
* Elements of w remaining: 17345 (99.99%)
* Elements of w skipped: 0 (0.00%)
* Elements of w processed with special addition: 0 (0.00%)
* Elements of w remaining: 5824 (100.00%)
* Elements of w skipped: 0 (0.00%)
* Elements of w processed with special addition: 0 (0.00%)
* Elements of w remaining: 17343 (100.00%)
* G1 elements in proof: 2
* G2 elements in proof: 1
* Proof size in bits: 1019
* Elements of w skipped: 0 (0.00%)
* Elements of w processed with special addition: 1 (0.01%)
* Elements of w remaining: 17345 (99.99%)
* Elements of w skipped: 0 (0.00%)
* Elements of w processed with special addition: 0 (0.00%)
* Elements of w remaining: 5824 (100.00%)
* Elements of w skipped: 0 (0.00%)
* Elements of w processed with special addition: 0 (0.00%)
* Elements of w remaining: 17343 (100.00%)
* G1 elements in proof: 2
* G2 elements in proof: 1
* Proof size in bits: 1019
* Elements of w skipped: 0 (0.00%)
* Elements of w processed with special addition: 1 (0.01%)
* Elements of w remaining: 17345 (99.99%)
* Elements of w skipped: 0 (0.00%)
* Elements of w processed with special addition: 0 (0.00%)
* Elements of w remaining: 5824 (100.00%)
* Elements of w skipped: 0 (0.00%)
* Elements of w processed with special addition: 0 (0.00%)
* Elements of w remaining: 17343 (100.00%)
* G1 elements in proof: 2
* G2 elements in proof: 1
* Proof size in bits: 1019
* Elements of w skipped: 0 (0.00%)
* Elements of w processed with special addition: 1 (0.01%)
* Elements of w remaining: 17345 (99.99%)
* Elements of w skipped: 0 (0.00%)
* Elements of w processed with special addition: 0 (0.00%)
* Elements of w remaining: 5824 (100.00%)
* Elements of w skipped: 0 (0.00%)
* Elements of w processed with special addition: 0 (0.00%)
* Elements of w remaining: 17343 (100.00%)
* G1 elements in proof: 2
* G2 elements in proof: 1
* Proof size in bits: 1019
* Elements of w skipped: 0 (0.00%)
* Elements of w processed with special addition: 1 (0.01%)
* Elements of w remaining: 17345 (99.99%)
* Elements of w skipped: 0 (0.00%)
* Elements of w processed with special addition: 0 (0.00%)
* Elements of w remaining: 5824 (100.00%)
* Elements of w skipped: 0 (0.00%)
* Elements of w processed with special addition: 0 (0.00%)
* Elements of w remaining: 17343 (100.00%)
* G1 elements in proof: 2
* G2 elements in proof: 1
* Proof size in bits: 1019
  64      17280       1427.4        1274.85       2.66          PASS      

  Groth16 results written to /Users/heewonchung/Documents/00-Research/active/Updatable Verifiable Computation/Dev/results/2026-03-09_195737_paper/csv/groth16_results.csv

================================================================
All benchmarks complete.
================================================================
  Done in 81s

------------------------------------------------------------
  Running: [3/18] mimc n=1080 B=16
  Command: bench_comparative --circuit mimc --n 1080 --B 16 --output-dir /Users/heewonchung/Documents/00-Research/active/Updatable Verifiable Computation/Dev/results/2026-03-09_195737_paper/csv --reps 10
------------------------------------------------------------
================================================================
Comparative Benchmark: UVC vs Groth16
================================================================
  Circuit: mimc, n=1080, B=16, reps=10
  Output: /Users/heewonchung/Documents/00-Research/active/Updatable Verifiable Computation/Dev/results/2026-03-09_195737_paper/csv/

================================================================
UVC Benchmark: circuit=mimc, n=1080, B=16
================================================================
  Circuit: 1080 constraints, 1082 vars, state=1, transition=1

  [Setup] Generating CRS for B=16...
* UVC Setup: B=16, n=1082, state=1, transition=1
* Composed C_16: 17280 constraints, 17297 variables, 2 inputs
* QAP (C_B) variables: 17297, degree: 17408, inputs: 2
* UVC max compositions (B): 16
* G1 elements in PK: 69299
* G2 elements in PK: 17299
* PK size in bits: 18043292
* H_query_full size: 17407
* Step 2: 1081 new wires (0 io, 1081 wt)
* Step 3: 1081 new wires (0 io, 1081 wt)
* Step 4: 1081 new wires (0 io, 1081 wt)
* Step 5: 1081 new wires (0 io, 1081 wt)
* Step 6: 1081 new wires (0 io, 1081 wt)
* Step 7: 1081 new wires (0 io, 1081 wt)
* Step 8: 1081 new wires (0 io, 1081 wt)
* Step 9: 1081 new wires (0 io, 1081 wt)
* Step 10: 1081 new wires (0 io, 1081 wt)
* Step 11: 1081 new wires (0 io, 1081 wt)
* Step 12: 1081 new wires (0 io, 1081 wt)
* Step 13: 1081 new wires (0 io, 1081 wt)
* Step 14: 1081 new wires (0 io, 1081 wt)
* Step 15: 1081 new wires (0 io, 1081 wt)
* Step 16: 1081 new wires (0 io, 1081 wt)
* UVC VK: 16 max steps
* G2 elements in VK: 2
* GT elements in VK: 1
* gamma_ABC size: 2
  Setup: 1829.0 ms, CRS: 84432 G1 + 33515 G2
  Building proof chain (steps 1..16)...
* UVC Prove step 1
* Elements of w skipped: 0 (0.00%)
* Elements of w processed with special addition: 1 (0.09%)
* Elements of w remaining: 1082 (99.91%)
* Elements of w skipped: 0 (0.00%)
* Elements of w processed with special addition: 0 (0.00%)
* Elements of w remaining: 361 (100.00%)
* Elements of w skipped: 0 (0.00%)
* Elements of w processed with special addition: 0 (0.00%)
* Elements of w remaining: 1080 (100.00%)
* UVC proof at step 1
* G1 elements in proof: 2
* G2 elements in proof: 1
* Proof size in bits: 1019
* Cached h poly size: 17407
* UVC Prove step 2
* Elements of w skipped: 0 (0.00%)
* Elements of w processed with special addition: 0 (0.00%)
* Elements of w remaining: 1081 (100.00%)
* Elements of w skipped: 0 (0.00%)
* Elements of w processed with special addition: 0 (0.00%)
* Elements of w remaining: 361 (100.00%)
* Elements of w skipped: 0 (0.00%)
* Elements of w processed with special addition: 0 (0.00%)
* Elements of w remaining: 1081 (100.00%)
* UVC proof at step 2
* G1 elements in proof: 2
* G2 elements in proof: 1
* Proof size in bits: 1019
* Cached h poly size: 17407
* UVC Prove step 3
* Elements of w skipped: 0 (0.00%)
* Elements of w processed with special addition: 0 (0.00%)
* Elements of w remaining: 1081 (100.00%)
* Elements of w skipped: 0 (0.00%)
* Elements of w processed with special addition: 0 (0.00%)
* Elements of w remaining: 361 (100.00%)
* Elements of w skipped: 0 (0.00%)
* Elements of w processed with special addition: 0 (0.00%)
* Elements of w remaining: 1081 (100.00%)
* UVC proof at step 3
* G1 elements in proof: 2
* G2 elements in proof: 1
* Proof size in bits: 1019
* Cached h poly size: 17407
* UVC Prove step 4
* Elements of w skipped: 0 (0.00%)
* Elements of w processed with special addition: 0 (0.00%)
* Elements of w remaining: 1081 (100.00%)
* Elements of w skipped: 0 (0.00%)
* Elements of w processed with special addition: 0 (0.00%)
* Elements of w remaining: 361 (100.00%)
* Elements of w skipped: 0 (0.00%)
* Elements of w processed with special addition: 0 (0.00%)
* Elements of w remaining: 1081 (100.00%)
* UVC proof at step 4
* G1 elements in proof: 2
* G2 elements in proof: 1
* Proof size in bits: 1019
* Cached h poly size: 17407
* UVC Prove step 5
* Elements of w skipped: 0 (0.00%)
* Elements of w processed with special addition: 0 (0.00%)
* Elements of w remaining: 1081 (100.00%)
* Elements of w skipped: 0 (0.00%)
* Elements of w processed with special addition: 0 (0.00%)
* Elements of w remaining: 361 (100.00%)
* Elements of w skipped: 0 (0.00%)
* Elements of w processed with special addition: 0 (0.00%)
* Elements of w remaining: 1081 (100.00%)
* UVC proof at step 5
* G1 elements in proof: 2
* G2 elements in proof: 1
* Proof size in bits: 1019
* Cached h poly size: 17407
* UVC Prove step 6
* Elements of w skipped: 0 (0.00%)
* Elements of w processed with special addition: 0 (0.00%)
* Elements of w remaining: 1081 (100.00%)
* Elements of w skipped: 0 (0.00%)
* Elements of w processed with special addition: 0 (0.00%)
* Elements of w remaining: 361 (100.00%)
* Elements of w skipped: 0 (0.00%)
* Elements of w processed with special addition: 0 (0.00%)
* Elements of w remaining: 1081 (100.00%)
* UVC proof at step 6
* G1 elements in proof: 2
* G2 elements in proof: 1
* Proof size in bits: 1019
* Cached h poly size: 17407
* UVC Prove step 7
* Elements of w skipped: 0 (0.00%)
* Elements of w processed with special addition: 0 (0.00%)
* Elements of w remaining: 1081 (100.00%)
* Elements of w skipped: 0 (0.00%)
* Elements of w processed with special addition: 0 (0.00%)
* Elements of w remaining: 361 (100.00%)
* Elements of w skipped: 0 (0.00%)
* Elements of w processed with special addition: 0 (0.00%)
* Elements of w remaining: 1081 (100.00%)
* UVC proof at step 7
* G1 elements in proof: 2
* G2 elements in proof: 1
* Proof size in bits: 1019
* Cached h poly size: 17407
* UVC Prove step 8
* Elements of w skipped: 0 (0.00%)
* Elements of w processed with special addition: 0 (0.00%)
* Elements of w remaining: 1081 (100.00%)
* Elements of w skipped: 0 (0.00%)
* Elements of w processed with special addition: 0 (0.00%)
* Elements of w remaining: 361 (100.00%)
* Elements of w skipped: 0 (0.00%)
* Elements of w processed with special addition: 0 (0.00%)
* Elements of w remaining: 1081 (100.00%)
* UVC proof at step 8
* G1 elements in proof: 2
* G2 elements in proof: 1
* Proof size in bits: 1019
* Cached h poly size: 17407
* UVC Prove step 9
* Elements of w skipped: 0 (0.00%)
* Elements of w processed with special addition: 0 (0.00%)
* Elements of w remaining: 1081 (100.00%)
* Elements of w skipped: 0 (0.00%)
* Elements of w processed with special addition: 0 (0.00%)
* Elements of w remaining: 361 (100.00%)
* Elements of w skipped: 0 (0.00%)
* Elements of w processed with special addition: 0 (0.00%)
* Elements of w remaining: 1081 (100.00%)
* UVC proof at step 9
* G1 elements in proof: 2
* G2 elements in proof: 1
* Proof size in bits: 1019
* Cached h poly size: 17407
* UVC Prove step 10
* Elements of w skipped: 0 (0.00%)
* Elements of w processed with special addition: 0 (0.00%)
* Elements of w remaining: 1081 (100.00%)
* Elements of w skipped: 0 (0.00%)
* Elements of w processed with special addition: 0 (0.00%)
* Elements of w remaining: 361 (100.00%)
* Elements of w skipped: 0 (0.00%)
* Elements of w processed with special addition: 0 (0.00%)
* Elements of w remaining: 1081 (100.00%)
* UVC proof at step 10
* G1 elements in proof: 2
* G2 elements in proof: 1
* Proof size in bits: 1019
* Cached h poly size: 17407
* UVC Prove step 11
* Elements of w skipped: 0 (0.00%)
* Elements of w processed with special addition: 0 (0.00%)
* Elements of w remaining: 1081 (100.00%)
* Elements of w skipped: 0 (0.00%)
* Elements of w processed with special addition: 0 (0.00%)
* Elements of w remaining: 361 (100.00%)
* Elements of w skipped: 0 (0.00%)
* Elements of w processed with special addition: 0 (0.00%)
* Elements of w remaining: 1081 (100.00%)
* UVC proof at step 11
* G1 elements in proof: 2
* G2 elements in proof: 1
* Proof size in bits: 1019
* Cached h poly size: 17407
* UVC Prove step 12
* Elements of w skipped: 0 (0.00%)
* Elements of w processed with special addition: 0 (0.00%)
* Elements of w remaining: 1081 (100.00%)
* Elements of w skipped: 0 (0.00%)
* Elements of w processed with special addition: 0 (0.00%)
* Elements of w remaining: 361 (100.00%)
* Elements of w skipped: 0 (0.00%)
* Elements of w processed with special addition: 0 (0.00%)
* Elements of w remaining: 1081 (100.00%)
* UVC proof at step 12
* G1 elements in proof: 2
* G2 elements in proof: 1
* Proof size in bits: 1019
* Cached h poly size: 17407
* UVC Prove step 13
* Elements of w skipped: 0 (0.00%)
* Elements of w processed with special addition: 0 (0.00%)
* Elements of w remaining: 1081 (100.00%)
* Elements of w skipped: 0 (0.00%)
* Elements of w processed with special addition: 0 (0.00%)
* Elements of w remaining: 361 (100.00%)
* Elements of w skipped: 0 (0.00%)
* Elements of w processed with special addition: 0 (0.00%)
* Elements of w remaining: 1081 (100.00%)
* UVC proof at step 13
* G1 elements in proof: 2
* G2 elements in proof: 1
* Proof size in bits: 1019
* Cached h poly size: 17407
* UVC Prove step 14
* Elements of w skipped: 0 (0.00%)
* Elements of w processed with special addition: 0 (0.00%)
* Elements of w remaining: 1081 (100.00%)
* Elements of w skipped: 0 (0.00%)
* Elements of w processed with special addition: 0 (0.00%)
* Elements of w remaining: 361 (100.00%)
* Elements of w skipped: 0 (0.00%)
* Elements of w processed with special addition: 0 (0.00%)
* Elements of w remaining: 1081 (100.00%)
* UVC proof at step 14
* G1 elements in proof: 2
* G2 elements in proof: 1
* Proof size in bits: 1019
* Cached h poly size: 17407
* UVC Prove step 15
* Elements of w skipped: 0 (0.00%)
* Elements of w processed with special addition: 0 (0.00%)
* Elements of w remaining: 1081 (100.00%)
* Elements of w skipped: 0 (0.00%)
* Elements of w processed with special addition: 0 (0.00%)
* Elements of w remaining: 361 (100.00%)
* Elements of w skipped: 0 (0.00%)
* Elements of w processed with special addition: 0 (0.00%)
* Elements of w remaining: 1081 (100.00%)
* UVC proof at step 15
* G1 elements in proof: 2
* G2 elements in proof: 1
* Proof size in bits: 1019
* Cached h poly size: 17407
* UVC Prove step 16
* Elements of w skipped: 0 (0.00%)
* Elements of w processed with special addition: 0 (0.00%)
* Elements of w remaining: 1081 (100.00%)
* Elements of w skipped: 0 (0.00%)
* Elements of w processed with special addition: 0 (0.00%)
* Elements of w remaining: 361 (100.00%)
* Elements of w skipped: 0 (0.00%)
* Elements of w processed with special addition: 0 (0.00%)
* Elements of w remaining: 1081 (100.00%)
* UVC proof at step 16
* G1 elements in proof: 2
* G2 elements in proof: 1
* Proof size in bits: 1019
* Cached h poly size: 17407

  Step    Prove (ms)    Verify (ms)   Proof bits    Verified  
  ------  ------------  ------------  ------------  ----------
* UVC Prove step 1
* Elements of w skipped: 0 (0.00%)
* Elements of w processed with special addition: 1 (0.09%)
* Elements of w remaining: 1082 (99.91%)
* Elements of w skipped: 0 (0.00%)
* Elements of w processed with special addition: 0 (0.00%)
* Elements of w remaining: 361 (100.00%)
* Elements of w skipped: 0 (0.00%)
* Elements of w processed with special addition: 0 (0.00%)
* Elements of w remaining: 1080 (100.00%)
* UVC proof at step 1
* G1 elements in proof: 2
* G2 elements in proof: 1
* Proof size in bits: 1019
* Cached h poly size: 17407
* UVC Prove step 1
* Elements of w skipped: 0 (0.00%)
* Elements of w processed with special addition: 1 (0.09%)
* Elements of w remaining: 1082 (99.91%)
* Elements of w skipped: 0 (0.00%)
* Elements of w processed with special addition: 0 (0.00%)
* Elements of w remaining: 361 (100.00%)
* Elements of w skipped: 0 (0.00%)
* Elements of w processed with special addition: 0 (0.00%)
* Elements of w remaining: 1080 (100.00%)
* UVC proof at step 1
* G1 elements in proof: 2
* G2 elements in proof: 1
* Proof size in bits: 1019
* Cached h poly size: 17407
* UVC Prove step 1
* Elements of w skipped: 0 (0.00%)
* Elements of w processed with special addition: 1 (0.09%)
* Elements of w remaining: 1082 (99.91%)
* Elements of w skipped: 0 (0.00%)
* Elements of w processed with special addition: 0 (0.00%)
* Elements of w remaining: 361 (100.00%)
* Elements of w skipped: 0 (0.00%)
* Elements of w processed with special addition: 0 (0.00%)
* Elements of w remaining: 1080 (100.00%)
* UVC proof at step 1
* G1 elements in proof: 2
* G2 elements in proof: 1
* Proof size in bits: 1019
* Cached h poly size: 17407
* UVC Prove step 1
* Elements of w skipped: 0 (0.00%)
* Elements of w processed with special addition: 1 (0.09%)
* Elements of w remaining: 1082 (99.91%)
* Elements of w skipped: 0 (0.00%)
* Elements of w processed with special addition: 0 (0.00%)
* Elements of w remaining: 361 (100.00%)
* Elements of w skipped: 0 (0.00%)
* Elements of w processed with special addition: 0 (0.00%)
* Elements of w remaining: 1080 (100.00%)
* UVC proof at step 1
* G1 elements in proof: 2
* G2 elements in proof: 1
* Proof size in bits: 1019
* Cached h poly size: 17407
* UVC Prove step 1
* Elements of w skipped: 0 (0.00%)
* Elements of w processed with special addition: 1 (0.09%)
* Elements of w remaining: 1082 (99.91%)
* Elements of w skipped: 0 (0.00%)
* Elements of w processed with special addition: 0 (0.00%)
* Elements of w remaining: 361 (100.00%)
* Elements of w skipped: 0 (0.00%)
* Elements of w processed with special addition: 0 (0.00%)
* Elements of w remaining: 1080 (100.00%)
* UVC proof at step 1
* G1 elements in proof: 2
* G2 elements in proof: 1
* Proof size in bits: 1019
* Cached h poly size: 17407
* UVC Prove step 1
* Elements of w skipped: 0 (0.00%)
* Elements of w processed with special addition: 1 (0.09%)
* Elements of w remaining: 1082 (99.91%)
* Elements of w skipped: 0 (0.00%)
* Elements of w processed with special addition: 0 (0.00%)
* Elements of w remaining: 361 (100.00%)
* Elements of w skipped: 0 (0.00%)
* Elements of w processed with special addition: 0 (0.00%)
* Elements of w remaining: 1080 (100.00%)
* UVC proof at step 1
* G1 elements in proof: 2
* G2 elements in proof: 1
* Proof size in bits: 1019
* Cached h poly size: 17407
* UVC Prove step 1
* Elements of w skipped: 0 (0.00%)
* Elements of w processed with special addition: 1 (0.09%)
* Elements of w remaining: 1082 (99.91%)
* Elements of w skipped: 0 (0.00%)
* Elements of w processed with special addition: 0 (0.00%)
* Elements of w remaining: 361 (100.00%)
* Elements of w skipped: 0 (0.00%)
* Elements of w processed with special addition: 0 (0.00%)
* Elements of w remaining: 1080 (100.00%)
* UVC proof at step 1
* G1 elements in proof: 2
* G2 elements in proof: 1
* Proof size in bits: 1019
* Cached h poly size: 17407
* UVC Prove step 1
* Elements of w skipped: 0 (0.00%)
* Elements of w processed with special addition: 1 (0.09%)
* Elements of w remaining: 1082 (99.91%)
* Elements of w skipped: 0 (0.00%)
* Elements of w processed with special addition: 0 (0.00%)
* Elements of w remaining: 361 (100.00%)
* Elements of w skipped: 0 (0.00%)
* Elements of w processed with special addition: 0 (0.00%)
* Elements of w remaining: 1080 (100.00%)
* UVC proof at step 1
* G1 elements in proof: 2
* G2 elements in proof: 1
* Proof size in bits: 1019
* Cached h poly size: 17407
* UVC Prove step 1
* Elements of w skipped: 0 (0.00%)
* Elements of w processed with special addition: 1 (0.09%)
* Elements of w remaining: 1082 (99.91%)
* Elements of w skipped: 0 (0.00%)
* Elements of w processed with special addition: 0 (0.00%)
* Elements of w remaining: 361 (100.00%)
* Elements of w skipped: 0 (0.00%)
* Elements of w processed with special addition: 0 (0.00%)
* Elements of w remaining: 1080 (100.00%)
* UVC proof at step 1
* G1 elements in proof: 2
* G2 elements in proof: 1
* Proof size in bits: 1019
* Cached h poly size: 17407
* UVC Prove step 1
* Elements of w skipped: 0 (0.00%)
* Elements of w processed with special addition: 1 (0.09%)
* Elements of w remaining: 1082 (99.91%)
* Elements of w skipped: 0 (0.00%)
* Elements of w processed with special addition: 0 (0.00%)
* Elements of w remaining: 361 (100.00%)
* Elements of w skipped: 0 (0.00%)
* Elements of w processed with special addition: 0 (0.00%)
* Elements of w remaining: 1080 (100.00%)
* UVC proof at step 1
* G1 elements in proof: 2
* G2 elements in proof: 1
* Proof size in bits: 1019
* Cached h poly size: 17407
* UVC Verify step 1: PASS
* UVC Verify step 1: PASS
* UVC Verify step 1: PASS
* UVC Verify step 1: PASS
* UVC Verify step 1: PASS
* UVC Verify step 1: PASS
* UVC Verify step 1: PASS
* UVC Verify step 1: PASS
* UVC Verify step 1: PASS
* UVC Verify step 1: PASS
  1       411.12        2.71          1019          PASS      
* UVC Prove step 2
* Elements of w skipped: 0 (0.00%)
* Elements of w processed with special addition: 0 (0.00%)
* Elements of w remaining: 1081 (100.00%)
* Elements of w skipped: 0 (0.00%)
* Elements of w processed with special addition: 0 (0.00%)
* Elements of w remaining: 361 (100.00%)
* Elements of w skipped: 0 (0.00%)
* Elements of w processed with special addition: 0 (0.00%)
* Elements of w remaining: 1081 (100.00%)
* UVC proof at step 2
* G1 elements in proof: 2
* G2 elements in proof: 1
* Proof size in bits: 1019
* Cached h poly size: 17407
* UVC Prove step 2
* Elements of w skipped: 0 (0.00%)
* Elements of w processed with special addition: 0 (0.00%)
* Elements of w remaining: 1081 (100.00%)
* Elements of w skipped: 0 (0.00%)
* Elements of w processed with special addition: 0 (0.00%)
* Elements of w remaining: 361 (100.00%)
* Elements of w skipped: 0 (0.00%)
* Elements of w processed with special addition: 0 (0.00%)
* Elements of w remaining: 1081 (100.00%)
* UVC proof at step 2
* G1 elements in proof: 2
* G2 elements in proof: 1
* Proof size in bits: 1019
* Cached h poly size: 17407
* UVC Prove step 2
* Elements of w skipped: 0 (0.00%)
* Elements of w processed with special addition: 0 (0.00%)
* Elements of w remaining: 1081 (100.00%)
* Elements of w skipped: 0 (0.00%)
* Elements of w processed with special addition: 0 (0.00%)
* Elements of w remaining: 361 (100.00%)
* Elements of w skipped: 0 (0.00%)
* Elements of w processed with special addition: 0 (0.00%)
* Elements of w remaining: 1081 (100.00%)
* UVC proof at step 2
* G1 elements in proof: 2
* G2 elements in proof: 1
* Proof size in bits: 1019
* Cached h poly size: 17407
* UVC Prove step 2
* Elements of w skipped: 0 (0.00%)
* Elements of w processed with special addition: 0 (0.00%)
* Elements of w remaining: 1081 (100.00%)
* Elements of w skipped: 0 (0.00%)
* Elements of w processed with special addition: 0 (0.00%)
* Elements of w remaining: 361 (100.00%)
* Elements of w skipped: 0 (0.00%)
* Elements of w processed with special addition: 0 (0.00%)
* Elements of w remaining: 1081 (100.00%)
* UVC proof at step 2
* G1 elements in proof: 2
* G2 elements in proof: 1
* Proof size in bits: 1019
* Cached h poly size: 17407
* UVC Prove step 2
* Elements of w skipped: 0 (0.00%)
* Elements of w processed with special addition: 0 (0.00%)
* Elements of w remaining: 1081 (100.00%)
* Elements of w skipped: 0 (0.00%)
* Elements of w processed with special addition: 0 (0.00%)
* Elements of w remaining: 361 (100.00%)
* Elements of w skipped: 0 (0.00%)
* Elements of w processed with special addition: 0 (0.00%)
* Elements of w remaining: 1081 (100.00%)
* UVC proof at step 2
* G1 elements in proof: 2
* G2 elements in proof: 1
* Proof size in bits: 1019
* Cached h poly size: 17407
* UVC Prove step 2
* Elements of w skipped: 0 (0.00%)
* Elements of w processed with special addition: 0 (0.00%)
* Elements of w remaining: 1081 (100.00%)
* Elements of w skipped: 0 (0.00%)
* Elements of w processed with special addition: 0 (0.00%)
* Elements of w remaining: 361 (100.00%)
* Elements of w skipped: 0 (0.00%)
* Elements of w processed with special addition: 0 (0.00%)
* Elements of w remaining: 1081 (100.00%)
* UVC proof at step 2
* G1 elements in proof: 2
* G2 elements in proof: 1
* Proof size in bits: 1019
* Cached h poly size: 17407
* UVC Prove step 2
* Elements of w skipped: 0 (0.00%)
* Elements of w processed with special addition: 0 (0.00%)
* Elements of w remaining: 1081 (100.00%)
* Elements of w skipped: 0 (0.00%)
* Elements of w processed with special addition: 0 (0.00%)
* Elements of w remaining: 361 (100.00%)
* Elements of w skipped: 0 (0.00%)
* Elements of w processed with special addition: 0 (0.00%)
* Elements of w remaining: 1081 (100.00%)
* UVC proof at step 2
* G1 elements in proof: 2
* G2 elements in proof: 1
* Proof size in bits: 1019
* Cached h poly size: 17407
* UVC Prove step 2
* Elements of w skipped: 0 (0.00%)
* Elements of w processed with special addition: 0 (0.00%)
* Elements of w remaining: 1081 (100.00%)
* Elements of w skipped: 0 (0.00%)
* Elements of w processed with special addition: 0 (0.00%)
* Elements of w remaining: 361 (100.00%)
* Elements of w skipped: 0 (0.00%)
* Elements of w processed with special addition: 0 (0.00%)
* Elements of w remaining: 1081 (100.00%)
* UVC proof at step 2
* G1 elements in proof: 2
* G2 elements in proof: 1
* Proof size in bits: 1019
* Cached h poly size: 17407
* UVC Prove step 2
* Elements of w skipped: 0 (0.00%)
* Elements of w processed with special addition: 0 (0.00%)
* Elements of w remaining: 1081 (100.00%)
* Elements of w skipped: 0 (0.00%)
* Elements of w processed with special addition: 0 (0.00%)
* Elements of w remaining: 361 (100.00%)
* Elements of w skipped: 0 (0.00%)
* Elements of w processed with special addition: 0 (0.00%)
* Elements of w remaining: 1081 (100.00%)
* UVC proof at step 2
* G1 elements in proof: 2
* G2 elements in proof: 1
* Proof size in bits: 1019
* Cached h poly size: 17407
* UVC Prove step 2
* Elements of w skipped: 0 (0.00%)
* Elements of w processed with special addition: 0 (0.00%)
* Elements of w remaining: 1081 (100.00%)
* Elements of w skipped: 0 (0.00%)
* Elements of w processed with special addition: 0 (0.00%)
* Elements of w remaining: 361 (100.00%)
* Elements of w skipped: 0 (0.00%)
* Elements of w processed with special addition: 0 (0.00%)
* Elements of w remaining: 1081 (100.00%)
* UVC proof at step 2
* G1 elements in proof: 2
* G2 elements in proof: 1
* Proof size in bits: 1019
* Cached h poly size: 17407
* UVC Verify step 2: PASS
* UVC Verify step 2: PASS
* UVC Verify step 2: PASS
* UVC Verify step 2: PASS
* UVC Verify step 2: PASS
* UVC Verify step 2: PASS
* UVC Verify step 2: PASS
* UVC Verify step 2: PASS
* UVC Verify step 2: PASS
* UVC Verify step 2: PASS
  2       412.32        2.68          1019          PASS      
* UVC Prove step 4
* Elements of w skipped: 0 (0.00%)
* Elements of w processed with special addition: 0 (0.00%)
* Elements of w remaining: 1081 (100.00%)
* Elements of w skipped: 0 (0.00%)
* Elements of w processed with special addition: 0 (0.00%)
* Elements of w remaining: 361 (100.00%)
* Elements of w skipped: 0 (0.00%)
* Elements of w processed with special addition: 0 (0.00%)
* Elements of w remaining: 1081 (100.00%)
* UVC proof at step 4
* G1 elements in proof: 2
* G2 elements in proof: 1
* Proof size in bits: 1019
* Cached h poly size: 17407
* UVC Prove step 4
* Elements of w skipped: 0 (0.00%)
* Elements of w processed with special addition: 0 (0.00%)
* Elements of w remaining: 1081 (100.00%)
* Elements of w skipped: 0 (0.00%)
* Elements of w processed with special addition: 0 (0.00%)
* Elements of w remaining: 361 (100.00%)
* Elements of w skipped: 0 (0.00%)
* Elements of w processed with special addition: 0 (0.00%)
* Elements of w remaining: 1081 (100.00%)
* UVC proof at step 4
* G1 elements in proof: 2
* G2 elements in proof: 1
* Proof size in bits: 1019
* Cached h poly size: 17407
* UVC Prove step 4
* Elements of w skipped: 0 (0.00%)
* Elements of w processed with special addition: 0 (0.00%)
* Elements of w remaining: 1081 (100.00%)
* Elements of w skipped: 0 (0.00%)
* Elements of w processed with special addition: 0 (0.00%)
* Elements of w remaining: 361 (100.00%)
* Elements of w skipped: 0 (0.00%)
* Elements of w processed with special addition: 0 (0.00%)
* Elements of w remaining: 1081 (100.00%)
* UVC proof at step 4
* G1 elements in proof: 2
* G2 elements in proof: 1
* Proof size in bits: 1019
* Cached h poly size: 17407
* UVC Prove step 4
* Elements of w skipped: 0 (0.00%)
* Elements of w processed with special addition: 0 (0.00%)
* Elements of w remaining: 1081 (100.00%)
* Elements of w skipped: 0 (0.00%)
* Elements of w processed with special addition: 0 (0.00%)
* Elements of w remaining: 361 (100.00%)
* Elements of w skipped: 0 (0.00%)
* Elements of w processed with special addition: 0 (0.00%)
* Elements of w remaining: 1081 (100.00%)
* UVC proof at step 4
* G1 elements in proof: 2
* G2 elements in proof: 1
* Proof size in bits: 1019
* Cached h poly size: 17407
* UVC Prove step 4
* Elements of w skipped: 0 (0.00%)
* Elements of w processed with special addition: 0 (0.00%)
* Elements of w remaining: 1081 (100.00%)
* Elements of w skipped: 0 (0.00%)
* Elements of w processed with special addition: 0 (0.00%)
* Elements of w remaining: 361 (100.00%)
* Elements of w skipped: 0 (0.00%)
* Elements of w processed with special addition: 0 (0.00%)
* Elements of w remaining: 1081 (100.00%)
* UVC proof at step 4
* G1 elements in proof: 2
* G2 elements in proof: 1
* Proof size in bits: 1019
* Cached h poly size: 17407
* UVC Prove step 4
* Elements of w skipped: 0 (0.00%)
* Elements of w processed with special addition: 0 (0.00%)
* Elements of w remaining: 1081 (100.00%)
* Elements of w skipped: 0 (0.00%)
* Elements of w processed with special addition: 0 (0.00%)
* Elements of w remaining: 361 (100.00%)
* Elements of w skipped: 0 (0.00%)
* Elements of w processed with special addition: 0 (0.00%)
* Elements of w remaining: 1081 (100.00%)
* UVC proof at step 4
* G1 elements in proof: 2
* G2 elements in proof: 1
* Proof size in bits: 1019
* Cached h poly size: 17407
* UVC Prove step 4
* Elements of w skipped: 0 (0.00%)
* Elements of w processed with special addition: 0 (0.00%)
* Elements of w remaining: 1081 (100.00%)
* Elements of w skipped: 0 (0.00%)
* Elements of w processed with special addition: 0 (0.00%)
* Elements of w remaining: 361 (100.00%)
* Elements of w skipped: 0 (0.00%)
* Elements of w processed with special addition: 0 (0.00%)
* Elements of w remaining: 1081 (100.00%)
* UVC proof at step 4
* G1 elements in proof: 2
* G2 elements in proof: 1
* Proof size in bits: 1019
* Cached h poly size: 17407
* UVC Prove step 4
* Elements of w skipped: 0 (0.00%)
* Elements of w processed with special addition: 0 (0.00%)
* Elements of w remaining: 1081 (100.00%)
* Elements of w skipped: 0 (0.00%)
* Elements of w processed with special addition: 0 (0.00%)
* Elements of w remaining: 361 (100.00%)
* Elements of w skipped: 0 (0.00%)
* Elements of w processed with special addition: 0 (0.00%)
* Elements of w remaining: 1081 (100.00%)
* UVC proof at step 4
* G1 elements in proof: 2
* G2 elements in proof: 1
* Proof size in bits: 1019
* Cached h poly size: 17407
* UVC Prove step 4
* Elements of w skipped: 0 (0.00%)
* Elements of w processed with special addition: 0 (0.00%)
* Elements of w remaining: 1081 (100.00%)
* Elements of w skipped: 0 (0.00%)
* Elements of w processed with special addition: 0 (0.00%)
* Elements of w remaining: 361 (100.00%)
* Elements of w skipped: 0 (0.00%)
* Elements of w processed with special addition: 0 (0.00%)
* Elements of w remaining: 1081 (100.00%)
* UVC proof at step 4
* G1 elements in proof: 2
* G2 elements in proof: 1
* Proof size in bits: 1019
* Cached h poly size: 17407
* UVC Prove step 4
* Elements of w skipped: 0 (0.00%)
* Elements of w processed with special addition: 0 (0.00%)
* Elements of w remaining: 1081 (100.00%)
* Elements of w skipped: 0 (0.00%)
* Elements of w processed with special addition: 0 (0.00%)
* Elements of w remaining: 361 (100.00%)
* Elements of w skipped: 0 (0.00%)
* Elements of w processed with special addition: 0 (0.00%)
* Elements of w remaining: 1081 (100.00%)
* UVC proof at step 4
* G1 elements in proof: 2
* G2 elements in proof: 1
* Proof size in bits: 1019
* Cached h poly size: 17407
* UVC Verify step 4: PASS
* UVC Verify step 4: PASS
* UVC Verify step 4: PASS
* UVC Verify step 4: PASS
* UVC Verify step 4: PASS
* UVC Verify step 4: PASS
* UVC Verify step 4: PASS
* UVC Verify step 4: PASS
* UVC Verify step 4: PASS
* UVC Verify step 4: PASS
  4       412.26        2.70          1019          PASS      
* UVC Prove step 8
* Elements of w skipped: 0 (0.00%)
* Elements of w processed with special addition: 0 (0.00%)
* Elements of w remaining: 1081 (100.00%)
* Elements of w skipped: 0 (0.00%)
* Elements of w processed with special addition: 0 (0.00%)
* Elements of w remaining: 361 (100.00%)
* Elements of w skipped: 0 (0.00%)
* Elements of w processed with special addition: 0 (0.00%)
* Elements of w remaining: 1081 (100.00%)
* UVC proof at step 8
* G1 elements in proof: 2
* G2 elements in proof: 1
* Proof size in bits: 1019
* Cached h poly size: 17407
* UVC Prove step 8
* Elements of w skipped: 0 (0.00%)
* Elements of w processed with special addition: 0 (0.00%)
* Elements of w remaining: 1081 (100.00%)
* Elements of w skipped: 0 (0.00%)
* Elements of w processed with special addition: 0 (0.00%)
* Elements of w remaining: 361 (100.00%)
* Elements of w skipped: 0 (0.00%)
* Elements of w processed with special addition: 0 (0.00%)
* Elements of w remaining: 1081 (100.00%)
* UVC proof at step 8
* G1 elements in proof: 2
* G2 elements in proof: 1
* Proof size in bits: 1019
* Cached h poly size: 17407
* UVC Prove step 8
* Elements of w skipped: 0 (0.00%)
* Elements of w processed with special addition: 0 (0.00%)
* Elements of w remaining: 1081 (100.00%)
* Elements of w skipped: 0 (0.00%)
* Elements of w processed with special addition: 0 (0.00%)
* Elements of w remaining: 361 (100.00%)
* Elements of w skipped: 0 (0.00%)
* Elements of w processed with special addition: 0 (0.00%)
* Elements of w remaining: 1081 (100.00%)
* UVC proof at step 8
* G1 elements in proof: 2
* G2 elements in proof: 1
* Proof size in bits: 1019
* Cached h poly size: 17407
* UVC Prove step 8
* Elements of w skipped: 0 (0.00%)
* Elements of w processed with special addition: 0 (0.00%)
* Elements of w remaining: 1081 (100.00%)
* Elements of w skipped: 0 (0.00%)
* Elements of w processed with special addition: 0 (0.00%)
* Elements of w remaining: 361 (100.00%)
* Elements of w skipped: 0 (0.00%)
* Elements of w processed with special addition: 0 (0.00%)
* Elements of w remaining: 1081 (100.00%)
* UVC proof at step 8
* G1 elements in proof: 2
* G2 elements in proof: 1
* Proof size in bits: 1019
* Cached h poly size: 17407
* UVC Prove step 8
* Elements of w skipped: 0 (0.00%)
* Elements of w processed with special addition: 0 (0.00%)
* Elements of w remaining: 1081 (100.00%)
* Elements of w skipped: 0 (0.00%)
* Elements of w processed with special addition: 0 (0.00%)
* Elements of w remaining: 361 (100.00%)
* Elements of w skipped: 0 (0.00%)
* Elements of w processed with special addition: 0 (0.00%)
* Elements of w remaining: 1081 (100.00%)
* UVC proof at step 8
* G1 elements in proof: 2
* G2 elements in proof: 1
* Proof size in bits: 1019
* Cached h poly size: 17407
* UVC Prove step 8
* Elements of w skipped: 0 (0.00%)
* Elements of w processed with special addition: 0 (0.00%)
* Elements of w remaining: 1081 (100.00%)
* Elements of w skipped: 0 (0.00%)
* Elements of w processed with special addition: 0 (0.00%)
* Elements of w remaining: 361 (100.00%)
* Elements of w skipped: 0 (0.00%)
* Elements of w processed with special addition: 0 (0.00%)
* Elements of w remaining: 1081 (100.00%)
* UVC proof at step 8
* G1 elements in proof: 2
* G2 elements in proof: 1
* Proof size in bits: 1019
* Cached h poly size: 17407
* UVC Prove step 8
* Elements of w skipped: 0 (0.00%)
* Elements of w processed with special addition: 0 (0.00%)
* Elements of w remaining: 1081 (100.00%)
* Elements of w skipped: 0 (0.00%)
* Elements of w processed with special addition: 0 (0.00%)
* Elements of w remaining: 361 (100.00%)
* Elements of w skipped: 0 (0.00%)
* Elements of w processed with special addition: 0 (0.00%)
* Elements of w remaining: 1081 (100.00%)
* UVC proof at step 8
* G1 elements in proof: 2
* G2 elements in proof: 1
* Proof size in bits: 1019
* Cached h poly size: 17407
* UVC Prove step 8
* Elements of w skipped: 0 (0.00%)
* Elements of w processed with special addition: 0 (0.00%)
* Elements of w remaining: 1081 (100.00%)
* Elements of w skipped: 0 (0.00%)
* Elements of w processed with special addition: 0 (0.00%)
* Elements of w remaining: 361 (100.00%)
* Elements of w skipped: 0 (0.00%)
* Elements of w processed with special addition: 0 (0.00%)
* Elements of w remaining: 1081 (100.00%)
* UVC proof at step 8
* G1 elements in proof: 2
* G2 elements in proof: 1
* Proof size in bits: 1019
* Cached h poly size: 17407
* UVC Prove step 8
* Elements of w skipped: 0 (0.00%)
* Elements of w processed with special addition: 0 (0.00%)
* Elements of w remaining: 1081 (100.00%)
* Elements of w skipped: 0 (0.00%)
* Elements of w processed with special addition: 0 (0.00%)
* Elements of w remaining: 361 (100.00%)
* Elements of w skipped: 0 (0.00%)
* Elements of w processed with special addition: 0 (0.00%)
* Elements of w remaining: 1081 (100.00%)
* UVC proof at step 8
* G1 elements in proof: 2
* G2 elements in proof: 1
* Proof size in bits: 1019
* Cached h poly size: 17407
* UVC Prove step 8
* Elements of w skipped: 0 (0.00%)
* Elements of w processed with special addition: 0 (0.00%)
* Elements of w remaining: 1081 (100.00%)
* Elements of w skipped: 0 (0.00%)
* Elements of w processed with special addition: 0 (0.00%)
* Elements of w remaining: 361 (100.00%)
* Elements of w skipped: 0 (0.00%)
* Elements of w processed with special addition: 0 (0.00%)
* Elements of w remaining: 1081 (100.00%)
* UVC proof at step 8
* G1 elements in proof: 2
* G2 elements in proof: 1
* Proof size in bits: 1019
* Cached h poly size: 17407
* UVC Verify step 8: PASS
* UVC Verify step 8: PASS
* UVC Verify step 8: PASS
* UVC Verify step 8: PASS
* UVC Verify step 8: PASS
* UVC Verify step 8: PASS
* UVC Verify step 8: PASS
* UVC Verify step 8: PASS
* UVC Verify step 8: PASS
* UVC Verify step 8: PASS
  8       413.30        2.68          1019          PASS      
* UVC Prove step 16
* Elements of w skipped: 0 (0.00%)
* Elements of w processed with special addition: 0 (0.00%)
* Elements of w remaining: 1081 (100.00%)
* Elements of w skipped: 0 (0.00%)
* Elements of w processed with special addition: 0 (0.00%)
* Elements of w remaining: 361 (100.00%)
* Elements of w skipped: 0 (0.00%)
* Elements of w processed with special addition: 0 (0.00%)
* Elements of w remaining: 1081 (100.00%)
* UVC proof at step 16
* G1 elements in proof: 2
* G2 elements in proof: 1
* Proof size in bits: 1019
* Cached h poly size: 17407
* UVC Prove step 16
* Elements of w skipped: 0 (0.00%)
* Elements of w processed with special addition: 0 (0.00%)
* Elements of w remaining: 1081 (100.00%)
* Elements of w skipped: 0 (0.00%)
* Elements of w processed with special addition: 0 (0.00%)
* Elements of w remaining: 361 (100.00%)
* Elements of w skipped: 0 (0.00%)
* Elements of w processed with special addition: 0 (0.00%)
* Elements of w remaining: 1081 (100.00%)
* UVC proof at step 16
* G1 elements in proof: 2
* G2 elements in proof: 1
* Proof size in bits: 1019
* Cached h poly size: 17407
* UVC Prove step 16
* Elements of w skipped: 0 (0.00%)
* Elements of w processed with special addition: 0 (0.00%)
* Elements of w remaining: 1081 (100.00%)
* Elements of w skipped: 0 (0.00%)
* Elements of w processed with special addition: 0 (0.00%)
* Elements of w remaining: 361 (100.00%)
* Elements of w skipped: 0 (0.00%)
* Elements of w processed with special addition: 0 (0.00%)
* Elements of w remaining: 1081 (100.00%)
* UVC proof at step 16
* G1 elements in proof: 2
* G2 elements in proof: 1
* Proof size in bits: 1019
* Cached h poly size: 17407
* UVC Prove step 16
* Elements of w skipped: 0 (0.00%)
* Elements of w processed with special addition: 0 (0.00%)
* Elements of w remaining: 1081 (100.00%)
* Elements of w skipped: 0 (0.00%)
* Elements of w processed with special addition: 0 (0.00%)
* Elements of w remaining: 361 (100.00%)
* Elements of w skipped: 0 (0.00%)
* Elements of w processed with special addition: 0 (0.00%)
* Elements of w remaining: 1081 (100.00%)
* UVC proof at step 16
* G1 elements in proof: 2
* G2 elements in proof: 1
* Proof size in bits: 1019
* Cached h poly size: 17407
* UVC Prove step 16
* Elements of w skipped: 0 (0.00%)
* Elements of w processed with special addition: 0 (0.00%)
* Elements of w remaining: 1081 (100.00%)
* Elements of w skipped: 0 (0.00%)
* Elements of w processed with special addition: 0 (0.00%)
* Elements of w remaining: 361 (100.00%)
* Elements of w skipped: 0 (0.00%)
* Elements of w processed with special addition: 0 (0.00%)
* Elements of w remaining: 1081 (100.00%)
* UVC proof at step 16
* G1 elements in proof: 2
* G2 elements in proof: 1
* Proof size in bits: 1019
* Cached h poly size: 17407
* UVC Prove step 16
* Elements of w skipped: 0 (0.00%)
* Elements of w processed with special addition: 0 (0.00%)
* Elements of w remaining: 1081 (100.00%)
* Elements of w skipped: 0 (0.00%)
* Elements of w processed with special addition: 0 (0.00%)
* Elements of w remaining: 361 (100.00%)
* Elements of w skipped: 0 (0.00%)
* Elements of w processed with special addition: 0 (0.00%)
* Elements of w remaining: 1081 (100.00%)
* UVC proof at step 16
* G1 elements in proof: 2
* G2 elements in proof: 1
* Proof size in bits: 1019
* Cached h poly size: 17407
* UVC Prove step 16
* Elements of w skipped: 0 (0.00%)
* Elements of w processed with special addition: 0 (0.00%)
* Elements of w remaining: 1081 (100.00%)
* Elements of w skipped: 0 (0.00%)
* Elements of w processed with special addition: 0 (0.00%)
* Elements of w remaining: 361 (100.00%)
* Elements of w skipped: 0 (0.00%)
* Elements of w processed with special addition: 0 (0.00%)
* Elements of w remaining: 1081 (100.00%)
* UVC proof at step 16
* G1 elements in proof: 2
* G2 elements in proof: 1
* Proof size in bits: 1019
* Cached h poly size: 17407
* UVC Prove step 16
* Elements of w skipped: 0 (0.00%)
* Elements of w processed with special addition: 0 (0.00%)
* Elements of w remaining: 1081 (100.00%)
* Elements of w skipped: 0 (0.00%)
* Elements of w processed with special addition: 0 (0.00%)
* Elements of w remaining: 361 (100.00%)
* Elements of w skipped: 0 (0.00%)
* Elements of w processed with special addition: 0 (0.00%)
* Elements of w remaining: 1081 (100.00%)
* UVC proof at step 16
* G1 elements in proof: 2
* G2 elements in proof: 1
* Proof size in bits: 1019
* Cached h poly size: 17407
* UVC Prove step 16
* Elements of w skipped: 0 (0.00%)
* Elements of w processed with special addition: 0 (0.00%)
* Elements of w remaining: 1081 (100.00%)
* Elements of w skipped: 0 (0.00%)
* Elements of w processed with special addition: 0 (0.00%)
* Elements of w remaining: 361 (100.00%)
* Elements of w skipped: 0 (0.00%)
* Elements of w processed with special addition: 0 (0.00%)
* Elements of w remaining: 1081 (100.00%)
* UVC proof at step 16
* G1 elements in proof: 2
* G2 elements in proof: 1
* Proof size in bits: 1019
* Cached h poly size: 17407
* UVC Prove step 16
* Elements of w skipped: 0 (0.00%)
* Elements of w processed with special addition: 0 (0.00%)
* Elements of w remaining: 1081 (100.00%)
* Elements of w skipped: 0 (0.00%)
* Elements of w processed with special addition: 0 (0.00%)
* Elements of w remaining: 361 (100.00%)
* Elements of w skipped: 0 (0.00%)
* Elements of w processed with special addition: 0 (0.00%)
* Elements of w remaining: 1081 (100.00%)
* UVC proof at step 16
* G1 elements in proof: 2
* G2 elements in proof: 1
* Proof size in bits: 1019
* Cached h poly size: 17407
* UVC Verify step 16: PASS
* UVC Verify step 16: PASS
* UVC Verify step 16: PASS
* UVC Verify step 16: PASS
* UVC Verify step 16: PASS
* UVC Verify step 16: PASS
* UVC Verify step 16: PASS
* UVC Verify step 16: PASS
* UVC Verify step 16: PASS
* UVC Verify step 16: PASS
  16      413.63        2.66          1019          PASS      

  UVC results written to /Users/heewonchung/Documents/00-Research/active/Updatable Verifiable Computation/Dev/results/2026-03-09_195737_paper/csv/uvc_results.csv

================================================================
Groth16 Benchmark: circuit=mimc, n=1080, B=16
================================================================

  Step    C_j constr  Setup (ms)    Prove (ms)    Verify (ms)   Verified  
  ------  ----------  ------------  ------------  ------------  ----------
* Composed C_1: 1080 constraints, 1082 variables, 2 inputs
Swap is not beneficial, not performing
* QAP number of variables: 1082
* QAP pre degree: 1080
* QAP degree: 1088
* QAP number of input variables: 2
* G1 window: 9
* G2 window: 7
* G1 elements in PK: 4334
* Non-zero G1 elements in PK: 3612
* G2 elements in PK: 1084
* Non-zero G2 elements in PK: 362
* PK size in bits: 1128422
* G1 elements in VK: 2
* G2 elements in VK: 2
* GT elements in VK: 1
* VK size in bits: 1911
* Elements of w skipped: 0 (0.00%)
* Elements of w processed with special addition: 1 (0.09%)
* Elements of w remaining: 1082 (99.91%)
* Elements of w skipped: 0 (0.00%)
* Elements of w processed with special addition: 0 (0.00%)
* Elements of w remaining: 361 (100.00%)
* Elements of w skipped: 0 (0.00%)
* Elements of w processed with special addition: 0 (0.00%)
* Elements of w remaining: 1080 (100.00%)
* G1 elements in proof: 2
* G2 elements in proof: 1
* Proof size in bits: 1019
* Elements of w skipped: 0 (0.00%)
* Elements of w processed with special addition: 1 (0.09%)
* Elements of w remaining: 1082 (99.91%)
* Elements of w skipped: 0 (0.00%)
* Elements of w processed with special addition: 0 (0.00%)
* Elements of w remaining: 361 (100.00%)
* Elements of w skipped: 0 (0.00%)
* Elements of w processed with special addition: 0 (0.00%)
* Elements of w remaining: 1080 (100.00%)
* G1 elements in proof: 2
* G2 elements in proof: 1
* Proof size in bits: 1019
* Elements of w skipped: 0 (0.00%)
* Elements of w processed with special addition: 1 (0.09%)
* Elements of w remaining: 1082 (99.91%)
* Elements of w skipped: 0 (0.00%)
* Elements of w processed with special addition: 0 (0.00%)
* Elements of w remaining: 361 (100.00%)
* Elements of w skipped: 0 (0.00%)
* Elements of w processed with special addition: 0 (0.00%)
* Elements of w remaining: 1080 (100.00%)
* G1 elements in proof: 2
* G2 elements in proof: 1
* Proof size in bits: 1019
* Elements of w skipped: 0 (0.00%)
* Elements of w processed with special addition: 1 (0.09%)
* Elements of w remaining: 1082 (99.91%)
* Elements of w skipped: 0 (0.00%)
* Elements of w processed with special addition: 0 (0.00%)
* Elements of w remaining: 361 (100.00%)
* Elements of w skipped: 0 (0.00%)
* Elements of w processed with special addition: 0 (0.00%)
* Elements of w remaining: 1080 (100.00%)
* G1 elements in proof: 2
* G2 elements in proof: 1
* Proof size in bits: 1019
* Elements of w skipped: 0 (0.00%)
* Elements of w processed with special addition: 1 (0.09%)
* Elements of w remaining: 1082 (99.91%)
* Elements of w skipped: 0 (0.00%)
* Elements of w processed with special addition: 0 (0.00%)
* Elements of w remaining: 361 (100.00%)
* Elements of w skipped: 0 (0.00%)
* Elements of w processed with special addition: 0 (0.00%)
* Elements of w remaining: 1080 (100.00%)
* G1 elements in proof: 2
* G2 elements in proof: 1
* Proof size in bits: 1019
* Elements of w skipped: 0 (0.00%)
* Elements of w processed with special addition: 1 (0.09%)
* Elements of w remaining: 1082 (99.91%)
* Elements of w skipped: 0 (0.00%)
* Elements of w processed with special addition: 0 (0.00%)
* Elements of w remaining: 361 (100.00%)
* Elements of w skipped: 0 (0.00%)
* Elements of w processed with special addition: 0 (0.00%)
* Elements of w remaining: 1080 (100.00%)
* G1 elements in proof: 2
* G2 elements in proof: 1
* Proof size in bits: 1019
* Elements of w skipped: 0 (0.00%)
* Elements of w processed with special addition: 1 (0.09%)
* Elements of w remaining: 1082 (99.91%)
* Elements of w skipped: 0 (0.00%)
* Elements of w processed with special addition: 0 (0.00%)
* Elements of w remaining: 361 (100.00%)
* Elements of w skipped: 0 (0.00%)
* Elements of w processed with special addition: 0 (0.00%)
* Elements of w remaining: 1080 (100.00%)
* G1 elements in proof: 2
* G2 elements in proof: 1
* Proof size in bits: 1019
* Elements of w skipped: 0 (0.00%)
* Elements of w processed with special addition: 1 (0.09%)
* Elements of w remaining: 1082 (99.91%)
* Elements of w skipped: 0 (0.00%)
* Elements of w processed with special addition: 0 (0.00%)
* Elements of w remaining: 361 (100.00%)
* Elements of w skipped: 0 (0.00%)
* Elements of w processed with special addition: 0 (0.00%)
* Elements of w remaining: 1080 (100.00%)
* G1 elements in proof: 2
* G2 elements in proof: 1
* Proof size in bits: 1019
* Elements of w skipped: 0 (0.00%)
* Elements of w processed with special addition: 1 (0.09%)
* Elements of w remaining: 1082 (99.91%)
* Elements of w skipped: 0 (0.00%)
* Elements of w processed with special addition: 0 (0.00%)
* Elements of w remaining: 361 (100.00%)
* Elements of w skipped: 0 (0.00%)
* Elements of w processed with special addition: 0 (0.00%)
* Elements of w remaining: 1080 (100.00%)
* G1 elements in proof: 2
* G2 elements in proof: 1
* Proof size in bits: 1019
* Elements of w skipped: 0 (0.00%)
* Elements of w processed with special addition: 1 (0.09%)
* Elements of w remaining: 1082 (99.91%)
* Elements of w skipped: 0 (0.00%)
* Elements of w processed with special addition: 0 (0.00%)
* Elements of w remaining: 361 (100.00%)
* Elements of w skipped: 0 (0.00%)
* Elements of w processed with special addition: 0 (0.00%)
* Elements of w remaining: 1080 (100.00%)
* G1 elements in proof: 2
* G2 elements in proof: 1
* Proof size in bits: 1019
  1       1080        130.6         137.46        2.66          PASS      
* Composed C_2: 2160 constraints, 2163 variables, 2 inputs
Swap is not beneficial, not performing
* QAP number of variables: 2163
* QAP pre degree: 2160
* QAP degree: 2176
* QAP number of input variables: 2
* G1 window: 9
* G2 window: 7
* G1 elements in PK: 8665
* Non-zero G1 elements in PK: 7223
* G2 elements in PK: 2165
* Non-zero G2 elements in PK: 723
* PK size in bits: 2256080
* G1 elements in VK: 2
* G2 elements in VK: 2
* GT elements in VK: 1
* VK size in bits: 1911
* Elements of w skipped: 0 (0.00%)
* Elements of w processed with special addition: 1 (0.05%)
* Elements of w remaining: 2163 (99.95%)
* Elements of w skipped: 0 (0.00%)
* Elements of w processed with special addition: 0 (0.00%)
* Elements of w remaining: 722 (100.00%)
* Elements of w skipped: 0 (0.00%)
* Elements of w processed with special addition: 0 (0.00%)
* Elements of w remaining: 2161 (100.00%)
* G1 elements in proof: 2
* G2 elements in proof: 1
* Proof size in bits: 1019
* Elements of w skipped: 0 (0.00%)
* Elements of w processed with special addition: 1 (0.05%)
* Elements of w remaining: 2163 (99.95%)
* Elements of w skipped: 0 (0.00%)
* Elements of w processed with special addition: 0 (0.00%)
* Elements of w remaining: 722 (100.00%)
* Elements of w skipped: 0 (0.00%)
* Elements of w processed with special addition: 0 (0.00%)
* Elements of w remaining: 2161 (100.00%)
* G1 elements in proof: 2
* G2 elements in proof: 1
* Proof size in bits: 1019
* Elements of w skipped: 0 (0.00%)
* Elements of w processed with special addition: 1 (0.05%)
* Elements of w remaining: 2163 (99.95%)
* Elements of w skipped: 0 (0.00%)
* Elements of w processed with special addition: 0 (0.00%)
* Elements of w remaining: 722 (100.00%)
* Elements of w skipped: 0 (0.00%)
* Elements of w processed with special addition: 0 (0.00%)
* Elements of w remaining: 2161 (100.00%)
* G1 elements in proof: 2
* G2 elements in proof: 1
* Proof size in bits: 1019
* Elements of w skipped: 0 (0.00%)
* Elements of w processed with special addition: 1 (0.05%)
* Elements of w remaining: 2163 (99.95%)
* Elements of w skipped: 0 (0.00%)
* Elements of w processed with special addition: 0 (0.00%)
* Elements of w remaining: 722 (100.00%)
* Elements of w skipped: 0 (0.00%)
* Elements of w processed with special addition: 0 (0.00%)
* Elements of w remaining: 2161 (100.00%)
* G1 elements in proof: 2
* G2 elements in proof: 1
* Proof size in bits: 1019
* Elements of w skipped: 0 (0.00%)
* Elements of w processed with special addition: 1 (0.05%)
* Elements of w remaining: 2163 (99.95%)
* Elements of w skipped: 0 (0.00%)
* Elements of w processed with special addition: 0 (0.00%)
* Elements of w remaining: 722 (100.00%)
* Elements of w skipped: 0 (0.00%)
* Elements of w processed with special addition: 0 (0.00%)
* Elements of w remaining: 2161 (100.00%)
* G1 elements in proof: 2
* G2 elements in proof: 1
* Proof size in bits: 1019
* Elements of w skipped: 0 (0.00%)
* Elements of w processed with special addition: 1 (0.05%)
* Elements of w remaining: 2163 (99.95%)
* Elements of w skipped: 0 (0.00%)
* Elements of w processed with special addition: 0 (0.00%)
* Elements of w remaining: 722 (100.00%)
* Elements of w skipped: 0 (0.00%)
* Elements of w processed with special addition: 0 (0.00%)
* Elements of w remaining: 2161 (100.00%)
* G1 elements in proof: 2
* G2 elements in proof: 1
* Proof size in bits: 1019
* Elements of w skipped: 0 (0.00%)
* Elements of w processed with special addition: 1 (0.05%)
* Elements of w remaining: 2163 (99.95%)
* Elements of w skipped: 0 (0.00%)
* Elements of w processed with special addition: 0 (0.00%)
* Elements of w remaining: 722 (100.00%)
* Elements of w skipped: 0 (0.00%)
* Elements of w processed with special addition: 0 (0.00%)
* Elements of w remaining: 2161 (100.00%)
* G1 elements in proof: 2
* G2 elements in proof: 1
* Proof size in bits: 1019
* Elements of w skipped: 0 (0.00%)
* Elements of w processed with special addition: 1 (0.05%)
* Elements of w remaining: 2163 (99.95%)
* Elements of w skipped: 0 (0.00%)
* Elements of w processed with special addition: 0 (0.00%)
* Elements of w remaining: 722 (100.00%)
* Elements of w skipped: 0 (0.00%)
* Elements of w processed with special addition: 0 (0.00%)
* Elements of w remaining: 2161 (100.00%)
* G1 elements in proof: 2
* G2 elements in proof: 1
* Proof size in bits: 1019
* Elements of w skipped: 0 (0.00%)
* Elements of w processed with special addition: 1 (0.05%)
* Elements of w remaining: 2163 (99.95%)
* Elements of w skipped: 0 (0.00%)
* Elements of w processed with special addition: 0 (0.00%)
* Elements of w remaining: 722 (100.00%)
* Elements of w skipped: 0 (0.00%)
* Elements of w processed with special addition: 0 (0.00%)
* Elements of w remaining: 2161 (100.00%)
* G1 elements in proof: 2
* G2 elements in proof: 1
* Proof size in bits: 1019
* Elements of w skipped: 0 (0.00%)
* Elements of w processed with special addition: 1 (0.05%)
* Elements of w remaining: 2163 (99.95%)
* Elements of w skipped: 0 (0.00%)
* Elements of w processed with special addition: 0 (0.00%)
* Elements of w remaining: 722 (100.00%)
* Elements of w skipped: 0 (0.00%)
* Elements of w processed with special addition: 0 (0.00%)
* Elements of w remaining: 2161 (100.00%)
* G1 elements in proof: 2
* G2 elements in proof: 1
* Proof size in bits: 1019
  2       2160        235.9         227.41        2.69          PASS      
* Composed C_4: 4320 constraints, 4325 variables, 2 inputs
Swap is not beneficial, not performing
* QAP number of variables: 4325
* QAP pre degree: 4320
* QAP degree: 4352
* QAP number of input variables: 2
* G1 window: 11
* G2 window: 8
* G1 elements in PK: 17327
* Non-zero G1 elements in PK: 14445
* G2 elements in PK: 4327
* Non-zero G2 elements in PK: 1445
* PK size in bits: 4511396
* G1 elements in VK: 2
* G2 elements in VK: 2
* GT elements in VK: 1
* VK size in bits: 1911
* Elements of w skipped: 0 (0.00%)
* Elements of w processed with special addition: 1 (0.02%)
* Elements of w remaining: 4325 (99.98%)
* Elements of w skipped: 0 (0.00%)
* Elements of w processed with special addition: 0 (0.00%)
* Elements of w remaining: 1444 (100.00%)
* Elements of w skipped: 0 (0.00%)
* Elements of w processed with special addition: 0 (0.00%)
* Elements of w remaining: 4323 (100.00%)
* G1 elements in proof: 2
* G2 elements in proof: 1
* Proof size in bits: 1019
* Elements of w skipped: 0 (0.00%)
* Elements of w processed with special addition: 1 (0.02%)
* Elements of w remaining: 4325 (99.98%)
* Elements of w skipped: 0 (0.00%)
* Elements of w processed with special addition: 0 (0.00%)
* Elements of w remaining: 1444 (100.00%)
* Elements of w skipped: 0 (0.00%)
* Elements of w processed with special addition: 0 (0.00%)
* Elements of w remaining: 4323 (100.00%)
* G1 elements in proof: 2
* G2 elements in proof: 1
* Proof size in bits: 1019
* Elements of w skipped: 0 (0.00%)
* Elements of w processed with special addition: 1 (0.02%)
* Elements of w remaining: 4325 (99.98%)
* Elements of w skipped: 0 (0.00%)
* Elements of w processed with special addition: 0 (0.00%)
* Elements of w remaining: 1444 (100.00%)
* Elements of w skipped: 0 (0.00%)
* Elements of w processed with special addition: 0 (0.00%)
* Elements of w remaining: 4323 (100.00%)
* G1 elements in proof: 2
* G2 elements in proof: 1
* Proof size in bits: 1019
* Elements of w skipped: 0 (0.00%)
* Elements of w processed with special addition: 1 (0.02%)
* Elements of w remaining: 4325 (99.98%)
* Elements of w skipped: 0 (0.00%)
* Elements of w processed with special addition: 0 (0.00%)
* Elements of w remaining: 1444 (100.00%)
* Elements of w skipped: 0 (0.00%)
* Elements of w processed with special addition: 0 (0.00%)
* Elements of w remaining: 4323 (100.00%)
* G1 elements in proof: 2
* G2 elements in proof: 1
* Proof size in bits: 1019
* Elements of w skipped: 0 (0.00%)
* Elements of w processed with special addition: 1 (0.02%)
* Elements of w remaining: 4325 (99.98%)
* Elements of w skipped: 0 (0.00%)
* Elements of w processed with special addition: 0 (0.00%)
* Elements of w remaining: 1444 (100.00%)
* Elements of w skipped: 0 (0.00%)
* Elements of w processed with special addition: 0 (0.00%)
* Elements of w remaining: 4323 (100.00%)
* G1 elements in proof: 2
* G2 elements in proof: 1
* Proof size in bits: 1019
* Elements of w skipped: 0 (0.00%)
* Elements of w processed with special addition: 1 (0.02%)
* Elements of w remaining: 4325 (99.98%)
* Elements of w skipped: 0 (0.00%)
* Elements of w processed with special addition: 0 (0.00%)
* Elements of w remaining: 1444 (100.00%)
* Elements of w skipped: 0 (0.00%)
* Elements of w processed with special addition: 0 (0.00%)
* Elements of w remaining: 4323 (100.00%)
* G1 elements in proof: 2
* G2 elements in proof: 1
* Proof size in bits: 1019
* Elements of w skipped: 0 (0.00%)
* Elements of w processed with special addition: 1 (0.02%)
* Elements of w remaining: 4325 (99.98%)
* Elements of w skipped: 0 (0.00%)
* Elements of w processed with special addition: 0 (0.00%)
* Elements of w remaining: 1444 (100.00%)
* Elements of w skipped: 0 (0.00%)
* Elements of w processed with special addition: 0 (0.00%)
* Elements of w remaining: 4323 (100.00%)
* G1 elements in proof: 2
* G2 elements in proof: 1
* Proof size in bits: 1019
* Elements of w skipped: 0 (0.00%)
* Elements of w processed with special addition: 1 (0.02%)
* Elements of w remaining: 4325 (99.98%)
* Elements of w skipped: 0 (0.00%)
* Elements of w processed with special addition: 0 (0.00%)
* Elements of w remaining: 1444 (100.00%)
* Elements of w skipped: 0 (0.00%)
* Elements of w processed with special addition: 0 (0.00%)
* Elements of w remaining: 4323 (100.00%)
* G1 elements in proof: 2
* G2 elements in proof: 1
* Proof size in bits: 1019
* Elements of w skipped: 0 (0.00%)
* Elements of w processed with special addition: 1 (0.02%)
* Elements of w remaining: 4325 (99.98%)
* Elements of w skipped: 0 (0.00%)
* Elements of w processed with special addition: 0 (0.00%)
* Elements of w remaining: 1444 (100.00%)
* Elements of w skipped: 0 (0.00%)
* Elements of w processed with special addition: 0 (0.00%)
* Elements of w remaining: 4323 (100.00%)
* G1 elements in proof: 2
* G2 elements in proof: 1
* Proof size in bits: 1019
* Elements of w skipped: 0 (0.00%)
* Elements of w processed with special addition: 1 (0.02%)
* Elements of w remaining: 4325 (99.98%)
* Elements of w skipped: 0 (0.00%)
* Elements of w processed with special addition: 0 (0.00%)
* Elements of w remaining: 1444 (100.00%)
* Elements of w skipped: 0 (0.00%)
* Elements of w processed with special addition: 0 (0.00%)
* Elements of w remaining: 4323 (100.00%)
* G1 elements in proof: 2
* G2 elements in proof: 1
* Proof size in bits: 1019
  4       4320        407.8         413.01        2.68          PASS      
* Composed C_8: 8640 constraints, 8649 variables, 2 inputs
Swap is not beneficial, not performing
* QAP number of variables: 8649
* QAP pre degree: 8640
* QAP degree: 8704
* QAP number of input variables: 2
* G1 window: 11
* G2 window: 9
* G1 elements in PK: 34651
* Non-zero G1 elements in PK: 28889
* G2 elements in PK: 8651
* Non-zero G2 elements in PK: 2889
* PK size in bits: 9022028
* G1 elements in VK: 2
* G2 elements in VK: 2
* GT elements in VK: 1
* VK size in bits: 1911
* Elements of w skipped: 0 (0.00%)
* Elements of w processed with special addition: 1 (0.01%)
* Elements of w remaining: 8649 (99.99%)
* Elements of w skipped: 0 (0.00%)
* Elements of w processed with special addition: 0 (0.00%)
* Elements of w remaining: 2888 (100.00%)
* Elements of w skipped: 0 (0.00%)
* Elements of w processed with special addition: 0 (0.00%)
* Elements of w remaining: 8647 (100.00%)
* G1 elements in proof: 2
* G2 elements in proof: 1
* Proof size in bits: 1019
* Elements of w skipped: 0 (0.00%)
* Elements of w processed with special addition: 1 (0.01%)
* Elements of w remaining: 8649 (99.99%)
* Elements of w skipped: 0 (0.00%)
* Elements of w processed with special addition: 0 (0.00%)
* Elements of w remaining: 2888 (100.00%)
* Elements of w skipped: 0 (0.00%)
* Elements of w processed with special addition: 0 (0.00%)
* Elements of w remaining: 8647 (100.00%)
* G1 elements in proof: 2
* G2 elements in proof: 1
* Proof size in bits: 1019
* Elements of w skipped: 0 (0.00%)
* Elements of w processed with special addition: 1 (0.01%)
* Elements of w remaining: 8649 (99.99%)
* Elements of w skipped: 0 (0.00%)
* Elements of w processed with special addition: 0 (0.00%)
* Elements of w remaining: 2888 (100.00%)
* Elements of w skipped: 0 (0.00%)
* Elements of w processed with special addition: 0 (0.00%)
* Elements of w remaining: 8647 (100.00%)
* G1 elements in proof: 2
* G2 elements in proof: 1
* Proof size in bits: 1019
* Elements of w skipped: 0 (0.00%)
* Elements of w processed with special addition: 1 (0.01%)
* Elements of w remaining: 8649 (99.99%)
* Elements of w skipped: 0 (0.00%)
* Elements of w processed with special addition: 0 (0.00%)
* Elements of w remaining: 2888 (100.00%)
* Elements of w skipped: 0 (0.00%)
* Elements of w processed with special addition: 0 (0.00%)
* Elements of w remaining: 8647 (100.00%)
* G1 elements in proof: 2
* G2 elements in proof: 1
* Proof size in bits: 1019
* Elements of w skipped: 0 (0.00%)
* Elements of w processed with special addition: 1 (0.01%)
* Elements of w remaining: 8649 (99.99%)
* Elements of w skipped: 0 (0.00%)
* Elements of w processed with special addition: 0 (0.00%)
* Elements of w remaining: 2888 (100.00%)
* Elements of w skipped: 0 (0.00%)
* Elements of w processed with special addition: 0 (0.00%)
* Elements of w remaining: 8647 (100.00%)
* G1 elements in proof: 2
* G2 elements in proof: 1
* Proof size in bits: 1019
* Elements of w skipped: 0 (0.00%)
* Elements of w processed with special addition: 1 (0.01%)
* Elements of w remaining: 8649 (99.99%)
* Elements of w skipped: 0 (0.00%)
* Elements of w processed with special addition: 0 (0.00%)
* Elements of w remaining: 2888 (100.00%)
* Elements of w skipped: 0 (0.00%)
* Elements of w processed with special addition: 0 (0.00%)
* Elements of w remaining: 8647 (100.00%)
* G1 elements in proof: 2
* G2 elements in proof: 1
* Proof size in bits: 1019
* Elements of w skipped: 0 (0.00%)
* Elements of w processed with special addition: 1 (0.01%)
* Elements of w remaining: 8649 (99.99%)
* Elements of w skipped: 0 (0.00%)
* Elements of w processed with special addition: 0 (0.00%)
* Elements of w remaining: 2888 (100.00%)
* Elements of w skipped: 0 (0.00%)
* Elements of w processed with special addition: 0 (0.00%)
* Elements of w remaining: 8647 (100.00%)
* G1 elements in proof: 2
* G2 elements in proof: 1
* Proof size in bits: 1019
* Elements of w skipped: 0 (0.00%)
* Elements of w processed with special addition: 1 (0.01%)
* Elements of w remaining: 8649 (99.99%)
* Elements of w skipped: 0 (0.00%)
* Elements of w processed with special addition: 0 (0.00%)
* Elements of w remaining: 2888 (100.00%)
* Elements of w skipped: 0 (0.00%)
* Elements of w processed with special addition: 0 (0.00%)
* Elements of w remaining: 8647 (100.00%)
* G1 elements in proof: 2
* G2 elements in proof: 1
* Proof size in bits: 1019
* Elements of w skipped: 0 (0.00%)
* Elements of w processed with special addition: 1 (0.01%)
* Elements of w remaining: 8649 (99.99%)
* Elements of w skipped: 0 (0.00%)
* Elements of w processed with special addition: 0 (0.00%)
* Elements of w remaining: 2888 (100.00%)
* Elements of w skipped: 0 (0.00%)
* Elements of w processed with special addition: 0 (0.00%)
* Elements of w remaining: 8647 (100.00%)
* G1 elements in proof: 2
* G2 elements in proof: 1
* Proof size in bits: 1019
* Elements of w skipped: 0 (0.00%)
* Elements of w processed with special addition: 1 (0.01%)
* Elements of w remaining: 8649 (99.99%)
* Elements of w skipped: 0 (0.00%)
* Elements of w processed with special addition: 0 (0.00%)
* Elements of w remaining: 2888 (100.00%)
* Elements of w skipped: 0 (0.00%)
* Elements of w processed with special addition: 0 (0.00%)
* Elements of w remaining: 8647 (100.00%)
* G1 elements in proof: 2
* G2 elements in proof: 1
* Proof size in bits: 1019
  8       8640        746.8         719.91        2.69          PASS      
* Composed C_16: 17280 constraints, 17297 variables, 2 inputs
Swap is not beneficial, not performing
* QAP number of variables: 17297
* QAP pre degree: 17280
* QAP degree: 17408
* QAP number of input variables: 2
* G1 window: 11
* G2 window: 10
* G1 elements in PK: 69299
* Non-zero G1 elements in PK: 57777
* G2 elements in PK: 17299
* Non-zero G2 elements in PK: 5777
* PK size in bits: 18043292
* G1 elements in VK: 2
* G2 elements in VK: 2
* GT elements in VK: 1
* VK size in bits: 1911
* Elements of w skipped: 0 (0.00%)
* Elements of w processed with special addition: 1 (0.01%)
* Elements of w remaining: 17297 (99.99%)
* Elements of w skipped: 0 (0.00%)
* Elements of w processed with special addition: 0 (0.00%)
* Elements of w remaining: 5776 (100.00%)
* Elements of w skipped: 0 (0.00%)
* Elements of w processed with special addition: 0 (0.00%)
* Elements of w remaining: 17295 (100.00%)
* G1 elements in proof: 2
* G2 elements in proof: 1
* Proof size in bits: 1019
* Elements of w skipped: 0 (0.00%)
* Elements of w processed with special addition: 1 (0.01%)
* Elements of w remaining: 17297 (99.99%)
* Elements of w skipped: 0 (0.00%)
* Elements of w processed with special addition: 0 (0.00%)
* Elements of w remaining: 5776 (100.00%)
* Elements of w skipped: 0 (0.00%)
* Elements of w processed with special addition: 0 (0.00%)
* Elements of w remaining: 17295 (100.00%)
* G1 elements in proof: 2
* G2 elements in proof: 1
* Proof size in bits: 1019
* Elements of w skipped: 0 (0.00%)
* Elements of w processed with special addition: 1 (0.01%)
* Elements of w remaining: 17297 (99.99%)
* Elements of w skipped: 0 (0.00%)
* Elements of w processed with special addition: 0 (0.00%)
* Elements of w remaining: 5776 (100.00%)
* Elements of w skipped: 0 (0.00%)
* Elements of w processed with special addition: 0 (0.00%)
* Elements of w remaining: 17295 (100.00%)
* G1 elements in proof: 2
* G2 elements in proof: 1
* Proof size in bits: 1019
* Elements of w skipped: 0 (0.00%)
* Elements of w processed with special addition: 1 (0.01%)
* Elements of w remaining: 17297 (99.99%)
* Elements of w skipped: 0 (0.00%)
* Elements of w processed with special addition: 0 (0.00%)
* Elements of w remaining: 5776 (100.00%)
* Elements of w skipped: 0 (0.00%)
* Elements of w processed with special addition: 0 (0.00%)
* Elements of w remaining: 17295 (100.00%)
* G1 elements in proof: 2
* G2 elements in proof: 1
* Proof size in bits: 1019
* Elements of w skipped: 0 (0.00%)
* Elements of w processed with special addition: 1 (0.01%)
* Elements of w remaining: 17297 (99.99%)
* Elements of w skipped: 0 (0.00%)
* Elements of w processed with special addition: 0 (0.00%)
* Elements of w remaining: 5776 (100.00%)
* Elements of w skipped: 0 (0.00%)
* Elements of w processed with special addition: 0 (0.00%)
* Elements of w remaining: 17295 (100.00%)
* G1 elements in proof: 2
* G2 elements in proof: 1
* Proof size in bits: 1019
* Elements of w skipped: 0 (0.00%)
* Elements of w processed with special addition: 1 (0.01%)
* Elements of w remaining: 17297 (99.99%)
* Elements of w skipped: 0 (0.00%)
* Elements of w processed with special addition: 0 (0.00%)
* Elements of w remaining: 5776 (100.00%)
* Elements of w skipped: 0 (0.00%)
* Elements of w processed with special addition: 0 (0.00%)
* Elements of w remaining: 17295 (100.00%)
* G1 elements in proof: 2
* G2 elements in proof: 1
* Proof size in bits: 1019
* Elements of w skipped: 0 (0.00%)
* Elements of w processed with special addition: 1 (0.01%)
* Elements of w remaining: 17297 (99.99%)
* Elements of w skipped: 0 (0.00%)
* Elements of w processed with special addition: 0 (0.00%)
* Elements of w remaining: 5776 (100.00%)
* Elements of w skipped: 0 (0.00%)
* Elements of w processed with special addition: 0 (0.00%)
* Elements of w remaining: 17295 (100.00%)
* G1 elements in proof: 2
* G2 elements in proof: 1
* Proof size in bits: 1019
* Elements of w skipped: 0 (0.00%)
* Elements of w processed with special addition: 1 (0.01%)
* Elements of w remaining: 17297 (99.99%)
* Elements of w skipped: 0 (0.00%)
* Elements of w processed with special addition: 0 (0.00%)
* Elements of w remaining: 5776 (100.00%)
* Elements of w skipped: 0 (0.00%)
* Elements of w processed with special addition: 0 (0.00%)
* Elements of w remaining: 17295 (100.00%)
* G1 elements in proof: 2
* G2 elements in proof: 1
* Proof size in bits: 1019
* Elements of w skipped: 0 (0.00%)
* Elements of w processed with special addition: 1 (0.01%)
* Elements of w remaining: 17297 (99.99%)
* Elements of w skipped: 0 (0.00%)
* Elements of w processed with special addition: 0 (0.00%)
* Elements of w remaining: 5776 (100.00%)
* Elements of w skipped: 0 (0.00%)
* Elements of w processed with special addition: 0 (0.00%)
* Elements of w remaining: 17295 (100.00%)
* G1 elements in proof: 2
* G2 elements in proof: 1
* Proof size in bits: 1019
* Elements of w skipped: 0 (0.00%)
* Elements of w processed with special addition: 1 (0.01%)
* Elements of w remaining: 17297 (99.99%)
* Elements of w skipped: 0 (0.00%)
* Elements of w processed with special addition: 0 (0.00%)
* Elements of w remaining: 5776 (100.00%)
* Elements of w skipped: 0 (0.00%)
* Elements of w processed with special addition: 0 (0.00%)
* Elements of w remaining: 17295 (100.00%)
* G1 elements in proof: 2
* G2 elements in proof: 1
* Proof size in bits: 1019
  16      17280       1390.2        1268.87       2.68          PASS      

  Groth16 results written to /Users/heewonchung/Documents/00-Research/active/Updatable Verifiable Computation/Dev/results/2026-03-09_195737_paper/csv/groth16_results.csv

================================================================
All benchmarks complete.
================================================================
  Done in 60s

------------------------------------------------------------
  Running: [4/18] mimc n=1080 B=64
  Command: bench_comparative --circuit mimc --n 1080 --B 64 --output-dir /Users/heewonchung/Documents/00-Research/active/Updatable Verifiable Computation/Dev/results/2026-03-09_195737_paper/csv --reps 10
------------------------------------------------------------
