============================================================
  UVC IoT Sensor Fusion Benchmarks
  Mon Mar  9 20:11:10 KST 2026
  Mode: all
  Tag:  iot
  Reps: 10
  Output: /Users/heewonchung/Documents/00-Research/active/Updatable Verifiable Computation/Dev/results/2026-03-09_201110_iot
============================================================

Date:     2026-03-09T11:11:10Z
Hostname: GoM-Mac-Studio-M4.local
OS:       Darwin 25.3.0 arm64
CPU:      Apple M4 Max
Cores:    14
RAM:      36 GB
Compiler: Apple clang version 17.0.0 (clang-1700.6.4.2)
Build:    Release -O2 -march=native
Reps:     10
Configs:  10 C++ + 5 Nova

  Building all benchmarks...
[ 51%] Built target ff
[ 96%] Built target snark
[100%] Built target bench_comparative
  C++ binary: /Users/heewonchung/Documents/00-Research/active/Updatable Verifiable Computation/Dev/build/bench_comparative
    Finished `release` profile [optimized] target(s) in 0.04s
  Nova binary: /Users/heewonchung/Documents/00-Research/active/Updatable Verifiable Computation/Dev/nova-bench/target/release/nova-bench


============================================================
  C++ IoT Sensor Fusion: UVC + Groth16
  Configurations: 10
============================================================

------------------------------------------------------------
  Running: [1/10] sensor_fusion K=4 B=16
  Command: bench_comparative --circuit sensor_fusion --n 4 --B 16 --output-dir /Users/heewonchung/Documents/00-Research/active/Updatable Verifiable Computation/Dev/results/2026-03-09_201110_iot/csv --reps 10
------------------------------------------------------------
================================================================
Comparative Benchmark: UVC vs Groth16
================================================================
  Circuit: sensor_fusion, n=4, B=16, reps=10
  Output: /Users/heewonchung/Documents/00-Research/active/Updatable Verifiable Computation/Dev/results/2026-03-09_201110_iot/csv/

================================================================
UVC Benchmark: circuit=sensor_fusion, n=4, B=16
================================================================
  Circuit: 5 constraints, 11 vars, state=1, transition=5

  [Setup] Generating CRS for B=16...
* UVC Setup: B=16, n=11, state=1, transition=5
* Composed C_16: 80 constraints, 161 variables, 6 inputs
* QAP (C_B) variables: 161, degree: 96, inputs: 6
* UVC max compositions (B): 16
* G1 elements in PK: 575
* G2 elements in PK: 163
* PK size in bits: 185312
* H_query_full size: 95
* Step 2: 10 new wires (0 io, 10 wt)
* Step 3: 10 new wires (0 io, 10 wt)
* Step 4: 10 new wires (0 io, 10 wt)
* Step 5: 10 new wires (0 io, 10 wt)
* Step 6: 10 new wires (0 io, 10 wt)
* Step 7: 10 new wires (0 io, 10 wt)
* Step 8: 10 new wires (0 io, 10 wt)
* Step 9: 10 new wires (0 io, 10 wt)
* Step 10: 10 new wires (0 io, 10 wt)
* Step 11: 10 new wires (0 io, 10 wt)
* Step 12: 10 new wires (0 io, 10 wt)
* Step 13: 10 new wires (0 io, 10 wt)
* Step 14: 10 new wires (0 io, 10 wt)
* Step 15: 10 new wires (0 io, 10 wt)
* Step 16: 10 new wires (0 io, 10 wt)
* UVC VK: 16 max steps
* G2 elements in VK: 2
* GT elements in VK: 1
* gamma_ABC size: 6
  Setup: 45.0 ms, CRS: 714 G1 + 314 G2
  Building proof chain (steps 1..16)...
* UVC Prove step 1
* Elements of w skipped: 1 (8.33%)
* Elements of w processed with special addition: 3 (25.00%)
* Elements of w remaining: 8 (66.67%)
* Elements of w skipped: 1 (14.29%)
* Elements of w processed with special addition: 1 (14.29%)
* Elements of w remaining: 5 (71.43%)
* Elements of w skipped: 0 (0.00%)
* Elements of w processed with special addition: 0 (0.00%)
* Elements of w remaining: 5 (100.00%)
* UVC proof at step 1
* G1 elements in proof: 2
* G2 elements in proof: 1
* Proof size in bits: 1019
* Cached h poly size: 95
* UVC Prove step 2
* Elements of w skipped: 0 (0.00%)
* Elements of w processed with special addition: 1 (10.00%)
* Elements of w remaining: 9 (90.00%)
* Elements of w skipped: 0 (0.00%)
* Elements of w processed with special addition: 1 (16.67%)
* Elements of w remaining: 5 (83.33%)
* Elements of w skipped: 0 (0.00%)
* Elements of w processed with special addition: 1 (10.00%)
* Elements of w remaining: 9 (90.00%)
* UVC proof at step 2
* G1 elements in proof: 2
* G2 elements in proof: 1
* Proof size in bits: 1019
* Cached h poly size: 95
* UVC Prove step 3
* Elements of w skipped: 0 (0.00%)
* Elements of w processed with special addition: 1 (10.00%)
* Elements of w remaining: 9 (90.00%)
* Elements of w skipped: 0 (0.00%)
* Elements of w processed with special addition: 1 (16.67%)
* Elements of w remaining: 5 (83.33%)
* Elements of w skipped: 0 (0.00%)
* Elements of w processed with special addition: 1 (10.00%)
* Elements of w remaining: 9 (90.00%)
* UVC proof at step 3
* G1 elements in proof: 2
* G2 elements in proof: 1
* Proof size in bits: 1019
* Cached h poly size: 95
* UVC Prove step 4
* Elements of w skipped: 0 (0.00%)
* Elements of w processed with special addition: 1 (10.00%)
* Elements of w remaining: 9 (90.00%)
* Elements of w skipped: 0 (0.00%)
* Elements of w processed with special addition: 1 (16.67%)
* Elements of w remaining: 5 (83.33%)
* Elements of w skipped: 0 (0.00%)
* Elements of w processed with special addition: 1 (10.00%)
* Elements of w remaining: 9 (90.00%)
* UVC proof at step 4
* G1 elements in proof: 2
* G2 elements in proof: 1
* Proof size in bits: 1019
* Cached h poly size: 95
* UVC Prove step 5
* Elements of w skipped: 0 (0.00%)
* Elements of w processed with special addition: 1 (10.00%)
* Elements of w remaining: 9 (90.00%)
* Elements of w skipped: 0 (0.00%)
* Elements of w processed with special addition: 1 (16.67%)
* Elements of w remaining: 5 (83.33%)
* Elements of w skipped: 0 (0.00%)
* Elements of w processed with special addition: 1 (10.00%)
* Elements of w remaining: 9 (90.00%)
* UVC proof at step 5
* G1 elements in proof: 2
* G2 elements in proof: 1
* Proof size in bits: 1019
* Cached h poly size: 95
* UVC Prove step 6
* Elements of w skipped: 0 (0.00%)
* Elements of w processed with special addition: 1 (10.00%)
* Elements of w remaining: 9 (90.00%)
* Elements of w skipped: 0 (0.00%)
* Elements of w processed with special addition: 1 (16.67%)
* Elements of w remaining: 5 (83.33%)
* Elements of w skipped: 0 (0.00%)
* Elements of w processed with special addition: 1 (10.00%)
* Elements of w remaining: 9 (90.00%)
* UVC proof at step 6
* G1 elements in proof: 2
* G2 elements in proof: 1
* Proof size in bits: 1019
* Cached h poly size: 95
* UVC Prove step 7
* Elements of w skipped: 0 (0.00%)
* Elements of w processed with special addition: 1 (10.00%)
* Elements of w remaining: 9 (90.00%)
* Elements of w skipped: 0 (0.00%)
* Elements of w processed with special addition: 1 (16.67%)
* Elements of w remaining: 5 (83.33%)
* Elements of w skipped: 0 (0.00%)
* Elements of w processed with special addition: 1 (10.00%)
* Elements of w remaining: 9 (90.00%)
* UVC proof at step 7
* G1 elements in proof: 2
* G2 elements in proof: 1
* Proof size in bits: 1019
* Cached h poly size: 95
* UVC Prove step 8
* Elements of w skipped: 0 (0.00%)
* Elements of w processed with special addition: 1 (10.00%)
* Elements of w remaining: 9 (90.00%)
* Elements of w skipped: 0 (0.00%)
* Elements of w processed with special addition: 1 (16.67%)
* Elements of w remaining: 5 (83.33%)
* Elements of w skipped: 0 (0.00%)
* Elements of w processed with special addition: 1 (10.00%)
* Elements of w remaining: 9 (90.00%)
* UVC proof at step 8
* G1 elements in proof: 2
* G2 elements in proof: 1
* Proof size in bits: 1019
* Cached h poly size: 95
* UVC Prove step 9
* Elements of w skipped: 0 (0.00%)
* Elements of w processed with special addition: 1 (10.00%)
* Elements of w remaining: 9 (90.00%)
* Elements of w skipped: 0 (0.00%)
* Elements of w processed with special addition: 1 (16.67%)
* Elements of w remaining: 5 (83.33%)
* Elements of w skipped: 0 (0.00%)
* Elements of w processed with special addition: 1 (10.00%)
* Elements of w remaining: 9 (90.00%)
* UVC proof at step 9
* G1 elements in proof: 2
* G2 elements in proof: 1
* Proof size in bits: 1019
* Cached h poly size: 95
* UVC Prove step 10
* Elements of w skipped: 0 (0.00%)
* Elements of w processed with special addition: 1 (10.00%)
* Elements of w remaining: 9 (90.00%)
* Elements of w skipped: 0 (0.00%)
* Elements of w processed with special addition: 1 (16.67%)
* Elements of w remaining: 5 (83.33%)
* Elements of w skipped: 0 (0.00%)
* Elements of w processed with special addition: 1 (10.00%)
* Elements of w remaining: 9 (90.00%)
* UVC proof at step 10
* G1 elements in proof: 2
* G2 elements in proof: 1
* Proof size in bits: 1019
* Cached h poly size: 95
* UVC Prove step 11
* Elements of w skipped: 0 (0.00%)
* Elements of w processed with special addition: 1 (10.00%)
* Elements of w remaining: 9 (90.00%)
* Elements of w skipped: 0 (0.00%)
* Elements of w processed with special addition: 1 (16.67%)
* Elements of w remaining: 5 (83.33%)
* Elements of w skipped: 0 (0.00%)
* Elements of w processed with special addition: 1 (10.00%)
* Elements of w remaining: 9 (90.00%)
* UVC proof at step 11
* G1 elements in proof: 2
* G2 elements in proof: 1
* Proof size in bits: 1019
* Cached h poly size: 95
* UVC Prove step 12
* Elements of w skipped: 0 (0.00%)
* Elements of w processed with special addition: 1 (10.00%)
* Elements of w remaining: 9 (90.00%)
* Elements of w skipped: 0 (0.00%)
* Elements of w processed with special addition: 1 (16.67%)
* Elements of w remaining: 5 (83.33%)
* Elements of w skipped: 0 (0.00%)
* Elements of w processed with special addition: 1 (10.00%)
* Elements of w remaining: 9 (90.00%)
* UVC proof at step 12
* G1 elements in proof: 2
* G2 elements in proof: 1
* Proof size in bits: 1019
* Cached h poly size: 95
* UVC Prove step 13
* Elements of w skipped: 0 (0.00%)
* Elements of w processed with special addition: 1 (10.00%)
* Elements of w remaining: 9 (90.00%)
* Elements of w skipped: 0 (0.00%)
* Elements of w processed with special addition: 1 (16.67%)
* Elements of w remaining: 5 (83.33%)
* Elements of w skipped: 0 (0.00%)
* Elements of w processed with special addition: 1 (10.00%)
* Elements of w remaining: 9 (90.00%)
* UVC proof at step 13
* G1 elements in proof: 2
* G2 elements in proof: 1
* Proof size in bits: 1019
* Cached h poly size: 95
* UVC Prove step 14
* Elements of w skipped: 0 (0.00%)
* Elements of w processed with special addition: 1 (10.00%)
* Elements of w remaining: 9 (90.00%)
* Elements of w skipped: 0 (0.00%)
* Elements of w processed with special addition: 1 (16.67%)
* Elements of w remaining: 5 (83.33%)
* Elements of w skipped: 0 (0.00%)
* Elements of w processed with special addition: 1 (10.00%)
* Elements of w remaining: 9 (90.00%)
* UVC proof at step 14
* G1 elements in proof: 2
* G2 elements in proof: 1
* Proof size in bits: 1019
* Cached h poly size: 95
* UVC Prove step 15
* Elements of w skipped: 0 (0.00%)
* Elements of w processed with special addition: 1 (10.00%)
* Elements of w remaining: 9 (90.00%)
* Elements of w skipped: 0 (0.00%)
* Elements of w processed with special addition: 1 (16.67%)
* Elements of w remaining: 5 (83.33%)
* Elements of w skipped: 0 (0.00%)
* Elements of w processed with special addition: 1 (10.00%)
* Elements of w remaining: 9 (90.00%)
* UVC proof at step 15
* G1 elements in proof: 2
* G2 elements in proof: 1
* Proof size in bits: 1019
* Cached h poly size: 95
* UVC Prove step 16
* Elements of w skipped: 0 (0.00%)
* Elements of w processed with special addition: 1 (10.00%)
* Elements of w remaining: 9 (90.00%)
* Elements of w skipped: 0 (0.00%)
* Elements of w processed with special addition: 1 (20.00%)
* Elements of w remaining: 4 (80.00%)
* Elements of w skipped: 0 (0.00%)
* Elements of w processed with special addition: 1 (10.00%)
* Elements of w remaining: 9 (90.00%)
* UVC proof at step 16
* G1 elements in proof: 2
* G2 elements in proof: 1
* Proof size in bits: 1019
* Cached h poly size: 95

  Step    Prove (ms)    Verify (ms)   Proof bits    Verified  
  ------  ------------  ------------  ------------  ----------
* UVC Prove step 1
* Elements of w skipped: 1 (8.33%)
* Elements of w processed with special addition: 3 (25.00%)
* Elements of w remaining: 8 (66.67%)
* Elements of w skipped: 1 (14.29%)
* Elements of w processed with special addition: 1 (14.29%)
* Elements of w remaining: 5 (71.43%)
* Elements of w skipped: 0 (0.00%)
* Elements of w processed with special addition: 0 (0.00%)
* Elements of w remaining: 5 (100.00%)
* UVC proof at step 1
* G1 elements in proof: 2
* G2 elements in proof: 1
* Proof size in bits: 1019
* Cached h poly size: 95
* UVC Prove step 1
* Elements of w skipped: 1 (8.33%)
* Elements of w processed with special addition: 3 (25.00%)
* Elements of w remaining: 8 (66.67%)
* Elements of w skipped: 1 (14.29%)
* Elements of w processed with special addition: 1 (14.29%)
* Elements of w remaining: 5 (71.43%)
* Elements of w skipped: 0 (0.00%)
* Elements of w processed with special addition: 0 (0.00%)
* Elements of w remaining: 5 (100.00%)
* UVC proof at step 1
* G1 elements in proof: 2
* G2 elements in proof: 1
* Proof size in bits: 1019
* Cached h poly size: 95
* UVC Prove step 1
* Elements of w skipped: 1 (8.33%)
* Elements of w processed with special addition: 3 (25.00%)
* Elements of w remaining: 8 (66.67%)
* Elements of w skipped: 1 (14.29%)
* Elements of w processed with special addition: 1 (14.29%)
* Elements of w remaining: 5 (71.43%)
* Elements of w skipped: 0 (0.00%)
* Elements of w processed with special addition: 0 (0.00%)
* Elements of w remaining: 5 (100.00%)
* UVC proof at step 1
* G1 elements in proof: 2
* G2 elements in proof: 1
* Proof size in bits: 1019
* Cached h poly size: 95
* UVC Prove step 1
* Elements of w skipped: 1 (8.33%)
* Elements of w processed with special addition: 3 (25.00%)
* Elements of w remaining: 8 (66.67%)
* Elements of w skipped: 1 (14.29%)
* Elements of w processed with special addition: 1 (14.29%)
* Elements of w remaining: 5 (71.43%)
* Elements of w skipped: 0 (0.00%)
* Elements of w processed with special addition: 0 (0.00%)
* Elements of w remaining: 5 (100.00%)
* UVC proof at step 1
* G1 elements in proof: 2
* G2 elements in proof: 1
* Proof size in bits: 1019
* Cached h poly size: 95
* UVC Prove step 1
* Elements of w skipped: 1 (8.33%)
* Elements of w processed with special addition: 3 (25.00%)
* Elements of w remaining: 8 (66.67%)
* Elements of w skipped: 1 (14.29%)
* Elements of w processed with special addition: 1 (14.29%)
* Elements of w remaining: 5 (71.43%)
* Elements of w skipped: 0 (0.00%)
* Elements of w processed with special addition: 0 (0.00%)
* Elements of w remaining: 5 (100.00%)
* UVC proof at step 1
* G1 elements in proof: 2
* G2 elements in proof: 1
* Proof size in bits: 1019
* Cached h poly size: 95
* UVC Prove step 1
* Elements of w skipped: 1 (8.33%)
* Elements of w processed with special addition: 3 (25.00%)
* Elements of w remaining: 8 (66.67%)
* Elements of w skipped: 1 (14.29%)
* Elements of w processed with special addition: 1 (14.29%)
* Elements of w remaining: 5 (71.43%)
* Elements of w skipped: 0 (0.00%)
* Elements of w processed with special addition: 0 (0.00%)
* Elements of w remaining: 5 (100.00%)
* UVC proof at step 1
* G1 elements in proof: 2
* G2 elements in proof: 1
* Proof size in bits: 1019
* Cached h poly size: 95
* UVC Prove step 1
* Elements of w skipped: 1 (8.33%)
* Elements of w processed with special addition: 3 (25.00%)
* Elements of w remaining: 8 (66.67%)
* Elements of w skipped: 1 (14.29%)
* Elements of w processed with special addition: 1 (14.29%)
* Elements of w remaining: 5 (71.43%)
* Elements of w skipped: 0 (0.00%)
* Elements of w processed with special addition: 0 (0.00%)
* Elements of w remaining: 5 (100.00%)
* UVC proof at step 1
* G1 elements in proof: 2
* G2 elements in proof: 1
* Proof size in bits: 1019
* Cached h poly size: 95
* UVC Prove step 1
* Elements of w skipped: 1 (8.33%)
* Elements of w processed with special addition: 3 (25.00%)
* Elements of w remaining: 8 (66.67%)
* Elements of w skipped: 1 (14.29%)
* Elements of w processed with special addition: 1 (14.29%)
* Elements of w remaining: 5 (71.43%)
* Elements of w skipped: 0 (0.00%)
* Elements of w processed with special addition: 0 (0.00%)
* Elements of w remaining: 5 (100.00%)
* UVC proof at step 1
* G1 elements in proof: 2
* G2 elements in proof: 1
* Proof size in bits: 1019
* Cached h poly size: 95
* UVC Prove step 1
* Elements of w skipped: 1 (8.33%)
* Elements of w processed with special addition: 3 (25.00%)
* Elements of w remaining: 8 (66.67%)
* Elements of w skipped: 1 (14.29%)
* Elements of w processed with special addition: 1 (14.29%)
* Elements of w remaining: 5 (71.43%)
* Elements of w skipped: 0 (0.00%)
* Elements of w processed with special addition: 0 (0.00%)
* Elements of w remaining: 5 (100.00%)
* UVC proof at step 1
* G1 elements in proof: 2
* G2 elements in proof: 1
* Proof size in bits: 1019
* Cached h poly size: 95
* UVC Prove step 1
* Elements of w skipped: 1 (8.33%)
* Elements of w processed with special addition: 3 (25.00%)
* Elements of w remaining: 8 (66.67%)
* Elements of w skipped: 1 (14.29%)
* Elements of w processed with special addition: 1 (14.29%)
* Elements of w remaining: 5 (71.43%)
* Elements of w skipped: 0 (0.00%)
* Elements of w processed with special addition: 0 (0.00%)
* Elements of w remaining: 5 (100.00%)
* UVC proof at step 1
* G1 elements in proof: 2
* G2 elements in proof: 1
* Proof size in bits: 1019
* Cached h poly size: 95
* UVC Verify step 1: PASS
* UVC Verify step 1: PASS
* UVC Verify step 1: PASS
* UVC Verify step 1: PASS
* UVC Verify step 1: PASS
* UVC Verify step 1: PASS
* UVC Verify step 1: PASS
* UVC Verify step 1: PASS
* UVC Verify step 1: PASS
* UVC Verify step 1: PASS
  1       8.03          2.65          1019          PASS      
* UVC Prove step 2
* Elements of w skipped: 0 (0.00%)
* Elements of w processed with special addition: 1 (10.00%)
* Elements of w remaining: 9 (90.00%)
* Elements of w skipped: 0 (0.00%)
* Elements of w processed with special addition: 1 (16.67%)
* Elements of w remaining: 5 (83.33%)
* Elements of w skipped: 0 (0.00%)
* Elements of w processed with special addition: 1 (10.00%)
* Elements of w remaining: 9 (90.00%)
* UVC proof at step 2
* G1 elements in proof: 2
* G2 elements in proof: 1
* Proof size in bits: 1019
* Cached h poly size: 95
* UVC Prove step 2
* Elements of w skipped: 0 (0.00%)
* Elements of w processed with special addition: 1 (10.00%)
* Elements of w remaining: 9 (90.00%)
* Elements of w skipped: 0 (0.00%)
* Elements of w processed with special addition: 1 (16.67%)
* Elements of w remaining: 5 (83.33%)
* Elements of w skipped: 0 (0.00%)
* Elements of w processed with special addition: 1 (10.00%)
* Elements of w remaining: 9 (90.00%)
* UVC proof at step 2
* G1 elements in proof: 2
* G2 elements in proof: 1
* Proof size in bits: 1019
* Cached h poly size: 95
* UVC Prove step 2
* Elements of w skipped: 0 (0.00%)
* Elements of w processed with special addition: 1 (10.00%)
* Elements of w remaining: 9 (90.00%)
* Elements of w skipped: 0 (0.00%)
* Elements of w processed with special addition: 1 (16.67%)
* Elements of w remaining: 5 (83.33%)
* Elements of w skipped: 0 (0.00%)
* Elements of w processed with special addition: 1 (10.00%)
* Elements of w remaining: 9 (90.00%)
* UVC proof at step 2
* G1 elements in proof: 2
* G2 elements in proof: 1
* Proof size in bits: 1019
* Cached h poly size: 95
* UVC Prove step 2
* Elements of w skipped: 0 (0.00%)
* Elements of w processed with special addition: 1 (10.00%)
* Elements of w remaining: 9 (90.00%)
* Elements of w skipped: 0 (0.00%)
* Elements of w processed with special addition: 1 (16.67%)
* Elements of w remaining: 5 (83.33%)
* Elements of w skipped: 0 (0.00%)
* Elements of w processed with special addition: 1 (10.00%)
* Elements of w remaining: 9 (90.00%)
* UVC proof at step 2
* G1 elements in proof: 2
* G2 elements in proof: 1
* Proof size in bits: 1019
* Cached h poly size: 95
* UVC Prove step 2
* Elements of w skipped: 0 (0.00%)
* Elements of w processed with special addition: 1 (10.00%)
* Elements of w remaining: 9 (90.00%)
* Elements of w skipped: 0 (0.00%)
* Elements of w processed with special addition: 1 (16.67%)
* Elements of w remaining: 5 (83.33%)
* Elements of w skipped: 0 (0.00%)
* Elements of w processed with special addition: 1 (10.00%)
* Elements of w remaining: 9 (90.00%)
* UVC proof at step 2
* G1 elements in proof: 2
* G2 elements in proof: 1
* Proof size in bits: 1019
* Cached h poly size: 95
* UVC Prove step 2
* Elements of w skipped: 0 (0.00%)
* Elements of w processed with special addition: 1 (10.00%)
* Elements of w remaining: 9 (90.00%)
* Elements of w skipped: 0 (0.00%)
* Elements of w processed with special addition: 1 (16.67%)
* Elements of w remaining: 5 (83.33%)
* Elements of w skipped: 0 (0.00%)
* Elements of w processed with special addition: 1 (10.00%)
* Elements of w remaining: 9 (90.00%)
* UVC proof at step 2
* G1 elements in proof: 2
* G2 elements in proof: 1
* Proof size in bits: 1019
* Cached h poly size: 95
* UVC Prove step 2
* Elements of w skipped: 0 (0.00%)
* Elements of w processed with special addition: 1 (10.00%)
* Elements of w remaining: 9 (90.00%)
* Elements of w skipped: 0 (0.00%)
* Elements of w processed with special addition: 1 (16.67%)
* Elements of w remaining: 5 (83.33%)
* Elements of w skipped: 0 (0.00%)
* Elements of w processed with special addition: 1 (10.00%)
* Elements of w remaining: 9 (90.00%)
* UVC proof at step 2
* G1 elements in proof: 2
* G2 elements in proof: 1
* Proof size in bits: 1019
* Cached h poly size: 95
* UVC Prove step 2
* Elements of w skipped: 0 (0.00%)
* Elements of w processed with special addition: 1 (10.00%)
* Elements of w remaining: 9 (90.00%)
* Elements of w skipped: 0 (0.00%)
* Elements of w processed with special addition: 1 (16.67%)
* Elements of w remaining: 5 (83.33%)
* Elements of w skipped: 0 (0.00%)
* Elements of w processed with special addition: 1 (10.00%)
* Elements of w remaining: 9 (90.00%)
* UVC proof at step 2
* G1 elements in proof: 2
* G2 elements in proof: 1
* Proof size in bits: 1019
* Cached h poly size: 95
* UVC Prove step 2
* Elements of w skipped: 0 (0.00%)
* Elements of w processed with special addition: 1 (10.00%)
* Elements of w remaining: 9 (90.00%)
* Elements of w skipped: 0 (0.00%)
* Elements of w processed with special addition: 1 (16.67%)
* Elements of w remaining: 5 (83.33%)
* Elements of w skipped: 0 (0.00%)
* Elements of w processed with special addition: 1 (10.00%)
* Elements of w remaining: 9 (90.00%)
* UVC proof at step 2
* G1 elements in proof: 2
* G2 elements in proof: 1
* Proof size in bits: 1019
* Cached h poly size: 95
* UVC Prove step 2
* Elements of w skipped: 0 (0.00%)
* Elements of w processed with special addition: 1 (10.00%)
* Elements of w remaining: 9 (90.00%)
* Elements of w skipped: 0 (0.00%)
* Elements of w processed with special addition: 1 (16.67%)
* Elements of w remaining: 5 (83.33%)
* Elements of w skipped: 0 (0.00%)
* Elements of w processed with special addition: 1 (10.00%)
* Elements of w remaining: 9 (90.00%)
* UVC proof at step 2
* G1 elements in proof: 2
* G2 elements in proof: 1
* Proof size in bits: 1019
* Cached h poly size: 95
* UVC Verify step 2: PASS
* UVC Verify step 2: PASS
* UVC Verify step 2: PASS
* UVC Verify step 2: PASS
* UVC Verify step 2: PASS
* UVC Verify step 2: PASS
* UVC Verify step 2: PASS
* UVC Verify step 2: PASS
* UVC Verify step 2: PASS
* UVC Verify step 2: PASS
  2       8.30          2.65          1019          PASS      
* UVC Prove step 4
* Elements of w skipped: 0 (0.00%)
* Elements of w processed with special addition: 1 (10.00%)
* Elements of w remaining: 9 (90.00%)
* Elements of w skipped: 0 (0.00%)
* Elements of w processed with special addition: 1 (16.67%)
* Elements of w remaining: 5 (83.33%)
* Elements of w skipped: 0 (0.00%)
* Elements of w processed with special addition: 1 (10.00%)
* Elements of w remaining: 9 (90.00%)
* UVC proof at step 4
* G1 elements in proof: 2
* G2 elements in proof: 1
* Proof size in bits: 1019
* Cached h poly size: 95
* UVC Prove step 4
* Elements of w skipped: 0 (0.00%)
* Elements of w processed with special addition: 1 (10.00%)
* Elements of w remaining: 9 (90.00%)
* Elements of w skipped: 0 (0.00%)
* Elements of w processed with special addition: 1 (16.67%)
* Elements of w remaining: 5 (83.33%)
* Elements of w skipped: 0 (0.00%)
* Elements of w processed with special addition: 1 (10.00%)
* Elements of w remaining: 9 (90.00%)
* UVC proof at step 4
* G1 elements in proof: 2
* G2 elements in proof: 1
* Proof size in bits: 1019
* Cached h poly size: 95
* UVC Prove step 4
* Elements of w skipped: 0 (0.00%)
* Elements of w processed with special addition: 1 (10.00%)
* Elements of w remaining: 9 (90.00%)
* Elements of w skipped: 0 (0.00%)
* Elements of w processed with special addition: 1 (16.67%)
* Elements of w remaining: 5 (83.33%)
* Elements of w skipped: 0 (0.00%)
* Elements of w processed with special addition: 1 (10.00%)
* Elements of w remaining: 9 (90.00%)
* UVC proof at step 4
* G1 elements in proof: 2
* G2 elements in proof: 1
* Proof size in bits: 1019
* Cached h poly size: 95
* UVC Prove step 4
* Elements of w skipped: 0 (0.00%)
* Elements of w processed with special addition: 1 (10.00%)
* Elements of w remaining: 9 (90.00%)
* Elements of w skipped: 0 (0.00%)
* Elements of w processed with special addition: 1 (16.67%)
* Elements of w remaining: 5 (83.33%)
* Elements of w skipped: 0 (0.00%)
* Elements of w processed with special addition: 1 (10.00%)
* Elements of w remaining: 9 (90.00%)
* UVC proof at step 4
* G1 elements in proof: 2
* G2 elements in proof: 1
* Proof size in bits: 1019
* Cached h poly size: 95
* UVC Prove step 4
* Elements of w skipped: 0 (0.00%)
* Elements of w processed with special addition: 1 (10.00%)
* Elements of w remaining: 9 (90.00%)
* Elements of w skipped: 0 (0.00%)
* Elements of w processed with special addition: 1 (16.67%)
* Elements of w remaining: 5 (83.33%)
* Elements of w skipped: 0 (0.00%)
* Elements of w processed with special addition: 1 (10.00%)
* Elements of w remaining: 9 (90.00%)
* UVC proof at step 4
* G1 elements in proof: 2
* G2 elements in proof: 1
* Proof size in bits: 1019
* Cached h poly size: 95
* UVC Prove step 4
* Elements of w skipped: 0 (0.00%)
* Elements of w processed with special addition: 1 (10.00%)
* Elements of w remaining: 9 (90.00%)
* Elements of w skipped: 0 (0.00%)
* Elements of w processed with special addition: 1 (16.67%)
* Elements of w remaining: 5 (83.33%)
* Elements of w skipped: 0 (0.00%)
* Elements of w processed with special addition: 1 (10.00%)
* Elements of w remaining: 9 (90.00%)
* UVC proof at step 4
* G1 elements in proof: 2
* G2 elements in proof: 1
* Proof size in bits: 1019
* Cached h poly size: 95
* UVC Prove step 4
* Elements of w skipped: 0 (0.00%)
* Elements of w processed with special addition: 1 (10.00%)
* Elements of w remaining: 9 (90.00%)
* Elements of w skipped: 0 (0.00%)
* Elements of w processed with special addition: 1 (16.67%)
* Elements of w remaining: 5 (83.33%)
* Elements of w skipped: 0 (0.00%)
* Elements of w processed with special addition: 1 (10.00%)
* Elements of w remaining: 9 (90.00%)
* UVC proof at step 4
* G1 elements in proof: 2
* G2 elements in proof: 1
* Proof size in bits: 1019
* Cached h poly size: 95
* UVC Prove step 4
* Elements of w skipped: 0 (0.00%)
* Elements of w processed with special addition: 1 (10.00%)
* Elements of w remaining: 9 (90.00%)
* Elements of w skipped: 0 (0.00%)
* Elements of w processed with special addition: 1 (16.67%)
* Elements of w remaining: 5 (83.33%)
* Elements of w skipped: 0 (0.00%)
* Elements of w processed with special addition: 1 (10.00%)
* Elements of w remaining: 9 (90.00%)
* UVC proof at step 4
* G1 elements in proof: 2
* G2 elements in proof: 1
* Proof size in bits: 1019
* Cached h poly size: 95
* UVC Prove step 4
* Elements of w skipped: 0 (0.00%)
* Elements of w processed with special addition: 1 (10.00%)
* Elements of w remaining: 9 (90.00%)
* Elements of w skipped: 0 (0.00%)
* Elements of w processed with special addition: 1 (16.67%)
* Elements of w remaining: 5 (83.33%)
* Elements of w skipped: 0 (0.00%)
* Elements of w processed with special addition: 1 (10.00%)
* Elements of w remaining: 9 (90.00%)
* UVC proof at step 4
* G1 elements in proof: 2
* G2 elements in proof: 1
* Proof size in bits: 1019
* Cached h poly size: 95
* UVC Prove step 4
* Elements of w skipped: 0 (0.00%)
* Elements of w processed with special addition: 1 (10.00%)
* Elements of w remaining: 9 (90.00%)
* Elements of w skipped: 0 (0.00%)
* Elements of w processed with special addition: 1 (16.67%)
* Elements of w remaining: 5 (83.33%)
* Elements of w skipped: 0 (0.00%)
* Elements of w processed with special addition: 1 (10.00%)
* Elements of w remaining: 9 (90.00%)
* UVC proof at step 4
* G1 elements in proof: 2
* G2 elements in proof: 1
* Proof size in bits: 1019
* Cached h poly size: 95
* UVC Verify step 4: PASS
* UVC Verify step 4: PASS
* UVC Verify step 4: PASS
* UVC Verify step 4: PASS
* UVC Verify step 4: PASS
* UVC Verify step 4: PASS
* UVC Verify step 4: PASS
* UVC Verify step 4: PASS
* UVC Verify step 4: PASS
* UVC Verify step 4: PASS
  4       8.12          2.64          1019          PASS      
* UVC Prove step 8
* Elements of w skipped: 0 (0.00%)
* Elements of w processed with special addition: 1 (10.00%)
* Elements of w remaining: 9 (90.00%)
* Elements of w skipped: 0 (0.00%)
* Elements of w processed with special addition: 1 (16.67%)
* Elements of w remaining: 5 (83.33%)
* Elements of w skipped: 0 (0.00%)
* Elements of w processed with special addition: 1 (10.00%)
* Elements of w remaining: 9 (90.00%)
* UVC proof at step 8
* G1 elements in proof: 2
* G2 elements in proof: 1
* Proof size in bits: 1019
* Cached h poly size: 95
* UVC Prove step 8
* Elements of w skipped: 0 (0.00%)
* Elements of w processed with special addition: 1 (10.00%)
* Elements of w remaining: 9 (90.00%)
* Elements of w skipped: 0 (0.00%)
* Elements of w processed with special addition: 1 (16.67%)
* Elements of w remaining: 5 (83.33%)
* Elements of w skipped: 0 (0.00%)
* Elements of w processed with special addition: 1 (10.00%)
* Elements of w remaining: 9 (90.00%)
* UVC proof at step 8
* G1 elements in proof: 2
* G2 elements in proof: 1
* Proof size in bits: 1019
* Cached h poly size: 95
* UVC Prove step 8
* Elements of w skipped: 0 (0.00%)
* Elements of w processed with special addition: 1 (10.00%)
* Elements of w remaining: 9 (90.00%)
* Elements of w skipped: 0 (0.00%)
* Elements of w processed with special addition: 1 (16.67%)
* Elements of w remaining: 5 (83.33%)
* Elements of w skipped: 0 (0.00%)
* Elements of w processed with special addition: 1 (10.00%)
* Elements of w remaining: 9 (90.00%)
* UVC proof at step 8
* G1 elements in proof: 2
* G2 elements in proof: 1
* Proof size in bits: 1019
* Cached h poly size: 95
* UVC Prove step 8
* Elements of w skipped: 0 (0.00%)
* Elements of w processed with special addition: 1 (10.00%)
* Elements of w remaining: 9 (90.00%)
* Elements of w skipped: 0 (0.00%)
* Elements of w processed with special addition: 1 (16.67%)
* Elements of w remaining: 5 (83.33%)
* Elements of w skipped: 0 (0.00%)
* Elements of w processed with special addition: 1 (10.00%)
* Elements of w remaining: 9 (90.00%)
* UVC proof at step 8
* G1 elements in proof: 2
* G2 elements in proof: 1
* Proof size in bits: 1019
* Cached h poly size: 95
* UVC Prove step 8
* Elements of w skipped: 0 (0.00%)
* Elements of w processed with special addition: 1 (10.00%)
* Elements of w remaining: 9 (90.00%)
* Elements of w skipped: 0 (0.00%)
* Elements of w processed with special addition: 1 (16.67%)
* Elements of w remaining: 5 (83.33%)
* Elements of w skipped: 0 (0.00%)
* Elements of w processed with special addition: 1 (10.00%)
* Elements of w remaining: 9 (90.00%)
* UVC proof at step 8
* G1 elements in proof: 2
* G2 elements in proof: 1
* Proof size in bits: 1019
* Cached h poly size: 95
* UVC Prove step 8
* Elements of w skipped: 0 (0.00%)
* Elements of w processed with special addition: 1 (10.00%)
* Elements of w remaining: 9 (90.00%)
* Elements of w skipped: 0 (0.00%)
* Elements of w processed with special addition: 1 (16.67%)
* Elements of w remaining: 5 (83.33%)
* Elements of w skipped: 0 (0.00%)
* Elements of w processed with special addition: 1 (10.00%)
* Elements of w remaining: 9 (90.00%)
* UVC proof at step 8
* G1 elements in proof: 2
* G2 elements in proof: 1
* Proof size in bits: 1019
* Cached h poly size: 95
* UVC Prove step 8
* Elements of w skipped: 0 (0.00%)
* Elements of w processed with special addition: 1 (10.00%)
* Elements of w remaining: 9 (90.00%)
* Elements of w skipped: 0 (0.00%)
* Elements of w processed with special addition: 1 (16.67%)
* Elements of w remaining: 5 (83.33%)
* Elements of w skipped: 0 (0.00%)
* Elements of w processed with special addition: 1 (10.00%)
* Elements of w remaining: 9 (90.00%)
* UVC proof at step 8
* G1 elements in proof: 2
* G2 elements in proof: 1
* Proof size in bits: 1019
* Cached h poly size: 95
* UVC Prove step 8
* Elements of w skipped: 0 (0.00%)
* Elements of w processed with special addition: 1 (10.00%)
* Elements of w remaining: 9 (90.00%)
* Elements of w skipped: 0 (0.00%)
* Elements of w processed with special addition: 1 (16.67%)
* Elements of w remaining: 5 (83.33%)
* Elements of w skipped: 0 (0.00%)
* Elements of w processed with special addition: 1 (10.00%)
* Elements of w remaining: 9 (90.00%)
* UVC proof at step 8
* G1 elements in proof: 2
* G2 elements in proof: 1
* Proof size in bits: 1019
* Cached h poly size: 95
* UVC Prove step 8
* Elements of w skipped: 0 (0.00%)
* Elements of w processed with special addition: 1 (10.00%)
* Elements of w remaining: 9 (90.00%)
* Elements of w skipped: 0 (0.00%)
* Elements of w processed with special addition: 1 (16.67%)
* Elements of w remaining: 5 (83.33%)
* Elements of w skipped: 0 (0.00%)
* Elements of w processed with special addition: 1 (10.00%)
* Elements of w remaining: 9 (90.00%)
* UVC proof at step 8
* G1 elements in proof: 2
* G2 elements in proof: 1
* Proof size in bits: 1019
* Cached h poly size: 95
* UVC Prove step 8
* Elements of w skipped: 0 (0.00%)
* Elements of w processed with special addition: 1 (10.00%)
* Elements of w remaining: 9 (90.00%)
* Elements of w skipped: 0 (0.00%)
* Elements of w processed with special addition: 1 (16.67%)
* Elements of w remaining: 5 (83.33%)
* Elements of w skipped: 0 (0.00%)
* Elements of w processed with special addition: 1 (10.00%)
* Elements of w remaining: 9 (90.00%)
* UVC proof at step 8
* G1 elements in proof: 2
* G2 elements in proof: 1
* Proof size in bits: 1019
* Cached h poly size: 95
* UVC Verify step 8: PASS
* UVC Verify step 8: PASS
* UVC Verify step 8: PASS
* UVC Verify step 8: PASS
* UVC Verify step 8: PASS
* UVC Verify step 8: PASS
* UVC Verify step 8: PASS
* UVC Verify step 8: PASS
* UVC Verify step 8: PASS
* UVC Verify step 8: PASS
  8       8.37          2.66          1019          PASS      
* UVC Prove step 16
* Elements of w skipped: 0 (0.00%)
* Elements of w processed with special addition: 1 (10.00%)
* Elements of w remaining: 9 (90.00%)
* Elements of w skipped: 0 (0.00%)
* Elements of w processed with special addition: 1 (20.00%)
* Elements of w remaining: 4 (80.00%)
* Elements of w skipped: 0 (0.00%)
* Elements of w processed with special addition: 1 (10.00%)
* Elements of w remaining: 9 (90.00%)
* UVC proof at step 16
* G1 elements in proof: 2
* G2 elements in proof: 1
* Proof size in bits: 1019
* Cached h poly size: 95
* UVC Prove step 16
* Elements of w skipped: 0 (0.00%)
* Elements of w processed with special addition: 1 (10.00%)
* Elements of w remaining: 9 (90.00%)
* Elements of w skipped: 0 (0.00%)
* Elements of w processed with special addition: 1 (20.00%)
* Elements of w remaining: 4 (80.00%)
* Elements of w skipped: 0 (0.00%)
* Elements of w processed with special addition: 1 (10.00%)
* Elements of w remaining: 9 (90.00%)
* UVC proof at step 16
* G1 elements in proof: 2
* G2 elements in proof: 1
* Proof size in bits: 1019
* Cached h poly size: 95
* UVC Prove step 16
* Elements of w skipped: 0 (0.00%)
* Elements of w processed with special addition: 1 (10.00%)
* Elements of w remaining: 9 (90.00%)
* Elements of w skipped: 0 (0.00%)
* Elements of w processed with special addition: 1 (20.00%)
* Elements of w remaining: 4 (80.00%)
* Elements of w skipped: 0 (0.00%)
* Elements of w processed with special addition: 1 (10.00%)
* Elements of w remaining: 9 (90.00%)
* UVC proof at step 16
* G1 elements in proof: 2
* G2 elements in proof: 1
* Proof size in bits: 1019
* Cached h poly size: 95
* UVC Prove step 16
* Elements of w skipped: 0 (0.00%)
* Elements of w processed with special addition: 1 (10.00%)
* Elements of w remaining: 9 (90.00%)
* Elements of w skipped: 0 (0.00%)
* Elements of w processed with special addition: 1 (20.00%)
* Elements of w remaining: 4 (80.00%)
* Elements of w skipped: 0 (0.00%)
* Elements of w processed with special addition: 1 (10.00%)
* Elements of w remaining: 9 (90.00%)
* UVC proof at step 16
* G1 elements in proof: 2
* G2 elements in proof: 1
* Proof size in bits: 1019
* Cached h poly size: 95
* UVC Prove step 16
* Elements of w skipped: 0 (0.00%)
* Elements of w processed with special addition: 1 (10.00%)
* Elements of w remaining: 9 (90.00%)
* Elements of w skipped: 0 (0.00%)
* Elements of w processed with special addition: 1 (20.00%)
* Elements of w remaining: 4 (80.00%)
* Elements of w skipped: 0 (0.00%)
* Elements of w processed with special addition: 1 (10.00%)
* Elements of w remaining: 9 (90.00%)
* UVC proof at step 16
* G1 elements in proof: 2
* G2 elements in proof: 1
* Proof size in bits: 1019
* Cached h poly size: 95
* UVC Prove step 16
* Elements of w skipped: 0 (0.00%)
* Elements of w processed with special addition: 1 (10.00%)
* Elements of w remaining: 9 (90.00%)
* Elements of w skipped: 0 (0.00%)
* Elements of w processed with special addition: 1 (20.00%)
* Elements of w remaining: 4 (80.00%)
* Elements of w skipped: 0 (0.00%)
* Elements of w processed with special addition: 1 (10.00%)
* Elements of w remaining: 9 (90.00%)
* UVC proof at step 16
* G1 elements in proof: 2
* G2 elements in proof: 1
* Proof size in bits: 1019
* Cached h poly size: 95
* UVC Prove step 16
* Elements of w skipped: 0 (0.00%)
* Elements of w processed with special addition: 1 (10.00%)
* Elements of w remaining: 9 (90.00%)
* Elements of w skipped: 0 (0.00%)
* Elements of w processed with special addition: 1 (20.00%)
* Elements of w remaining: 4 (80.00%)
* Elements of w skipped: 0 (0.00%)
* Elements of w processed with special addition: 1 (10.00%)
* Elements of w remaining: 9 (90.00%)
* UVC proof at step 16
* G1 elements in proof: 2
* G2 elements in proof: 1
* Proof size in bits: 1019
* Cached h poly size: 95
* UVC Prove step 16
* Elements of w skipped: 0 (0.00%)
* Elements of w processed with special addition: 1 (10.00%)
* Elements of w remaining: 9 (90.00%)
* Elements of w skipped: 0 (0.00%)
* Elements of w processed with special addition: 1 (20.00%)
* Elements of w remaining: 4 (80.00%)
* Elements of w skipped: 0 (0.00%)
* Elements of w processed with special addition: 1 (10.00%)
* Elements of w remaining: 9 (90.00%)
* UVC proof at step 16
* G1 elements in proof: 2
* G2 elements in proof: 1
* Proof size in bits: 1019
* Cached h poly size: 95
* UVC Prove step 16
* Elements of w skipped: 0 (0.00%)
* Elements of w processed with special addition: 1 (10.00%)
* Elements of w remaining: 9 (90.00%)
* Elements of w skipped: 0 (0.00%)
* Elements of w processed with special addition: 1 (20.00%)
* Elements of w remaining: 4 (80.00%)
* Elements of w skipped: 0 (0.00%)
* Elements of w processed with special addition: 1 (10.00%)
* Elements of w remaining: 9 (90.00%)
* UVC proof at step 16
* G1 elements in proof: 2
* G2 elements in proof: 1
* Proof size in bits: 1019
* Cached h poly size: 95
* UVC Prove step 16
* Elements of w skipped: 0 (0.00%)
* Elements of w processed with special addition: 1 (10.00%)
* Elements of w remaining: 9 (90.00%)
* Elements of w skipped: 0 (0.00%)
* Elements of w processed with special addition: 1 (20.00%)
* Elements of w remaining: 4 (80.00%)
* Elements of w skipped: 0 (0.00%)
* Elements of w processed with special addition: 1 (10.00%)
* Elements of w remaining: 9 (90.00%)
* UVC proof at step 16
* G1 elements in proof: 2
* G2 elements in proof: 1
* Proof size in bits: 1019
* Cached h poly size: 95
* UVC Verify step 16: PASS
* UVC Verify step 16: PASS
* UVC Verify step 16: PASS
* UVC Verify step 16: PASS
* UVC Verify step 16: PASS
* UVC Verify step 16: PASS
* UVC Verify step 16: PASS
* UVC Verify step 16: PASS
* UVC Verify step 16: PASS
* UVC Verify step 16: PASS
  16      7.78          2.63          1019          PASS      

  UVC results written to /Users/heewonchung/Documents/00-Research/active/Updatable Verifiable Computation/Dev/results/2026-03-09_201110_iot/csv/uvc_results.csv

================================================================
Groth16 Benchmark: circuit=sensor_fusion, n=4, B=16
================================================================

  Step    C_j constr  Setup (ms)    Prove (ms)    Verify (ms)   Verified  
  ------  ----------  ------------  ------------  ------------  ----------
* Composed C_1: 5 constraints, 11 variables, 6 inputs
* QAP number of variables: 11
* QAP pre degree: 5
* QAP degree: 12
* QAP number of input variables: 6
* G1 window: 3
* G2 window: 2
* G1 elements in PK: 41
* Non-zero G1 elements in PK: 34
* G2 elements in PK: 13
* Non-zero G2 elements in PK: 6
* PK size in bits: 12044
* G1 elements in VK: 6
* G2 elements in VK: 2
* GT elements in VK: 1
* VK size in bits: 3187
* Elements of w skipped: 1 (8.33%)
* Elements of w processed with special addition: 3 (25.00%)
* Elements of w remaining: 8 (66.67%)
* Elements of w skipped: 0 (0.00%)
* Elements of w processed with special addition: 2 (40.00%)
* Elements of w remaining: 3 (60.00%)
* Elements of w skipped: 0 (0.00%)
* Elements of w processed with special addition: 0 (0.00%)
* Elements of w remaining: 5 (100.00%)
* G1 elements in proof: 2
* G2 elements in proof: 1
* Proof size in bits: 1019
* Elements of w skipped: 1 (8.33%)
* Elements of w processed with special addition: 3 (25.00%)
* Elements of w remaining: 8 (66.67%)
* Elements of w skipped: 0 (0.00%)
* Elements of w processed with special addition: 2 (40.00%)
* Elements of w remaining: 3 (60.00%)
* Elements of w skipped: 0 (0.00%)
* Elements of w processed with special addition: 0 (0.00%)
* Elements of w remaining: 5 (100.00%)
* G1 elements in proof: 2
* G2 elements in proof: 1
* Proof size in bits: 1019
* Elements of w skipped: 1 (8.33%)
* Elements of w processed with special addition: 3 (25.00%)
* Elements of w remaining: 8 (66.67%)
* Elements of w skipped: 0 (0.00%)
* Elements of w processed with special addition: 2 (40.00%)
* Elements of w remaining: 3 (60.00%)
* Elements of w skipped: 0 (0.00%)
* Elements of w processed with special addition: 0 (0.00%)
* Elements of w remaining: 5 (100.00%)
* G1 elements in proof: 2
* G2 elements in proof: 1
* Proof size in bits: 1019
* Elements of w skipped: 1 (8.33%)
* Elements of w processed with special addition: 3 (25.00%)
* Elements of w remaining: 8 (66.67%)
* Elements of w skipped: 0 (0.00%)
* Elements of w processed with special addition: 2 (40.00%)
* Elements of w remaining: 3 (60.00%)
* Elements of w skipped: 0 (0.00%)
* Elements of w processed with special addition: 0 (0.00%)
* Elements of w remaining: 5 (100.00%)
* G1 elements in proof: 2
* G2 elements in proof: 1
* Proof size in bits: 1019
* Elements of w skipped: 1 (8.33%)
* Elements of w processed with special addition: 3 (25.00%)
* Elements of w remaining: 8 (66.67%)
* Elements of w skipped: 0 (0.00%)
* Elements of w processed with special addition: 2 (40.00%)
* Elements of w remaining: 3 (60.00%)
* Elements of w skipped: 0 (0.00%)
* Elements of w processed with special addition: 0 (0.00%)
* Elements of w remaining: 5 (100.00%)
* G1 elements in proof: 2
* G2 elements in proof: 1
* Proof size in bits: 1019
* Elements of w skipped: 1 (8.33%)
* Elements of w processed with special addition: 3 (25.00%)
* Elements of w remaining: 8 (66.67%)
* Elements of w skipped: 0 (0.00%)
* Elements of w processed with special addition: 2 (40.00%)
* Elements of w remaining: 3 (60.00%)
* Elements of w skipped: 0 (0.00%)
* Elements of w processed with special addition: 0 (0.00%)
* Elements of w remaining: 5 (100.00%)
* G1 elements in proof: 2
* G2 elements in proof: 1
* Proof size in bits: 1019
* Elements of w skipped: 1 (8.33%)
* Elements of w processed with special addition: 3 (25.00%)
* Elements of w remaining: 8 (66.67%)
* Elements of w skipped: 0 (0.00%)
* Elements of w processed with special addition: 2 (40.00%)
* Elements of w remaining: 3 (60.00%)
* Elements of w skipped: 0 (0.00%)
* Elements of w processed with special addition: 0 (0.00%)
* Elements of w remaining: 5 (100.00%)
* G1 elements in proof: 2
* G2 elements in proof: 1
* Proof size in bits: 1019
* Elements of w skipped: 1 (8.33%)
* Elements of w processed with special addition: 3 (25.00%)
* Elements of w remaining: 8 (66.67%)
* Elements of w skipped: 0 (0.00%)
* Elements of w processed with special addition: 2 (40.00%)
* Elements of w remaining: 3 (60.00%)
* Elements of w skipped: 0 (0.00%)
* Elements of w processed with special addition: 0 (0.00%)
* Elements of w remaining: 5 (100.00%)
* G1 elements in proof: 2
* G2 elements in proof: 1
* Proof size in bits: 1019
* Elements of w skipped: 1 (8.33%)
* Elements of w processed with special addition: 3 (25.00%)
* Elements of w remaining: 8 (66.67%)
* Elements of w skipped: 0 (0.00%)
* Elements of w processed with special addition: 2 (40.00%)
* Elements of w remaining: 3 (60.00%)
* Elements of w skipped: 0 (0.00%)
* Elements of w processed with special addition: 0 (0.00%)
* Elements of w remaining: 5 (100.00%)
* G1 elements in proof: 2
* G2 elements in proof: 1
* Proof size in bits: 1019
* Elements of w skipped: 1 (8.33%)
* Elements of w processed with special addition: 3 (25.00%)
* Elements of w remaining: 8 (66.67%)
* Elements of w skipped: 0 (0.00%)
* Elements of w processed with special addition: 2 (40.00%)
* Elements of w remaining: 3 (60.00%)
* Elements of w skipped: 0 (0.00%)
* Elements of w processed with special addition: 0 (0.00%)
* Elements of w remaining: 5 (100.00%)
* G1 elements in proof: 2
* G2 elements in proof: 1
* Proof size in bits: 1019
  1       5           10.7          3.45          2.71          PASS      
* Composed C_2: 10 constraints, 21 variables, 6 inputs
* QAP number of variables: 21
* QAP pre degree: 10
* QAP degree: 17
* QAP number of input variables: 6
* G1 window: 4
* G2 window: 3
* G1 elements in PK: 76
* Non-zero G1 elements in PK: 64
* G2 elements in PK: 23
* Non-zero G2 elements in PK: 11
* PK size in bits: 22559
* G1 elements in VK: 6
* G2 elements in VK: 2
* GT elements in VK: 1
* VK size in bits: 3187
* Elements of w skipped: 1 (4.55%)
* Elements of w processed with special addition: 4 (18.18%)
* Elements of w remaining: 17 (77.27%)
* Elements of w skipped: 0 (0.00%)
* Elements of w processed with special addition: 3 (30.00%)
* Elements of w remaining: 7 (70.00%)
* Elements of w skipped: 0 (0.00%)
* Elements of w processed with special addition: 1 (6.67%)
* Elements of w remaining: 14 (93.33%)
* G1 elements in proof: 2
* G2 elements in proof: 1
* Proof size in bits: 1019
* Elements of w skipped: 1 (4.55%)
* Elements of w processed with special addition: 4 (18.18%)
* Elements of w remaining: 17 (77.27%)
* Elements of w skipped: 0 (0.00%)
* Elements of w processed with special addition: 3 (30.00%)
* Elements of w remaining: 7 (70.00%)
* Elements of w skipped: 0 (0.00%)
* Elements of w processed with special addition: 1 (6.67%)
* Elements of w remaining: 14 (93.33%)
* G1 elements in proof: 2
* G2 elements in proof: 1
* Proof size in bits: 1019
* Elements of w skipped: 1 (4.55%)
* Elements of w processed with special addition: 4 (18.18%)
* Elements of w remaining: 17 (77.27%)
* Elements of w skipped: 0 (0.00%)
* Elements of w processed with special addition: 3 (30.00%)
* Elements of w remaining: 7 (70.00%)
* Elements of w skipped: 0 (0.00%)
* Elements of w processed with special addition: 1 (6.67%)
* Elements of w remaining: 14 (93.33%)
* G1 elements in proof: 2
* G2 elements in proof: 1
* Proof size in bits: 1019
* Elements of w skipped: 1 (4.55%)
* Elements of w processed with special addition: 4 (18.18%)
* Elements of w remaining: 17 (77.27%)
* Elements of w skipped: 0 (0.00%)
* Elements of w processed with special addition: 3 (30.00%)
* Elements of w remaining: 7 (70.00%)
* Elements of w skipped: 0 (0.00%)
* Elements of w processed with special addition: 1 (6.67%)
* Elements of w remaining: 14 (93.33%)
* G1 elements in proof: 2
* G2 elements in proof: 1
* Proof size in bits: 1019
* Elements of w skipped: 1 (4.55%)
* Elements of w processed with special addition: 4 (18.18%)
* Elements of w remaining: 17 (77.27%)
* Elements of w skipped: 0 (0.00%)
* Elements of w processed with special addition: 3 (30.00%)
* Elements of w remaining: 7 (70.00%)
* Elements of w skipped: 0 (0.00%)
* Elements of w processed with special addition: 1 (6.67%)
* Elements of w remaining: 14 (93.33%)
* G1 elements in proof: 2
* G2 elements in proof: 1
* Proof size in bits: 1019
* Elements of w skipped: 1 (4.55%)
* Elements of w processed with special addition: 4 (18.18%)
* Elements of w remaining: 17 (77.27%)
* Elements of w skipped: 0 (0.00%)
* Elements of w processed with special addition: 3 (30.00%)
* Elements of w remaining: 7 (70.00%)
* Elements of w skipped: 0 (0.00%)
* Elements of w processed with special addition: 1 (6.67%)
* Elements of w remaining: 14 (93.33%)
* G1 elements in proof: 2
* G2 elements in proof: 1
* Proof size in bits: 1019
* Elements of w skipped: 1 (4.55%)
* Elements of w processed with special addition: 4 (18.18%)
* Elements of w remaining: 17 (77.27%)
* Elements of w skipped: 0 (0.00%)
* Elements of w processed with special addition: 3 (30.00%)
* Elements of w remaining: 7 (70.00%)
* Elements of w skipped: 0 (0.00%)
* Elements of w processed with special addition: 1 (6.67%)
* Elements of w remaining: 14 (93.33%)
* G1 elements in proof: 2
* G2 elements in proof: 1
* Proof size in bits: 1019
* Elements of w skipped: 1 (4.55%)
* Elements of w processed with special addition: 4 (18.18%)
* Elements of w remaining: 17 (77.27%)
* Elements of w skipped: 0 (0.00%)
* Elements of w processed with special addition: 3 (30.00%)
* Elements of w remaining: 7 (70.00%)
* Elements of w skipped: 0 (0.00%)
* Elements of w processed with special addition: 1 (6.67%)
* Elements of w remaining: 14 (93.33%)
* G1 elements in proof: 2
* G2 elements in proof: 1
* Proof size in bits: 1019
* Elements of w skipped: 1 (4.55%)
* Elements of w processed with special addition: 4 (18.18%)
* Elements of w remaining: 17 (77.27%)
* Elements of w skipped: 0 (0.00%)
* Elements of w processed with special addition: 3 (30.00%)
* Elements of w remaining: 7 (70.00%)
* Elements of w skipped: 0 (0.00%)
* Elements of w processed with special addition: 1 (6.67%)
* Elements of w remaining: 14 (93.33%)
* G1 elements in proof: 2
* G2 elements in proof: 1
* Proof size in bits: 1019
* Elements of w skipped: 1 (4.55%)
* Elements of w processed with special addition: 4 (18.18%)
* Elements of w remaining: 17 (77.27%)
* Elements of w skipped: 0 (0.00%)
* Elements of w processed with special addition: 3 (30.00%)
* Elements of w remaining: 7 (70.00%)
* Elements of w skipped: 0 (0.00%)
* Elements of w processed with special addition: 1 (6.67%)
* Elements of w remaining: 14 (93.33%)
* G1 elements in proof: 2
* G2 elements in proof: 1
* Proof size in bits: 1019
  2       10          13.5          4.79          2.68          PASS      
* Composed C_4: 20 constraints, 41 variables, 6 inputs
* QAP number of variables: 41
* QAP pre degree: 20
* QAP degree: 32
* QAP number of input variables: 6
* G1 window: 5
* G2 window: 3
* G1 elements in PK: 151
* Non-zero G1 elements in PK: 129
* G2 elements in PK: 43
* Non-zero G2 elements in PK: 21
* PK size in bits: 44864
* G1 elements in VK: 6
* G2 elements in VK: 2
* GT elements in VK: 1
* VK size in bits: 3187
* Elements of w skipped: 1 (2.38%)
* Elements of w processed with special addition: 6 (14.29%)
* Elements of w remaining: 35 (83.33%)
* Elements of w skipped: 0 (0.00%)
* Elements of w processed with special addition: 5 (25.00%)
* Elements of w remaining: 15 (75.00%)
* Elements of w skipped: 0 (0.00%)
* Elements of w processed with special addition: 3 (8.57%)
* Elements of w remaining: 32 (91.43%)
* G1 elements in proof: 2
* G2 elements in proof: 1
* Proof size in bits: 1019
* Elements of w skipped: 1 (2.38%)
* Elements of w processed with special addition: 6 (14.29%)
* Elements of w remaining: 35 (83.33%)
* Elements of w skipped: 0 (0.00%)
* Elements of w processed with special addition: 5 (25.00%)
* Elements of w remaining: 15 (75.00%)
* Elements of w skipped: 0 (0.00%)
* Elements of w processed with special addition: 3 (8.57%)
* Elements of w remaining: 32 (91.43%)
* G1 elements in proof: 2
* G2 elements in proof: 1
* Proof size in bits: 1019
* Elements of w skipped: 1 (2.38%)
* Elements of w processed with special addition: 6 (14.29%)
* Elements of w remaining: 35 (83.33%)
* Elements of w skipped: 0 (0.00%)
* Elements of w processed with special addition: 5 (25.00%)
* Elements of w remaining: 15 (75.00%)
* Elements of w skipped: 0 (0.00%)
* Elements of w processed with special addition: 3 (8.57%)
* Elements of w remaining: 32 (91.43%)
* G1 elements in proof: 2
* G2 elements in proof: 1
* Proof size in bits: 1019
* Elements of w skipped: 1 (2.38%)
* Elements of w processed with special addition: 6 (14.29%)
* Elements of w remaining: 35 (83.33%)
* Elements of w skipped: 0 (0.00%)
* Elements of w processed with special addition: 5 (25.00%)
* Elements of w remaining: 15 (75.00%)
* Elements of w skipped: 0 (0.00%)
* Elements of w processed with special addition: 3 (8.57%)
* Elements of w remaining: 32 (91.43%)
* G1 elements in proof: 2
* G2 elements in proof: 1
* Proof size in bits: 1019
* Elements of w skipped: 1 (2.38%)
* Elements of w processed with special addition: 6 (14.29%)
* Elements of w remaining: 35 (83.33%)
* Elements of w skipped: 0 (0.00%)
* Elements of w processed with special addition: 5 (25.00%)
* Elements of w remaining: 15 (75.00%)
* Elements of w skipped: 0 (0.00%)
* Elements of w processed with special addition: 3 (8.57%)
* Elements of w remaining: 32 (91.43%)
* G1 elements in proof: 2
* G2 elements in proof: 1
* Proof size in bits: 1019
* Elements of w skipped: 1 (2.38%)
* Elements of w processed with special addition: 6 (14.29%)
* Elements of w remaining: 35 (83.33%)
* Elements of w skipped: 0 (0.00%)
* Elements of w processed with special addition: 5 (25.00%)
* Elements of w remaining: 15 (75.00%)
* Elements of w skipped: 0 (0.00%)
* Elements of w processed with special addition: 3 (8.57%)
* Elements of w remaining: 32 (91.43%)
* G1 elements in proof: 2
* G2 elements in proof: 1
* Proof size in bits: 1019
* Elements of w skipped: 1 (2.38%)
* Elements of w processed with special addition: 6 (14.29%)
* Elements of w remaining: 35 (83.33%)
* Elements of w skipped: 0 (0.00%)
* Elements of w processed with special addition: 5 (25.00%)
* Elements of w remaining: 15 (75.00%)
* Elements of w skipped: 0 (0.00%)
* Elements of w processed with special addition: 3 (8.57%)
* Elements of w remaining: 32 (91.43%)
* G1 elements in proof: 2
* G2 elements in proof: 1
* Proof size in bits: 1019
* Elements of w skipped: 1 (2.38%)
* Elements of w processed with special addition: 6 (14.29%)
* Elements of w remaining: 35 (83.33%)
* Elements of w skipped: 0 (0.00%)
* Elements of w processed with special addition: 5 (25.00%)
* Elements of w remaining: 15 (75.00%)
* Elements of w skipped: 0 (0.00%)
* Elements of w processed with special addition: 3 (8.57%)
* Elements of w remaining: 32 (91.43%)
* G1 elements in proof: 2
* G2 elements in proof: 1
* Proof size in bits: 1019
* Elements of w skipped: 1 (2.38%)
* Elements of w processed with special addition: 6 (14.29%)
* Elements of w remaining: 35 (83.33%)
* Elements of w skipped: 0 (0.00%)
* Elements of w processed with special addition: 5 (25.00%)
* Elements of w remaining: 15 (75.00%)
* Elements of w skipped: 0 (0.00%)
* Elements of w processed with special addition: 3 (8.57%)
* Elements of w remaining: 32 (91.43%)
* G1 elements in proof: 2
* G2 elements in proof: 1
* Proof size in bits: 1019
* Elements of w skipped: 1 (2.38%)
* Elements of w processed with special addition: 6 (14.29%)
* Elements of w remaining: 35 (83.33%)
* Elements of w skipped: 0 (0.00%)
* Elements of w processed with special addition: 5 (25.00%)
* Elements of w remaining: 15 (75.00%)
* Elements of w skipped: 0 (0.00%)
* Elements of w processed with special addition: 3 (8.57%)
* Elements of w remaining: 32 (91.43%)
* G1 elements in proof: 2
* G2 elements in proof: 1
* Proof size in bits: 1019
  4       20          19.4          6.65          2.57          PASS      
* Composed C_8: 40 constraints, 81 variables, 6 inputs
* QAP number of variables: 81
* QAP pre degree: 40
* QAP degree: 48
* QAP number of input variables: 6
* G1 window: 6
* G2 window: 4
* G1 elements in PK: 287
* Non-zero G1 elements in PK: 245
* G2 elements in PK: 83
* Non-zero G2 elements in PK: 41
* PK size in bits: 85904
* G1 elements in VK: 6
* G2 elements in VK: 2
* GT elements in VK: 1
* VK size in bits: 3187
* Elements of w skipped: 1 (1.22%)
* Elements of w processed with special addition: 10 (12.20%)
* Elements of w remaining: 71 (86.59%)
* Elements of w skipped: 0 (0.00%)
* Elements of w processed with special addition: 9 (22.50%)
* Elements of w remaining: 31 (77.50%)
* Elements of w skipped: 0 (0.00%)
* Elements of w processed with special addition: 7 (9.33%)
* Elements of w remaining: 68 (90.67%)
* G1 elements in proof: 2
* G2 elements in proof: 1
* Proof size in bits: 1019
* Elements of w skipped: 1 (1.22%)
* Elements of w processed with special addition: 10 (12.20%)
* Elements of w remaining: 71 (86.59%)
* Elements of w skipped: 0 (0.00%)
* Elements of w processed with special addition: 9 (22.50%)
* Elements of w remaining: 31 (77.50%)
* Elements of w skipped: 0 (0.00%)
* Elements of w processed with special addition: 7 (9.33%)
* Elements of w remaining: 68 (90.67%)
* G1 elements in proof: 2
* G2 elements in proof: 1
* Proof size in bits: 1019
* Elements of w skipped: 1 (1.22%)
* Elements of w processed with special addition: 10 (12.20%)
* Elements of w remaining: 71 (86.59%)
* Elements of w skipped: 0 (0.00%)
* Elements of w processed with special addition: 9 (22.50%)
* Elements of w remaining: 31 (77.50%)
* Elements of w skipped: 0 (0.00%)
* Elements of w processed with special addition: 7 (9.33%)
* Elements of w remaining: 68 (90.67%)
* G1 elements in proof: 2
* G2 elements in proof: 1
* Proof size in bits: 1019
* Elements of w skipped: 1 (1.22%)
* Elements of w processed with special addition: 10 (12.20%)
* Elements of w remaining: 71 (86.59%)
* Elements of w skipped: 0 (0.00%)
* Elements of w processed with special addition: 9 (22.50%)
* Elements of w remaining: 31 (77.50%)
* Elements of w skipped: 0 (0.00%)
* Elements of w processed with special addition: 7 (9.33%)
* Elements of w remaining: 68 (90.67%)
* G1 elements in proof: 2
* G2 elements in proof: 1
* Proof size in bits: 1019
* Elements of w skipped: 1 (1.22%)
* Elements of w processed with special addition: 10 (12.20%)
* Elements of w remaining: 71 (86.59%)
* Elements of w skipped: 0 (0.00%)
* Elements of w processed with special addition: 9 (22.50%)
* Elements of w remaining: 31 (77.50%)
* Elements of w skipped: 0 (0.00%)
* Elements of w processed with special addition: 7 (9.33%)
* Elements of w remaining: 68 (90.67%)
* G1 elements in proof: 2
* G2 elements in proof: 1
* Proof size in bits: 1019
* Elements of w skipped: 1 (1.22%)
* Elements of w processed with special addition: 10 (12.20%)
* Elements of w remaining: 71 (86.59%)
* Elements of w skipped: 0 (0.00%)
* Elements of w processed with special addition: 9 (22.50%)
* Elements of w remaining: 31 (77.50%)
* Elements of w skipped: 0 (0.00%)
* Elements of w processed with special addition: 7 (9.33%)
* Elements of w remaining: 68 (90.67%)
* G1 elements in proof: 2
* G2 elements in proof: 1
* Proof size in bits: 1019
* Elements of w skipped: 1 (1.22%)
* Elements of w processed with special addition: 10 (12.20%)
* Elements of w remaining: 71 (86.59%)
* Elements of w skipped: 0 (0.00%)
* Elements of w processed with special addition: 9 (22.50%)
* Elements of w remaining: 31 (77.50%)
* Elements of w skipped: 0 (0.00%)
* Elements of w processed with special addition: 7 (9.33%)
* Elements of w remaining: 68 (90.67%)
* G1 elements in proof: 2
* G2 elements in proof: 1
* Proof size in bits: 1019
* Elements of w skipped: 1 (1.22%)
* Elements of w processed with special addition: 10 (12.20%)
* Elements of w remaining: 71 (86.59%)
* Elements of w skipped: 0 (0.00%)
* Elements of w processed with special addition: 9 (22.50%)
* Elements of w remaining: 31 (77.50%)
* Elements of w skipped: 0 (0.00%)
* Elements of w processed with special addition: 7 (9.33%)
* Elements of w remaining: 68 (90.67%)
* G1 elements in proof: 2
* G2 elements in proof: 1
* Proof size in bits: 1019
* Elements of w skipped: 1 (1.22%)
* Elements of w processed with special addition: 10 (12.20%)
* Elements of w remaining: 71 (86.59%)
* Elements of w skipped: 0 (0.00%)
* Elements of w processed with special addition: 9 (22.50%)
* Elements of w remaining: 31 (77.50%)
* Elements of w skipped: 0 (0.00%)
* Elements of w processed with special addition: 7 (9.33%)
* Elements of w remaining: 68 (90.67%)
* G1 elements in proof: 2
* G2 elements in proof: 1
* Proof size in bits: 1019
* Elements of w skipped: 1 (1.22%)
* Elements of w processed with special addition: 10 (12.20%)
* Elements of w remaining: 71 (86.59%)
* Elements of w skipped: 0 (0.00%)
* Elements of w processed with special addition: 9 (22.50%)
* Elements of w remaining: 31 (77.50%)
* Elements of w skipped: 0 (0.00%)
* Elements of w processed with special addition: 7 (9.33%)
* Elements of w remaining: 68 (90.67%)
* G1 elements in proof: 2
* G2 elements in proof: 1
* Proof size in bits: 1019
  8       40          27.8          9.47          2.62          PASS      
* Composed C_16: 80 constraints, 161 variables, 6 inputs
* QAP number of variables: 161
* QAP pre degree: 80
* QAP degree: 96
* QAP number of input variables: 6
* G1 window: 6
* G2 window: 5
* G1 elements in PK: 575
* Non-zero G1 elements in PK: 493
* G2 elements in PK: 163
* Non-zero G2 elements in PK: 81
* PK size in bits: 172064
* G1 elements in VK: 6
* G2 elements in VK: 2
* GT elements in VK: 1
* VK size in bits: 3187
* Elements of w skipped: 1 (0.62%)
* Elements of w processed with special addition: 18 (11.11%)
* Elements of w remaining: 143 (88.27%)
* Elements of w skipped: 0 (0.00%)
* Elements of w processed with special addition: 17 (21.25%)
* Elements of w remaining: 63 (78.75%)
* Elements of w skipped: 0 (0.00%)
* Elements of w processed with special addition: 15 (9.68%)
* Elements of w remaining: 140 (90.32%)
* G1 elements in proof: 2
* G2 elements in proof: 1
* Proof size in bits: 1019
* Elements of w skipped: 1 (0.62%)
* Elements of w processed with special addition: 18 (11.11%)
* Elements of w remaining: 143 (88.27%)
* Elements of w skipped: 0 (0.00%)
* Elements of w processed with special addition: 17 (21.25%)
* Elements of w remaining: 63 (78.75%)
* Elements of w skipped: 0 (0.00%)
* Elements of w processed with special addition: 15 (9.68%)
* Elements of w remaining: 140 (90.32%)
* G1 elements in proof: 2
* G2 elements in proof: 1
* Proof size in bits: 1019
* Elements of w skipped: 1 (0.62%)
* Elements of w processed with special addition: 18 (11.11%)
* Elements of w remaining: 143 (88.27%)
* Elements of w skipped: 0 (0.00%)
* Elements of w processed with special addition: 17 (21.25%)
* Elements of w remaining: 63 (78.75%)
* Elements of w skipped: 0 (0.00%)
* Elements of w processed with special addition: 15 (9.68%)
* Elements of w remaining: 140 (90.32%)
* G1 elements in proof: 2
* G2 elements in proof: 1
* Proof size in bits: 1019
* Elements of w skipped: 1 (0.62%)
* Elements of w processed with special addition: 18 (11.11%)
* Elements of w remaining: 143 (88.27%)
* Elements of w skipped: 0 (0.00%)
* Elements of w processed with special addition: 17 (21.25%)
* Elements of w remaining: 63 (78.75%)
* Elements of w skipped: 0 (0.00%)
* Elements of w processed with special addition: 15 (9.68%)
* Elements of w remaining: 140 (90.32%)
* G1 elements in proof: 2
* G2 elements in proof: 1
* Proof size in bits: 1019
* Elements of w skipped: 1 (0.62%)
* Elements of w processed with special addition: 18 (11.11%)
* Elements of w remaining: 143 (88.27%)
* Elements of w skipped: 0 (0.00%)
* Elements of w processed with special addition: 17 (21.25%)
* Elements of w remaining: 63 (78.75%)
* Elements of w skipped: 0 (0.00%)
* Elements of w processed with special addition: 15 (9.68%)
* Elements of w remaining: 140 (90.32%)
* G1 elements in proof: 2
* G2 elements in proof: 1
* Proof size in bits: 1019
* Elements of w skipped: 1 (0.62%)
* Elements of w processed with special addition: 18 (11.11%)
* Elements of w remaining: 143 (88.27%)
* Elements of w skipped: 0 (0.00%)
* Elements of w processed with special addition: 17 (21.25%)
* Elements of w remaining: 63 (78.75%)
* Elements of w skipped: 0 (0.00%)
* Elements of w processed with special addition: 15 (9.68%)
* Elements of w remaining: 140 (90.32%)
* G1 elements in proof: 2
* G2 elements in proof: 1
* Proof size in bits: 1019
* Elements of w skipped: 1 (0.62%)
* Elements of w processed with special addition: 18 (11.11%)
* Elements of w remaining: 143 (88.27%)
* Elements of w skipped: 0 (0.00%)
* Elements of w processed with special addition: 17 (21.25%)
* Elements of w remaining: 63 (78.75%)
* Elements of w skipped: 0 (0.00%)
* Elements of w processed with special addition: 15 (9.68%)
* Elements of w remaining: 140 (90.32%)
* G1 elements in proof: 2
* G2 elements in proof: 1
* Proof size in bits: 1019
* Elements of w skipped: 1 (0.62%)
* Elements of w processed with special addition: 18 (11.11%)
* Elements of w remaining: 143 (88.27%)
* Elements of w skipped: 0 (0.00%)
* Elements of w processed with special addition: 17 (21.25%)
* Elements of w remaining: 63 (78.75%)
* Elements of w skipped: 0 (0.00%)
* Elements of w processed with special addition: 15 (9.68%)
* Elements of w remaining: 140 (90.32%)
* G1 elements in proof: 2
* G2 elements in proof: 1
* Proof size in bits: 1019
* Elements of w skipped: 1 (0.62%)
* Elements of w processed with special addition: 18 (11.11%)
* Elements of w remaining: 143 (88.27%)
* Elements of w skipped: 0 (0.00%)
* Elements of w processed with special addition: 17 (21.25%)
* Elements of w remaining: 63 (78.75%)
* Elements of w skipped: 0 (0.00%)
* Elements of w processed with special addition: 15 (9.68%)
* Elements of w remaining: 140 (90.32%)
* G1 elements in proof: 2
* G2 elements in proof: 1
* Proof size in bits: 1019
* Elements of w skipped: 1 (0.62%)
* Elements of w processed with special addition: 18 (11.11%)
* Elements of w remaining: 143 (88.27%)
* Elements of w skipped: 0 (0.00%)
* Elements of w processed with special addition: 17 (21.25%)
* Elements of w remaining: 63 (78.75%)
* Elements of w skipped: 0 (0.00%)
* Elements of w processed with special addition: 15 (9.68%)
* Elements of w remaining: 140 (90.32%)
* G1 elements in proof: 2
* G2 elements in proof: 1
* Proof size in bits: 1019
  16      80          43.4          15.64         2.64          PASS      

  Groth16 results written to /Users/heewonchung/Documents/00-Research/active/Updatable Verifiable Computation/Dev/results/2026-03-09_201110_iot/csv/groth16_results.csv

================================================================
All benchmarks complete.
================================================================
  Done in 1s

------------------------------------------------------------
  Running: [2/10] sensor_fusion K=4 B=64
  Command: bench_comparative --circuit sensor_fusion --n 4 --B 64 --output-dir /Users/heewonchung/Documents/00-Research/active/Updatable Verifiable Computation/Dev/results/2026-03-09_201110_iot/csv --reps 10
------------------------------------------------------------
================================================================
Comparative Benchmark: UVC vs Groth16
================================================================
  Circuit: sensor_fusion, n=4, B=64, reps=10
  Output: /Users/heewonchung/Documents/00-Research/active/Updatable Verifiable Computation/Dev/results/2026-03-09_201110_iot/csv/

================================================================
UVC Benchmark: circuit=sensor_fusion, n=4, B=64
================================================================
  Circuit: 5 constraints, 11 vars, state=1, transition=5

  [Setup] Generating CRS for B=64...
* UVC Setup: B=64, n=11, state=1, transition=5
* Composed C_64: 320 constraints, 641 variables, 6 inputs
* QAP (C_B) variables: 641, degree: 384, inputs: 6
* UVC max compositions (B): 64
* G1 elements in PK: 2303
* G2 elements in PK: 643
* PK size in bits: 742016
* H_query_full size: 383
* Step 2: 10 new wires (0 io, 10 wt)
* Step 3: 10 new wires (0 io, 10 wt)
* Step 4: 10 new wires (0 io, 10 wt)
* Step 5: 10 new wires (0 io, 10 wt)
* Step 6: 10 new wires (0 io, 10 wt)
* Step 7: 10 new wires (0 io, 10 wt)
* Step 8: 10 new wires (0 io, 10 wt)
* Step 9: 10 new wires (0 io, 10 wt)
* Step 10: 10 new wires (0 io, 10 wt)
* Step 11: 10 new wires (0 io, 10 wt)
* Step 12: 10 new wires (0 io, 10 wt)
* Step 13: 10 new wires (0 io, 10 wt)
* Step 14: 10 new wires (0 io, 10 wt)
* Step 15: 10 new wires (0 io, 10 wt)
* Step 16: 10 new wires (0 io, 10 wt)
* Step 17: 10 new wires (0 io, 10 wt)
* Step 18: 10 new wires (0 io, 10 wt)
* Step 19: 10 new wires (0 io, 10 wt)
* Step 20: 10 new wires (0 io, 10 wt)
* Step 21: 10 new wires (0 io, 10 wt)
* Step 22: 10 new wires (0 io, 10 wt)
* Step 23: 10 new wires (0 io, 10 wt)
* Step 24: 10 new wires (0 io, 10 wt)
* Step 25: 10 new wires (0 io, 10 wt)
* Step 26: 10 new wires (0 io, 10 wt)
* Step 27: 10 new wires (0 io, 10 wt)
* Step 28: 10 new wires (0 io, 10 wt)
* Step 29: 10 new wires (0 io, 10 wt)
* Step 30: 10 new wires (0 io, 10 wt)
* Step 31: 10 new wires (0 io, 10 wt)
* Step 32: 10 new wires (0 io, 10 wt)
* Step 33: 10 new wires (0 io, 10 wt)
* Step 34: 10 new wires (0 io, 10 wt)
* Step 35: 10 new wires (0 io, 10 wt)
* Step 36: 10 new wires (0 io, 10 wt)
* Step 37: 10 new wires (0 io, 10 wt)
* Step 38: 10 new wires (0 io, 10 wt)
* Step 39: 10 new wires (0 io, 10 wt)
* Step 40: 10 new wires (0 io, 10 wt)
* Step 41: 10 new wires (0 io, 10 wt)
* Step 42: 10 new wires (0 io, 10 wt)
* Step 43: 10 new wires (0 io, 10 wt)
* Step 44: 10 new wires (0 io, 10 wt)
* Step 45: 10 new wires (0 io, 10 wt)
* Step 46: 10 new wires (0 io, 10 wt)
* Step 47: 10 new wires (0 io, 10 wt)
* Step 48: 10 new wires (0 io, 10 wt)
* Step 49: 10 new wires (0 io, 10 wt)
* Step 50: 10 new wires (0 io, 10 wt)
* Step 51: 10 new wires (0 io, 10 wt)
* Step 52: 10 new wires (0 io, 10 wt)
* Step 53: 10 new wires (0 io, 10 wt)
* Step 54: 10 new wires (0 io, 10 wt)
* Step 55: 10 new wires (0 io, 10 wt)
* Step 56: 10 new wires (0 io, 10 wt)
* Step 57: 10 new wires (0 io, 10 wt)
* Step 58: 10 new wires (0 io, 10 wt)
* Step 59: 10 new wires (0 io, 10 wt)
* Step 60: 10 new wires (0 io, 10 wt)
* Step 61: 10 new wires (0 io, 10 wt)
* Step 62: 10 new wires (0 io, 10 wt)
* Step 63: 10 new wires (0 io, 10 wt)
* Step 64: 10 new wires (0 io, 10 wt)
* UVC VK: 64 max steps
* G2 elements in VK: 2
* GT elements in VK: 1
* gamma_ABC size: 6
  Setup: 127.9 ms, CRS: 2922 G1 + 1274 G2
  Building proof chain (steps 1..64)...
* UVC Prove step 1
* Elements of w skipped: 1 (8.33%)
* Elements of w processed with special addition: 3 (25.00%)
* Elements of w remaining: 8 (66.67%)
* Elements of w skipped: 1 (14.29%)
* Elements of w processed with special addition: 1 (14.29%)
* Elements of w remaining: 5 (71.43%)
* Elements of w skipped: 0 (0.00%)
* Elements of w processed with special addition: 0 (0.00%)
* Elements of w remaining: 5 (100.00%)
* UVC proof at step 1
* G1 elements in proof: 2
* G2 elements in proof: 1
* Proof size in bits: 1019
* Cached h poly size: 383
* UVC Prove step 2
* Elements of w skipped: 0 (0.00%)
* Elements of w processed with special addition: 1 (10.00%)
* Elements of w remaining: 9 (90.00%)
* Elements of w skipped: 0 (0.00%)
* Elements of w processed with special addition: 1 (16.67%)
* Elements of w remaining: 5 (83.33%)
* Elements of w skipped: 0 (0.00%)
* Elements of w processed with special addition: 1 (10.00%)
* Elements of w remaining: 9 (90.00%)
* UVC proof at step 2
* G1 elements in proof: 2
* G2 elements in proof: 1
* Proof size in bits: 1019
* Cached h poly size: 383
* UVC Prove step 3
* Elements of w skipped: 0 (0.00%)
* Elements of w processed with special addition: 1 (10.00%)
* Elements of w remaining: 9 (90.00%)
* Elements of w skipped: 0 (0.00%)
* Elements of w processed with special addition: 1 (16.67%)
* Elements of w remaining: 5 (83.33%)
* Elements of w skipped: 0 (0.00%)
* Elements of w processed with special addition: 1 (10.00%)
* Elements of w remaining: 9 (90.00%)
* UVC proof at step 3
* G1 elements in proof: 2
* G2 elements in proof: 1
* Proof size in bits: 1019
* Cached h poly size: 383
* UVC Prove step 4
* Elements of w skipped: 0 (0.00%)
* Elements of w processed with special addition: 1 (10.00%)
* Elements of w remaining: 9 (90.00%)
* Elements of w skipped: 0 (0.00%)
* Elements of w processed with special addition: 1 (16.67%)
* Elements of w remaining: 5 (83.33%)
* Elements of w skipped: 0 (0.00%)
* Elements of w processed with special addition: 1 (10.00%)
* Elements of w remaining: 9 (90.00%)
* UVC proof at step 4
* G1 elements in proof: 2
* G2 elements in proof: 1
* Proof size in bits: 1019
* Cached h poly size: 383
* UVC Prove step 5
* Elements of w skipped: 0 (0.00%)
* Elements of w processed with special addition: 1 (10.00%)
* Elements of w remaining: 9 (90.00%)
* Elements of w skipped: 0 (0.00%)
* Elements of w processed with special addition: 1 (16.67%)
* Elements of w remaining: 5 (83.33%)
* Elements of w skipped: 0 (0.00%)
* Elements of w processed with special addition: 1 (10.00%)
* Elements of w remaining: 9 (90.00%)
* UVC proof at step 5
* G1 elements in proof: 2
* G2 elements in proof: 1
* Proof size in bits: 1019
* Cached h poly size: 383
* UVC Prove step 6
* Elements of w skipped: 0 (0.00%)
* Elements of w processed with special addition: 1 (10.00%)
* Elements of w remaining: 9 (90.00%)
* Elements of w skipped: 0 (0.00%)
* Elements of w processed with special addition: 1 (16.67%)
* Elements of w remaining: 5 (83.33%)
* Elements of w skipped: 0 (0.00%)
* Elements of w processed with special addition: 1 (10.00%)
* Elements of w remaining: 9 (90.00%)
* UVC proof at step 6
* G1 elements in proof: 2
* G2 elements in proof: 1
* Proof size in bits: 1019
* Cached h poly size: 383
* UVC Prove step 7
* Elements of w skipped: 0 (0.00%)
* Elements of w processed with special addition: 1 (10.00%)
* Elements of w remaining: 9 (90.00%)
* Elements of w skipped: 0 (0.00%)
* Elements of w processed with special addition: 1 (16.67%)
* Elements of w remaining: 5 (83.33%)
* Elements of w skipped: 0 (0.00%)
* Elements of w processed with special addition: 1 (10.00%)
* Elements of w remaining: 9 (90.00%)
* UVC proof at step 7
* G1 elements in proof: 2
* G2 elements in proof: 1
* Proof size in bits: 1019
* Cached h poly size: 383
* UVC Prove step 8
* Elements of w skipped: 0 (0.00%)
* Elements of w processed with special addition: 1 (10.00%)
* Elements of w remaining: 9 (90.00%)
* Elements of w skipped: 0 (0.00%)
* Elements of w processed with special addition: 1 (16.67%)
* Elements of w remaining: 5 (83.33%)
* Elements of w skipped: 0 (0.00%)
* Elements of w processed with special addition: 1 (10.00%)
* Elements of w remaining: 9 (90.00%)
* UVC proof at step 8
* G1 elements in proof: 2
* G2 elements in proof: 1
* Proof size in bits: 1019
* Cached h poly size: 383
* UVC Prove step 9
* Elements of w skipped: 0 (0.00%)
* Elements of w processed with special addition: 1 (10.00%)
* Elements of w remaining: 9 (90.00%)
* Elements of w skipped: 0 (0.00%)
* Elements of w processed with special addition: 1 (16.67%)
* Elements of w remaining: 5 (83.33%)
* Elements of w skipped: 0 (0.00%)
* Elements of w processed with special addition: 1 (10.00%)
* Elements of w remaining: 9 (90.00%)
* UVC proof at step 9
* G1 elements in proof: 2
* G2 elements in proof: 1
* Proof size in bits: 1019
* Cached h poly size: 383
* UVC Prove step 10
* Elements of w skipped: 0 (0.00%)
* Elements of w processed with special addition: 1 (10.00%)
* Elements of w remaining: 9 (90.00%)
* Elements of w skipped: 0 (0.00%)
* Elements of w processed with special addition: 1 (16.67%)
* Elements of w remaining: 5 (83.33%)
* Elements of w skipped: 0 (0.00%)
* Elements of w processed with special addition: 1 (10.00%)
* Elements of w remaining: 9 (90.00%)
* UVC proof at step 10
* G1 elements in proof: 2
* G2 elements in proof: 1
* Proof size in bits: 1019
* Cached h poly size: 383
* UVC Prove step 11
* Elements of w skipped: 0 (0.00%)
* Elements of w processed with special addition: 1 (10.00%)
* Elements of w remaining: 9 (90.00%)
* Elements of w skipped: 0 (0.00%)
* Elements of w processed with special addition: 1 (16.67%)
* Elements of w remaining: 5 (83.33%)
* Elements of w skipped: 0 (0.00%)
* Elements of w processed with special addition: 1 (10.00%)
* Elements of w remaining: 9 (90.00%)
* UVC proof at step 11
* G1 elements in proof: 2
* G2 elements in proof: 1
* Proof size in bits: 1019
* Cached h poly size: 383
* UVC Prove step 12
* Elements of w skipped: 0 (0.00%)
* Elements of w processed with special addition: 1 (10.00%)
* Elements of w remaining: 9 (90.00%)
* Elements of w skipped: 0 (0.00%)
* Elements of w processed with special addition: 1 (16.67%)
* Elements of w remaining: 5 (83.33%)
* Elements of w skipped: 0 (0.00%)
* Elements of w processed with special addition: 1 (10.00%)
* Elements of w remaining: 9 (90.00%)
* UVC proof at step 12
* G1 elements in proof: 2
* G2 elements in proof: 1
* Proof size in bits: 1019
* Cached h poly size: 383
* UVC Prove step 13
* Elements of w skipped: 0 (0.00%)
* Elements of w processed with special addition: 1 (10.00%)
* Elements of w remaining: 9 (90.00%)
* Elements of w skipped: 0 (0.00%)
* Elements of w processed with special addition: 1 (16.67%)
* Elements of w remaining: 5 (83.33%)
* Elements of w skipped: 0 (0.00%)
* Elements of w processed with special addition: 1 (10.00%)
* Elements of w remaining: 9 (90.00%)
* UVC proof at step 13
* G1 elements in proof: 2
* G2 elements in proof: 1
* Proof size in bits: 1019
* Cached h poly size: 383
* UVC Prove step 14
* Elements of w skipped: 0 (0.00%)
* Elements of w processed with special addition: 1 (10.00%)
* Elements of w remaining: 9 (90.00%)
* Elements of w skipped: 0 (0.00%)
* Elements of w processed with special addition: 1 (16.67%)
* Elements of w remaining: 5 (83.33%)
* Elements of w skipped: 0 (0.00%)
* Elements of w processed with special addition: 1 (10.00%)
* Elements of w remaining: 9 (90.00%)
* UVC proof at step 14
* G1 elements in proof: 2
* G2 elements in proof: 1
* Proof size in bits: 1019
* Cached h poly size: 383
* UVC Prove step 15
* Elements of w skipped: 0 (0.00%)
* Elements of w processed with special addition: 1 (10.00%)
* Elements of w remaining: 9 (90.00%)
* Elements of w skipped: 0 (0.00%)
* Elements of w processed with special addition: 1 (16.67%)
* Elements of w remaining: 5 (83.33%)
* Elements of w skipped: 0 (0.00%)
* Elements of w processed with special addition: 1 (10.00%)
* Elements of w remaining: 9 (90.00%)
* UVC proof at step 15
* G1 elements in proof: 2
* G2 elements in proof: 1
* Proof size in bits: 1019
* Cached h poly size: 383
* UVC Prove step 16
* Elements of w skipped: 0 (0.00%)
* Elements of w processed with special addition: 1 (10.00%)
* Elements of w remaining: 9 (90.00%)
* Elements of w skipped: 0 (0.00%)
* Elements of w processed with special addition: 1 (16.67%)
* Elements of w remaining: 5 (83.33%)
* Elements of w skipped: 0 (0.00%)
* Elements of w processed with special addition: 1 (10.00%)
* Elements of w remaining: 9 (90.00%)
* UVC proof at step 16
* G1 elements in proof: 2
* G2 elements in proof: 1
* Proof size in bits: 1019
* Cached h poly size: 383
* UVC Prove step 17
* Elements of w skipped: 0 (0.00%)
* Elements of w processed with special addition: 1 (10.00%)
* Elements of w remaining: 9 (90.00%)
* Elements of w skipped: 0 (0.00%)
* Elements of w processed with special addition: 1 (16.67%)
* Elements of w remaining: 5 (83.33%)
* Elements of w skipped: 0 (0.00%)
* Elements of w processed with special addition: 1 (10.00%)
* Elements of w remaining: 9 (90.00%)
* UVC proof at step 17
* G1 elements in proof: 2
* G2 elements in proof: 1
* Proof size in bits: 1019
* Cached h poly size: 383
* UVC Prove step 18
* Elements of w skipped: 0 (0.00%)
* Elements of w processed with special addition: 1 (10.00%)
* Elements of w remaining: 9 (90.00%)
* Elements of w skipped: 0 (0.00%)
* Elements of w processed with special addition: 1 (16.67%)
* Elements of w remaining: 5 (83.33%)
* Elements of w skipped: 0 (0.00%)
* Elements of w processed with special addition: 1 (10.00%)
* Elements of w remaining: 9 (90.00%)
* UVC proof at step 18
* G1 elements in proof: 2
* G2 elements in proof: 1
* Proof size in bits: 1019
* Cached h poly size: 383
* UVC Prove step 19
* Elements of w skipped: 0 (0.00%)
* Elements of w processed with special addition: 1 (10.00%)
* Elements of w remaining: 9 (90.00%)
* Elements of w skipped: 0 (0.00%)
* Elements of w processed with special addition: 1 (16.67%)
* Elements of w remaining: 5 (83.33%)
* Elements of w skipped: 0 (0.00%)
* Elements of w processed with special addition: 1 (10.00%)
* Elements of w remaining: 9 (90.00%)
* UVC proof at step 19
* G1 elements in proof: 2
* G2 elements in proof: 1
* Proof size in bits: 1019
* Cached h poly size: 383
* UVC Prove step 20
* Elements of w skipped: 0 (0.00%)
* Elements of w processed with special addition: 1 (10.00%)
* Elements of w remaining: 9 (90.00%)
* Elements of w skipped: 0 (0.00%)
* Elements of w processed with special addition: 1 (16.67%)
* Elements of w remaining: 5 (83.33%)
* Elements of w skipped: 0 (0.00%)
* Elements of w processed with special addition: 1 (10.00%)
* Elements of w remaining: 9 (90.00%)
* UVC proof at step 20
* G1 elements in proof: 2
* G2 elements in proof: 1
* Proof size in bits: 1019
* Cached h poly size: 383
* UVC Prove step 21
* Elements of w skipped: 0 (0.00%)
* Elements of w processed with special addition: 1 (10.00%)
* Elements of w remaining: 9 (90.00%)
* Elements of w skipped: 0 (0.00%)
* Elements of w processed with special addition: 1 (16.67%)
* Elements of w remaining: 5 (83.33%)
* Elements of w skipped: 0 (0.00%)
* Elements of w processed with special addition: 1 (10.00%)
* Elements of w remaining: 9 (90.00%)
* UVC proof at step 21
* G1 elements in proof: 2
* G2 elements in proof: 1
* Proof size in bits: 1019
* Cached h poly size: 383
* UVC Prove step 22
* Elements of w skipped: 0 (0.00%)
* Elements of w processed with special addition: 1 (10.00%)
* Elements of w remaining: 9 (90.00%)
* Elements of w skipped: 0 (0.00%)
* Elements of w processed with special addition: 1 (16.67%)
* Elements of w remaining: 5 (83.33%)
* Elements of w skipped: 0 (0.00%)
* Elements of w processed with special addition: 1 (10.00%)
* Elements of w remaining: 9 (90.00%)
* UVC proof at step 22
* G1 elements in proof: 2
* G2 elements in proof: 1
* Proof size in bits: 1019
* Cached h poly size: 383
* UVC Prove step 23
* Elements of w skipped: 0 (0.00%)
* Elements of w processed with special addition: 1 (10.00%)
* Elements of w remaining: 9 (90.00%)
* Elements of w skipped: 0 (0.00%)
* Elements of w processed with special addition: 1 (16.67%)
* Elements of w remaining: 5 (83.33%)
* Elements of w skipped: 0 (0.00%)
* Elements of w processed with special addition: 1 (10.00%)
* Elements of w remaining: 9 (90.00%)
* UVC proof at step 23
* G1 elements in proof: 2
* G2 elements in proof: 1
* Proof size in bits: 1019
* Cached h poly size: 383
* UVC Prove step 24
* Elements of w skipped: 0 (0.00%)
* Elements of w processed with special addition: 1 (10.00%)
* Elements of w remaining: 9 (90.00%)
* Elements of w skipped: 0 (0.00%)
* Elements of w processed with special addition: 1 (16.67%)
* Elements of w remaining: 5 (83.33%)
* Elements of w skipped: 0 (0.00%)
* Elements of w processed with special addition: 1 (10.00%)
* Elements of w remaining: 9 (90.00%)
* UVC proof at step 24
* G1 elements in proof: 2
* G2 elements in proof: 1
* Proof size in bits: 1019
* Cached h poly size: 383
* UVC Prove step 25
* Elements of w skipped: 0 (0.00%)
* Elements of w processed with special addition: 1 (10.00%)
* Elements of w remaining: 9 (90.00%)
* Elements of w skipped: 0 (0.00%)
* Elements of w processed with special addition: 1 (16.67%)
* Elements of w remaining: 5 (83.33%)
* Elements of w skipped: 0 (0.00%)
* Elements of w processed with special addition: 1 (10.00%)
* Elements of w remaining: 9 (90.00%)
* UVC proof at step 25
* G1 elements in proof: 2
* G2 elements in proof: 1
* Proof size in bits: 1019
* Cached h poly size: 383
* UVC Prove step 26
* Elements of w skipped: 0 (0.00%)
* Elements of w processed with special addition: 1 (10.00%)
* Elements of w remaining: 9 (90.00%)
* Elements of w skipped: 0 (0.00%)
* Elements of w processed with special addition: 1 (16.67%)
* Elements of w remaining: 5 (83.33%)
* Elements of w skipped: 0 (0.00%)
* Elements of w processed with special addition: 1 (10.00%)
* Elements of w remaining: 9 (90.00%)
* UVC proof at step 26
* G1 elements in proof: 2
* G2 elements in proof: 1
* Proof size in bits: 1019
* Cached h poly size: 383
* UVC Prove step 27
* Elements of w skipped: 0 (0.00%)
* Elements of w processed with special addition: 1 (10.00%)
* Elements of w remaining: 9 (90.00%)
* Elements of w skipped: 0 (0.00%)
* Elements of w processed with special addition: 1 (16.67%)
* Elements of w remaining: 5 (83.33%)
* Elements of w skipped: 0 (0.00%)
* Elements of w processed with special addition: 1 (10.00%)
* Elements of w remaining: 9 (90.00%)
* UVC proof at step 27
* G1 elements in proof: 2
* G2 elements in proof: 1
* Proof size in bits: 1019
* Cached h poly size: 383
* UVC Prove step 28
* Elements of w skipped: 0 (0.00%)
* Elements of w processed with special addition: 1 (10.00%)
* Elements of w remaining: 9 (90.00%)
* Elements of w skipped: 0 (0.00%)
* Elements of w processed with special addition: 1 (16.67%)
* Elements of w remaining: 5 (83.33%)
* Elements of w skipped: 0 (0.00%)
* Elements of w processed with special addition: 1 (10.00%)
* Elements of w remaining: 9 (90.00%)
* UVC proof at step 28
* G1 elements in proof: 2
* G2 elements in proof: 1
* Proof size in bits: 1019
* Cached h poly size: 383
* UVC Prove step 29
* Elements of w skipped: 0 (0.00%)
* Elements of w processed with special addition: 1 (10.00%)
* Elements of w remaining: 9 (90.00%)
* Elements of w skipped: 0 (0.00%)
* Elements of w processed with special addition: 1 (16.67%)
* Elements of w remaining: 5 (83.33%)
* Elements of w skipped: 0 (0.00%)
* Elements of w processed with special addition: 1 (10.00%)
* Elements of w remaining: 9 (90.00%)
* UVC proof at step 29
* G1 elements in proof: 2
* G2 elements in proof: 1
* Proof size in bits: 1019
* Cached h poly size: 383
* UVC Prove step 30
* Elements of w skipped: 0 (0.00%)
* Elements of w processed with special addition: 1 (10.00%)
* Elements of w remaining: 9 (90.00%)
* Elements of w skipped: 0 (0.00%)
* Elements of w processed with special addition: 1 (16.67%)
* Elements of w remaining: 5 (83.33%)
* Elements of w skipped: 0 (0.00%)
* Elements of w processed with special addition: 1 (10.00%)
* Elements of w remaining: 9 (90.00%)
* UVC proof at step 30
* G1 elements in proof: 2
* G2 elements in proof: 1
* Proof size in bits: 1019
* Cached h poly size: 383
* UVC Prove step 31
* Elements of w skipped: 0 (0.00%)
* Elements of w processed with special addition: 1 (10.00%)
* Elements of w remaining: 9 (90.00%)
* Elements of w skipped: 0 (0.00%)
* Elements of w processed with special addition: 1 (16.67%)
* Elements of w remaining: 5 (83.33%)
* Elements of w skipped: 0 (0.00%)
* Elements of w processed with special addition: 1 (10.00%)
* Elements of w remaining: 9 (90.00%)
* UVC proof at step 31
* G1 elements in proof: 2
* G2 elements in proof: 1
* Proof size in bits: 1019
* Cached h poly size: 383
* UVC Prove step 32
* Elements of w skipped: 0 (0.00%)
* Elements of w processed with special addition: 1 (10.00%)
* Elements of w remaining: 9 (90.00%)
* Elements of w skipped: 0 (0.00%)
* Elements of w processed with special addition: 1 (16.67%)
* Elements of w remaining: 5 (83.33%)
* Elements of w skipped: 0 (0.00%)
* Elements of w processed with special addition: 1 (10.00%)
* Elements of w remaining: 9 (90.00%)
* UVC proof at step 32
* G1 elements in proof: 2
* G2 elements in proof: 1
* Proof size in bits: 1019
* Cached h poly size: 383
* UVC Prove step 33
* Elements of w skipped: 0 (0.00%)
* Elements of w processed with special addition: 1 (10.00%)
* Elements of w remaining: 9 (90.00%)
* Elements of w skipped: 0 (0.00%)
* Elements of w processed with special addition: 1 (16.67%)
* Elements of w remaining: 5 (83.33%)
* Elements of w skipped: 0 (0.00%)
* Elements of w processed with special addition: 1 (10.00%)
* Elements of w remaining: 9 (90.00%)
* UVC proof at step 33
* G1 elements in proof: 2
* G2 elements in proof: 1
* Proof size in bits: 1019
* Cached h poly size: 383
* UVC Prove step 34
* Elements of w skipped: 0 (0.00%)
* Elements of w processed with special addition: 1 (10.00%)
* Elements of w remaining: 9 (90.00%)
* Elements of w skipped: 0 (0.00%)
* Elements of w processed with special addition: 1 (16.67%)
* Elements of w remaining: 5 (83.33%)
* Elements of w skipped: 0 (0.00%)
* Elements of w processed with special addition: 1 (10.00%)
* Elements of w remaining: 9 (90.00%)
* UVC proof at step 34
* G1 elements in proof: 2
* G2 elements in proof: 1
* Proof size in bits: 1019
* Cached h poly size: 383
* UVC Prove step 35
* Elements of w skipped: 0 (0.00%)
* Elements of w processed with special addition: 1 (10.00%)
* Elements of w remaining: 9 (90.00%)
* Elements of w skipped: 0 (0.00%)
* Elements of w processed with special addition: 1 (16.67%)
* Elements of w remaining: 5 (83.33%)
* Elements of w skipped: 0 (0.00%)
* Elements of w processed with special addition: 1 (10.00%)
* Elements of w remaining: 9 (90.00%)
* UVC proof at step 35
* G1 elements in proof: 2
* G2 elements in proof: 1
* Proof size in bits: 1019
* Cached h poly size: 383
* UVC Prove step 36
* Elements of w skipped: 0 (0.00%)
* Elements of w processed with special addition: 1 (10.00%)
* Elements of w remaining: 9 (90.00%)
* Elements of w skipped: 0 (0.00%)
* Elements of w processed with special addition: 1 (16.67%)
* Elements of w remaining: 5 (83.33%)
* Elements of w skipped: 0 (0.00%)
* Elements of w processed with special addition: 1 (10.00%)
* Elements of w remaining: 9 (90.00%)
* UVC proof at step 36
* G1 elements in proof: 2
* G2 elements in proof: 1
* Proof size in bits: 1019
* Cached h poly size: 383
* UVC Prove step 37
* Elements of w skipped: 0 (0.00%)
* Elements of w processed with special addition: 1 (10.00%)
* Elements of w remaining: 9 (90.00%)
* Elements of w skipped: 0 (0.00%)
* Elements of w processed with special addition: 1 (16.67%)
* Elements of w remaining: 5 (83.33%)
* Elements of w skipped: 0 (0.00%)
* Elements of w processed with special addition: 1 (10.00%)
* Elements of w remaining: 9 (90.00%)
* UVC proof at step 37
* G1 elements in proof: 2
* G2 elements in proof: 1
* Proof size in bits: 1019
* Cached h poly size: 383
* UVC Prove step 38
* Elements of w skipped: 0 (0.00%)
* Elements of w processed with special addition: 1 (10.00%)
* Elements of w remaining: 9 (90.00%)
* Elements of w skipped: 0 (0.00%)
* Elements of w processed with special addition: 1 (16.67%)
* Elements of w remaining: 5 (83.33%)
* Elements of w skipped: 0 (0.00%)
* Elements of w processed with special addition: 1 (10.00%)
* Elements of w remaining: 9 (90.00%)
* UVC proof at step 38
* G1 elements in proof: 2
* G2 elements in proof: 1
* Proof size in bits: 1019
* Cached h poly size: 383
* UVC Prove step 39
* Elements of w skipped: 0 (0.00%)
* Elements of w processed with special addition: 1 (10.00%)
* Elements of w remaining: 9 (90.00%)
* Elements of w skipped: 0 (0.00%)
* Elements of w processed with special addition: 1 (16.67%)
* Elements of w remaining: 5 (83.33%)
* Elements of w skipped: 0 (0.00%)
* Elements of w processed with special addition: 1 (10.00%)
* Elements of w remaining: 9 (90.00%)
* UVC proof at step 39
* G1 elements in proof: 2
* G2 elements in proof: 1
* Proof size in bits: 1019
* Cached h poly size: 383
* UVC Prove step 40
* Elements of w skipped: 0 (0.00%)
* Elements of w processed with special addition: 1 (10.00%)
* Elements of w remaining: 9 (90.00%)
* Elements of w skipped: 0 (0.00%)
* Elements of w processed with special addition: 1 (16.67%)
* Elements of w remaining: 5 (83.33%)
* Elements of w skipped: 0 (0.00%)
* Elements of w processed with special addition: 1 (10.00%)
* Elements of w remaining: 9 (90.00%)
* UVC proof at step 40
* G1 elements in proof: 2
* G2 elements in proof: 1
* Proof size in bits: 1019
* Cached h poly size: 383
* UVC Prove step 41
* Elements of w skipped: 0 (0.00%)
* Elements of w processed with special addition: 1 (10.00%)
* Elements of w remaining: 9 (90.00%)
* Elements of w skipped: 0 (0.00%)
* Elements of w processed with special addition: 1 (16.67%)
* Elements of w remaining: 5 (83.33%)
* Elements of w skipped: 0 (0.00%)
* Elements of w processed with special addition: 1 (10.00%)
* Elements of w remaining: 9 (90.00%)
* UVC proof at step 41
* G1 elements in proof: 2
* G2 elements in proof: 1
* Proof size in bits: 1019
* Cached h poly size: 383
* UVC Prove step 42
* Elements of w skipped: 0 (0.00%)
* Elements of w processed with special addition: 1 (10.00%)
* Elements of w remaining: 9 (90.00%)
* Elements of w skipped: 0 (0.00%)
* Elements of w processed with special addition: 1 (16.67%)
* Elements of w remaining: 5 (83.33%)
* Elements of w skipped: 0 (0.00%)
* Elements of w processed with special addition: 1 (10.00%)
* Elements of w remaining: 9 (90.00%)
* UVC proof at step 42
* G1 elements in proof: 2
* G2 elements in proof: 1
* Proof size in bits: 1019
* Cached h poly size: 383
* UVC Prove step 43
* Elements of w skipped: 0 (0.00%)
* Elements of w processed with special addition: 1 (10.00%)
* Elements of w remaining: 9 (90.00%)
* Elements of w skipped: 0 (0.00%)
* Elements of w processed with special addition: 1 (16.67%)
* Elements of w remaining: 5 (83.33%)
* Elements of w skipped: 0 (0.00%)
* Elements of w processed with special addition: 1 (10.00%)
* Elements of w remaining: 9 (90.00%)
* UVC proof at step 43
* G1 elements in proof: 2
* G2 elements in proof: 1
* Proof size in bits: 1019
* Cached h poly size: 383
* UVC Prove step 44
* Elements of w skipped: 0 (0.00%)
* Elements of w processed with special addition: 1 (10.00%)
* Elements of w remaining: 9 (90.00%)
* Elements of w skipped: 0 (0.00%)
* Elements of w processed with special addition: 1 (16.67%)
* Elements of w remaining: 5 (83.33%)
* Elements of w skipped: 0 (0.00%)
* Elements of w processed with special addition: 1 (10.00%)
* Elements of w remaining: 9 (90.00%)
* UVC proof at step 44
* G1 elements in proof: 2
* G2 elements in proof: 1
* Proof size in bits: 1019
* Cached h poly size: 383
* UVC Prove step 45
* Elements of w skipped: 0 (0.00%)
* Elements of w processed with special addition: 1 (10.00%)
* Elements of w remaining: 9 (90.00%)
* Elements of w skipped: 0 (0.00%)
* Elements of w processed with special addition: 1 (16.67%)
* Elements of w remaining: 5 (83.33%)
* Elements of w skipped: 0 (0.00%)
* Elements of w processed with special addition: 1 (10.00%)
* Elements of w remaining: 9 (90.00%)
* UVC proof at step 45
* G1 elements in proof: 2
* G2 elements in proof: 1
* Proof size in bits: 1019
* Cached h poly size: 383
* UVC Prove step 46
* Elements of w skipped: 0 (0.00%)
* Elements of w processed with special addition: 1 (10.00%)
* Elements of w remaining: 9 (90.00%)
* Elements of w skipped: 0 (0.00%)
* Elements of w processed with special addition: 1 (16.67%)
* Elements of w remaining: 5 (83.33%)
* Elements of w skipped: 0 (0.00%)
* Elements of w processed with special addition: 1 (10.00%)
* Elements of w remaining: 9 (90.00%)
* UVC proof at step 46
* G1 elements in proof: 2
* G2 elements in proof: 1
* Proof size in bits: 1019
* Cached h poly size: 383
* UVC Prove step 47
* Elements of w skipped: 0 (0.00%)
* Elements of w processed with special addition: 1 (10.00%)
* Elements of w remaining: 9 (90.00%)
* Elements of w skipped: 0 (0.00%)
* Elements of w processed with special addition: 1 (16.67%)
* Elements of w remaining: 5 (83.33%)
* Elements of w skipped: 0 (0.00%)
* Elements of w processed with special addition: 1 (10.00%)
* Elements of w remaining: 9 (90.00%)
* UVC proof at step 47
* G1 elements in proof: 2
* G2 elements in proof: 1
* Proof size in bits: 1019
* Cached h poly size: 383
* UVC Prove step 48
* Elements of w skipped: 0 (0.00%)
* Elements of w processed with special addition: 1 (10.00%)
* Elements of w remaining: 9 (90.00%)
* Elements of w skipped: 0 (0.00%)
* Elements of w processed with special addition: 1 (16.67%)
* Elements of w remaining: 5 (83.33%)
* Elements of w skipped: 0 (0.00%)
* Elements of w processed with special addition: 1 (10.00%)
* Elements of w remaining: 9 (90.00%)
* UVC proof at step 48
* G1 elements in proof: 2
* G2 elements in proof: 1
* Proof size in bits: 1019
* Cached h poly size: 383
* UVC Prove step 49
* Elements of w skipped: 0 (0.00%)
* Elements of w processed with special addition: 1 (10.00%)
* Elements of w remaining: 9 (90.00%)
* Elements of w skipped: 0 (0.00%)
* Elements of w processed with special addition: 1 (16.67%)
* Elements of w remaining: 5 (83.33%)
* Elements of w skipped: 0 (0.00%)
* Elements of w processed with special addition: 1 (10.00%)
* Elements of w remaining: 9 (90.00%)
* UVC proof at step 49
* G1 elements in proof: 2
* G2 elements in proof: 1
* Proof size in bits: 1019
* Cached h poly size: 383
* UVC Prove step 50
* Elements of w skipped: 0 (0.00%)
* Elements of w processed with special addition: 1 (10.00%)
* Elements of w remaining: 9 (90.00%)
* Elements of w skipped: 0 (0.00%)
* Elements of w processed with special addition: 1 (16.67%)
* Elements of w remaining: 5 (83.33%)
* Elements of w skipped: 0 (0.00%)
* Elements of w processed with special addition: 1 (10.00%)
* Elements of w remaining: 9 (90.00%)
* UVC proof at step 50
* G1 elements in proof: 2
* G2 elements in proof: 1
* Proof size in bits: 1019
* Cached h poly size: 383
* UVC Prove step 51
* Elements of w skipped: 0 (0.00%)
* Elements of w processed with special addition: 1 (10.00%)
* Elements of w remaining: 9 (90.00%)
* Elements of w skipped: 0 (0.00%)
* Elements of w processed with special addition: 1 (16.67%)
* Elements of w remaining: 5 (83.33%)
* Elements of w skipped: 0 (0.00%)
* Elements of w processed with special addition: 1 (10.00%)
* Elements of w remaining: 9 (90.00%)
* UVC proof at step 51
* G1 elements in proof: 2
* G2 elements in proof: 1
* Proof size in bits: 1019
* Cached h poly size: 383
* UVC Prove step 52
* Elements of w skipped: 0 (0.00%)
* Elements of w processed with special addition: 1 (10.00%)
* Elements of w remaining: 9 (90.00%)
* Elements of w skipped: 0 (0.00%)
* Elements of w processed with special addition: 1 (16.67%)
* Elements of w remaining: 5 (83.33%)
* Elements of w skipped: 0 (0.00%)
* Elements of w processed with special addition: 1 (10.00%)
* Elements of w remaining: 9 (90.00%)
* UVC proof at step 52
* G1 elements in proof: 2
* G2 elements in proof: 1
* Proof size in bits: 1019
* Cached h poly size: 383
* UVC Prove step 53
* Elements of w skipped: 0 (0.00%)
* Elements of w processed with special addition: 1 (10.00%)
* Elements of w remaining: 9 (90.00%)
* Elements of w skipped: 0 (0.00%)
* Elements of w processed with special addition: 1 (16.67%)
* Elements of w remaining: 5 (83.33%)
* Elements of w skipped: 0 (0.00%)
* Elements of w processed with special addition: 1 (10.00%)
* Elements of w remaining: 9 (90.00%)
* UVC proof at step 53
* G1 elements in proof: 2
* G2 elements in proof: 1
* Proof size in bits: 1019
* Cached h poly size: 383
* UVC Prove step 54
* Elements of w skipped: 0 (0.00%)
* Elements of w processed with special addition: 1 (10.00%)
* Elements of w remaining: 9 (90.00%)
* Elements of w skipped: 0 (0.00%)
* Elements of w processed with special addition: 1 (16.67%)
* Elements of w remaining: 5 (83.33%)
* Elements of w skipped: 0 (0.00%)
* Elements of w processed with special addition: 1 (10.00%)
* Elements of w remaining: 9 (90.00%)
* UVC proof at step 54
* G1 elements in proof: 2
* G2 elements in proof: 1
* Proof size in bits: 1019
* Cached h poly size: 383
* UVC Prove step 55
* Elements of w skipped: 0 (0.00%)
* Elements of w processed with special addition: 1 (10.00%)
* Elements of w remaining: 9 (90.00%)
* Elements of w skipped: 0 (0.00%)
* Elements of w processed with special addition: 1 (16.67%)
* Elements of w remaining: 5 (83.33%)
* Elements of w skipped: 0 (0.00%)
* Elements of w processed with special addition: 1 (10.00%)
* Elements of w remaining: 9 (90.00%)
* UVC proof at step 55
* G1 elements in proof: 2
* G2 elements in proof: 1
* Proof size in bits: 1019
* Cached h poly size: 383
* UVC Prove step 56
* Elements of w skipped: 0 (0.00%)
* Elements of w processed with special addition: 1 (10.00%)
* Elements of w remaining: 9 (90.00%)
* Elements of w skipped: 0 (0.00%)
* Elements of w processed with special addition: 1 (16.67%)
* Elements of w remaining: 5 (83.33%)
* Elements of w skipped: 0 (0.00%)
* Elements of w processed with special addition: 1 (10.00%)
* Elements of w remaining: 9 (90.00%)
* UVC proof at step 56
* G1 elements in proof: 2
* G2 elements in proof: 1
* Proof size in bits: 1019
* Cached h poly size: 383
* UVC Prove step 57
* Elements of w skipped: 0 (0.00%)
* Elements of w processed with special addition: 1 (10.00%)
* Elements of w remaining: 9 (90.00%)
* Elements of w skipped: 0 (0.00%)
* Elements of w processed with special addition: 1 (16.67%)
* Elements of w remaining: 5 (83.33%)
* Elements of w skipped: 0 (0.00%)
* Elements of w processed with special addition: 1 (10.00%)
* Elements of w remaining: 9 (90.00%)
* UVC proof at step 57
* G1 elements in proof: 2
* G2 elements in proof: 1
* Proof size in bits: 1019
* Cached h poly size: 383
* UVC Prove step 58
* Elements of w skipped: 0 (0.00%)
* Elements of w processed with special addition: 1 (10.00%)
* Elements of w remaining: 9 (90.00%)
* Elements of w skipped: 0 (0.00%)
* Elements of w processed with special addition: 1 (16.67%)
* Elements of w remaining: 5 (83.33%)
* Elements of w skipped: 0 (0.00%)
* Elements of w processed with special addition: 1 (10.00%)
* Elements of w remaining: 9 (90.00%)
* UVC proof at step 58
* G1 elements in proof: 2
* G2 elements in proof: 1
* Proof size in bits: 1019
* Cached h poly size: 383
* UVC Prove step 59
* Elements of w skipped: 0 (0.00%)
* Elements of w processed with special addition: 1 (10.00%)
* Elements of w remaining: 9 (90.00%)
* Elements of w skipped: 0 (0.00%)
* Elements of w processed with special addition: 1 (16.67%)
* Elements of w remaining: 5 (83.33%)
* Elements of w skipped: 0 (0.00%)
* Elements of w processed with special addition: 1 (10.00%)
* Elements of w remaining: 9 (90.00%)
* UVC proof at step 59
* G1 elements in proof: 2
* G2 elements in proof: 1
* Proof size in bits: 1019
* Cached h poly size: 383
* UVC Prove step 60
* Elements of w skipped: 0 (0.00%)
* Elements of w processed with special addition: 1 (10.00%)
* Elements of w remaining: 9 (90.00%)
* Elements of w skipped: 0 (0.00%)
* Elements of w processed with special addition: 1 (16.67%)
* Elements of w remaining: 5 (83.33%)
* Elements of w skipped: 0 (0.00%)
* Elements of w processed with special addition: 1 (10.00%)
* Elements of w remaining: 9 (90.00%)
* UVC proof at step 60
* G1 elements in proof: 2
* G2 elements in proof: 1
* Proof size in bits: 1019
* Cached h poly size: 383
* UVC Prove step 61
* Elements of w skipped: 0 (0.00%)
* Elements of w processed with special addition: 1 (10.00%)
* Elements of w remaining: 9 (90.00%)
* Elements of w skipped: 0 (0.00%)
* Elements of w processed with special addition: 1 (16.67%)
* Elements of w remaining: 5 (83.33%)
* Elements of w skipped: 0 (0.00%)
* Elements of w processed with special addition: 1 (10.00%)
* Elements of w remaining: 9 (90.00%)
* UVC proof at step 61
* G1 elements in proof: 2
* G2 elements in proof: 1
* Proof size in bits: 1019
* Cached h poly size: 383
* UVC Prove step 62
* Elements of w skipped: 0 (0.00%)
* Elements of w processed with special addition: 1 (10.00%)
* Elements of w remaining: 9 (90.00%)
* Elements of w skipped: 0 (0.00%)
* Elements of w processed with special addition: 1 (16.67%)
* Elements of w remaining: 5 (83.33%)
* Elements of w skipped: 0 (0.00%)
* Elements of w processed with special addition: 1 (10.00%)
* Elements of w remaining: 9 (90.00%)
* UVC proof at step 62
* G1 elements in proof: 2
* G2 elements in proof: 1
* Proof size in bits: 1019
* Cached h poly size: 383
* UVC Prove step 63
* Elements of w skipped: 0 (0.00%)
* Elements of w processed with special addition: 1 (10.00%)
* Elements of w remaining: 9 (90.00%)
* Elements of w skipped: 0 (0.00%)
* Elements of w processed with special addition: 1 (16.67%)
* Elements of w remaining: 5 (83.33%)
* Elements of w skipped: 0 (0.00%)
* Elements of w processed with special addition: 1 (10.00%)
* Elements of w remaining: 9 (90.00%)
* UVC proof at step 63
* G1 elements in proof: 2
* G2 elements in proof: 1
* Proof size in bits: 1019
* Cached h poly size: 383
* UVC Prove step 64
* Elements of w skipped: 0 (0.00%)
* Elements of w processed with special addition: 1 (10.00%)
* Elements of w remaining: 9 (90.00%)
* Elements of w skipped: 0 (0.00%)
* Elements of w processed with special addition: 1 (20.00%)
* Elements of w remaining: 4 (80.00%)
* Elements of w skipped: 0 (0.00%)
* Elements of w processed with special addition: 1 (10.00%)
* Elements of w remaining: 9 (90.00%)
* UVC proof at step 64
* G1 elements in proof: 2
* G2 elements in proof: 1
* Proof size in bits: 1019
* Cached h poly size: 383

  Step    Prove (ms)    Verify (ms)   Proof bits    Verified  
  ------  ------------  ------------  ------------  ----------
* UVC Prove step 1
* Elements of w skipped: 1 (8.33%)
* Elements of w processed with special addition: 3 (25.00%)
* Elements of w remaining: 8 (66.67%)
* Elements of w skipped: 1 (14.29%)
* Elements of w processed with special addition: 1 (14.29%)
* Elements of w remaining: 5 (71.43%)
* Elements of w skipped: 0 (0.00%)
* Elements of w processed with special addition: 0 (0.00%)
* Elements of w remaining: 5 (100.00%)
* UVC proof at step 1
* G1 elements in proof: 2
* G2 elements in proof: 1
* Proof size in bits: 1019
* Cached h poly size: 383
* UVC Prove step 1
* Elements of w skipped: 1 (8.33%)
* Elements of w processed with special addition: 3 (25.00%)
* Elements of w remaining: 8 (66.67%)
* Elements of w skipped: 1 (14.29%)
* Elements of w processed with special addition: 1 (14.29%)
* Elements of w remaining: 5 (71.43%)
* Elements of w skipped: 0 (0.00%)
* Elements of w processed with special addition: 0 (0.00%)
* Elements of w remaining: 5 (100.00%)
* UVC proof at step 1
* G1 elements in proof: 2
* G2 elements in proof: 1
* Proof size in bits: 1019
* Cached h poly size: 383
* UVC Prove step 1
* Elements of w skipped: 1 (8.33%)
* Elements of w processed with special addition: 3 (25.00%)
* Elements of w remaining: 8 (66.67%)
* Elements of w skipped: 1 (14.29%)
* Elements of w processed with special addition: 1 (14.29%)
* Elements of w remaining: 5 (71.43%)
* Elements of w skipped: 0 (0.00%)
* Elements of w processed with special addition: 0 (0.00%)
* Elements of w remaining: 5 (100.00%)
* UVC proof at step 1
* G1 elements in proof: 2
* G2 elements in proof: 1
* Proof size in bits: 1019
* Cached h poly size: 383
* UVC Prove step 1
* Elements of w skipped: 1 (8.33%)
* Elements of w processed with special addition: 3 (25.00%)
* Elements of w remaining: 8 (66.67%)
* Elements of w skipped: 1 (14.29%)
* Elements of w processed with special addition: 1 (14.29%)
* Elements of w remaining: 5 (71.43%)
* Elements of w skipped: 0 (0.00%)
* Elements of w processed with special addition: 0 (0.00%)
* Elements of w remaining: 5 (100.00%)
* UVC proof at step 1
* G1 elements in proof: 2
* G2 elements in proof: 1
* Proof size in bits: 1019
* Cached h poly size: 383
* UVC Prove step 1
* Elements of w skipped: 1 (8.33%)
* Elements of w processed with special addition: 3 (25.00%)
* Elements of w remaining: 8 (66.67%)
* Elements of w skipped: 1 (14.29%)
* Elements of w processed with special addition: 1 (14.29%)
* Elements of w remaining: 5 (71.43%)
* Elements of w skipped: 0 (0.00%)
* Elements of w processed with special addition: 0 (0.00%)
* Elements of w remaining: 5 (100.00%)
* UVC proof at step 1
* G1 elements in proof: 2
* G2 elements in proof: 1
* Proof size in bits: 1019
* Cached h poly size: 383
* UVC Prove step 1
* Elements of w skipped: 1 (8.33%)
* Elements of w processed with special addition: 3 (25.00%)
* Elements of w remaining: 8 (66.67%)
* Elements of w skipped: 1 (14.29%)
* Elements of w processed with special addition: 1 (14.29%)
* Elements of w remaining: 5 (71.43%)
* Elements of w skipped: 0 (0.00%)
* Elements of w processed with special addition: 0 (0.00%)
* Elements of w remaining: 5 (100.00%)
* UVC proof at step 1
* G1 elements in proof: 2
* G2 elements in proof: 1
* Proof size in bits: 1019
* Cached h poly size: 383
* UVC Prove step 1
* Elements of w skipped: 1 (8.33%)
* Elements of w processed with special addition: 3 (25.00%)
* Elements of w remaining: 8 (66.67%)
* Elements of w skipped: 1 (14.29%)
* Elements of w processed with special addition: 1 (14.29%)
* Elements of w remaining: 5 (71.43%)
* Elements of w skipped: 0 (0.00%)
* Elements of w processed with special addition: 0 (0.00%)
* Elements of w remaining: 5 (100.00%)
* UVC proof at step 1
* G1 elements in proof: 2
* G2 elements in proof: 1
* Proof size in bits: 1019
* Cached h poly size: 383
* UVC Prove step 1
* Elements of w skipped: 1 (8.33%)
* Elements of w processed with special addition: 3 (25.00%)
* Elements of w remaining: 8 (66.67%)
* Elements of w skipped: 1 (14.29%)
* Elements of w processed with special addition: 1 (14.29%)
* Elements of w remaining: 5 (71.43%)
* Elements of w skipped: 0 (0.00%)
* Elements of w processed with special addition: 0 (0.00%)
* Elements of w remaining: 5 (100.00%)
* UVC proof at step 1
* G1 elements in proof: 2
* G2 elements in proof: 1
* Proof size in bits: 1019
* Cached h poly size: 383
* UVC Prove step 1
* Elements of w skipped: 1 (8.33%)
* Elements of w processed with special addition: 3 (25.00%)
* Elements of w remaining: 8 (66.67%)
* Elements of w skipped: 1 (14.29%)
* Elements of w processed with special addition: 1 (14.29%)
* Elements of w remaining: 5 (71.43%)
* Elements of w skipped: 0 (0.00%)
* Elements of w processed with special addition: 0 (0.00%)
* Elements of w remaining: 5 (100.00%)
* UVC proof at step 1
* G1 elements in proof: 2
* G2 elements in proof: 1
* Proof size in bits: 1019
* Cached h poly size: 383
* UVC Prove step 1
* Elements of w skipped: 1 (8.33%)
* Elements of w processed with special addition: 3 (25.00%)
* Elements of w remaining: 8 (66.67%)
* Elements of w skipped: 1 (14.29%)
* Elements of w processed with special addition: 1 (14.29%)
* Elements of w remaining: 5 (71.43%)
* Elements of w skipped: 0 (0.00%)
* Elements of w processed with special addition: 0 (0.00%)
* Elements of w remaining: 5 (100.00%)
* UVC proof at step 1
* G1 elements in proof: 2
* G2 elements in proof: 1
* Proof size in bits: 1019
* Cached h poly size: 383
* UVC Verify step 1: PASS
* UVC Verify step 1: PASS
* UVC Verify step 1: PASS
* UVC Verify step 1: PASS
* UVC Verify step 1: PASS
* UVC Verify step 1: PASS
* UVC Verify step 1: PASS
* UVC Verify step 1: PASS
* UVC Verify step 1: PASS
* UVC Verify step 1: PASS
  1       14.80         2.68          1019          PASS      
* UVC Prove step 2
* Elements of w skipped: 0 (0.00%)
* Elements of w processed with special addition: 1 (10.00%)
* Elements of w remaining: 9 (90.00%)
* Elements of w skipped: 0 (0.00%)
* Elements of w processed with special addition: 1 (16.67%)
* Elements of w remaining: 5 (83.33%)
* Elements of w skipped: 0 (0.00%)
* Elements of w processed with special addition: 1 (10.00%)
* Elements of w remaining: 9 (90.00%)
* UVC proof at step 2
* G1 elements in proof: 2
* G2 elements in proof: 1
* Proof size in bits: 1019
* Cached h poly size: 383
* UVC Prove step 2
* Elements of w skipped: 0 (0.00%)
* Elements of w processed with special addition: 1 (10.00%)
* Elements of w remaining: 9 (90.00%)
* Elements of w skipped: 0 (0.00%)
* Elements of w processed with special addition: 1 (16.67%)
* Elements of w remaining: 5 (83.33%)
* Elements of w skipped: 0 (0.00%)
* Elements of w processed with special addition: 1 (10.00%)
* Elements of w remaining: 9 (90.00%)
* UVC proof at step 2
* G1 elements in proof: 2
* G2 elements in proof: 1
* Proof size in bits: 1019
* Cached h poly size: 383
* UVC Prove step 2
* Elements of w skipped: 0 (0.00%)
* Elements of w processed with special addition: 1 (10.00%)
* Elements of w remaining: 9 (90.00%)
* Elements of w skipped: 0 (0.00%)
* Elements of w processed with special addition: 1 (16.67%)
* Elements of w remaining: 5 (83.33%)
* Elements of w skipped: 0 (0.00%)
* Elements of w processed with special addition: 1 (10.00%)
* Elements of w remaining: 9 (90.00%)
* UVC proof at step 2
* G1 elements in proof: 2
* G2 elements in proof: 1
* Proof size in bits: 1019
* Cached h poly size: 383
* UVC Prove step 2
* Elements of w skipped: 0 (0.00%)
* Elements of w processed with special addition: 1 (10.00%)
* Elements of w remaining: 9 (90.00%)
* Elements of w skipped: 0 (0.00%)
* Elements of w processed with special addition: 1 (16.67%)
* Elements of w remaining: 5 (83.33%)
* Elements of w skipped: 0 (0.00%)
* Elements of w processed with special addition: 1 (10.00%)
* Elements of w remaining: 9 (90.00%)
* UVC proof at step 2
* G1 elements in proof: 2
* G2 elements in proof: 1
* Proof size in bits: 1019
* Cached h poly size: 383
* UVC Prove step 2
* Elements of w skipped: 0 (0.00%)
* Elements of w processed with special addition: 1 (10.00%)
* Elements of w remaining: 9 (90.00%)
* Elements of w skipped: 0 (0.00%)
* Elements of w processed with special addition: 1 (16.67%)
* Elements of w remaining: 5 (83.33%)
* Elements of w skipped: 0 (0.00%)
* Elements of w processed with special addition: 1 (10.00%)
* Elements of w remaining: 9 (90.00%)
* UVC proof at step 2
* G1 elements in proof: 2
* G2 elements in proof: 1
* Proof size in bits: 1019
* Cached h poly size: 383
* UVC Prove step 2
* Elements of w skipped: 0 (0.00%)
* Elements of w processed with special addition: 1 (10.00%)
* Elements of w remaining: 9 (90.00%)
* Elements of w skipped: 0 (0.00%)
* Elements of w processed with special addition: 1 (16.67%)
* Elements of w remaining: 5 (83.33%)
* Elements of w skipped: 0 (0.00%)
* Elements of w processed with special addition: 1 (10.00%)
* Elements of w remaining: 9 (90.00%)
* UVC proof at step 2
* G1 elements in proof: 2
* G2 elements in proof: 1
* Proof size in bits: 1019
* Cached h poly size: 383
* UVC Prove step 2
* Elements of w skipped: 0 (0.00%)
* Elements of w processed with special addition: 1 (10.00%)
* Elements of w remaining: 9 (90.00%)
* Elements of w skipped: 0 (0.00%)
* Elements of w processed with special addition: 1 (16.67%)
* Elements of w remaining: 5 (83.33%)
* Elements of w skipped: 0 (0.00%)
* Elements of w processed with special addition: 1 (10.00%)
* Elements of w remaining: 9 (90.00%)
* UVC proof at step 2
* G1 elements in proof: 2
* G2 elements in proof: 1
* Proof size in bits: 1019
* Cached h poly size: 383
* UVC Prove step 2
* Elements of w skipped: 0 (0.00%)
* Elements of w processed with special addition: 1 (10.00%)
* Elements of w remaining: 9 (90.00%)
* Elements of w skipped: 0 (0.00%)
* Elements of w processed with special addition: 1 (16.67%)
* Elements of w remaining: 5 (83.33%)
* Elements of w skipped: 0 (0.00%)
* Elements of w processed with special addition: 1 (10.00%)
* Elements of w remaining: 9 (90.00%)
* UVC proof at step 2
* G1 elements in proof: 2
* G2 elements in proof: 1
* Proof size in bits: 1019
* Cached h poly size: 383
* UVC Prove step 2
* Elements of w skipped: 0 (0.00%)
* Elements of w processed with special addition: 1 (10.00%)
* Elements of w remaining: 9 (90.00%)
* Elements of w skipped: 0 (0.00%)
* Elements of w processed with special addition: 1 (16.67%)
* Elements of w remaining: 5 (83.33%)
* Elements of w skipped: 0 (0.00%)
* Elements of w processed with special addition: 1 (10.00%)
* Elements of w remaining: 9 (90.00%)
* UVC proof at step 2
* G1 elements in proof: 2
* G2 elements in proof: 1
* Proof size in bits: 1019
* Cached h poly size: 383
* UVC Prove step 2
* Elements of w skipped: 0 (0.00%)
* Elements of w processed with special addition: 1 (10.00%)
* Elements of w remaining: 9 (90.00%)
* Elements of w skipped: 0 (0.00%)
* Elements of w processed with special addition: 1 (16.67%)
* Elements of w remaining: 5 (83.33%)
* Elements of w skipped: 0 (0.00%)
* Elements of w processed with special addition: 1 (10.00%)
* Elements of w remaining: 9 (90.00%)
* UVC proof at step 2
* G1 elements in proof: 2
* G2 elements in proof: 1
* Proof size in bits: 1019
* Cached h poly size: 383
* UVC Verify step 2: PASS
* UVC Verify step 2: PASS
* UVC Verify step 2: PASS
* UVC Verify step 2: PASS
* UVC Verify step 2: PASS
* UVC Verify step 2: PASS
* UVC Verify step 2: PASS
* UVC Verify step 2: PASS
* UVC Verify step 2: PASS
* UVC Verify step 2: PASS
  2       15.08         2.62          1019          PASS      
* UVC Prove step 4
* Elements of w skipped: 0 (0.00%)
* Elements of w processed with special addition: 1 (10.00%)
* Elements of w remaining: 9 (90.00%)
* Elements of w skipped: 0 (0.00%)
* Elements of w processed with special addition: 1 (16.67%)
* Elements of w remaining: 5 (83.33%)
* Elements of w skipped: 0 (0.00%)
* Elements of w processed with special addition: 1 (10.00%)
* Elements of w remaining: 9 (90.00%)
* UVC proof at step 4
* G1 elements in proof: 2
* G2 elements in proof: 1
* Proof size in bits: 1019
* Cached h poly size: 383
* UVC Prove step 4
* Elements of w skipped: 0 (0.00%)
* Elements of w processed with special addition: 1 (10.00%)
* Elements of w remaining: 9 (90.00%)
* Elements of w skipped: 0 (0.00%)
* Elements of w processed with special addition: 1 (16.67%)
* Elements of w remaining: 5 (83.33%)
* Elements of w skipped: 0 (0.00%)
* Elements of w processed with special addition: 1 (10.00%)
* Elements of w remaining: 9 (90.00%)
* UVC proof at step 4
* G1 elements in proof: 2
* G2 elements in proof: 1
* Proof size in bits: 1019
* Cached h poly size: 383
* UVC Prove step 4
* Elements of w skipped: 0 (0.00%)
* Elements of w processed with special addition: 1 (10.00%)
* Elements of w remaining: 9 (90.00%)
* Elements of w skipped: 0 (0.00%)
* Elements of w processed with special addition: 1 (16.67%)
* Elements of w remaining: 5 (83.33%)
* Elements of w skipped: 0 (0.00%)
* Elements of w processed with special addition: 1 (10.00%)
* Elements of w remaining: 9 (90.00%)
* UVC proof at step 4
* G1 elements in proof: 2
* G2 elements in proof: 1
* Proof size in bits: 1019
* Cached h poly size: 383
* UVC Prove step 4
* Elements of w skipped: 0 (0.00%)
* Elements of w processed with special addition: 1 (10.00%)
* Elements of w remaining: 9 (90.00%)
* Elements of w skipped: 0 (0.00%)
* Elements of w processed with special addition: 1 (16.67%)
* Elements of w remaining: 5 (83.33%)
* Elements of w skipped: 0 (0.00%)
* Elements of w processed with special addition: 1 (10.00%)
* Elements of w remaining: 9 (90.00%)
* UVC proof at step 4
* G1 elements in proof: 2
* G2 elements in proof: 1
* Proof size in bits: 1019
* Cached h poly size: 383
* UVC Prove step 4
* Elements of w skipped: 0 (0.00%)
* Elements of w processed with special addition: 1 (10.00%)
* Elements of w remaining: 9 (90.00%)
* Elements of w skipped: 0 (0.00%)
* Elements of w processed with special addition: 1 (16.67%)
* Elements of w remaining: 5 (83.33%)
* Elements of w skipped: 0 (0.00%)
* Elements of w processed with special addition: 1 (10.00%)
* Elements of w remaining: 9 (90.00%)
* UVC proof at step 4
* G1 elements in proof: 2
* G2 elements in proof: 1
* Proof size in bits: 1019
* Cached h poly size: 383
* UVC Prove step 4
* Elements of w skipped: 0 (0.00%)
* Elements of w processed with special addition: 1 (10.00%)
* Elements of w remaining: 9 (90.00%)
* Elements of w skipped: 0 (0.00%)
* Elements of w processed with special addition: 1 (16.67%)
* Elements of w remaining: 5 (83.33%)
* Elements of w skipped: 0 (0.00%)
* Elements of w processed with special addition: 1 (10.00%)
* Elements of w remaining: 9 (90.00%)
* UVC proof at step 4
* G1 elements in proof: 2
* G2 elements in proof: 1
* Proof size in bits: 1019
* Cached h poly size: 383
* UVC Prove step 4
* Elements of w skipped: 0 (0.00%)
* Elements of w processed with special addition: 1 (10.00%)
* Elements of w remaining: 9 (90.00%)
* Elements of w skipped: 0 (0.00%)
* Elements of w processed with special addition: 1 (16.67%)
* Elements of w remaining: 5 (83.33%)
* Elements of w skipped: 0 (0.00%)
* Elements of w processed with special addition: 1 (10.00%)
* Elements of w remaining: 9 (90.00%)
* UVC proof at step 4
* G1 elements in proof: 2
* G2 elements in proof: 1
* Proof size in bits: 1019
* Cached h poly size: 383
* UVC Prove step 4
* Elements of w skipped: 0 (0.00%)
* Elements of w processed with special addition: 1 (10.00%)
* Elements of w remaining: 9 (90.00%)
* Elements of w skipped: 0 (0.00%)
* Elements of w processed with special addition: 1 (16.67%)
* Elements of w remaining: 5 (83.33%)
* Elements of w skipped: 0 (0.00%)
* Elements of w processed with special addition: 1 (10.00%)
* Elements of w remaining: 9 (90.00%)
* UVC proof at step 4
* G1 elements in proof: 2
* G2 elements in proof: 1
* Proof size in bits: 1019
* Cached h poly size: 383
* UVC Prove step 4
* Elements of w skipped: 0 (0.00%)
* Elements of w processed with special addition: 1 (10.00%)
* Elements of w remaining: 9 (90.00%)
* Elements of w skipped: 0 (0.00%)
* Elements of w processed with special addition: 1 (16.67%)
* Elements of w remaining: 5 (83.33%)
* Elements of w skipped: 0 (0.00%)
* Elements of w processed with special addition: 1 (10.00%)
* Elements of w remaining: 9 (90.00%)
* UVC proof at step 4
* G1 elements in proof: 2
* G2 elements in proof: 1
* Proof size in bits: 1019
* Cached h poly size: 383
* UVC Prove step 4
* Elements of w skipped: 0 (0.00%)
* Elements of w processed with special addition: 1 (10.00%)
* Elements of w remaining: 9 (90.00%)
* Elements of w skipped: 0 (0.00%)
* Elements of w processed with special addition: 1 (16.67%)
* Elements of w remaining: 5 (83.33%)
* Elements of w skipped: 0 (0.00%)
* Elements of w processed with special addition: 1 (10.00%)
* Elements of w remaining: 9 (90.00%)
* UVC proof at step 4
* G1 elements in proof: 2
* G2 elements in proof: 1
* Proof size in bits: 1019
* Cached h poly size: 383
* UVC Verify step 4: PASS
* UVC Verify step 4: PASS
* UVC Verify step 4: PASS
* UVC Verify step 4: PASS
* UVC Verify step 4: PASS
* UVC Verify step 4: PASS
* UVC Verify step 4: PASS
* UVC Verify step 4: PASS
* UVC Verify step 4: PASS
* UVC Verify step 4: PASS
  4       14.80         2.63          1019          PASS      
* UVC Prove step 8
* Elements of w skipped: 0 (0.00%)
* Elements of w processed with special addition: 1 (10.00%)
* Elements of w remaining: 9 (90.00%)
* Elements of w skipped: 0 (0.00%)
* Elements of w processed with special addition: 1 (16.67%)
* Elements of w remaining: 5 (83.33%)
* Elements of w skipped: 0 (0.00%)
* Elements of w processed with special addition: 1 (10.00%)
* Elements of w remaining: 9 (90.00%)
* UVC proof at step 8
* G1 elements in proof: 2
* G2 elements in proof: 1
* Proof size in bits: 1019
* Cached h poly size: 383
* UVC Prove step 8
* Elements of w skipped: 0 (0.00%)
* Elements of w processed with special addition: 1 (10.00%)
* Elements of w remaining: 9 (90.00%)
* Elements of w skipped: 0 (0.00%)
* Elements of w processed with special addition: 1 (16.67%)
* Elements of w remaining: 5 (83.33%)
* Elements of w skipped: 0 (0.00%)
* Elements of w processed with special addition: 1 (10.00%)
* Elements of w remaining: 9 (90.00%)
* UVC proof at step 8
* G1 elements in proof: 2
* G2 elements in proof: 1
* Proof size in bits: 1019
* Cached h poly size: 383
* UVC Prove step 8
* Elements of w skipped: 0 (0.00%)
* Elements of w processed with special addition: 1 (10.00%)
* Elements of w remaining: 9 (90.00%)
* Elements of w skipped: 0 (0.00%)
* Elements of w processed with special addition: 1 (16.67%)
* Elements of w remaining: 5 (83.33%)
* Elements of w skipped: 0 (0.00%)
* Elements of w processed with special addition: 1 (10.00%)
* Elements of w remaining: 9 (90.00%)
* UVC proof at step 8
* G1 elements in proof: 2
* G2 elements in proof: 1
* Proof size in bits: 1019
* Cached h poly size: 383
* UVC Prove step 8
* Elements of w skipped: 0 (0.00%)
* Elements of w processed with special addition: 1 (10.00%)
* Elements of w remaining: 9 (90.00%)
* Elements of w skipped: 0 (0.00%)
* Elements of w processed with special addition: 1 (16.67%)
* Elements of w remaining: 5 (83.33%)
* Elements of w skipped: 0 (0.00%)
* Elements of w processed with special addition: 1 (10.00%)
* Elements of w remaining: 9 (90.00%)
* UVC proof at step 8
* G1 elements in proof: 2
* G2 elements in proof: 1
* Proof size in bits: 1019
* Cached h poly size: 383
* UVC Prove step 8
* Elements of w skipped: 0 (0.00%)
* Elements of w processed with special addition: 1 (10.00%)
* Elements of w remaining: 9 (90.00%)
* Elements of w skipped: 0 (0.00%)
* Elements of w processed with special addition: 1 (16.67%)
* Elements of w remaining: 5 (83.33%)
* Elements of w skipped: 0 (0.00%)
* Elements of w processed with special addition: 1 (10.00%)
* Elements of w remaining: 9 (90.00%)
* UVC proof at step 8
* G1 elements in proof: 2
* G2 elements in proof: 1
* Proof size in bits: 1019
* Cached h poly size: 383
* UVC Prove step 8
* Elements of w skipped: 0 (0.00%)
* Elements of w processed with special addition: 1 (10.00%)
* Elements of w remaining: 9 (90.00%)
* Elements of w skipped: 0 (0.00%)
* Elements of w processed with special addition: 1 (16.67%)
* Elements of w remaining: 5 (83.33%)
* Elements of w skipped: 0 (0.00%)
* Elements of w processed with special addition: 1 (10.00%)
* Elements of w remaining: 9 (90.00%)
* UVC proof at step 8
* G1 elements in proof: 2
* G2 elements in proof: 1
* Proof size in bits: 1019
* Cached h poly size: 383
* UVC Prove step 8
* Elements of w skipped: 0 (0.00%)
* Elements of w processed with special addition: 1 (10.00%)
* Elements of w remaining: 9 (90.00%)
* Elements of w skipped: 0 (0.00%)
* Elements of w processed with special addition: 1 (16.67%)
* Elements of w remaining: 5 (83.33%)
* Elements of w skipped: 0 (0.00%)
* Elements of w processed with special addition: 1 (10.00%)
* Elements of w remaining: 9 (90.00%)
* UVC proof at step 8
* G1 elements in proof: 2
* G2 elements in proof: 1
* Proof size in bits: 1019
* Cached h poly size: 383
* UVC Prove step 8
* Elements of w skipped: 0 (0.00%)
* Elements of w processed with special addition: 1 (10.00%)
* Elements of w remaining: 9 (90.00%)
* Elements of w skipped: 0 (0.00%)
* Elements of w processed with special addition: 1 (16.67%)
* Elements of w remaining: 5 (83.33%)
* Elements of w skipped: 0 (0.00%)
* Elements of w processed with special addition: 1 (10.00%)
* Elements of w remaining: 9 (90.00%)
* UVC proof at step 8
* G1 elements in proof: 2
* G2 elements in proof: 1
* Proof size in bits: 1019
* Cached h poly size: 383
* UVC Prove step 8
* Elements of w skipped: 0 (0.00%)
* Elements of w processed with special addition: 1 (10.00%)
* Elements of w remaining: 9 (90.00%)
* Elements of w skipped: 0 (0.00%)
* Elements of w processed with special addition: 1 (16.67%)
* Elements of w remaining: 5 (83.33%)
* Elements of w skipped: 0 (0.00%)
* Elements of w processed with special addition: 1 (10.00%)
* Elements of w remaining: 9 (90.00%)
* UVC proof at step 8
* G1 elements in proof: 2
* G2 elements in proof: 1
* Proof size in bits: 1019
* Cached h poly size: 383
* UVC Prove step 8
* Elements of w skipped: 0 (0.00%)
* Elements of w processed with special addition: 1 (10.00%)
* Elements of w remaining: 9 (90.00%)
* Elements of w skipped: 0 (0.00%)
* Elements of w processed with special addition: 1 (16.67%)
* Elements of w remaining: 5 (83.33%)
* Elements of w skipped: 0 (0.00%)
* Elements of w processed with special addition: 1 (10.00%)
* Elements of w remaining: 9 (90.00%)
* UVC proof at step 8
* G1 elements in proof: 2
* G2 elements in proof: 1
* Proof size in bits: 1019
* Cached h poly size: 383
* UVC Verify step 8: PASS
* UVC Verify step 8: PASS
* UVC Verify step 8: PASS
* UVC Verify step 8: PASS
* UVC Verify step 8: PASS
* UVC Verify step 8: PASS
* UVC Verify step 8: PASS
* UVC Verify step 8: PASS
* UVC Verify step 8: PASS
* UVC Verify step 8: PASS
  8       14.99         2.64          1019          PASS      
* UVC Prove step 16
* Elements of w skipped: 0 (0.00%)
* Elements of w processed with special addition: 1 (10.00%)
* Elements of w remaining: 9 (90.00%)
* Elements of w skipped: 0 (0.00%)
* Elements of w processed with special addition: 1 (16.67%)
* Elements of w remaining: 5 (83.33%)
* Elements of w skipped: 0 (0.00%)
* Elements of w processed with special addition: 1 (10.00%)
* Elements of w remaining: 9 (90.00%)
* UVC proof at step 16
* G1 elements in proof: 2
* G2 elements in proof: 1
* Proof size in bits: 1019
* Cached h poly size: 383
* UVC Prove step 16
* Elements of w skipped: 0 (0.00%)
* Elements of w processed with special addition: 1 (10.00%)
* Elements of w remaining: 9 (90.00%)
* Elements of w skipped: 0 (0.00%)
* Elements of w processed with special addition: 1 (16.67%)
* Elements of w remaining: 5 (83.33%)
* Elements of w skipped: 0 (0.00%)
* Elements of w processed with special addition: 1 (10.00%)
* Elements of w remaining: 9 (90.00%)
* UVC proof at step 16
* G1 elements in proof: 2
* G2 elements in proof: 1
* Proof size in bits: 1019
* Cached h poly size: 383
* UVC Prove step 16
* Elements of w skipped: 0 (0.00%)
* Elements of w processed with special addition: 1 (10.00%)
* Elements of w remaining: 9 (90.00%)
* Elements of w skipped: 0 (0.00%)
* Elements of w processed with special addition: 1 (16.67%)
* Elements of w remaining: 5 (83.33%)
* Elements of w skipped: 0 (0.00%)
* Elements of w processed with special addition: 1 (10.00%)
* Elements of w remaining: 9 (90.00%)
* UVC proof at step 16
* G1 elements in proof: 2
* G2 elements in proof: 1
* Proof size in bits: 1019
* Cached h poly size: 383
* UVC Prove step 16
* Elements of w skipped: 0 (0.00%)
* Elements of w processed with special addition: 1 (10.00%)
* Elements of w remaining: 9 (90.00%)
* Elements of w skipped: 0 (0.00%)
* Elements of w processed with special addition: 1 (16.67%)
* Elements of w remaining: 5 (83.33%)
* Elements of w skipped: 0 (0.00%)
* Elements of w processed with special addition: 1 (10.00%)
* Elements of w remaining: 9 (90.00%)
* UVC proof at step 16
* G1 elements in proof: 2
* G2 elements in proof: 1
* Proof size in bits: 1019
* Cached h poly size: 383
* UVC Prove step 16
* Elements of w skipped: 0 (0.00%)
* Elements of w processed with special addition: 1 (10.00%)
* Elements of w remaining: 9 (90.00%)
* Elements of w skipped: 0 (0.00%)
* Elements of w processed with special addition: 1 (16.67%)
* Elements of w remaining: 5 (83.33%)
* Elements of w skipped: 0 (0.00%)
* Elements of w processed with special addition: 1 (10.00%)
* Elements of w remaining: 9 (90.00%)
* UVC proof at step 16
* G1 elements in proof: 2
* G2 elements in proof: 1
* Proof size in bits: 1019
* Cached h poly size: 383
* UVC Prove step 16
* Elements of w skipped: 0 (0.00%)
* Elements of w processed with special addition: 1 (10.00%)
* Elements of w remaining: 9 (90.00%)
* Elements of w skipped: 0 (0.00%)
* Elements of w processed with special addition: 1 (16.67%)
* Elements of w remaining: 5 (83.33%)
* Elements of w skipped: 0 (0.00%)
* Elements of w processed with special addition: 1 (10.00%)
* Elements of w remaining: 9 (90.00%)
* UVC proof at step 16
* G1 elements in proof: 2
* G2 elements in proof: 1
* Proof size in bits: 1019
* Cached h poly size: 383
* UVC Prove step 16
* Elements of w skipped: 0 (0.00%)
* Elements of w processed with special addition: 1 (10.00%)
* Elements of w remaining: 9 (90.00%)
* Elements of w skipped: 0 (0.00%)
* Elements of w processed with special addition: 1 (16.67%)
* Elements of w remaining: 5 (83.33%)
* Elements of w skipped: 0 (0.00%)
* Elements of w processed with special addition: 1 (10.00%)
* Elements of w remaining: 9 (90.00%)
* UVC proof at step 16
* G1 elements in proof: 2
* G2 elements in proof: 1
* Proof size in bits: 1019
* Cached h poly size: 383
* UVC Prove step 16
* Elements of w skipped: 0 (0.00%)
* Elements of w processed with special addition: 1 (10.00%)
* Elements of w remaining: 9 (90.00%)
* Elements of w skipped: 0 (0.00%)
* Elements of w processed with special addition: 1 (16.67%)
* Elements of w remaining: 5 (83.33%)
* Elements of w skipped: 0 (0.00%)
* Elements of w processed with special addition: 1 (10.00%)
* Elements of w remaining: 9 (90.00%)
* UVC proof at step 16
* G1 elements in proof: 2
* G2 elements in proof: 1
* Proof size in bits: 1019
* Cached h poly size: 383
* UVC Prove step 16
* Elements of w skipped: 0 (0.00%)
* Elements of w processed with special addition: 1 (10.00%)
* Elements of w remaining: 9 (90.00%)
* Elements of w skipped: 0 (0.00%)
* Elements of w processed with special addition: 1 (16.67%)
* Elements of w remaining: 5 (83.33%)
* Elements of w skipped: 0 (0.00%)
* Elements of w processed with special addition: 1 (10.00%)
* Elements of w remaining: 9 (90.00%)
* UVC proof at step 16
* G1 elements in proof: 2
* G2 elements in proof: 1
* Proof size in bits: 1019
* Cached h poly size: 383
* UVC Prove step 16
* Elements of w skipped: 0 (0.00%)
* Elements of w processed with special addition: 1 (10.00%)
* Elements of w remaining: 9 (90.00%)
* Elements of w skipped: 0 (0.00%)
* Elements of w processed with special addition: 1 (16.67%)
* Elements of w remaining: 5 (83.33%)
* Elements of w skipped: 0 (0.00%)
* Elements of w processed with special addition: 1 (10.00%)
* Elements of w remaining: 9 (90.00%)
* UVC proof at step 16
* G1 elements in proof: 2
* G2 elements in proof: 1
* Proof size in bits: 1019
* Cached h poly size: 383
* UVC Verify step 16: PASS
* UVC Verify step 16: PASS
* UVC Verify step 16: PASS
* UVC Verify step 16: PASS
* UVC Verify step 16: PASS
* UVC Verify step 16: PASS
* UVC Verify step 16: PASS
* UVC Verify step 16: PASS
* UVC Verify step 16: PASS
* UVC Verify step 16: PASS
  16      14.92         2.69          1019          PASS      
* UVC Prove step 32
* Elements of w skipped: 0 (0.00%)
* Elements of w processed with special addition: 1 (10.00%)
* Elements of w remaining: 9 (90.00%)
* Elements of w skipped: 0 (0.00%)
* Elements of w processed with special addition: 1 (16.67%)
* Elements of w remaining: 5 (83.33%)
* Elements of w skipped: 0 (0.00%)
* Elements of w processed with special addition: 1 (10.00%)
* Elements of w remaining: 9 (90.00%)
* UVC proof at step 32
* G1 elements in proof: 2
* G2 elements in proof: 1
* Proof size in bits: 1019
* Cached h poly size: 383
* UVC Prove step 32
* Elements of w skipped: 0 (0.00%)
* Elements of w processed with special addition: 1 (10.00%)
* Elements of w remaining: 9 (90.00%)
* Elements of w skipped: 0 (0.00%)
* Elements of w processed with special addition: 1 (16.67%)
* Elements of w remaining: 5 (83.33%)
* Elements of w skipped: 0 (0.00%)
* Elements of w processed with special addition: 1 (10.00%)
* Elements of w remaining: 9 (90.00%)
* UVC proof at step 32
* G1 elements in proof: 2
* G2 elements in proof: 1
* Proof size in bits: 1019
* Cached h poly size: 383
* UVC Prove step 32
* Elements of w skipped: 0 (0.00%)
* Elements of w processed with special addition: 1 (10.00%)
* Elements of w remaining: 9 (90.00%)
* Elements of w skipped: 0 (0.00%)
* Elements of w processed with special addition: 1 (16.67%)
* Elements of w remaining: 5 (83.33%)
* Elements of w skipped: 0 (0.00%)
* Elements of w processed with special addition: 1 (10.00%)
* Elements of w remaining: 9 (90.00%)
* UVC proof at step 32
* G1 elements in proof: 2
* G2 elements in proof: 1
* Proof size in bits: 1019
* Cached h poly size: 383
* UVC Prove step 32
* Elements of w skipped: 0 (0.00%)
* Elements of w processed with special addition: 1 (10.00%)
* Elements of w remaining: 9 (90.00%)
* Elements of w skipped: 0 (0.00%)
* Elements of w processed with special addition: 1 (16.67%)
* Elements of w remaining: 5 (83.33%)
* Elements of w skipped: 0 (0.00%)
* Elements of w processed with special addition: 1 (10.00%)
* Elements of w remaining: 9 (90.00%)
* UVC proof at step 32
* G1 elements in proof: 2
* G2 elements in proof: 1
* Proof size in bits: 1019
* Cached h poly size: 383
* UVC Prove step 32
* Elements of w skipped: 0 (0.00%)
* Elements of w processed with special addition: 1 (10.00%)
* Elements of w remaining: 9 (90.00%)
* Elements of w skipped: 0 (0.00%)
* Elements of w processed with special addition: 1 (16.67%)
* Elements of w remaining: 5 (83.33%)
* Elements of w skipped: 0 (0.00%)
* Elements of w processed with special addition: 1 (10.00%)
* Elements of w remaining: 9 (90.00%)
* UVC proof at step 32
* G1 elements in proof: 2
* G2 elements in proof: 1
* Proof size in bits: 1019
* Cached h poly size: 383
* UVC Prove step 32
* Elements of w skipped: 0 (0.00%)
* Elements of w processed with special addition: 1 (10.00%)
* Elements of w remaining: 9 (90.00%)
* Elements of w skipped: 0 (0.00%)
* Elements of w processed with special addition: 1 (16.67%)
* Elements of w remaining: 5 (83.33%)
* Elements of w skipped: 0 (0.00%)
* Elements of w processed with special addition: 1 (10.00%)
* Elements of w remaining: 9 (90.00%)
* UVC proof at step 32
* G1 elements in proof: 2
* G2 elements in proof: 1
* Proof size in bits: 1019
* Cached h poly size: 383
* UVC Prove step 32
* Elements of w skipped: 0 (0.00%)
* Elements of w processed with special addition: 1 (10.00%)
* Elements of w remaining: 9 (90.00%)
* Elements of w skipped: 0 (0.00%)
* Elements of w processed with special addition: 1 (16.67%)
* Elements of w remaining: 5 (83.33%)
* Elements of w skipped: 0 (0.00%)
* Elements of w processed with special addition: 1 (10.00%)
* Elements of w remaining: 9 (90.00%)
* UVC proof at step 32
* G1 elements in proof: 2
* G2 elements in proof: 1
* Proof size in bits: 1019
* Cached h poly size: 383
* UVC Prove step 32
* Elements of w skipped: 0 (0.00%)
* Elements of w processed with special addition: 1 (10.00%)
* Elements of w remaining: 9 (90.00%)
* Elements of w skipped: 0 (0.00%)
* Elements of w processed with special addition: 1 (16.67%)
* Elements of w remaining: 5 (83.33%)
* Elements of w skipped: 0 (0.00%)
* Elements of w processed with special addition: 1 (10.00%)
* Elements of w remaining: 9 (90.00%)
* UVC proof at step 32
* G1 elements in proof: 2
* G2 elements in proof: 1
* Proof size in bits: 1019
* Cached h poly size: 383
* UVC Prove step 32
* Elements of w skipped: 0 (0.00%)
* Elements of w processed with special addition: 1 (10.00%)
* Elements of w remaining: 9 (90.00%)
* Elements of w skipped: 0 (0.00%)
* Elements of w processed with special addition: 1 (16.67%)
* Elements of w remaining: 5 (83.33%)
* Elements of w skipped: 0 (0.00%)
* Elements of w processed with special addition: 1 (10.00%)
* Elements of w remaining: 9 (90.00%)
* UVC proof at step 32
* G1 elements in proof: 2
* G2 elements in proof: 1
* Proof size in bits: 1019
* Cached h poly size: 383
* UVC Prove step 32
* Elements of w skipped: 0 (0.00%)
* Elements of w processed with special addition: 1 (10.00%)
* Elements of w remaining: 9 (90.00%)
* Elements of w skipped: 0 (0.00%)
* Elements of w processed with special addition: 1 (16.67%)
* Elements of w remaining: 5 (83.33%)
* Elements of w skipped: 0 (0.00%)
* Elements of w processed with special addition: 1 (10.00%)
* Elements of w remaining: 9 (90.00%)
* UVC proof at step 32
* G1 elements in proof: 2
* G2 elements in proof: 1
* Proof size in bits: 1019
* Cached h poly size: 383
* UVC Verify step 32: PASS
* UVC Verify step 32: PASS
* UVC Verify step 32: PASS
* UVC Verify step 32: PASS
* UVC Verify step 32: PASS
* UVC Verify step 32: PASS
* UVC Verify step 32: PASS
* UVC Verify step 32: PASS
* UVC Verify step 32: PASS
* UVC Verify step 32: PASS
  32      15.06         2.64          1019          PASS      
* UVC Prove step 64
* Elements of w skipped: 0 (0.00%)
* Elements of w processed with special addition: 1 (10.00%)
* Elements of w remaining: 9 (90.00%)
* Elements of w skipped: 0 (0.00%)
* Elements of w processed with special addition: 1 (20.00%)
* Elements of w remaining: 4 (80.00%)
* Elements of w skipped: 0 (0.00%)
* Elements of w processed with special addition: 1 (10.00%)
* Elements of w remaining: 9 (90.00%)
* UVC proof at step 64
* G1 elements in proof: 2
* G2 elements in proof: 1
* Proof size in bits: 1019
* Cached h poly size: 383
* UVC Prove step 64
* Elements of w skipped: 0 (0.00%)
* Elements of w processed with special addition: 1 (10.00%)
* Elements of w remaining: 9 (90.00%)
* Elements of w skipped: 0 (0.00%)
* Elements of w processed with special addition: 1 (20.00%)
* Elements of w remaining: 4 (80.00%)
* Elements of w skipped: 0 (0.00%)
* Elements of w processed with special addition: 1 (10.00%)
* Elements of w remaining: 9 (90.00%)
* UVC proof at step 64
* G1 elements in proof: 2
* G2 elements in proof: 1
* Proof size in bits: 1019
* Cached h poly size: 383
* UVC Prove step 64
* Elements of w skipped: 0 (0.00%)
* Elements of w processed with special addition: 1 (10.00%)
* Elements of w remaining: 9 (90.00%)
* Elements of w skipped: 0 (0.00%)
* Elements of w processed with special addition: 1 (20.00%)
* Elements of w remaining: 4 (80.00%)
* Elements of w skipped: 0 (0.00%)
* Elements of w processed with special addition: 1 (10.00%)
* Elements of w remaining: 9 (90.00%)
* UVC proof at step 64
* G1 elements in proof: 2
* G2 elements in proof: 1
* Proof size in bits: 1019
* Cached h poly size: 383
* UVC Prove step 64
* Elements of w skipped: 0 (0.00%)
* Elements of w processed with special addition: 1 (10.00%)
* Elements of w remaining: 9 (90.00%)
* Elements of w skipped: 0 (0.00%)
* Elements of w processed with special addition: 1 (20.00%)
* Elements of w remaining: 4 (80.00%)
* Elements of w skipped: 0 (0.00%)
* Elements of w processed with special addition: 1 (10.00%)
* Elements of w remaining: 9 (90.00%)
* UVC proof at step 64
* G1 elements in proof: 2
* G2 elements in proof: 1
* Proof size in bits: 1019
* Cached h poly size: 383
* UVC Prove step 64
* Elements of w skipped: 0 (0.00%)
* Elements of w processed with special addition: 1 (10.00%)
* Elements of w remaining: 9 (90.00%)
* Elements of w skipped: 0 (0.00%)
* Elements of w processed with special addition: 1 (20.00%)
* Elements of w remaining: 4 (80.00%)
* Elements of w skipped: 0 (0.00%)
* Elements of w processed with special addition: 1 (10.00%)
* Elements of w remaining: 9 (90.00%)
* UVC proof at step 64
* G1 elements in proof: 2
* G2 elements in proof: 1
* Proof size in bits: 1019
* Cached h poly size: 383
* UVC Prove step 64
* Elements of w skipped: 0 (0.00%)
* Elements of w processed with special addition: 1 (10.00%)
* Elements of w remaining: 9 (90.00%)
* Elements of w skipped: 0 (0.00%)
* Elements of w processed with special addition: 1 (20.00%)
* Elements of w remaining: 4 (80.00%)
* Elements of w skipped: 0 (0.00%)
* Elements of w processed with special addition: 1 (10.00%)
* Elements of w remaining: 9 (90.00%)
* UVC proof at step 64
* G1 elements in proof: 2
* G2 elements in proof: 1
* Proof size in bits: 1019
* Cached h poly size: 383
* UVC Prove step 64
* Elements of w skipped: 0 (0.00%)
* Elements of w processed with special addition: 1 (10.00%)
* Elements of w remaining: 9 (90.00%)
* Elements of w skipped: 0 (0.00%)
* Elements of w processed with special addition: 1 (20.00%)
* Elements of w remaining: 4 (80.00%)
* Elements of w skipped: 0 (0.00%)
* Elements of w processed with special addition: 1 (10.00%)
* Elements of w remaining: 9 (90.00%)
* UVC proof at step 64
* G1 elements in proof: 2
* G2 elements in proof: 1
* Proof size in bits: 1019
* Cached h poly size: 383
* UVC Prove step 64
* Elements of w skipped: 0 (0.00%)
* Elements of w processed with special addition: 1 (10.00%)
* Elements of w remaining: 9 (90.00%)
* Elements of w skipped: 0 (0.00%)
* Elements of w processed with special addition: 1 (20.00%)
* Elements of w remaining: 4 (80.00%)
* Elements of w skipped: 0 (0.00%)
* Elements of w processed with special addition: 1 (10.00%)
* Elements of w remaining: 9 (90.00%)
* UVC proof at step 64
* G1 elements in proof: 2
* G2 elements in proof: 1
* Proof size in bits: 1019
* Cached h poly size: 383
* UVC Prove step 64
* Elements of w skipped: 0 (0.00%)
* Elements of w processed with special addition: 1 (10.00%)
* Elements of w remaining: 9 (90.00%)
* Elements of w skipped: 0 (0.00%)
* Elements of w processed with special addition: 1 (20.00%)
* Elements of w remaining: 4 (80.00%)
* Elements of w skipped: 0 (0.00%)
* Elements of w processed with special addition: 1 (10.00%)
* Elements of w remaining: 9 (90.00%)
* UVC proof at step 64
* G1 elements in proof: 2
* G2 elements in proof: 1
* Proof size in bits: 1019
* Cached h poly size: 383
* UVC Prove step 64
* Elements of w skipped: 0 (0.00%)
* Elements of w processed with special addition: 1 (10.00%)
* Elements of w remaining: 9 (90.00%)
* Elements of w skipped: 0 (0.00%)
* Elements of w processed with special addition: 1 (20.00%)
* Elements of w remaining: 4 (80.00%)
* Elements of w skipped: 0 (0.00%)
* Elements of w processed with special addition: 1 (10.00%)
* Elements of w remaining: 9 (90.00%)
* UVC proof at step 64
* G1 elements in proof: 2
* G2 elements in proof: 1
* Proof size in bits: 1019
* Cached h poly size: 383
* UVC Verify step 64: PASS
* UVC Verify step 64: PASS
* UVC Verify step 64: PASS
* UVC Verify step 64: PASS
* UVC Verify step 64: PASS
* UVC Verify step 64: PASS
* UVC Verify step 64: PASS
* UVC Verify step 64: PASS
* UVC Verify step 64: PASS
* UVC Verify step 64: PASS
  64      14.64         2.64          1019          PASS      

  UVC results written to /Users/heewonchung/Documents/00-Research/active/Updatable Verifiable Computation/Dev/results/2026-03-09_201110_iot/csv/uvc_results.csv

================================================================
Groth16 Benchmark: circuit=sensor_fusion, n=4, B=64
================================================================

  Step    C_j constr  Setup (ms)    Prove (ms)    Verify (ms)   Verified  
  ------  ----------  ------------  ------------  ------------  ----------
* Composed C_1: 5 constraints, 11 variables, 6 inputs
* QAP number of variables: 11
* QAP pre degree: 5
* QAP degree: 12
* QAP number of input variables: 6
* G1 window: 3
* G2 window: 2
* G1 elements in PK: 41
* Non-zero G1 elements in PK: 34
* G2 elements in PK: 13
* Non-zero G2 elements in PK: 6
* PK size in bits: 12044
* G1 elements in VK: 6
* G2 elements in VK: 2
* GT elements in VK: 1
* VK size in bits: 3187
* Elements of w skipped: 1 (8.33%)
* Elements of w processed with special addition: 3 (25.00%)
* Elements of w remaining: 8 (66.67%)
* Elements of w skipped: 0 (0.00%)
* Elements of w processed with special addition: 2 (40.00%)
* Elements of w remaining: 3 (60.00%)
* Elements of w skipped: 0 (0.00%)
* Elements of w processed with special addition: 0 (0.00%)
* Elements of w remaining: 5 (100.00%)
* G1 elements in proof: 2
* G2 elements in proof: 1
* Proof size in bits: 1019
* Elements of w skipped: 1 (8.33%)
* Elements of w processed with special addition: 3 (25.00%)
* Elements of w remaining: 8 (66.67%)
* Elements of w skipped: 0 (0.00%)
* Elements of w processed with special addition: 2 (40.00%)
* Elements of w remaining: 3 (60.00%)
* Elements of w skipped: 0 (0.00%)
* Elements of w processed with special addition: 0 (0.00%)
* Elements of w remaining: 5 (100.00%)
* G1 elements in proof: 2
* G2 elements in proof: 1
* Proof size in bits: 1019
* Elements of w skipped: 1 (8.33%)
* Elements of w processed with special addition: 3 (25.00%)
* Elements of w remaining: 8 (66.67%)
* Elements of w skipped: 0 (0.00%)
* Elements of w processed with special addition: 2 (40.00%)
* Elements of w remaining: 3 (60.00%)
* Elements of w skipped: 0 (0.00%)
* Elements of w processed with special addition: 0 (0.00%)
* Elements of w remaining: 5 (100.00%)
* G1 elements in proof: 2
* G2 elements in proof: 1
* Proof size in bits: 1019
* Elements of w skipped: 1 (8.33%)
* Elements of w processed with special addition: 3 (25.00%)
* Elements of w remaining: 8 (66.67%)
* Elements of w skipped: 0 (0.00%)
* Elements of w processed with special addition: 2 (40.00%)
* Elements of w remaining: 3 (60.00%)
* Elements of w skipped: 0 (0.00%)
* Elements of w processed with special addition: 0 (0.00%)
* Elements of w remaining: 5 (100.00%)
* G1 elements in proof: 2
* G2 elements in proof: 1
* Proof size in bits: 1019
* Elements of w skipped: 1 (8.33%)
* Elements of w processed with special addition: 3 (25.00%)
* Elements of w remaining: 8 (66.67%)
* Elements of w skipped: 0 (0.00%)
* Elements of w processed with special addition: 2 (40.00%)
* Elements of w remaining: 3 (60.00%)
* Elements of w skipped: 0 (0.00%)
* Elements of w processed with special addition: 0 (0.00%)
* Elements of w remaining: 5 (100.00%)
* G1 elements in proof: 2
* G2 elements in proof: 1
* Proof size in bits: 1019
* Elements of w skipped: 1 (8.33%)
* Elements of w processed with special addition: 3 (25.00%)
* Elements of w remaining: 8 (66.67%)
* Elements of w skipped: 0 (0.00%)
* Elements of w processed with special addition: 2 (40.00%)
* Elements of w remaining: 3 (60.00%)
* Elements of w skipped: 0 (0.00%)
* Elements of w processed with special addition: 0 (0.00%)
* Elements of w remaining: 5 (100.00%)
* G1 elements in proof: 2
* G2 elements in proof: 1
* Proof size in bits: 1019
* Elements of w skipped: 1 (8.33%)
* Elements of w processed with special addition: 3 (25.00%)
* Elements of w remaining: 8 (66.67%)
* Elements of w skipped: 0 (0.00%)
* Elements of w processed with special addition: 2 (40.00%)
* Elements of w remaining: 3 (60.00%)
* Elements of w skipped: 0 (0.00%)
* Elements of w processed with special addition: 0 (0.00%)
* Elements of w remaining: 5 (100.00%)
* G1 elements in proof: 2
* G2 elements in proof: 1
* Proof size in bits: 1019
* Elements of w skipped: 1 (8.33%)
* Elements of w processed with special addition: 3 (25.00%)
* Elements of w remaining: 8 (66.67%)
* Elements of w skipped: 0 (0.00%)
* Elements of w processed with special addition: 2 (40.00%)
* Elements of w remaining: 3 (60.00%)
* Elements of w skipped: 0 (0.00%)
* Elements of w processed with special addition: 0 (0.00%)
* Elements of w remaining: 5 (100.00%)
* G1 elements in proof: 2
* G2 elements in proof: 1
* Proof size in bits: 1019
* Elements of w skipped: 1 (8.33%)
* Elements of w processed with special addition: 3 (25.00%)
* Elements of w remaining: 8 (66.67%)
* Elements of w skipped: 0 (0.00%)
* Elements of w processed with special addition: 2 (40.00%)
* Elements of w remaining: 3 (60.00%)
* Elements of w skipped: 0 (0.00%)
* Elements of w processed with special addition: 0 (0.00%)
* Elements of w remaining: 5 (100.00%)
* G1 elements in proof: 2
* G2 elements in proof: 1
* Proof size in bits: 1019
* Elements of w skipped: 1 (8.33%)
* Elements of w processed with special addition: 3 (25.00%)
* Elements of w remaining: 8 (66.67%)
* Elements of w skipped: 0 (0.00%)
* Elements of w processed with special addition: 2 (40.00%)
* Elements of w remaining: 3 (60.00%)
* Elements of w skipped: 0 (0.00%)
* Elements of w processed with special addition: 0 (0.00%)
* Elements of w remaining: 5 (100.00%)
* G1 elements in proof: 2
* G2 elements in proof: 1
* Proof size in bits: 1019
  1       5           10.7          3.45          2.66          PASS      
* Composed C_2: 10 constraints, 21 variables, 6 inputs
* QAP number of variables: 21
* QAP pre degree: 10
* QAP degree: 17
* QAP number of input variables: 6
* G1 window: 4
* G2 window: 3
* G1 elements in PK: 76
* Non-zero G1 elements in PK: 64
* G2 elements in PK: 23
* Non-zero G2 elements in PK: 11
* PK size in bits: 22559
* G1 elements in VK: 6
* G2 elements in VK: 2
* GT elements in VK: 1
* VK size in bits: 3187
* Elements of w skipped: 1 (4.55%)
* Elements of w processed with special addition: 4 (18.18%)
* Elements of w remaining: 17 (77.27%)
* Elements of w skipped: 0 (0.00%)
* Elements of w processed with special addition: 3 (30.00%)
* Elements of w remaining: 7 (70.00%)
* Elements of w skipped: 0 (0.00%)
* Elements of w processed with special addition: 1 (6.67%)
* Elements of w remaining: 14 (93.33%)
* G1 elements in proof: 2
* G2 elements in proof: 1
* Proof size in bits: 1019
* Elements of w skipped: 1 (4.55%)
* Elements of w processed with special addition: 4 (18.18%)
* Elements of w remaining: 17 (77.27%)
* Elements of w skipped: 0 (0.00%)
* Elements of w processed with special addition: 3 (30.00%)
* Elements of w remaining: 7 (70.00%)
* Elements of w skipped: 0 (0.00%)
* Elements of w processed with special addition: 1 (6.67%)
* Elements of w remaining: 14 (93.33%)
* G1 elements in proof: 2
* G2 elements in proof: 1
* Proof size in bits: 1019
* Elements of w skipped: 1 (4.55%)
* Elements of w processed with special addition: 4 (18.18%)
* Elements of w remaining: 17 (77.27%)
* Elements of w skipped: 0 (0.00%)
* Elements of w processed with special addition: 3 (30.00%)
* Elements of w remaining: 7 (70.00%)
* Elements of w skipped: 0 (0.00%)
* Elements of w processed with special addition: 1 (6.67%)
* Elements of w remaining: 14 (93.33%)
* G1 elements in proof: 2
* G2 elements in proof: 1
* Proof size in bits: 1019
* Elements of w skipped: 1 (4.55%)
* Elements of w processed with special addition: 4 (18.18%)
* Elements of w remaining: 17 (77.27%)
* Elements of w skipped: 0 (0.00%)
* Elements of w processed with special addition: 3 (30.00%)
* Elements of w remaining: 7 (70.00%)
* Elements of w skipped: 0 (0.00%)
* Elements of w processed with special addition: 1 (6.67%)
* Elements of w remaining: 14 (93.33%)
* G1 elements in proof: 2
* G2 elements in proof: 1
* Proof size in bits: 1019
* Elements of w skipped: 1 (4.55%)
* Elements of w processed with special addition: 4 (18.18%)
* Elements of w remaining: 17 (77.27%)
* Elements of w skipped: 0 (0.00%)
* Elements of w processed with special addition: 3 (30.00%)
* Elements of w remaining: 7 (70.00%)
* Elements of w skipped: 0 (0.00%)
* Elements of w processed with special addition: 1 (6.67%)
* Elements of w remaining: 14 (93.33%)
* G1 elements in proof: 2
* G2 elements in proof: 1
* Proof size in bits: 1019
* Elements of w skipped: 1 (4.55%)
* Elements of w processed with special addition: 4 (18.18%)
* Elements of w remaining: 17 (77.27%)
* Elements of w skipped: 0 (0.00%)
* Elements of w processed with special addition: 3 (30.00%)
* Elements of w remaining: 7 (70.00%)
* Elements of w skipped: 0 (0.00%)
* Elements of w processed with special addition: 1 (6.67%)
* Elements of w remaining: 14 (93.33%)
* G1 elements in proof: 2
* G2 elements in proof: 1
* Proof size in bits: 1019
* Elements of w skipped: 1 (4.55%)
* Elements of w processed with special addition: 4 (18.18%)
* Elements of w remaining: 17 (77.27%)
* Elements of w skipped: 0 (0.00%)
* Elements of w processed with special addition: 3 (30.00%)
* Elements of w remaining: 7 (70.00%)
* Elements of w skipped: 0 (0.00%)
* Elements of w processed with special addition: 1 (6.67%)
* Elements of w remaining: 14 (93.33%)
* G1 elements in proof: 2
* G2 elements in proof: 1
* Proof size in bits: 1019
* Elements of w skipped: 1 (4.55%)
* Elements of w processed with special addition: 4 (18.18%)
* Elements of w remaining: 17 (77.27%)
* Elements of w skipped: 0 (0.00%)
* Elements of w processed with special addition: 3 (30.00%)
* Elements of w remaining: 7 (70.00%)
* Elements of w skipped: 0 (0.00%)
* Elements of w processed with special addition: 1 (6.67%)
* Elements of w remaining: 14 (93.33%)
* G1 elements in proof: 2
* G2 elements in proof: 1
* Proof size in bits: 1019
* Elements of w skipped: 1 (4.55%)
* Elements of w processed with special addition: 4 (18.18%)
* Elements of w remaining: 17 (77.27%)
* Elements of w skipped: 0 (0.00%)
* Elements of w processed with special addition: 3 (30.00%)
* Elements of w remaining: 7 (70.00%)
* Elements of w skipped: 0 (0.00%)
* Elements of w processed with special addition: 1 (6.67%)
* Elements of w remaining: 14 (93.33%)
* G1 elements in proof: 2
* G2 elements in proof: 1
* Proof size in bits: 1019
* Elements of w skipped: 1 (4.55%)
* Elements of w processed with special addition: 4 (18.18%)
* Elements of w remaining: 17 (77.27%)
* Elements of w skipped: 0 (0.00%)
* Elements of w processed with special addition: 3 (30.00%)
* Elements of w remaining: 7 (70.00%)
* Elements of w skipped: 0 (0.00%)
* Elements of w processed with special addition: 1 (6.67%)
* Elements of w remaining: 14 (93.33%)
* G1 elements in proof: 2
* G2 elements in proof: 1
* Proof size in bits: 1019
  2       10          13.5          4.78          2.66          PASS      
* Composed C_4: 20 constraints, 41 variables, 6 inputs
* QAP number of variables: 41
* QAP pre degree: 20
* QAP degree: 32
* QAP number of input variables: 6
* G1 window: 5
* G2 window: 3
* G1 elements in PK: 151
* Non-zero G1 elements in PK: 129
* G2 elements in PK: 43
* Non-zero G2 elements in PK: 21
* PK size in bits: 44864
* G1 elements in VK: 6
* G2 elements in VK: 2
* GT elements in VK: 1
* VK size in bits: 3187
* Elements of w skipped: 1 (2.38%)
* Elements of w processed with special addition: 6 (14.29%)
* Elements of w remaining: 35 (83.33%)
* Elements of w skipped: 0 (0.00%)
* Elements of w processed with special addition: 5 (25.00%)
* Elements of w remaining: 15 (75.00%)
* Elements of w skipped: 0 (0.00%)
* Elements of w processed with special addition: 3 (8.57%)
* Elements of w remaining: 32 (91.43%)
* G1 elements in proof: 2
* G2 elements in proof: 1
* Proof size in bits: 1019
* Elements of w skipped: 1 (2.38%)
* Elements of w processed with special addition: 6 (14.29%)
* Elements of w remaining: 35 (83.33%)
* Elements of w skipped: 0 (0.00%)
* Elements of w processed with special addition: 5 (25.00%)
* Elements of w remaining: 15 (75.00%)
* Elements of w skipped: 0 (0.00%)
* Elements of w processed with special addition: 3 (8.57%)
* Elements of w remaining: 32 (91.43%)
* G1 elements in proof: 2
* G2 elements in proof: 1
* Proof size in bits: 1019
* Elements of w skipped: 1 (2.38%)
* Elements of w processed with special addition: 6 (14.29%)
* Elements of w remaining: 35 (83.33%)
* Elements of w skipped: 0 (0.00%)
* Elements of w processed with special addition: 5 (25.00%)
* Elements of w remaining: 15 (75.00%)
* Elements of w skipped: 0 (0.00%)
* Elements of w processed with special addition: 3 (8.57%)
* Elements of w remaining: 32 (91.43%)
* G1 elements in proof: 2
* G2 elements in proof: 1
* Proof size in bits: 1019
* Elements of w skipped: 1 (2.38%)
* Elements of w processed with special addition: 6 (14.29%)
* Elements of w remaining: 35 (83.33%)
* Elements of w skipped: 0 (0.00%)
* Elements of w processed with special addition: 5 (25.00%)
* Elements of w remaining: 15 (75.00%)
* Elements of w skipped: 0 (0.00%)
* Elements of w processed with special addition: 3 (8.57%)
* Elements of w remaining: 32 (91.43%)
* G1 elements in proof: 2
* G2 elements in proof: 1
* Proof size in bits: 1019
* Elements of w skipped: 1 (2.38%)
* Elements of w processed with special addition: 6 (14.29%)
* Elements of w remaining: 35 (83.33%)
* Elements of w skipped: 0 (0.00%)
* Elements of w processed with special addition: 5 (25.00%)
* Elements of w remaining: 15 (75.00%)
* Elements of w skipped: 0 (0.00%)
* Elements of w processed with special addition: 3 (8.57%)
* Elements of w remaining: 32 (91.43%)
* G1 elements in proof: 2
* G2 elements in proof: 1
* Proof size in bits: 1019
* Elements of w skipped: 1 (2.38%)
* Elements of w processed with special addition: 6 (14.29%)
* Elements of w remaining: 35 (83.33%)
* Elements of w skipped: 0 (0.00%)
* Elements of w processed with special addition: 5 (25.00%)
* Elements of w remaining: 15 (75.00%)
* Elements of w skipped: 0 (0.00%)
* Elements of w processed with special addition: 3 (8.57%)
* Elements of w remaining: 32 (91.43%)
* G1 elements in proof: 2
* G2 elements in proof: 1
* Proof size in bits: 1019
* Elements of w skipped: 1 (2.38%)
* Elements of w processed with special addition: 6 (14.29%)
* Elements of w remaining: 35 (83.33%)
* Elements of w skipped: 0 (0.00%)
* Elements of w processed with special addition: 5 (25.00%)
* Elements of w remaining: 15 (75.00%)
* Elements of w skipped: 0 (0.00%)
* Elements of w processed with special addition: 3 (8.57%)
* Elements of w remaining: 32 (91.43%)
* G1 elements in proof: 2
* G2 elements in proof: 1
* Proof size in bits: 1019
* Elements of w skipped: 1 (2.38%)
* Elements of w processed with special addition: 6 (14.29%)
* Elements of w remaining: 35 (83.33%)
* Elements of w skipped: 0 (0.00%)
* Elements of w processed with special addition: 5 (25.00%)
* Elements of w remaining: 15 (75.00%)
* Elements of w skipped: 0 (0.00%)
* Elements of w processed with special addition: 3 (8.57%)
* Elements of w remaining: 32 (91.43%)
* G1 elements in proof: 2
* G2 elements in proof: 1
* Proof size in bits: 1019
* Elements of w skipped: 1 (2.38%)
* Elements of w processed with special addition: 6 (14.29%)
* Elements of w remaining: 35 (83.33%)
* Elements of w skipped: 0 (0.00%)
* Elements of w processed with special addition: 5 (25.00%)
* Elements of w remaining: 15 (75.00%)
* Elements of w skipped: 0 (0.00%)
* Elements of w processed with special addition: 3 (8.57%)
* Elements of w remaining: 32 (91.43%)
* G1 elements in proof: 2
* G2 elements in proof: 1
* Proof size in bits: 1019
* Elements of w skipped: 1 (2.38%)
* Elements of w processed with special addition: 6 (14.29%)
* Elements of w remaining: 35 (83.33%)
* Elements of w skipped: 0 (0.00%)
* Elements of w processed with special addition: 5 (25.00%)
* Elements of w remaining: 15 (75.00%)
* Elements of w skipped: 0 (0.00%)
* Elements of w processed with special addition: 3 (8.57%)
* Elements of w remaining: 32 (91.43%)
* G1 elements in proof: 2
* G2 elements in proof: 1
* Proof size in bits: 1019
  4       20          19.5          6.57          2.69          PASS      
* Composed C_8: 40 constraints, 81 variables, 6 inputs
* QAP number of variables: 81
* QAP pre degree: 40
* QAP degree: 48
* QAP number of input variables: 6
* G1 window: 6
* G2 window: 4
* G1 elements in PK: 287
* Non-zero G1 elements in PK: 245
* G2 elements in PK: 83
* Non-zero G2 elements in PK: 41
* PK size in bits: 85904
* G1 elements in VK: 6
* G2 elements in VK: 2
* GT elements in VK: 1
* VK size in bits: 3187
* Elements of w skipped: 1 (1.22%)
* Elements of w processed with special addition: 10 (12.20%)
* Elements of w remaining: 71 (86.59%)
* Elements of w skipped: 0 (0.00%)
* Elements of w processed with special addition: 9 (22.50%)
* Elements of w remaining: 31 (77.50%)
* Elements of w skipped: 0 (0.00%)
* Elements of w processed with special addition: 7 (9.33%)
* Elements of w remaining: 68 (90.67%)
* G1 elements in proof: 2
* G2 elements in proof: 1
* Proof size in bits: 1019
* Elements of w skipped: 1 (1.22%)
* Elements of w processed with special addition: 10 (12.20%)
* Elements of w remaining: 71 (86.59%)
* Elements of w skipped: 0 (0.00%)
* Elements of w processed with special addition: 9 (22.50%)
* Elements of w remaining: 31 (77.50%)
* Elements of w skipped: 0 (0.00%)
* Elements of w processed with special addition: 7 (9.33%)
* Elements of w remaining: 68 (90.67%)
* G1 elements in proof: 2
* G2 elements in proof: 1
* Proof size in bits: 1019
* Elements of w skipped: 1 (1.22%)
* Elements of w processed with special addition: 10 (12.20%)
* Elements of w remaining: 71 (86.59%)
* Elements of w skipped: 0 (0.00%)
* Elements of w processed with special addition: 9 (22.50%)
* Elements of w remaining: 31 (77.50%)
* Elements of w skipped: 0 (0.00%)
* Elements of w processed with special addition: 7 (9.33%)
* Elements of w remaining: 68 (90.67%)
* G1 elements in proof: 2
* G2 elements in proof: 1
* Proof size in bits: 1019
* Elements of w skipped: 1 (1.22%)
* Elements of w processed with special addition: 10 (12.20%)
* Elements of w remaining: 71 (86.59%)
* Elements of w skipped: 0 (0.00%)
* Elements of w processed with special addition: 9 (22.50%)
* Elements of w remaining: 31 (77.50%)
* Elements of w skipped: 0 (0.00%)
* Elements of w processed with special addition: 7 (9.33%)
* Elements of w remaining: 68 (90.67%)
* G1 elements in proof: 2
* G2 elements in proof: 1
* Proof size in bits: 1019
* Elements of w skipped: 1 (1.22%)
* Elements of w processed with special addition: 10 (12.20%)
* Elements of w remaining: 71 (86.59%)
* Elements of w skipped: 0 (0.00%)
* Elements of w processed with special addition: 9 (22.50%)
* Elements of w remaining: 31 (77.50%)
* Elements of w skipped: 0 (0.00%)
* Elements of w processed with special addition: 7 (9.33%)
* Elements of w remaining: 68 (90.67%)
* G1 elements in proof: 2
* G2 elements in proof: 1
* Proof size in bits: 1019
* Elements of w skipped: 1 (1.22%)
* Elements of w processed with special addition: 10 (12.20%)
* Elements of w remaining: 71 (86.59%)
* Elements of w skipped: 0 (0.00%)
* Elements of w processed with special addition: 9 (22.50%)
* Elements of w remaining: 31 (77.50%)
* Elements of w skipped: 0 (0.00%)
* Elements of w processed with special addition: 7 (9.33%)
* Elements of w remaining: 68 (90.67%)
* G1 elements in proof: 2
* G2 elements in proof: 1
* Proof size in bits: 1019
* Elements of w skipped: 1 (1.22%)
* Elements of w processed with special addition: 10 (12.20%)
* Elements of w remaining: 71 (86.59%)
* Elements of w skipped: 0 (0.00%)
* Elements of w processed with special addition: 9 (22.50%)
* Elements of w remaining: 31 (77.50%)
* Elements of w skipped: 0 (0.00%)
* Elements of w processed with special addition: 7 (9.33%)
* Elements of w remaining: 68 (90.67%)
* G1 elements in proof: 2
* G2 elements in proof: 1
* Proof size in bits: 1019
* Elements of w skipped: 1 (1.22%)
* Elements of w processed with special addition: 10 (12.20%)
* Elements of w remaining: 71 (86.59%)
* Elements of w skipped: 0 (0.00%)
* Elements of w processed with special addition: 9 (22.50%)
* Elements of w remaining: 31 (77.50%)
* Elements of w skipped: 0 (0.00%)
* Elements of w processed with special addition: 7 (9.33%)
* Elements of w remaining: 68 (90.67%)
* G1 elements in proof: 2
* G2 elements in proof: 1
* Proof size in bits: 1019
* Elements of w skipped: 1 (1.22%)
* Elements of w processed with special addition: 10 (12.20%)
* Elements of w remaining: 71 (86.59%)
* Elements of w skipped: 0 (0.00%)
* Elements of w processed with special addition: 9 (22.50%)
* Elements of w remaining: 31 (77.50%)
* Elements of w skipped: 0 (0.00%)
* Elements of w processed with special addition: 7 (9.33%)
* Elements of w remaining: 68 (90.67%)
* G1 elements in proof: 2
* G2 elements in proof: 1
* Proof size in bits: 1019
* Elements of w skipped: 1 (1.22%)
* Elements of w processed with special addition: 10 (12.20%)
* Elements of w remaining: 71 (86.59%)
* Elements of w skipped: 0 (0.00%)
* Elements of w processed with special addition: 9 (22.50%)
* Elements of w remaining: 31 (77.50%)
* Elements of w skipped: 0 (0.00%)
* Elements of w processed with special addition: 7 (9.33%)
* Elements of w remaining: 68 (90.67%)
* G1 elements in proof: 2
* G2 elements in proof: 1
* Proof size in bits: 1019
  8       40          28.1          9.61          2.67          PASS      
* Composed C_16: 80 constraints, 161 variables, 6 inputs
* QAP number of variables: 161
* QAP pre degree: 80
* QAP degree: 96
* QAP number of input variables: 6
* G1 window: 6
* G2 window: 5
* G1 elements in PK: 575
* Non-zero G1 elements in PK: 493
* G2 elements in PK: 163
* Non-zero G2 elements in PK: 81
* PK size in bits: 172064
* G1 elements in VK: 6
* G2 elements in VK: 2
* GT elements in VK: 1
* VK size in bits: 3187
* Elements of w skipped: 1 (0.62%)
* Elements of w processed with special addition: 18 (11.11%)
* Elements of w remaining: 143 (88.27%)
* Elements of w skipped: 0 (0.00%)
* Elements of w processed with special addition: 17 (21.25%)
* Elements of w remaining: 63 (78.75%)
* Elements of w skipped: 0 (0.00%)
* Elements of w processed with special addition: 15 (9.68%)
* Elements of w remaining: 140 (90.32%)
* G1 elements in proof: 2
* G2 elements in proof: 1
* Proof size in bits: 1019
* Elements of w skipped: 1 (0.62%)
* Elements of w processed with special addition: 18 (11.11%)
* Elements of w remaining: 143 (88.27%)
* Elements of w skipped: 0 (0.00%)
* Elements of w processed with special addition: 17 (21.25%)
* Elements of w remaining: 63 (78.75%)
* Elements of w skipped: 0 (0.00%)
* Elements of w processed with special addition: 15 (9.68%)
* Elements of w remaining: 140 (90.32%)
* G1 elements in proof: 2
* G2 elements in proof: 1
* Proof size in bits: 1019
* Elements of w skipped: 1 (0.62%)
* Elements of w processed with special addition: 18 (11.11%)
* Elements of w remaining: 143 (88.27%)
* Elements of w skipped: 0 (0.00%)
* Elements of w processed with special addition: 17 (21.25%)
* Elements of w remaining: 63 (78.75%)
* Elements of w skipped: 0 (0.00%)
* Elements of w processed with special addition: 15 (9.68%)
* Elements of w remaining: 140 (90.32%)
* G1 elements in proof: 2
* G2 elements in proof: 1
* Proof size in bits: 1019
* Elements of w skipped: 1 (0.62%)
* Elements of w processed with special addition: 18 (11.11%)
* Elements of w remaining: 143 (88.27%)
* Elements of w skipped: 0 (0.00%)
* Elements of w processed with special addition: 17 (21.25%)
* Elements of w remaining: 63 (78.75%)
* Elements of w skipped: 0 (0.00%)
* Elements of w processed with special addition: 15 (9.68%)
* Elements of w remaining: 140 (90.32%)
* G1 elements in proof: 2
* G2 elements in proof: 1
* Proof size in bits: 1019
* Elements of w skipped: 1 (0.62%)
* Elements of w processed with special addition: 18 (11.11%)
* Elements of w remaining: 143 (88.27%)
* Elements of w skipped: 0 (0.00%)
* Elements of w processed with special addition: 17 (21.25%)
* Elements of w remaining: 63 (78.75%)
* Elements of w skipped: 0 (0.00%)
* Elements of w processed with special addition: 15 (9.68%)
* Elements of w remaining: 140 (90.32%)
* G1 elements in proof: 2
* G2 elements in proof: 1
* Proof size in bits: 1019
* Elements of w skipped: 1 (0.62%)
* Elements of w processed with special addition: 18 (11.11%)
* Elements of w remaining: 143 (88.27%)
* Elements of w skipped: 0 (0.00%)
* Elements of w processed with special addition: 17 (21.25%)
* Elements of w remaining: 63 (78.75%)
* Elements of w skipped: 0 (0.00%)
* Elements of w processed with special addition: 15 (9.68%)
* Elements of w remaining: 140 (90.32%)
* G1 elements in proof: 2
* G2 elements in proof: 1
* Proof size in bits: 1019
* Elements of w skipped: 1 (0.62%)
* Elements of w processed with special addition: 18 (11.11%)
* Elements of w remaining: 143 (88.27%)
* Elements of w skipped: 0 (0.00%)
* Elements of w processed with special addition: 17 (21.25%)
* Elements of w remaining: 63 (78.75%)
* Elements of w skipped: 0 (0.00%)
* Elements of w processed with special addition: 15 (9.68%)
* Elements of w remaining: 140 (90.32%)
* G1 elements in proof: 2
* G2 elements in proof: 1
* Proof size in bits: 1019
* Elements of w skipped: 1 (0.62%)
* Elements of w processed with special addition: 18 (11.11%)
* Elements of w remaining: 143 (88.27%)
* Elements of w skipped: 0 (0.00%)
* Elements of w processed with special addition: 17 (21.25%)
* Elements of w remaining: 63 (78.75%)
* Elements of w skipped: 0 (0.00%)
* Elements of w processed with special addition: 15 (9.68%)
* Elements of w remaining: 140 (90.32%)
* G1 elements in proof: 2
* G2 elements in proof: 1
* Proof size in bits: 1019
* Elements of w skipped: 1 (0.62%)
* Elements of w processed with special addition: 18 (11.11%)
* Elements of w remaining: 143 (88.27%)
* Elements of w skipped: 0 (0.00%)
* Elements of w processed with special addition: 17 (21.25%)
* Elements of w remaining: 63 (78.75%)
* Elements of w skipped: 0 (0.00%)
* Elements of w processed with special addition: 15 (9.68%)
* Elements of w remaining: 140 (90.32%)
* G1 elements in proof: 2
* G2 elements in proof: 1
* Proof size in bits: 1019
* Elements of w skipped: 1 (0.62%)
* Elements of w processed with special addition: 18 (11.11%)
* Elements of w remaining: 143 (88.27%)
* Elements of w skipped: 0 (0.00%)
* Elements of w processed with special addition: 17 (21.25%)
* Elements of w remaining: 63 (78.75%)
* Elements of w skipped: 0 (0.00%)
* Elements of w processed with special addition: 15 (9.68%)
* Elements of w remaining: 140 (90.32%)
* G1 elements in proof: 2
* G2 elements in proof: 1
* Proof size in bits: 1019
  16      80          43.3          15.74         2.65          PASS      
* Composed C_32: 160 constraints, 321 variables, 6 inputs
* QAP number of variables: 321
* QAP pre degree: 160
* QAP degree: 192
* QAP number of input variables: 6
* G1 window: 7
* G2 window: 6
* G1 elements in PK: 1151
* Non-zero G1 elements in PK: 989
* G2 elements in PK: 323
* Non-zero G2 elements in PK: 161
* PK size in bits: 344384
* G1 elements in VK: 6
* G2 elements in VK: 2
* GT elements in VK: 1
* VK size in bits: 3187
* Elements of w skipped: 1 (0.31%)
* Elements of w processed with special addition: 34 (10.56%)
* Elements of w remaining: 287 (89.13%)
* Elements of w skipped: 0 (0.00%)
* Elements of w processed with special addition: 33 (20.62%)
* Elements of w remaining: 127 (79.38%)
* Elements of w skipped: 0 (0.00%)
* Elements of w processed with special addition: 31 (9.84%)
* Elements of w remaining: 284 (90.16%)
* G1 elements in proof: 2
* G2 elements in proof: 1
* Proof size in bits: 1019
* Elements of w skipped: 1 (0.31%)
* Elements of w processed with special addition: 34 (10.56%)
* Elements of w remaining: 287 (89.13%)
* Elements of w skipped: 0 (0.00%)
* Elements of w processed with special addition: 33 (20.62%)
* Elements of w remaining: 127 (79.38%)
* Elements of w skipped: 0 (0.00%)
* Elements of w processed with special addition: 31 (9.84%)
* Elements of w remaining: 284 (90.16%)
* G1 elements in proof: 2
* G2 elements in proof: 1
* Proof size in bits: 1019
* Elements of w skipped: 1 (0.31%)
* Elements of w processed with special addition: 34 (10.56%)
* Elements of w remaining: 287 (89.13%)
* Elements of w skipped: 0 (0.00%)
* Elements of w processed with special addition: 33 (20.62%)
* Elements of w remaining: 127 (79.38%)
* Elements of w skipped: 0 (0.00%)
* Elements of w processed with special addition: 31 (9.84%)
* Elements of w remaining: 284 (90.16%)
* G1 elements in proof: 2
* G2 elements in proof: 1
* Proof size in bits: 1019
* Elements of w skipped: 1 (0.31%)
* Elements of w processed with special addition: 34 (10.56%)
* Elements of w remaining: 287 (89.13%)
* Elements of w skipped: 0 (0.00%)
* Elements of w processed with special addition: 33 (20.62%)
* Elements of w remaining: 127 (79.38%)
* Elements of w skipped: 0 (0.00%)
* Elements of w processed with special addition: 31 (9.84%)
* Elements of w remaining: 284 (90.16%)
* G1 elements in proof: 2
* G2 elements in proof: 1
* Proof size in bits: 1019
* Elements of w skipped: 1 (0.31%)
* Elements of w processed with special addition: 34 (10.56%)
* Elements of w remaining: 287 (89.13%)
* Elements of w skipped: 0 (0.00%)
* Elements of w processed with special addition: 33 (20.62%)
* Elements of w remaining: 127 (79.38%)
* Elements of w skipped: 0 (0.00%)
* Elements of w processed with special addition: 31 (9.84%)
* Elements of w remaining: 284 (90.16%)
* G1 elements in proof: 2
* G2 elements in proof: 1
* Proof size in bits: 1019
* Elements of w skipped: 1 (0.31%)
* Elements of w processed with special addition: 34 (10.56%)
* Elements of w remaining: 287 (89.13%)
* Elements of w skipped: 0 (0.00%)
* Elements of w processed with special addition: 33 (20.62%)
* Elements of w remaining: 127 (79.38%)
* Elements of w skipped: 0 (0.00%)
* Elements of w processed with special addition: 31 (9.84%)
* Elements of w remaining: 284 (90.16%)
* G1 elements in proof: 2
* G2 elements in proof: 1
* Proof size in bits: 1019
* Elements of w skipped: 1 (0.31%)
* Elements of w processed with special addition: 34 (10.56%)
* Elements of w remaining: 287 (89.13%)
* Elements of w skipped: 0 (0.00%)
* Elements of w processed with special addition: 33 (20.62%)
* Elements of w remaining: 127 (79.38%)
* Elements of w skipped: 0 (0.00%)
* Elements of w processed with special addition: 31 (9.84%)
* Elements of w remaining: 284 (90.16%)
* G1 elements in proof: 2
* G2 elements in proof: 1
* Proof size in bits: 1019
* Elements of w skipped: 1 (0.31%)
* Elements of w processed with special addition: 34 (10.56%)
* Elements of w remaining: 287 (89.13%)
* Elements of w skipped: 0 (0.00%)
* Elements of w processed with special addition: 33 (20.62%)
* Elements of w remaining: 127 (79.38%)
* Elements of w skipped: 0 (0.00%)
* Elements of w processed with special addition: 31 (9.84%)
* Elements of w remaining: 284 (90.16%)
* G1 elements in proof: 2
* G2 elements in proof: 1
* Proof size in bits: 1019
* Elements of w skipped: 1 (0.31%)
* Elements of w processed with special addition: 34 (10.56%)
* Elements of w remaining: 287 (89.13%)
* Elements of w skipped: 0 (0.00%)
* Elements of w processed with special addition: 33 (20.62%)
* Elements of w remaining: 127 (79.38%)
* Elements of w skipped: 0 (0.00%)
* Elements of w processed with special addition: 31 (9.84%)
* Elements of w remaining: 284 (90.16%)
* G1 elements in proof: 2
* G2 elements in proof: 1
* Proof size in bits: 1019
* Elements of w skipped: 1 (0.31%)
* Elements of w processed with special addition: 34 (10.56%)
* Elements of w remaining: 287 (89.13%)
* Elements of w skipped: 0 (0.00%)
* Elements of w processed with special addition: 33 (20.62%)
* Elements of w remaining: 127 (79.38%)
* Elements of w skipped: 0 (0.00%)
* Elements of w processed with special addition: 31 (9.84%)
* Elements of w remaining: 284 (90.16%)
* G1 elements in proof: 2
* G2 elements in proof: 1
* Proof size in bits: 1019
  32      160         70.3          21.88         2.70          PASS      
* Composed C_64: 320 constraints, 641 variables, 6 inputs
* QAP number of variables: 641
* QAP pre degree: 320
* QAP degree: 384
* QAP number of input variables: 6
* G1 window: 8
* G2 window: 6
* G1 elements in PK: 2303
* Non-zero G1 elements in PK: 1981
* G2 elements in PK: 643
* Non-zero G2 elements in PK: 321
* PK size in bits: 689024
* G1 elements in VK: 6
* G2 elements in VK: 2
* GT elements in VK: 1
* VK size in bits: 3187
* Elements of w skipped: 1 (0.16%)
* Elements of w processed with special addition: 66 (10.28%)
* Elements of w remaining: 575 (89.56%)
* Elements of w skipped: 0 (0.00%)
* Elements of w processed with special addition: 65 (20.31%)
* Elements of w remaining: 255 (79.69%)
* Elements of w skipped: 0 (0.00%)
* Elements of w processed with special addition: 63 (9.92%)
* Elements of w remaining: 572 (90.08%)
* G1 elements in proof: 2
* G2 elements in proof: 1
* Proof size in bits: 1019
* Elements of w skipped: 1 (0.16%)
* Elements of w processed with special addition: 66 (10.28%)
* Elements of w remaining: 575 (89.56%)
* Elements of w skipped: 0 (0.00%)
* Elements of w processed with special addition: 65 (20.31%)
* Elements of w remaining: 255 (79.69%)
* Elements of w skipped: 0 (0.00%)
* Elements of w processed with special addition: 63 (9.92%)
* Elements of w remaining: 572 (90.08%)
* G1 elements in proof: 2
* G2 elements in proof: 1
* Proof size in bits: 1019
* Elements of w skipped: 1 (0.16%)
* Elements of w processed with special addition: 66 (10.28%)
* Elements of w remaining: 575 (89.56%)
* Elements of w skipped: 0 (0.00%)
* Elements of w processed with special addition: 65 (20.31%)
* Elements of w remaining: 255 (79.69%)
* Elements of w skipped: 0 (0.00%)
* Elements of w processed with special addition: 63 (9.92%)
* Elements of w remaining: 572 (90.08%)
* G1 elements in proof: 2
* G2 elements in proof: 1
* Proof size in bits: 1019
* Elements of w skipped: 1 (0.16%)
* Elements of w processed with special addition: 66 (10.28%)
* Elements of w remaining: 575 (89.56%)
* Elements of w skipped: 0 (0.00%)
* Elements of w processed with special addition: 65 (20.31%)
* Elements of w remaining: 255 (79.69%)
* Elements of w skipped: 0 (0.00%)
* Elements of w processed with special addition: 63 (9.92%)
* Elements of w remaining: 572 (90.08%)
* G1 elements in proof: 2
* G2 elements in proof: 1
* Proof size in bits: 1019
* Elements of w skipped: 1 (0.16%)
* Elements of w processed with special addition: 66 (10.28%)
* Elements of w remaining: 575 (89.56%)
* Elements of w skipped: 0 (0.00%)
* Elements of w processed with special addition: 65 (20.31%)
* Elements of w remaining: 255 (79.69%)
* Elements of w skipped: 0 (0.00%)
* Elements of w processed with special addition: 63 (9.92%)
* Elements of w remaining: 572 (90.08%)
* G1 elements in proof: 2
* G2 elements in proof: 1
* Proof size in bits: 1019
* Elements of w skipped: 1 (0.16%)
* Elements of w processed with special addition: 66 (10.28%)
* Elements of w remaining: 575 (89.56%)
* Elements of w skipped: 0 (0.00%)
* Elements of w processed with special addition: 65 (20.31%)
* Elements of w remaining: 255 (79.69%)
* Elements of w skipped: 0 (0.00%)
* Elements of w processed with special addition: 63 (9.92%)
* Elements of w remaining: 572 (90.08%)
* G1 elements in proof: 2
* G2 elements in proof: 1
* Proof size in bits: 1019
* Elements of w skipped: 1 (0.16%)
* Elements of w processed with special addition: 66 (10.28%)
* Elements of w remaining: 575 (89.56%)
* Elements of w skipped: 0 (0.00%)
* Elements of w processed with special addition: 65 (20.31%)
* Elements of w remaining: 255 (79.69%)
* Elements of w skipped: 0 (0.00%)
* Elements of w processed with special addition: 63 (9.92%)
* Elements of w remaining: 572 (90.08%)
* G1 elements in proof: 2
* G2 elements in proof: 1
* Proof size in bits: 1019
* Elements of w skipped: 1 (0.16%)
* Elements of w processed with special addition: 66 (10.28%)
* Elements of w remaining: 575 (89.56%)
* Elements of w skipped: 0 (0.00%)
* Elements of w processed with special addition: 65 (20.31%)
* Elements of w remaining: 255 (79.69%)
* Elements of w skipped: 0 (0.00%)
* Elements of w processed with special addition: 63 (9.92%)
* Elements of w remaining: 572 (90.08%)
* G1 elements in proof: 2
* G2 elements in proof: 1
* Proof size in bits: 1019
* Elements of w skipped: 1 (0.16%)
* Elements of w processed with special addition: 66 (10.28%)
* Elements of w remaining: 575 (89.56%)
* Elements of w skipped: 0 (0.00%)
* Elements of w processed with special addition: 65 (20.31%)
* Elements of w remaining: 255 (79.69%)
* Elements of w skipped: 0 (0.00%)
* Elements of w processed with special addition: 63 (9.92%)
* Elements of w remaining: 572 (90.08%)
* G1 elements in proof: 2
* G2 elements in proof: 1
* Proof size in bits: 1019
* Elements of w skipped: 1 (0.16%)
* Elements of w processed with special addition: 66 (10.28%)
* Elements of w remaining: 575 (89.56%)
* Elements of w skipped: 0 (0.00%)
* Elements of w processed with special addition: 65 (20.31%)
* Elements of w remaining: 255 (79.69%)
* Elements of w skipped: 0 (0.00%)
* Elements of w processed with special addition: 63 (9.92%)
* Elements of w remaining: 572 (90.08%)
* G1 elements in proof: 2
* G2 elements in proof: 1
* Proof size in bits: 1019
  64      320         125.2         36.10         2.65          PASS      

  Groth16 results written to /Users/heewonchung/Documents/00-Research/active/Updatable Verifiable Computation/Dev/results/2026-03-09_201110_iot/csv/groth16_results.csv

================================================================
All benchmarks complete.
================================================================
  Done in 4s

------------------------------------------------------------
  Running: [3/10] sensor_fusion K=8 B=16
  Command: bench_comparative --circuit sensor_fusion --n 8 --B 16 --output-dir /Users/heewonchung/Documents/00-Research/active/Updatable Verifiable Computation/Dev/results/2026-03-09_201110_iot/csv --reps 10
------------------------------------------------------------
================================================================
Comparative Benchmark: UVC vs Groth16
================================================================
  Circuit: sensor_fusion, n=8, B=16, reps=10
  Output: /Users/heewonchung/Documents/00-Research/active/Updatable Verifiable Computation/Dev/results/2026-03-09_201110_iot/csv/

================================================================
UVC Benchmark: circuit=sensor_fusion, n=8, B=16
================================================================
  Circuit: 9 constraints, 19 vars, state=1, transition=9

  [Setup] Generating CRS for B=16...
* UVC Setup: B=16, n=19, state=1, transition=9
* Composed C_16: 144 constraints, 289 variables, 10 inputs
* QAP (C_B) variables: 289, degree: 160, inputs: 10
* UVC max compositions (B): 16
* G1 elements in PK: 1019
* G2 elements in PK: 291
* PK size in bits: 318884
* H_query_full size: 159
* Step 2: 18 new wires (0 io, 18 wt)
* Step 3: 18 new wires (0 io, 18 wt)
* Step 4: 18 new wires (0 io, 18 wt)
* Step 5: 18 new wires (0 io, 18 wt)
* Step 6: 18 new wires (0 io, 18 wt)
* Step 7: 18 new wires (0 io, 18 wt)
* Step 8: 18 new wires (0 io, 18 wt)
* Step 9: 18 new wires (0 io, 18 wt)
* Step 10: 18 new wires (0 io, 18 wt)
* Step 11: 18 new wires (0 io, 18 wt)
* Step 12: 18 new wires (0 io, 18 wt)
* Step 13: 18 new wires (0 io, 18 wt)
* Step 14: 18 new wires (0 io, 18 wt)
* Step 15: 18 new wires (0 io, 18 wt)
* Step 16: 18 new wires (0 io, 18 wt)
* UVC VK: 16 max steps
* G2 elements in VK: 2
* GT elements in VK: 1
* gamma_ABC size: 10
  Setup: 64.8 ms, CRS: 1270 G1 + 562 G2
  Building proof chain (steps 1..16)...
* UVC Prove step 1
* Elements of w skipped: 1 (5.00%)
* Elements of w processed with special addition: 3 (15.00%)
* Elements of w remaining: 16 (80.00%)
* Elements of w skipped: 1 (9.09%)
* Elements of w processed with special addition: 1 (9.09%)
* Elements of w remaining: 9 (81.82%)
* Elements of w skipped: 0 (0.00%)
* Elements of w processed with special addition: 0 (0.00%)
* Elements of w remaining: 9 (100.00%)
* UVC proof at step 1
* G1 elements in proof: 2
* G2 elements in proof: 1
* Proof size in bits: 1019
* Cached h poly size: 159
* UVC Prove step 2
* Elements of w skipped: 0 (0.00%)
* Elements of w processed with special addition: 1 (5.56%)
* Elements of w remaining: 17 (94.44%)
* Elements of w skipped: 0 (0.00%)
* Elements of w processed with special addition: 1 (10.00%)
* Elements of w remaining: 9 (90.00%)
* Elements of w skipped: 0 (0.00%)
* Elements of w processed with special addition: 1 (5.56%)
* Elements of w remaining: 17 (94.44%)
* UVC proof at step 2
* G1 elements in proof: 2
* G2 elements in proof: 1
* Proof size in bits: 1019
* Cached h poly size: 159
* UVC Prove step 3
* Elements of w skipped: 0 (0.00%)
* Elements of w processed with special addition: 1 (5.56%)
* Elements of w remaining: 17 (94.44%)
* Elements of w skipped: 0 (0.00%)
* Elements of w processed with special addition: 1 (10.00%)
* Elements of w remaining: 9 (90.00%)
* Elements of w skipped: 0 (0.00%)
* Elements of w processed with special addition: 1 (5.56%)
* Elements of w remaining: 17 (94.44%)
* UVC proof at step 3
* G1 elements in proof: 2
* G2 elements in proof: 1
* Proof size in bits: 1019
* Cached h poly size: 159
* UVC Prove step 4
* Elements of w skipped: 0 (0.00%)
* Elements of w processed with special addition: 1 (5.56%)
* Elements of w remaining: 17 (94.44%)
* Elements of w skipped: 0 (0.00%)
* Elements of w processed with special addition: 1 (10.00%)
* Elements of w remaining: 9 (90.00%)
* Elements of w skipped: 0 (0.00%)
* Elements of w processed with special addition: 1 (5.56%)
* Elements of w remaining: 17 (94.44%)
* UVC proof at step 4
* G1 elements in proof: 2
* G2 elements in proof: 1
* Proof size in bits: 1019
* Cached h poly size: 159
* UVC Prove step 5
* Elements of w skipped: 0 (0.00%)
* Elements of w processed with special addition: 1 (5.56%)
* Elements of w remaining: 17 (94.44%)
* Elements of w skipped: 0 (0.00%)
* Elements of w processed with special addition: 1 (10.00%)
* Elements of w remaining: 9 (90.00%)
* Elements of w skipped: 0 (0.00%)
* Elements of w processed with special addition: 1 (5.56%)
* Elements of w remaining: 17 (94.44%)
* UVC proof at step 5
* G1 elements in proof: 2
* G2 elements in proof: 1
* Proof size in bits: 1019
* Cached h poly size: 159
* UVC Prove step 6
* Elements of w skipped: 0 (0.00%)
* Elements of w processed with special addition: 1 (5.56%)
* Elements of w remaining: 17 (94.44%)
* Elements of w skipped: 0 (0.00%)
* Elements of w processed with special addition: 1 (10.00%)
* Elements of w remaining: 9 (90.00%)
* Elements of w skipped: 0 (0.00%)
* Elements of w processed with special addition: 1 (5.56%)
* Elements of w remaining: 17 (94.44%)
* UVC proof at step 6
* G1 elements in proof: 2
* G2 elements in proof: 1
* Proof size in bits: 1019
* Cached h poly size: 159
* UVC Prove step 7
* Elements of w skipped: 0 (0.00%)
* Elements of w processed with special addition: 1 (5.56%)
* Elements of w remaining: 17 (94.44%)
* Elements of w skipped: 0 (0.00%)
* Elements of w processed with special addition: 1 (10.00%)
* Elements of w remaining: 9 (90.00%)
* Elements of w skipped: 0 (0.00%)
* Elements of w processed with special addition: 1 (5.56%)
* Elements of w remaining: 17 (94.44%)
* UVC proof at step 7
* G1 elements in proof: 2
* G2 elements in proof: 1
* Proof size in bits: 1019
* Cached h poly size: 159
* UVC Prove step 8
* Elements of w skipped: 0 (0.00%)
* Elements of w processed with special addition: 1 (5.56%)
* Elements of w remaining: 17 (94.44%)
* Elements of w skipped: 0 (0.00%)
* Elements of w processed with special addition: 1 (10.00%)
* Elements of w remaining: 9 (90.00%)
* Elements of w skipped: 0 (0.00%)
* Elements of w processed with special addition: 1 (5.56%)
* Elements of w remaining: 17 (94.44%)
* UVC proof at step 8
* G1 elements in proof: 2
* G2 elements in proof: 1
* Proof size in bits: 1019
* Cached h poly size: 159
* UVC Prove step 9
* Elements of w skipped: 0 (0.00%)
* Elements of w processed with special addition: 1 (5.56%)
* Elements of w remaining: 17 (94.44%)
* Elements of w skipped: 0 (0.00%)
* Elements of w processed with special addition: 1 (10.00%)
* Elements of w remaining: 9 (90.00%)
* Elements of w skipped: 0 (0.00%)
* Elements of w processed with special addition: 1 (5.56%)
* Elements of w remaining: 17 (94.44%)
* UVC proof at step 9
* G1 elements in proof: 2
* G2 elements in proof: 1
* Proof size in bits: 1019
* Cached h poly size: 159
* UVC Prove step 10
* Elements of w skipped: 0 (0.00%)
* Elements of w processed with special addition: 1 (5.56%)
* Elements of w remaining: 17 (94.44%)
* Elements of w skipped: 0 (0.00%)
* Elements of w processed with special addition: 1 (10.00%)
* Elements of w remaining: 9 (90.00%)
* Elements of w skipped: 0 (0.00%)
* Elements of w processed with special addition: 1 (5.56%)
* Elements of w remaining: 17 (94.44%)
* UVC proof at step 10
* G1 elements in proof: 2
* G2 elements in proof: 1
* Proof size in bits: 1019
* Cached h poly size: 159
* UVC Prove step 11
* Elements of w skipped: 0 (0.00%)
* Elements of w processed with special addition: 1 (5.56%)
* Elements of w remaining: 17 (94.44%)
* Elements of w skipped: 0 (0.00%)
* Elements of w processed with special addition: 1 (10.00%)
* Elements of w remaining: 9 (90.00%)
* Elements of w skipped: 0 (0.00%)
* Elements of w processed with special addition: 1 (5.56%)
* Elements of w remaining: 17 (94.44%)
* UVC proof at step 11
* G1 elements in proof: 2
* G2 elements in proof: 1
* Proof size in bits: 1019
* Cached h poly size: 159
* UVC Prove step 12
* Elements of w skipped: 0 (0.00%)
* Elements of w processed with special addition: 1 (5.56%)
* Elements of w remaining: 17 (94.44%)
* Elements of w skipped: 0 (0.00%)
* Elements of w processed with special addition: 1 (10.00%)
* Elements of w remaining: 9 (90.00%)
* Elements of w skipped: 0 (0.00%)
* Elements of w processed with special addition: 1 (5.56%)
* Elements of w remaining: 17 (94.44%)
* UVC proof at step 12
* G1 elements in proof: 2
* G2 elements in proof: 1
* Proof size in bits: 1019
* Cached h poly size: 159
* UVC Prove step 13
* Elements of w skipped: 0 (0.00%)
* Elements of w processed with special addition: 1 (5.56%)
* Elements of w remaining: 17 (94.44%)
* Elements of w skipped: 0 (0.00%)
* Elements of w processed with special addition: 1 (10.00%)
* Elements of w remaining: 9 (90.00%)
* Elements of w skipped: 0 (0.00%)
* Elements of w processed with special addition: 1 (5.56%)
* Elements of w remaining: 17 (94.44%)
* UVC proof at step 13
* G1 elements in proof: 2
* G2 elements in proof: 1
* Proof size in bits: 1019
* Cached h poly size: 159
* UVC Prove step 14
* Elements of w skipped: 0 (0.00%)
* Elements of w processed with special addition: 1 (5.56%)
* Elements of w remaining: 17 (94.44%)
* Elements of w skipped: 0 (0.00%)
* Elements of w processed with special addition: 1 (10.00%)
* Elements of w remaining: 9 (90.00%)
* Elements of w skipped: 0 (0.00%)
* Elements of w processed with special addition: 1 (5.56%)
* Elements of w remaining: 17 (94.44%)
* UVC proof at step 14
* G1 elements in proof: 2
* G2 elements in proof: 1
* Proof size in bits: 1019
* Cached h poly size: 159
* UVC Prove step 15
* Elements of w skipped: 0 (0.00%)
* Elements of w processed with special addition: 1 (5.56%)
* Elements of w remaining: 17 (94.44%)
* Elements of w skipped: 0 (0.00%)
* Elements of w processed with special addition: 1 (10.00%)
* Elements of w remaining: 9 (90.00%)
* Elements of w skipped: 0 (0.00%)
* Elements of w processed with special addition: 1 (5.56%)
* Elements of w remaining: 17 (94.44%)
* UVC proof at step 15
* G1 elements in proof: 2
* G2 elements in proof: 1
* Proof size in bits: 1019
* Cached h poly size: 159
* UVC Prove step 16
* Elements of w skipped: 0 (0.00%)
* Elements of w processed with special addition: 1 (5.56%)
* Elements of w remaining: 17 (94.44%)
* Elements of w skipped: 0 (0.00%)
* Elements of w processed with special addition: 1 (11.11%)
* Elements of w remaining: 8 (88.89%)
* Elements of w skipped: 0 (0.00%)
* Elements of w processed with special addition: 1 (5.56%)
* Elements of w remaining: 17 (94.44%)
* UVC proof at step 16
* G1 elements in proof: 2
* G2 elements in proof: 1
* Proof size in bits: 1019
* Cached h poly size: 159

  Step    Prove (ms)    Verify (ms)   Proof bits    Verified  
  ------  ------------  ------------  ------------  ----------
* UVC Prove step 1
* Elements of w skipped: 1 (5.00%)
* Elements of w processed with special addition: 3 (15.00%)
* Elements of w remaining: 16 (80.00%)
* Elements of w skipped: 1 (9.09%)
* Elements of w processed with special addition: 1 (9.09%)
* Elements of w remaining: 9 (81.82%)
* Elements of w skipped: 0 (0.00%)
* Elements of w processed with special addition: 0 (0.00%)
* Elements of w remaining: 9 (100.00%)
* UVC proof at step 1
* G1 elements in proof: 2
* G2 elements in proof: 1
* Proof size in bits: 1019
* Cached h poly size: 159
* UVC Prove step 1
* Elements of w skipped: 1 (5.00%)
* Elements of w processed with special addition: 3 (15.00%)
* Elements of w remaining: 16 (80.00%)
* Elements of w skipped: 1 (9.09%)
* Elements of w processed with special addition: 1 (9.09%)
* Elements of w remaining: 9 (81.82%)
* Elements of w skipped: 0 (0.00%)
* Elements of w processed with special addition: 0 (0.00%)
* Elements of w remaining: 9 (100.00%)
* UVC proof at step 1
* G1 elements in proof: 2
* G2 elements in proof: 1
* Proof size in bits: 1019
* Cached h poly size: 159
* UVC Prove step 1
* Elements of w skipped: 1 (5.00%)
* Elements of w processed with special addition: 3 (15.00%)
* Elements of w remaining: 16 (80.00%)
* Elements of w skipped: 1 (9.09%)
* Elements of w processed with special addition: 1 (9.09%)
* Elements of w remaining: 9 (81.82%)
* Elements of w skipped: 0 (0.00%)
* Elements of w processed with special addition: 0 (0.00%)
* Elements of w remaining: 9 (100.00%)
* UVC proof at step 1
* G1 elements in proof: 2
* G2 elements in proof: 1
* Proof size in bits: 1019
* Cached h poly size: 159
* UVC Prove step 1
* Elements of w skipped: 1 (5.00%)
* Elements of w processed with special addition: 3 (15.00%)
* Elements of w remaining: 16 (80.00%)
* Elements of w skipped: 1 (9.09%)
* Elements of w processed with special addition: 1 (9.09%)
* Elements of w remaining: 9 (81.82%)
* Elements of w skipped: 0 (0.00%)
* Elements of w processed with special addition: 0 (0.00%)
* Elements of w remaining: 9 (100.00%)
* UVC proof at step 1
* G1 elements in proof: 2
* G2 elements in proof: 1
* Proof size in bits: 1019
* Cached h poly size: 159
* UVC Prove step 1
* Elements of w skipped: 1 (5.00%)
* Elements of w processed with special addition: 3 (15.00%)
* Elements of w remaining: 16 (80.00%)
* Elements of w skipped: 1 (9.09%)
* Elements of w processed with special addition: 1 (9.09%)
* Elements of w remaining: 9 (81.82%)
* Elements of w skipped: 0 (0.00%)
* Elements of w processed with special addition: 0 (0.00%)
* Elements of w remaining: 9 (100.00%)
* UVC proof at step 1
* G1 elements in proof: 2
* G2 elements in proof: 1
* Proof size in bits: 1019
* Cached h poly size: 159
* UVC Prove step 1
* Elements of w skipped: 1 (5.00%)
* Elements of w processed with special addition: 3 (15.00%)
* Elements of w remaining: 16 (80.00%)
* Elements of w skipped: 1 (9.09%)
* Elements of w processed with special addition: 1 (9.09%)
* Elements of w remaining: 9 (81.82%)
* Elements of w skipped: 0 (0.00%)
* Elements of w processed with special addition: 0 (0.00%)
* Elements of w remaining: 9 (100.00%)
* UVC proof at step 1
* G1 elements in proof: 2
* G2 elements in proof: 1
* Proof size in bits: 1019
* Cached h poly size: 159
* UVC Prove step 1
* Elements of w skipped: 1 (5.00%)
* Elements of w processed with special addition: 3 (15.00%)
* Elements of w remaining: 16 (80.00%)
* Elements of w skipped: 1 (9.09%)
* Elements of w processed with special addition: 1 (9.09%)
* Elements of w remaining: 9 (81.82%)
* Elements of w skipped: 0 (0.00%)
* Elements of w processed with special addition: 0 (0.00%)
* Elements of w remaining: 9 (100.00%)
* UVC proof at step 1
* G1 elements in proof: 2
* G2 elements in proof: 1
* Proof size in bits: 1019
* Cached h poly size: 159
* UVC Prove step 1
* Elements of w skipped: 1 (5.00%)
* Elements of w processed with special addition: 3 (15.00%)
* Elements of w remaining: 16 (80.00%)
* Elements of w skipped: 1 (9.09%)
* Elements of w processed with special addition: 1 (9.09%)
* Elements of w remaining: 9 (81.82%)
* Elements of w skipped: 0 (0.00%)
* Elements of w processed with special addition: 0 (0.00%)
* Elements of w remaining: 9 (100.00%)
* UVC proof at step 1
* G1 elements in proof: 2
* G2 elements in proof: 1
* Proof size in bits: 1019
* Cached h poly size: 159
* UVC Prove step 1
* Elements of w skipped: 1 (5.00%)
* Elements of w processed with special addition: 3 (15.00%)
* Elements of w remaining: 16 (80.00%)
* Elements of w skipped: 1 (9.09%)
* Elements of w processed with special addition: 1 (9.09%)
* Elements of w remaining: 9 (81.82%)
* Elements of w skipped: 0 (0.00%)
* Elements of w processed with special addition: 0 (0.00%)
* Elements of w remaining: 9 (100.00%)
* UVC proof at step 1
* G1 elements in proof: 2
* G2 elements in proof: 1
* Proof size in bits: 1019
* Cached h poly size: 159
* UVC Prove step 1
* Elements of w skipped: 1 (5.00%)
* Elements of w processed with special addition: 3 (15.00%)
* Elements of w remaining: 16 (80.00%)
* Elements of w skipped: 1 (9.09%)
* Elements of w processed with special addition: 1 (9.09%)
* Elements of w remaining: 9 (81.82%)
* Elements of w skipped: 0 (0.00%)
* Elements of w processed with special addition: 0 (0.00%)
* Elements of w remaining: 9 (100.00%)
* UVC proof at step 1
* G1 elements in proof: 2
* G2 elements in proof: 1
* Proof size in bits: 1019
* Cached h poly size: 159
* UVC Verify step 1: PASS
* UVC Verify step 1: PASS
* UVC Verify step 1: PASS
* UVC Verify step 1: PASS
* UVC Verify step 1: PASS
* UVC Verify step 1: PASS
* UVC Verify step 1: PASS
* UVC Verify step 1: PASS
* UVC Verify step 1: PASS
* UVC Verify step 1: PASS
  1       13.36         2.70          1019          PASS      
* UVC Prove step 2
* Elements of w skipped: 0 (0.00%)
* Elements of w processed with special addition: 1 (5.56%)
* Elements of w remaining: 17 (94.44%)
* Elements of w skipped: 0 (0.00%)
* Elements of w processed with special addition: 1 (10.00%)
* Elements of w remaining: 9 (90.00%)
* Elements of w skipped: 0 (0.00%)
* Elements of w processed with special addition: 1 (5.56%)
* Elements of w remaining: 17 (94.44%)
* UVC proof at step 2
* G1 elements in proof: 2
* G2 elements in proof: 1
* Proof size in bits: 1019
* Cached h poly size: 159
* UVC Prove step 2
* Elements of w skipped: 0 (0.00%)
* Elements of w processed with special addition: 1 (5.56%)
* Elements of w remaining: 17 (94.44%)
* Elements of w skipped: 0 (0.00%)
* Elements of w processed with special addition: 1 (10.00%)
* Elements of w remaining: 9 (90.00%)
* Elements of w skipped: 0 (0.00%)
* Elements of w processed with special addition: 1 (5.56%)
* Elements of w remaining: 17 (94.44%)
* UVC proof at step 2
* G1 elements in proof: 2
* G2 elements in proof: 1
* Proof size in bits: 1019
* Cached h poly size: 159
* UVC Prove step 2
* Elements of w skipped: 0 (0.00%)
* Elements of w processed with special addition: 1 (5.56%)
* Elements of w remaining: 17 (94.44%)
* Elements of w skipped: 0 (0.00%)
* Elements of w processed with special addition: 1 (10.00%)
* Elements of w remaining: 9 (90.00%)
* Elements of w skipped: 0 (0.00%)
* Elements of w processed with special addition: 1 (5.56%)
* Elements of w remaining: 17 (94.44%)
* UVC proof at step 2
* G1 elements in proof: 2
* G2 elements in proof: 1
* Proof size in bits: 1019
* Cached h poly size: 159
* UVC Prove step 2
* Elements of w skipped: 0 (0.00%)
* Elements of w processed with special addition: 1 (5.56%)
* Elements of w remaining: 17 (94.44%)
* Elements of w skipped: 0 (0.00%)
* Elements of w processed with special addition: 1 (10.00%)
* Elements of w remaining: 9 (90.00%)
* Elements of w skipped: 0 (0.00%)
* Elements of w processed with special addition: 1 (5.56%)
* Elements of w remaining: 17 (94.44%)
* UVC proof at step 2
* G1 elements in proof: 2
* G2 elements in proof: 1
* Proof size in bits: 1019
* Cached h poly size: 159
* UVC Prove step 2
* Elements of w skipped: 0 (0.00%)
* Elements of w processed with special addition: 1 (5.56%)
* Elements of w remaining: 17 (94.44%)
* Elements of w skipped: 0 (0.00%)
* Elements of w processed with special addition: 1 (10.00%)
* Elements of w remaining: 9 (90.00%)
* Elements of w skipped: 0 (0.00%)
* Elements of w processed with special addition: 1 (5.56%)
* Elements of w remaining: 17 (94.44%)
* UVC proof at step 2
* G1 elements in proof: 2
* G2 elements in proof: 1
* Proof size in bits: 1019
* Cached h poly size: 159
* UVC Prove step 2
* Elements of w skipped: 0 (0.00%)
* Elements of w processed with special addition: 1 (5.56%)
* Elements of w remaining: 17 (94.44%)
* Elements of w skipped: 0 (0.00%)
* Elements of w processed with special addition: 1 (10.00%)
* Elements of w remaining: 9 (90.00%)
* Elements of w skipped: 0 (0.00%)
* Elements of w processed with special addition: 1 (5.56%)
* Elements of w remaining: 17 (94.44%)
* UVC proof at step 2
* G1 elements in proof: 2
* G2 elements in proof: 1
* Proof size in bits: 1019
* Cached h poly size: 159
* UVC Prove step 2
* Elements of w skipped: 0 (0.00%)
* Elements of w processed with special addition: 1 (5.56%)
* Elements of w remaining: 17 (94.44%)
* Elements of w skipped: 0 (0.00%)
* Elements of w processed with special addition: 1 (10.00%)
* Elements of w remaining: 9 (90.00%)
* Elements of w skipped: 0 (0.00%)
* Elements of w processed with special addition: 1 (5.56%)
* Elements of w remaining: 17 (94.44%)
* UVC proof at step 2
* G1 elements in proof: 2
* G2 elements in proof: 1
* Proof size in bits: 1019
* Cached h poly size: 159
* UVC Prove step 2
* Elements of w skipped: 0 (0.00%)
* Elements of w processed with special addition: 1 (5.56%)
* Elements of w remaining: 17 (94.44%)
* Elements of w skipped: 0 (0.00%)
* Elements of w processed with special addition: 1 (10.00%)
* Elements of w remaining: 9 (90.00%)
* Elements of w skipped: 0 (0.00%)
* Elements of w processed with special addition: 1 (5.56%)
* Elements of w remaining: 17 (94.44%)
* UVC proof at step 2
* G1 elements in proof: 2
* G2 elements in proof: 1
* Proof size in bits: 1019
* Cached h poly size: 159
* UVC Prove step 2
* Elements of w skipped: 0 (0.00%)
* Elements of w processed with special addition: 1 (5.56%)
* Elements of w remaining: 17 (94.44%)
* Elements of w skipped: 0 (0.00%)
* Elements of w processed with special addition: 1 (10.00%)
* Elements of w remaining: 9 (90.00%)
* Elements of w skipped: 0 (0.00%)
* Elements of w processed with special addition: 1 (5.56%)
* Elements of w remaining: 17 (94.44%)
* UVC proof at step 2
* G1 elements in proof: 2
* G2 elements in proof: 1
* Proof size in bits: 1019
* Cached h poly size: 159
* UVC Prove step 2
* Elements of w skipped: 0 (0.00%)
* Elements of w processed with special addition: 1 (5.56%)
* Elements of w remaining: 17 (94.44%)
* Elements of w skipped: 0 (0.00%)
* Elements of w processed with special addition: 1 (10.00%)
* Elements of w remaining: 9 (90.00%)
* Elements of w skipped: 0 (0.00%)
* Elements of w processed with special addition: 1 (5.56%)
* Elements of w remaining: 17 (94.44%)
* UVC proof at step 2
* G1 elements in proof: 2
* G2 elements in proof: 1
* Proof size in bits: 1019
* Cached h poly size: 159
* UVC Verify step 2: PASS
* UVC Verify step 2: PASS
* UVC Verify step 2: PASS
* UVC Verify step 2: PASS
* UVC Verify step 2: PASS
* UVC Verify step 2: PASS
* UVC Verify step 2: PASS
* UVC Verify step 2: PASS
* UVC Verify step 2: PASS
* UVC Verify step 2: PASS
  2       13.53         2.63          1019          PASS      
* UVC Prove step 4
* Elements of w skipped: 0 (0.00%)
* Elements of w processed with special addition: 1 (5.56%)
* Elements of w remaining: 17 (94.44%)
* Elements of w skipped: 0 (0.00%)
* Elements of w processed with special addition: 1 (10.00%)
* Elements of w remaining: 9 (90.00%)
* Elements of w skipped: 0 (0.00%)
* Elements of w processed with special addition: 1 (5.56%)
* Elements of w remaining: 17 (94.44%)
* UVC proof at step 4
* G1 elements in proof: 2
* G2 elements in proof: 1
* Proof size in bits: 1019
* Cached h poly size: 159
* UVC Prove step 4
* Elements of w skipped: 0 (0.00%)
* Elements of w processed with special addition: 1 (5.56%)
* Elements of w remaining: 17 (94.44%)
* Elements of w skipped: 0 (0.00%)
* Elements of w processed with special addition: 1 (10.00%)
* Elements of w remaining: 9 (90.00%)
* Elements of w skipped: 0 (0.00%)
* Elements of w processed with special addition: 1 (5.56%)
* Elements of w remaining: 17 (94.44%)
* UVC proof at step 4
* G1 elements in proof: 2
* G2 elements in proof: 1
* Proof size in bits: 1019
* Cached h poly size: 159
* UVC Prove step 4
* Elements of w skipped: 0 (0.00%)
* Elements of w processed with special addition: 1 (5.56%)
* Elements of w remaining: 17 (94.44%)
* Elements of w skipped: 0 (0.00%)
* Elements of w processed with special addition: 1 (10.00%)
* Elements of w remaining: 9 (90.00%)
* Elements of w skipped: 0 (0.00%)
* Elements of w processed with special addition: 1 (5.56%)
* Elements of w remaining: 17 (94.44%)
* UVC proof at step 4
* G1 elements in proof: 2
* G2 elements in proof: 1
* Proof size in bits: 1019
* Cached h poly size: 159
* UVC Prove step 4
* Elements of w skipped: 0 (0.00%)
* Elements of w processed with special addition: 1 (5.56%)
* Elements of w remaining: 17 (94.44%)
* Elements of w skipped: 0 (0.00%)
* Elements of w processed with special addition: 1 (10.00%)
* Elements of w remaining: 9 (90.00%)
* Elements of w skipped: 0 (0.00%)
* Elements of w processed with special addition: 1 (5.56%)
* Elements of w remaining: 17 (94.44%)
* UVC proof at step 4
* G1 elements in proof: 2
* G2 elements in proof: 1
* Proof size in bits: 1019
* Cached h poly size: 159
* UVC Prove step 4
* Elements of w skipped: 0 (0.00%)
* Elements of w processed with special addition: 1 (5.56%)
* Elements of w remaining: 17 (94.44%)
* Elements of w skipped: 0 (0.00%)
* Elements of w processed with special addition: 1 (10.00%)
* Elements of w remaining: 9 (90.00%)
* Elements of w skipped: 0 (0.00%)
* Elements of w processed with special addition: 1 (5.56%)
* Elements of w remaining: 17 (94.44%)
* UVC proof at step 4
* G1 elements in proof: 2
* G2 elements in proof: 1
* Proof size in bits: 1019
* Cached h poly size: 159
* UVC Prove step 4
* Elements of w skipped: 0 (0.00%)
* Elements of w processed with special addition: 1 (5.56%)
* Elements of w remaining: 17 (94.44%)
* Elements of w skipped: 0 (0.00%)
* Elements of w processed with special addition: 1 (10.00%)
* Elements of w remaining: 9 (90.00%)
* Elements of w skipped: 0 (0.00%)
* Elements of w processed with special addition: 1 (5.56%)
* Elements of w remaining: 17 (94.44%)
* UVC proof at step 4
* G1 elements in proof: 2
* G2 elements in proof: 1
* Proof size in bits: 1019
* Cached h poly size: 159
* UVC Prove step 4
* Elements of w skipped: 0 (0.00%)
* Elements of w processed with special addition: 1 (5.56%)
* Elements of w remaining: 17 (94.44%)
* Elements of w skipped: 0 (0.00%)
* Elements of w processed with special addition: 1 (10.00%)
* Elements of w remaining: 9 (90.00%)
* Elements of w skipped: 0 (0.00%)
* Elements of w processed with special addition: 1 (5.56%)
* Elements of w remaining: 17 (94.44%)
* UVC proof at step 4
* G1 elements in proof: 2
* G2 elements in proof: 1
* Proof size in bits: 1019
* Cached h poly size: 159
* UVC Prove step 4
* Elements of w skipped: 0 (0.00%)
* Elements of w processed with special addition: 1 (5.56%)
* Elements of w remaining: 17 (94.44%)
* Elements of w skipped: 0 (0.00%)
* Elements of w processed with special addition: 1 (10.00%)
* Elements of w remaining: 9 (90.00%)
* Elements of w skipped: 0 (0.00%)
* Elements of w processed with special addition: 1 (5.56%)
* Elements of w remaining: 17 (94.44%)
* UVC proof at step 4
* G1 elements in proof: 2
* G2 elements in proof: 1
* Proof size in bits: 1019
* Cached h poly size: 159
* UVC Prove step 4
* Elements of w skipped: 0 (0.00%)
* Elements of w processed with special addition: 1 (5.56%)
* Elements of w remaining: 17 (94.44%)
* Elements of w skipped: 0 (0.00%)
* Elements of w processed with special addition: 1 (10.00%)
* Elements of w remaining: 9 (90.00%)
* Elements of w skipped: 0 (0.00%)
* Elements of w processed with special addition: 1 (5.56%)
* Elements of w remaining: 17 (94.44%)
* UVC proof at step 4
* G1 elements in proof: 2
* G2 elements in proof: 1
* Proof size in bits: 1019
* Cached h poly size: 159
* UVC Prove step 4
* Elements of w skipped: 0 (0.00%)
* Elements of w processed with special addition: 1 (5.56%)
* Elements of w remaining: 17 (94.44%)
* Elements of w skipped: 0 (0.00%)
* Elements of w processed with special addition: 1 (10.00%)
* Elements of w remaining: 9 (90.00%)
* Elements of w skipped: 0 (0.00%)
* Elements of w processed with special addition: 1 (5.56%)
* Elements of w remaining: 17 (94.44%)
* UVC proof at step 4
* G1 elements in proof: 2
* G2 elements in proof: 1
* Proof size in bits: 1019
* Cached h poly size: 159
* UVC Verify step 4: PASS
* UVC Verify step 4: PASS
* UVC Verify step 4: PASS
* UVC Verify step 4: PASS
* UVC Verify step 4: PASS
* UVC Verify step 4: PASS
* UVC Verify step 4: PASS
* UVC Verify step 4: PASS
* UVC Verify step 4: PASS
* UVC Verify step 4: PASS
  4       13.53         2.69          1019          PASS      
* UVC Prove step 8
* Elements of w skipped: 0 (0.00%)
* Elements of w processed with special addition: 1 (5.56%)
* Elements of w remaining: 17 (94.44%)
* Elements of w skipped: 0 (0.00%)
* Elements of w processed with special addition: 1 (10.00%)
* Elements of w remaining: 9 (90.00%)
* Elements of w skipped: 0 (0.00%)
* Elements of w processed with special addition: 1 (5.56%)
* Elements of w remaining: 17 (94.44%)
* UVC proof at step 8
* G1 elements in proof: 2
* G2 elements in proof: 1
* Proof size in bits: 1019
* Cached h poly size: 159
* UVC Prove step 8
* Elements of w skipped: 0 (0.00%)
* Elements of w processed with special addition: 1 (5.56%)
* Elements of w remaining: 17 (94.44%)
* Elements of w skipped: 0 (0.00%)
* Elements of w processed with special addition: 1 (10.00%)
* Elements of w remaining: 9 (90.00%)
* Elements of w skipped: 0 (0.00%)
* Elements of w processed with special addition: 1 (5.56%)
* Elements of w remaining: 17 (94.44%)
* UVC proof at step 8
* G1 elements in proof: 2
* G2 elements in proof: 1
* Proof size in bits: 1019
* Cached h poly size: 159
* UVC Prove step 8
* Elements of w skipped: 0 (0.00%)
* Elements of w processed with special addition: 1 (5.56%)
* Elements of w remaining: 17 (94.44%)
* Elements of w skipped: 0 (0.00%)
* Elements of w processed with special addition: 1 (10.00%)
* Elements of w remaining: 9 (90.00%)
* Elements of w skipped: 0 (0.00%)
* Elements of w processed with special addition: 1 (5.56%)
* Elements of w remaining: 17 (94.44%)
* UVC proof at step 8
* G1 elements in proof: 2
* G2 elements in proof: 1
* Proof size in bits: 1019
* Cached h poly size: 159
* UVC Prove step 8
* Elements of w skipped: 0 (0.00%)
* Elements of w processed with special addition: 1 (5.56%)
* Elements of w remaining: 17 (94.44%)
* Elements of w skipped: 0 (0.00%)
* Elements of w processed with special addition: 1 (10.00%)
* Elements of w remaining: 9 (90.00%)
* Elements of w skipped: 0 (0.00%)
* Elements of w processed with special addition: 1 (5.56%)
* Elements of w remaining: 17 (94.44%)
* UVC proof at step 8
* G1 elements in proof: 2
* G2 elements in proof: 1
* Proof size in bits: 1019
* Cached h poly size: 159
* UVC Prove step 8
* Elements of w skipped: 0 (0.00%)
* Elements of w processed with special addition: 1 (5.56%)
* Elements of w remaining: 17 (94.44%)
* Elements of w skipped: 0 (0.00%)
* Elements of w processed with special addition: 1 (10.00%)
* Elements of w remaining: 9 (90.00%)
* Elements of w skipped: 0 (0.00%)
* Elements of w processed with special addition: 1 (5.56%)
* Elements of w remaining: 17 (94.44%)
* UVC proof at step 8
* G1 elements in proof: 2
* G2 elements in proof: 1
* Proof size in bits: 1019
* Cached h poly size: 159
* UVC Prove step 8
* Elements of w skipped: 0 (0.00%)
* Elements of w processed with special addition: 1 (5.56%)
* Elements of w remaining: 17 (94.44%)
* Elements of w skipped: 0 (0.00%)
* Elements of w processed with special addition: 1 (10.00%)
* Elements of w remaining: 9 (90.00%)
* Elements of w skipped: 0 (0.00%)
* Elements of w processed with special addition: 1 (5.56%)
* Elements of w remaining: 17 (94.44%)
* UVC proof at step 8
* G1 elements in proof: 2
* G2 elements in proof: 1
* Proof size in bits: 1019
* Cached h poly size: 159
* UVC Prove step 8
* Elements of w skipped: 0 (0.00%)
* Elements of w processed with special addition: 1 (5.56%)
* Elements of w remaining: 17 (94.44%)
* Elements of w skipped: 0 (0.00%)
* Elements of w processed with special addition: 1 (10.00%)
* Elements of w remaining: 9 (90.00%)
* Elements of w skipped: 0 (0.00%)
* Elements of w processed with special addition: 1 (5.56%)
* Elements of w remaining: 17 (94.44%)
* UVC proof at step 8
* G1 elements in proof: 2
* G2 elements in proof: 1
* Proof size in bits: 1019
* Cached h poly size: 159
* UVC Prove step 8
* Elements of w skipped: 0 (0.00%)
* Elements of w processed with special addition: 1 (5.56%)
* Elements of w remaining: 17 (94.44%)
* Elements of w skipped: 0 (0.00%)
* Elements of w processed with special addition: 1 (10.00%)
* Elements of w remaining: 9 (90.00%)
* Elements of w skipped: 0 (0.00%)
* Elements of w processed with special addition: 1 (5.56%)
* Elements of w remaining: 17 (94.44%)
* UVC proof at step 8
* G1 elements in proof: 2
* G2 elements in proof: 1
* Proof size in bits: 1019
* Cached h poly size: 159
* UVC Prove step 8
* Elements of w skipped: 0 (0.00%)
* Elements of w processed with special addition: 1 (5.56%)
* Elements of w remaining: 17 (94.44%)
* Elements of w skipped: 0 (0.00%)
* Elements of w processed with special addition: 1 (10.00%)
* Elements of w remaining: 9 (90.00%)
* Elements of w skipped: 0 (0.00%)
* Elements of w processed with special addition: 1 (5.56%)
* Elements of w remaining: 17 (94.44%)
* UVC proof at step 8
* G1 elements in proof: 2
* G2 elements in proof: 1
* Proof size in bits: 1019
* Cached h poly size: 159
* UVC Prove step 8
* Elements of w skipped: 0 (0.00%)
* Elements of w processed with special addition: 1 (5.56%)
* Elements of w remaining: 17 (94.44%)
* Elements of w skipped: 0 (0.00%)
* Elements of w processed with special addition: 1 (10.00%)
* Elements of w remaining: 9 (90.00%)
* Elements of w skipped: 0 (0.00%)
* Elements of w processed with special addition: 1 (5.56%)
* Elements of w remaining: 17 (94.44%)
* UVC proof at step 8
* G1 elements in proof: 2
* G2 elements in proof: 1
* Proof size in bits: 1019
* Cached h poly size: 159
* UVC Verify step 8: PASS
* UVC Verify step 8: PASS
* UVC Verify step 8: PASS
* UVC Verify step 8: PASS
* UVC Verify step 8: PASS
* UVC Verify step 8: PASS
* UVC Verify step 8: PASS
* UVC Verify step 8: PASS
* UVC Verify step 8: PASS
* UVC Verify step 8: PASS
  8       13.63         2.65          1019          PASS      
* UVC Prove step 16
* Elements of w skipped: 0 (0.00%)
* Elements of w processed with special addition: 1 (5.56%)
* Elements of w remaining: 17 (94.44%)
* Elements of w skipped: 0 (0.00%)
* Elements of w processed with special addition: 1 (11.11%)
* Elements of w remaining: 8 (88.89%)
* Elements of w skipped: 0 (0.00%)
* Elements of w processed with special addition: 1 (5.56%)
* Elements of w remaining: 17 (94.44%)
* UVC proof at step 16
* G1 elements in proof: 2
* G2 elements in proof: 1
* Proof size in bits: 1019
* Cached h poly size: 159
* UVC Prove step 16
* Elements of w skipped: 0 (0.00%)
* Elements of w processed with special addition: 1 (5.56%)
* Elements of w remaining: 17 (94.44%)
* Elements of w skipped: 0 (0.00%)
* Elements of w processed with special addition: 1 (11.11%)
* Elements of w remaining: 8 (88.89%)
* Elements of w skipped: 0 (0.00%)
* Elements of w processed with special addition: 1 (5.56%)
* Elements of w remaining: 17 (94.44%)
* UVC proof at step 16
* G1 elements in proof: 2
* G2 elements in proof: 1
* Proof size in bits: 1019
* Cached h poly size: 159
* UVC Prove step 16
* Elements of w skipped: 0 (0.00%)
* Elements of w processed with special addition: 1 (5.56%)
* Elements of w remaining: 17 (94.44%)
* Elements of w skipped: 0 (0.00%)
* Elements of w processed with special addition: 1 (11.11%)
* Elements of w remaining: 8 (88.89%)
* Elements of w skipped: 0 (0.00%)
* Elements of w processed with special addition: 1 (5.56%)
* Elements of w remaining: 17 (94.44%)
* UVC proof at step 16
* G1 elements in proof: 2
* G2 elements in proof: 1
* Proof size in bits: 1019
* Cached h poly size: 159
* UVC Prove step 16
* Elements of w skipped: 0 (0.00%)
* Elements of w processed with special addition: 1 (5.56%)
* Elements of w remaining: 17 (94.44%)
* Elements of w skipped: 0 (0.00%)
* Elements of w processed with special addition: 1 (11.11%)
* Elements of w remaining: 8 (88.89%)
* Elements of w skipped: 0 (0.00%)
* Elements of w processed with special addition: 1 (5.56%)
* Elements of w remaining: 17 (94.44%)
* UVC proof at step 16
* G1 elements in proof: 2
* G2 elements in proof: 1
* Proof size in bits: 1019
* Cached h poly size: 159
* UVC Prove step 16
* Elements of w skipped: 0 (0.00%)
* Elements of w processed with special addition: 1 (5.56%)
* Elements of w remaining: 17 (94.44%)
* Elements of w skipped: 0 (0.00%)
* Elements of w processed with special addition: 1 (11.11%)
* Elements of w remaining: 8 (88.89%)
* Elements of w skipped: 0 (0.00%)
* Elements of w processed with special addition: 1 (5.56%)
* Elements of w remaining: 17 (94.44%)
* UVC proof at step 16
* G1 elements in proof: 2
* G2 elements in proof: 1
* Proof size in bits: 1019
* Cached h poly size: 159
* UVC Prove step 16
* Elements of w skipped: 0 (0.00%)
* Elements of w processed with special addition: 1 (5.56%)
* Elements of w remaining: 17 (94.44%)
* Elements of w skipped: 0 (0.00%)
* Elements of w processed with special addition: 1 (11.11%)
* Elements of w remaining: 8 (88.89%)
* Elements of w skipped: 0 (0.00%)
* Elements of w processed with special addition: 1 (5.56%)
* Elements of w remaining: 17 (94.44%)
* UVC proof at step 16
* G1 elements in proof: 2
* G2 elements in proof: 1
* Proof size in bits: 1019
* Cached h poly size: 159
* UVC Prove step 16
* Elements of w skipped: 0 (0.00%)
* Elements of w processed with special addition: 1 (5.56%)
* Elements of w remaining: 17 (94.44%)
* Elements of w skipped: 0 (0.00%)
* Elements of w processed with special addition: 1 (11.11%)
* Elements of w remaining: 8 (88.89%)
* Elements of w skipped: 0 (0.00%)
* Elements of w processed with special addition: 1 (5.56%)
* Elements of w remaining: 17 (94.44%)
* UVC proof at step 16
* G1 elements in proof: 2
* G2 elements in proof: 1
* Proof size in bits: 1019
* Cached h poly size: 159
* UVC Prove step 16
* Elements of w skipped: 0 (0.00%)
* Elements of w processed with special addition: 1 (5.56%)
* Elements of w remaining: 17 (94.44%)
* Elements of w skipped: 0 (0.00%)
* Elements of w processed with special addition: 1 (11.11%)
* Elements of w remaining: 8 (88.89%)
* Elements of w skipped: 0 (0.00%)
* Elements of w processed with special addition: 1 (5.56%)
* Elements of w remaining: 17 (94.44%)
* UVC proof at step 16
* G1 elements in proof: 2
* G2 elements in proof: 1
* Proof size in bits: 1019
* Cached h poly size: 159
* UVC Prove step 16
* Elements of w skipped: 0 (0.00%)
* Elements of w processed with special addition: 1 (5.56%)
* Elements of w remaining: 17 (94.44%)
* Elements of w skipped: 0 (0.00%)
* Elements of w processed with special addition: 1 (11.11%)
* Elements of w remaining: 8 (88.89%)
* Elements of w skipped: 0 (0.00%)
* Elements of w processed with special addition: 1 (5.56%)
* Elements of w remaining: 17 (94.44%)
* UVC proof at step 16
* G1 elements in proof: 2
* G2 elements in proof: 1
* Proof size in bits: 1019
* Cached h poly size: 159
* UVC Prove step 16
* Elements of w skipped: 0 (0.00%)
* Elements of w processed with special addition: 1 (5.56%)
* Elements of w remaining: 17 (94.44%)
* Elements of w skipped: 0 (0.00%)
* Elements of w processed with special addition: 1 (11.11%)
* Elements of w remaining: 8 (88.89%)
* Elements of w skipped: 0 (0.00%)
* Elements of w processed with special addition: 1 (5.56%)
* Elements of w remaining: 17 (94.44%)
* UVC proof at step 16
* G1 elements in proof: 2
* G2 elements in proof: 1
* Proof size in bits: 1019
* Cached h poly size: 159
* UVC Verify step 16: PASS
* UVC Verify step 16: PASS
* UVC Verify step 16: PASS
* UVC Verify step 16: PASS
* UVC Verify step 16: PASS
* UVC Verify step 16: PASS
* UVC Verify step 16: PASS
* UVC Verify step 16: PASS
* UVC Verify step 16: PASS
* UVC Verify step 16: PASS
  16      12.10         2.66          1019          PASS      

  UVC results written to /Users/heewonchung/Documents/00-Research/active/Updatable Verifiable Computation/Dev/results/2026-03-09_201110_iot/csv/uvc_results.csv

================================================================
Groth16 Benchmark: circuit=sensor_fusion, n=8, B=16
================================================================

  Step    C_j constr  Setup (ms)    Prove (ms)    Verify (ms)   Verified  
  ------  ----------  ------------  ------------  ------------  ----------
* Composed C_1: 9 constraints, 19 variables, 10 inputs
* QAP number of variables: 19
* QAP pre degree: 9
* QAP degree: 20
* QAP number of input variables: 10
* G1 window: 4
* G2 window: 2
* G1 elements in PK: 69
* Non-zero G1 elements in PK: 58
* G2 elements in PK: 21
* Non-zero G2 elements in PK: 10
* PK size in bits: 20456
* G1 elements in VK: 10
* G2 elements in VK: 2
* GT elements in VK: 1
* VK size in bits: 4463
* Elements of w skipped: 1 (5.00%)
* Elements of w processed with special addition: 3 (15.00%)
* Elements of w remaining: 16 (80.00%)
* Elements of w skipped: 0 (0.00%)
* Elements of w processed with special addition: 2 (22.22%)
* Elements of w remaining: 7 (77.78%)
* Elements of w skipped: 0 (0.00%)
* Elements of w processed with special addition: 0 (0.00%)
* Elements of w remaining: 9 (100.00%)
* G1 elements in proof: 2
* G2 elements in proof: 1
* Proof size in bits: 1019
* Elements of w skipped: 1 (5.00%)
* Elements of w processed with special addition: 3 (15.00%)
* Elements of w remaining: 16 (80.00%)
* Elements of w skipped: 0 (0.00%)
* Elements of w processed with special addition: 2 (22.22%)
* Elements of w remaining: 7 (77.78%)
* Elements of w skipped: 0 (0.00%)
* Elements of w processed with special addition: 0 (0.00%)
* Elements of w remaining: 9 (100.00%)
* G1 elements in proof: 2
* G2 elements in proof: 1
* Proof size in bits: 1019
* Elements of w skipped: 1 (5.00%)
* Elements of w processed with special addition: 3 (15.00%)
* Elements of w remaining: 16 (80.00%)
* Elements of w skipped: 0 (0.00%)
* Elements of w processed with special addition: 2 (22.22%)
* Elements of w remaining: 7 (77.78%)
* Elements of w skipped: 0 (0.00%)
* Elements of w processed with special addition: 0 (0.00%)
* Elements of w remaining: 9 (100.00%)
* G1 elements in proof: 2
* G2 elements in proof: 1
* Proof size in bits: 1019
* Elements of w skipped: 1 (5.00%)
* Elements of w processed with special addition: 3 (15.00%)
* Elements of w remaining: 16 (80.00%)
* Elements of w skipped: 0 (0.00%)
* Elements of w processed with special addition: 2 (22.22%)
* Elements of w remaining: 7 (77.78%)
* Elements of w skipped: 0 (0.00%)
* Elements of w processed with special addition: 0 (0.00%)
* Elements of w remaining: 9 (100.00%)
* G1 elements in proof: 2
* G2 elements in proof: 1
* Proof size in bits: 1019
* Elements of w skipped: 1 (5.00%)
* Elements of w processed with special addition: 3 (15.00%)
* Elements of w remaining: 16 (80.00%)
* Elements of w skipped: 0 (0.00%)
* Elements of w processed with special addition: 2 (22.22%)
* Elements of w remaining: 7 (77.78%)
* Elements of w skipped: 0 (0.00%)
* Elements of w processed with special addition: 0 (0.00%)
* Elements of w remaining: 9 (100.00%)
* G1 elements in proof: 2
* G2 elements in proof: 1
* Proof size in bits: 1019
* Elements of w skipped: 1 (5.00%)
* Elements of w processed with special addition: 3 (15.00%)
* Elements of w remaining: 16 (80.00%)
* Elements of w skipped: 0 (0.00%)
* Elements of w processed with special addition: 2 (22.22%)
* Elements of w remaining: 7 (77.78%)
* Elements of w skipped: 0 (0.00%)
* Elements of w processed with special addition: 0 (0.00%)
* Elements of w remaining: 9 (100.00%)
* G1 elements in proof: 2
* G2 elements in proof: 1
* Proof size in bits: 1019
* Elements of w skipped: 1 (5.00%)
* Elements of w processed with special addition: 3 (15.00%)
* Elements of w remaining: 16 (80.00%)
* Elements of w skipped: 0 (0.00%)
* Elements of w processed with special addition: 2 (22.22%)
* Elements of w remaining: 7 (77.78%)
* Elements of w skipped: 0 (0.00%)
* Elements of w processed with special addition: 0 (0.00%)
* Elements of w remaining: 9 (100.00%)
* G1 elements in proof: 2
* G2 elements in proof: 1
* Proof size in bits: 1019
* Elements of w skipped: 1 (5.00%)
* Elements of w processed with special addition: 3 (15.00%)
* Elements of w remaining: 16 (80.00%)
* Elements of w skipped: 0 (0.00%)
* Elements of w processed with special addition: 2 (22.22%)
* Elements of w remaining: 7 (77.78%)
* Elements of w skipped: 0 (0.00%)
* Elements of w processed with special addition: 0 (0.00%)
* Elements of w remaining: 9 (100.00%)
* G1 elements in proof: 2
* G2 elements in proof: 1
* Proof size in bits: 1019
* Elements of w skipped: 1 (5.00%)
* Elements of w processed with special addition: 3 (15.00%)
* Elements of w remaining: 16 (80.00%)
* Elements of w skipped: 0 (0.00%)
* Elements of w processed with special addition: 2 (22.22%)
* Elements of w remaining: 7 (77.78%)
* Elements of w skipped: 0 (0.00%)
* Elements of w processed with special addition: 0 (0.00%)
* Elements of w remaining: 9 (100.00%)
* G1 elements in proof: 2
* G2 elements in proof: 1
* Proof size in bits: 1019
* Elements of w skipped: 1 (5.00%)
* Elements of w processed with special addition: 3 (15.00%)
* Elements of w remaining: 16 (80.00%)
* Elements of w skipped: 0 (0.00%)
* Elements of w processed with special addition: 2 (22.22%)
* Elements of w remaining: 7 (77.78%)
* Elements of w skipped: 0 (0.00%)
* Elements of w processed with special addition: 0 (0.00%)
* Elements of w remaining: 9 (100.00%)
* G1 elements in proof: 2
* G2 elements in proof: 1
* Proof size in bits: 1019
  1       9           14.0          4.90          2.64          PASS      
* Composed C_2: 18 constraints, 37 variables, 10 inputs
* QAP number of variables: 37
* QAP pre degree: 18
* QAP degree: 32
* QAP number of input variables: 10
* G1 window: 5
* G2 window: 3
* G1 elements in PK: 135
* Non-zero G1 elements in PK: 115
* G2 elements in PK: 39
* Non-zero G2 elements in PK: 19
* PK size in bits: 40148
* G1 elements in VK: 10
* G2 elements in VK: 2
* GT elements in VK: 1
* VK size in bits: 4463
* Elements of w skipped: 1 (2.63%)
* Elements of w processed with special addition: 4 (10.53%)
* Elements of w remaining: 33 (86.84%)
* Elements of w skipped: 0 (0.00%)
* Elements of w processed with special addition: 3 (16.67%)
* Elements of w remaining: 15 (83.33%)
* Elements of w skipped: 0 (0.00%)
* Elements of w processed with special addition: 1 (3.70%)
* Elements of w remaining: 26 (96.30%)
* G1 elements in proof: 2
* G2 elements in proof: 1
* Proof size in bits: 1019
* Elements of w skipped: 1 (2.63%)
* Elements of w processed with special addition: 4 (10.53%)
* Elements of w remaining: 33 (86.84%)
* Elements of w skipped: 0 (0.00%)
* Elements of w processed with special addition: 3 (16.67%)
* Elements of w remaining: 15 (83.33%)
* Elements of w skipped: 0 (0.00%)
* Elements of w processed with special addition: 1 (3.70%)
* Elements of w remaining: 26 (96.30%)
* G1 elements in proof: 2
* G2 elements in proof: 1
* Proof size in bits: 1019
* Elements of w skipped: 1 (2.63%)
* Elements of w processed with special addition: 4 (10.53%)
* Elements of w remaining: 33 (86.84%)
* Elements of w skipped: 0 (0.00%)
* Elements of w processed with special addition: 3 (16.67%)
* Elements of w remaining: 15 (83.33%)
* Elements of w skipped: 0 (0.00%)
* Elements of w processed with special addition: 1 (3.70%)
* Elements of w remaining: 26 (96.30%)
* G1 elements in proof: 2
* G2 elements in proof: 1
* Proof size in bits: 1019
* Elements of w skipped: 1 (2.63%)
* Elements of w processed with special addition: 4 (10.53%)
* Elements of w remaining: 33 (86.84%)
* Elements of w skipped: 0 (0.00%)
* Elements of w processed with special addition: 3 (16.67%)
* Elements of w remaining: 15 (83.33%)
* Elements of w skipped: 0 (0.00%)
* Elements of w processed with special addition: 1 (3.70%)
* Elements of w remaining: 26 (96.30%)
* G1 elements in proof: 2
* G2 elements in proof: 1
* Proof size in bits: 1019
* Elements of w skipped: 1 (2.63%)
* Elements of w processed with special addition: 4 (10.53%)
* Elements of w remaining: 33 (86.84%)
* Elements of w skipped: 0 (0.00%)
* Elements of w processed with special addition: 3 (16.67%)
* Elements of w remaining: 15 (83.33%)
* Elements of w skipped: 0 (0.00%)
* Elements of w processed with special addition: 1 (3.70%)
* Elements of w remaining: 26 (96.30%)
* G1 elements in proof: 2
* G2 elements in proof: 1
* Proof size in bits: 1019
* Elements of w skipped: 1 (2.63%)
* Elements of w processed with special addition: 4 (10.53%)
* Elements of w remaining: 33 (86.84%)
* Elements of w skipped: 0 (0.00%)
* Elements of w processed with special addition: 3 (16.67%)
* Elements of w remaining: 15 (83.33%)
* Elements of w skipped: 0 (0.00%)
* Elements of w processed with special addition: 1 (3.70%)
* Elements of w remaining: 26 (96.30%)
* G1 elements in proof: 2
* G2 elements in proof: 1
* Proof size in bits: 1019
* Elements of w skipped: 1 (2.63%)
* Elements of w processed with special addition: 4 (10.53%)
* Elements of w remaining: 33 (86.84%)
* Elements of w skipped: 0 (0.00%)
* Elements of w processed with special addition: 3 (16.67%)
* Elements of w remaining: 15 (83.33%)
* Elements of w skipped: 0 (0.00%)
* Elements of w processed with special addition: 1 (3.70%)
* Elements of w remaining: 26 (96.30%)
* G1 elements in proof: 2
* G2 elements in proof: 1
* Proof size in bits: 1019
* Elements of w skipped: 1 (2.63%)
* Elements of w processed with special addition: 4 (10.53%)
* Elements of w remaining: 33 (86.84%)
* Elements of w skipped: 0 (0.00%)
* Elements of w processed with special addition: 3 (16.67%)
* Elements of w remaining: 15 (83.33%)
* Elements of w skipped: 0 (0.00%)
* Elements of w processed with special addition: 1 (3.70%)
* Elements of w remaining: 26 (96.30%)
* G1 elements in proof: 2
* G2 elements in proof: 1
* Proof size in bits: 1019
* Elements of w skipped: 1 (2.63%)
* Elements of w processed with special addition: 4 (10.53%)
* Elements of w remaining: 33 (86.84%)
* Elements of w skipped: 0 (0.00%)
* Elements of w processed with special addition: 3 (16.67%)
* Elements of w remaining: 15 (83.33%)
* Elements of w skipped: 0 (0.00%)
* Elements of w processed with special addition: 1 (3.70%)
* Elements of w remaining: 26 (96.30%)
* G1 elements in proof: 2
* G2 elements in proof: 1
* Proof size in bits: 1019
* Elements of w skipped: 1 (2.63%)
* Elements of w processed with special addition: 4 (10.53%)
* Elements of w remaining: 33 (86.84%)
* Elements of w skipped: 0 (0.00%)
* Elements of w processed with special addition: 3 (16.67%)
* Elements of w remaining: 15 (83.33%)
* Elements of w skipped: 0 (0.00%)
* Elements of w processed with special addition: 1 (3.70%)
* Elements of w remaining: 26 (96.30%)
* G1 elements in proof: 2
* G2 elements in proof: 1
* Proof size in bits: 1019
  2       18          18.6          6.66          2.66          PASS      
* Composed C_4: 36 constraints, 73 variables, 10 inputs
* QAP number of variables: 73
* QAP pre degree: 36
* QAP degree: 48
* QAP number of input variables: 10
* G1 window: 5
* G2 window: 4
* G1 elements in PK: 259
* Non-zero G1 elements in PK: 221
* G2 elements in PK: 75
* Non-zero G2 elements in PK: 37
* PK size in bits: 77492
* G1 elements in VK: 10
* G2 elements in VK: 2
* GT elements in VK: 1
* VK size in bits: 4463
* Elements of w skipped: 1 (1.35%)
* Elements of w processed with special addition: 6 (8.11%)
* Elements of w remaining: 67 (90.54%)
* Elements of w skipped: 0 (0.00%)
* Elements of w processed with special addition: 5 (13.89%)
* Elements of w remaining: 31 (86.11%)
* Elements of w skipped: 0 (0.00%)
* Elements of w processed with special addition: 3 (4.76%)
* Elements of w remaining: 60 (95.24%)
* G1 elements in proof: 2
* G2 elements in proof: 1
* Proof size in bits: 1019
* Elements of w skipped: 1 (1.35%)
* Elements of w processed with special addition: 6 (8.11%)
* Elements of w remaining: 67 (90.54%)
* Elements of w skipped: 0 (0.00%)
* Elements of w processed with special addition: 5 (13.89%)
* Elements of w remaining: 31 (86.11%)
* Elements of w skipped: 0 (0.00%)
* Elements of w processed with special addition: 3 (4.76%)
* Elements of w remaining: 60 (95.24%)
* G1 elements in proof: 2
* G2 elements in proof: 1
* Proof size in bits: 1019
* Elements of w skipped: 1 (1.35%)
* Elements of w processed with special addition: 6 (8.11%)
* Elements of w remaining: 67 (90.54%)
* Elements of w skipped: 0 (0.00%)
* Elements of w processed with special addition: 5 (13.89%)
* Elements of w remaining: 31 (86.11%)
* Elements of w skipped: 0 (0.00%)
* Elements of w processed with special addition: 3 (4.76%)
* Elements of w remaining: 60 (95.24%)
* G1 elements in proof: 2
* G2 elements in proof: 1
* Proof size in bits: 1019
* Elements of w skipped: 1 (1.35%)
* Elements of w processed with special addition: 6 (8.11%)
* Elements of w remaining: 67 (90.54%)
* Elements of w skipped: 0 (0.00%)
* Elements of w processed with special addition: 5 (13.89%)
* Elements of w remaining: 31 (86.11%)
* Elements of w skipped: 0 (0.00%)
* Elements of w processed with special addition: 3 (4.76%)
* Elements of w remaining: 60 (95.24%)
* G1 elements in proof: 2
* G2 elements in proof: 1
* Proof size in bits: 1019
* Elements of w skipped: 1 (1.35%)
* Elements of w processed with special addition: 6 (8.11%)
* Elements of w remaining: 67 (90.54%)
* Elements of w skipped: 0 (0.00%)
* Elements of w processed with special addition: 5 (13.89%)
* Elements of w remaining: 31 (86.11%)
* Elements of w skipped: 0 (0.00%)
* Elements of w processed with special addition: 3 (4.76%)
* Elements of w remaining: 60 (95.24%)
* G1 elements in proof: 2
* G2 elements in proof: 1
* Proof size in bits: 1019
* Elements of w skipped: 1 (1.35%)
* Elements of w processed with special addition: 6 (8.11%)
* Elements of w remaining: 67 (90.54%)
* Elements of w skipped: 0 (0.00%)
* Elements of w processed with special addition: 5 (13.89%)
* Elements of w remaining: 31 (86.11%)
* Elements of w skipped: 0 (0.00%)
* Elements of w processed with special addition: 3 (4.76%)
* Elements of w remaining: 60 (95.24%)
* G1 elements in proof: 2
* G2 elements in proof: 1
* Proof size in bits: 1019
* Elements of w skipped: 1 (1.35%)
* Elements of w processed with special addition: 6 (8.11%)
* Elements of w remaining: 67 (90.54%)
* Elements of w skipped: 0 (0.00%)
* Elements of w processed with special addition: 5 (13.89%)
* Elements of w remaining: 31 (86.11%)
* Elements of w skipped: 0 (0.00%)
* Elements of w processed with special addition: 3 (4.76%)
* Elements of w remaining: 60 (95.24%)
* G1 elements in proof: 2
* G2 elements in proof: 1
* Proof size in bits: 1019
* Elements of w skipped: 1 (1.35%)
* Elements of w processed with special addition: 6 (8.11%)
* Elements of w remaining: 67 (90.54%)
* Elements of w skipped: 0 (0.00%)
* Elements of w processed with special addition: 5 (13.89%)
* Elements of w remaining: 31 (86.11%)
* Elements of w skipped: 0 (0.00%)
* Elements of w processed with special addition: 3 (4.76%)
* Elements of w remaining: 60 (95.24%)
* G1 elements in proof: 2
* G2 elements in proof: 1
* Proof size in bits: 1019
* Elements of w skipped: 1 (1.35%)
* Elements of w processed with special addition: 6 (8.11%)
* Elements of w remaining: 67 (90.54%)
* Elements of w skipped: 0 (0.00%)
* Elements of w processed with special addition: 5 (13.89%)
* Elements of w remaining: 31 (86.11%)
* Elements of w skipped: 0 (0.00%)
* Elements of w processed with special addition: 3 (4.76%)
* Elements of w remaining: 60 (95.24%)
* G1 elements in proof: 2
* G2 elements in proof: 1
* Proof size in bits: 1019
* Elements of w skipped: 1 (1.35%)
* Elements of w processed with special addition: 6 (8.11%)
* Elements of w remaining: 67 (90.54%)
* Elements of w skipped: 0 (0.00%)
* Elements of w processed with special addition: 5 (13.89%)
* Elements of w remaining: 31 (86.11%)
* Elements of w skipped: 0 (0.00%)
* Elements of w processed with special addition: 3 (4.76%)
* Elements of w remaining: 60 (95.24%)
* G1 elements in proof: 2
* G2 elements in proof: 1
* Proof size in bits: 1019
  4       36          26.9          8.74          2.63          PASS      
* Composed C_8: 72 constraints, 145 variables, 10 inputs
* QAP number of variables: 145
* QAP pre degree: 72
* QAP degree: 96
* QAP number of input variables: 10
* G1 window: 6
* G2 window: 5
* G1 elements in PK: 523
* Non-zero G1 elements in PK: 449
* G2 elements in PK: 147
* Non-zero G2 elements in PK: 73
* PK size in bits: 156260
* G1 elements in VK: 10
* G2 elements in VK: 2
* GT elements in VK: 1
* VK size in bits: 4463
* Elements of w skipped: 1 (0.68%)
* Elements of w processed with special addition: 10 (6.85%)
* Elements of w remaining: 135 (92.47%)
* Elements of w skipped: 0 (0.00%)
* Elements of w processed with special addition: 9 (12.50%)
* Elements of w remaining: 63 (87.50%)
* Elements of w skipped: 0 (0.00%)
* Elements of w processed with special addition: 7 (5.19%)
* Elements of w remaining: 128 (94.81%)
* G1 elements in proof: 2
* G2 elements in proof: 1
* Proof size in bits: 1019
* Elements of w skipped: 1 (0.68%)
* Elements of w processed with special addition: 10 (6.85%)
* Elements of w remaining: 135 (92.47%)
* Elements of w skipped: 0 (0.00%)
* Elements of w processed with special addition: 9 (12.50%)
* Elements of w remaining: 63 (87.50%)
* Elements of w skipped: 0 (0.00%)
* Elements of w processed with special addition: 7 (5.19%)
* Elements of w remaining: 128 (94.81%)
* G1 elements in proof: 2
* G2 elements in proof: 1
* Proof size in bits: 1019
* Elements of w skipped: 1 (0.68%)
* Elements of w processed with special addition: 10 (6.85%)
* Elements of w remaining: 135 (92.47%)
* Elements of w skipped: 0 (0.00%)
* Elements of w processed with special addition: 9 (12.50%)
* Elements of w remaining: 63 (87.50%)
* Elements of w skipped: 0 (0.00%)
* Elements of w processed with special addition: 7 (5.19%)
* Elements of w remaining: 128 (94.81%)
* G1 elements in proof: 2
* G2 elements in proof: 1
* Proof size in bits: 1019
* Elements of w skipped: 1 (0.68%)
* Elements of w processed with special addition: 10 (6.85%)
* Elements of w remaining: 135 (92.47%)
* Elements of w skipped: 0 (0.00%)
* Elements of w processed with special addition: 9 (12.50%)
* Elements of w remaining: 63 (87.50%)
* Elements of w skipped: 0 (0.00%)
* Elements of w processed with special addition: 7 (5.19%)
* Elements of w remaining: 128 (94.81%)
* G1 elements in proof: 2
* G2 elements in proof: 1
* Proof size in bits: 1019
* Elements of w skipped: 1 (0.68%)
* Elements of w processed with special addition: 10 (6.85%)
* Elements of w remaining: 135 (92.47%)
* Elements of w skipped: 0 (0.00%)
* Elements of w processed with special addition: 9 (12.50%)
* Elements of w remaining: 63 (87.50%)
* Elements of w skipped: 0 (0.00%)
* Elements of w processed with special addition: 7 (5.19%)
* Elements of w remaining: 128 (94.81%)
* G1 elements in proof: 2
* G2 elements in proof: 1
* Proof size in bits: 1019
* Elements of w skipped: 1 (0.68%)
* Elements of w processed with special addition: 10 (6.85%)
* Elements of w remaining: 135 (92.47%)
* Elements of w skipped: 0 (0.00%)
* Elements of w processed with special addition: 9 (12.50%)
* Elements of w remaining: 63 (87.50%)
* Elements of w skipped: 0 (0.00%)
* Elements of w processed with special addition: 7 (5.19%)
* Elements of w remaining: 128 (94.81%)
* G1 elements in proof: 2
* G2 elements in proof: 1
* Proof size in bits: 1019
* Elements of w skipped: 1 (0.68%)
* Elements of w processed with special addition: 10 (6.85%)
* Elements of w remaining: 135 (92.47%)
* Elements of w skipped: 0 (0.00%)
* Elements of w processed with special addition: 9 (12.50%)
* Elements of w remaining: 63 (87.50%)
* Elements of w skipped: 0 (0.00%)
* Elements of w processed with special addition: 7 (5.19%)
* Elements of w remaining: 128 (94.81%)
* G1 elements in proof: 2
* G2 elements in proof: 1
* Proof size in bits: 1019
* Elements of w skipped: 1 (0.68%)
* Elements of w processed with special addition: 10 (6.85%)
* Elements of w remaining: 135 (92.47%)
* Elements of w skipped: 0 (0.00%)
* Elements of w processed with special addition: 9 (12.50%)
* Elements of w remaining: 63 (87.50%)
* Elements of w skipped: 0 (0.00%)
* Elements of w processed with special addition: 7 (5.19%)
* Elements of w remaining: 128 (94.81%)
* G1 elements in proof: 2
* G2 elements in proof: 1
* Proof size in bits: 1019
* Elements of w skipped: 1 (0.68%)
* Elements of w processed with special addition: 10 (6.85%)
* Elements of w remaining: 135 (92.47%)
* Elements of w skipped: 0 (0.00%)
* Elements of w processed with special addition: 9 (12.50%)
* Elements of w remaining: 63 (87.50%)
* Elements of w skipped: 0 (0.00%)
* Elements of w processed with special addition: 7 (5.19%)
* Elements of w remaining: 128 (94.81%)
* G1 elements in proof: 2
* G2 elements in proof: 1
* Proof size in bits: 1019
* Elements of w skipped: 1 (0.68%)
* Elements of w processed with special addition: 10 (6.85%)
* Elements of w remaining: 135 (92.47%)
* Elements of w skipped: 0 (0.00%)
* Elements of w processed with special addition: 9 (12.50%)
* Elements of w remaining: 63 (87.50%)
* Elements of w skipped: 0 (0.00%)
* Elements of w processed with special addition: 7 (5.19%)
* Elements of w remaining: 128 (94.81%)
* G1 elements in proof: 2
* G2 elements in proof: 1
* Proof size in bits: 1019
  8       72          40.7          14.30         2.60          PASS      
* Composed C_16: 144 constraints, 289 variables, 10 inputs
* QAP number of variables: 289
* QAP pre degree: 144
* QAP degree: 160
* QAP number of input variables: 10
* G1 window: 7
* G2 window: 5
* G1 elements in PK: 1019
* Non-zero G1 elements in PK: 873
* G2 elements in PK: 291
* Non-zero G2 elements in PK: 145
* PK size in bits: 305636
* G1 elements in VK: 10
* G2 elements in VK: 2
* GT elements in VK: 1
* VK size in bits: 4463
* Elements of w skipped: 1 (0.34%)
* Elements of w processed with special addition: 18 (6.21%)
* Elements of w remaining: 271 (93.45%)
* Elements of w skipped: 0 (0.00%)
* Elements of w processed with special addition: 17 (11.81%)
* Elements of w remaining: 127 (88.19%)
* Elements of w skipped: 0 (0.00%)
* Elements of w processed with special addition: 15 (5.38%)
* Elements of w remaining: 264 (94.62%)
* G1 elements in proof: 2
* G2 elements in proof: 1
* Proof size in bits: 1019
* Elements of w skipped: 1 (0.34%)
* Elements of w processed with special addition: 18 (6.21%)
* Elements of w remaining: 271 (93.45%)
* Elements of w skipped: 0 (0.00%)
* Elements of w processed with special addition: 17 (11.81%)
* Elements of w remaining: 127 (88.19%)
* Elements of w skipped: 0 (0.00%)
* Elements of w processed with special addition: 15 (5.38%)
* Elements of w remaining: 264 (94.62%)
* G1 elements in proof: 2
* G2 elements in proof: 1
* Proof size in bits: 1019
* Elements of w skipped: 1 (0.34%)
* Elements of w processed with special addition: 18 (6.21%)
* Elements of w remaining: 271 (93.45%)
* Elements of w skipped: 0 (0.00%)
* Elements of w processed with special addition: 17 (11.81%)
* Elements of w remaining: 127 (88.19%)
* Elements of w skipped: 0 (0.00%)
* Elements of w processed with special addition: 15 (5.38%)
* Elements of w remaining: 264 (94.62%)
* G1 elements in proof: 2
* G2 elements in proof: 1
* Proof size in bits: 1019
* Elements of w skipped: 1 (0.34%)
* Elements of w processed with special addition: 18 (6.21%)
* Elements of w remaining: 271 (93.45%)
* Elements of w skipped: 0 (0.00%)
* Elements of w processed with special addition: 17 (11.81%)
* Elements of w remaining: 127 (88.19%)
* Elements of w skipped: 0 (0.00%)
* Elements of w processed with special addition: 15 (5.38%)
* Elements of w remaining: 264 (94.62%)
* G1 elements in proof: 2
* G2 elements in proof: 1
* Proof size in bits: 1019
* Elements of w skipped: 1 (0.34%)
* Elements of w processed with special addition: 18 (6.21%)
* Elements of w remaining: 271 (93.45%)
* Elements of w skipped: 0 (0.00%)
* Elements of w processed with special addition: 17 (11.81%)
* Elements of w remaining: 127 (88.19%)
* Elements of w skipped: 0 (0.00%)
* Elements of w processed with special addition: 15 (5.38%)
* Elements of w remaining: 264 (94.62%)
* G1 elements in proof: 2
* G2 elements in proof: 1
* Proof size in bits: 1019
* Elements of w skipped: 1 (0.34%)
* Elements of w processed with special addition: 18 (6.21%)
* Elements of w remaining: 271 (93.45%)
* Elements of w skipped: 0 (0.00%)
* Elements of w processed with special addition: 17 (11.81%)
* Elements of w remaining: 127 (88.19%)
* Elements of w skipped: 0 (0.00%)
* Elements of w processed with special addition: 15 (5.38%)
* Elements of w remaining: 264 (94.62%)
* G1 elements in proof: 2
* G2 elements in proof: 1
* Proof size in bits: 1019
* Elements of w skipped: 1 (0.34%)
* Elements of w processed with special addition: 18 (6.21%)
* Elements of w remaining: 271 (93.45%)
* Elements of w skipped: 0 (0.00%)
* Elements of w processed with special addition: 17 (11.81%)
* Elements of w remaining: 127 (88.19%)
* Elements of w skipped: 0 (0.00%)
* Elements of w processed with special addition: 15 (5.38%)
* Elements of w remaining: 264 (94.62%)
* G1 elements in proof: 2
* G2 elements in proof: 1
* Proof size in bits: 1019
* Elements of w skipped: 1 (0.34%)
* Elements of w processed with special addition: 18 (6.21%)
* Elements of w remaining: 271 (93.45%)
* Elements of w skipped: 0 (0.00%)
* Elements of w processed with special addition: 17 (11.81%)
* Elements of w remaining: 127 (88.19%)
* Elements of w skipped: 0 (0.00%)
* Elements of w processed with special addition: 15 (5.38%)
* Elements of w remaining: 264 (94.62%)
* G1 elements in proof: 2
* G2 elements in proof: 1
* Proof size in bits: 1019
* Elements of w skipped: 1 (0.34%)
* Elements of w processed with special addition: 18 (6.21%)
* Elements of w remaining: 271 (93.45%)
* Elements of w skipped: 0 (0.00%)
* Elements of w processed with special addition: 17 (11.81%)
* Elements of w remaining: 127 (88.19%)
* Elements of w skipped: 0 (0.00%)
* Elements of w processed with special addition: 15 (5.38%)
* Elements of w remaining: 264 (94.62%)
* G1 elements in proof: 2
* G2 elements in proof: 1
* Proof size in bits: 1019
* Elements of w skipped: 1 (0.34%)
* Elements of w processed with special addition: 18 (6.21%)
* Elements of w remaining: 271 (93.45%)
* Elements of w skipped: 0 (0.00%)
* Elements of w processed with special addition: 17 (11.81%)
* Elements of w remaining: 127 (88.19%)
* Elements of w skipped: 0 (0.00%)
* Elements of w processed with special addition: 15 (5.38%)
* Elements of w remaining: 264 (94.62%)
* G1 elements in proof: 2
* G2 elements in proof: 1
* Proof size in bits: 1019
  16      144         69.3          21.13         2.71          PASS      

  Groth16 results written to /Users/heewonchung/Documents/00-Research/active/Updatable Verifiable Computation/Dev/results/2026-03-09_201110_iot/csv/groth16_results.csv

================================================================
All benchmarks complete.
================================================================
  Done in 2s

------------------------------------------------------------
  Running: [4/10] sensor_fusion K=8 B=64
  Command: bench_comparative --circuit sensor_fusion --n 8 --B 64 --output-dir /Users/heewonchung/Documents/00-Research/active/Updatable Verifiable Computation/Dev/results/2026-03-09_201110_iot/csv --reps 10
------------------------------------------------------------
================================================================
Comparative Benchmark: UVC vs Groth16
================================================================
  Circuit: sensor_fusion, n=8, B=64, reps=10
  Output: /Users/heewonchung/Documents/00-Research/active/Updatable Verifiable Computation/Dev/results/2026-03-09_201110_iot/csv/

================================================================
UVC Benchmark: circuit=sensor_fusion, n=8, B=64
================================================================
  Circuit: 9 constraints, 19 vars, state=1, transition=9

  [Setup] Generating CRS for B=64...
* UVC Setup: B=64, n=19, state=1, transition=9
* Composed C_64: 576 constraints, 1153 variables, 10 inputs
* QAP (C_B) variables: 1153, degree: 640, inputs: 10
* UVC max compositions (B): 64
* G1 elements in PK: 4091
* G2 elements in PK: 1155
* PK size in bits: 1279364
* H_query_full size: 639
* Step 2: 18 new wires (0 io, 18 wt)
* Step 3: 18 new wires (0 io, 18 wt)
* Step 4: 18 new wires (0 io, 18 wt)
* Step 5: 18 new wires (0 io, 18 wt)
* Step 6: 18 new wires (0 io, 18 wt)
* Step 7: 18 new wires (0 io, 18 wt)
* Step 8: 18 new wires (0 io, 18 wt)
* Step 9: 18 new wires (0 io, 18 wt)
* Step 10: 18 new wires (0 io, 18 wt)
* Step 11: 18 new wires (0 io, 18 wt)
* Step 12: 18 new wires (0 io, 18 wt)
* Step 13: 18 new wires (0 io, 18 wt)
* Step 14: 18 new wires (0 io, 18 wt)
* Step 15: 18 new wires (0 io, 18 wt)
* Step 16: 18 new wires (0 io, 18 wt)
* Step 17: 18 new wires (0 io, 18 wt)
* Step 18: 18 new wires (0 io, 18 wt)
* Step 19: 18 new wires (0 io, 18 wt)
* Step 20: 18 new wires (0 io, 18 wt)
* Step 21: 18 new wires (0 io, 18 wt)
* Step 22: 18 new wires (0 io, 18 wt)
* Step 23: 18 new wires (0 io, 18 wt)
* Step 24: 18 new wires (0 io, 18 wt)
* Step 25: 18 new wires (0 io, 18 wt)
* Step 26: 18 new wires (0 io, 18 wt)
* Step 27: 18 new wires (0 io, 18 wt)
* Step 28: 18 new wires (0 io, 18 wt)
* Step 29: 18 new wires (0 io, 18 wt)
* Step 30: 18 new wires (0 io, 18 wt)
* Step 31: 18 new wires (0 io, 18 wt)
* Step 32: 18 new wires (0 io, 18 wt)
* Step 33: 18 new wires (0 io, 18 wt)
* Step 34: 18 new wires (0 io, 18 wt)
* Step 35: 18 new wires (0 io, 18 wt)
* Step 36: 18 new wires (0 io, 18 wt)
* Step 37: 18 new wires (0 io, 18 wt)
* Step 38: 18 new wires (0 io, 18 wt)
* Step 39: 18 new wires (0 io, 18 wt)
* Step 40: 18 new wires (0 io, 18 wt)
* Step 41: 18 new wires (0 io, 18 wt)
* Step 42: 18 new wires (0 io, 18 wt)
* Step 43: 18 new wires (0 io, 18 wt)
* Step 44: 18 new wires (0 io, 18 wt)
* Step 45: 18 new wires (0 io, 18 wt)
* Step 46: 18 new wires (0 io, 18 wt)
* Step 47: 18 new wires (0 io, 18 wt)
* Step 48: 18 new wires (0 io, 18 wt)
* Step 49: 18 new wires (0 io, 18 wt)
* Step 50: 18 new wires (0 io, 18 wt)
* Step 51: 18 new wires (0 io, 18 wt)
* Step 52: 18 new wires (0 io, 18 wt)
* Step 53: 18 new wires (0 io, 18 wt)
* Step 54: 18 new wires (0 io, 18 wt)
* Step 55: 18 new wires (0 io, 18 wt)
* Step 56: 18 new wires (0 io, 18 wt)
* Step 57: 18 new wires (0 io, 18 wt)
* Step 58: 18 new wires (0 io, 18 wt)
* Step 59: 18 new wires (0 io, 18 wt)
* Step 60: 18 new wires (0 io, 18 wt)
* Step 61: 18 new wires (0 io, 18 wt)
* Step 62: 18 new wires (0 io, 18 wt)
* Step 63: 18 new wires (0 io, 18 wt)
* Step 64: 18 new wires (0 io, 18 wt)
* UVC VK: 64 max steps
* G2 elements in VK: 2
* GT elements in VK: 1
* gamma_ABC size: 10
  Setup: 209.8 ms, CRS: 5206 G1 + 2290 G2
  Building proof chain (steps 1..64)...
* UVC Prove step 1
* Elements of w skipped: 1 (5.00%)
* Elements of w processed with special addition: 3 (15.00%)
* Elements of w remaining: 16 (80.00%)
* Elements of w skipped: 1 (9.09%)
* Elements of w processed with special addition: 1 (9.09%)
* Elements of w remaining: 9 (81.82%)
* Elements of w skipped: 0 (0.00%)
* Elements of w processed with special addition: 0 (0.00%)
* Elements of w remaining: 9 (100.00%)
* UVC proof at step 1
* G1 elements in proof: 2
* G2 elements in proof: 1
* Proof size in bits: 1019
* Cached h poly size: 639
* UVC Prove step 2
* Elements of w skipped: 0 (0.00%)
* Elements of w processed with special addition: 1 (5.56%)
* Elements of w remaining: 17 (94.44%)
* Elements of w skipped: 0 (0.00%)
* Elements of w processed with special addition: 1 (10.00%)
* Elements of w remaining: 9 (90.00%)
* Elements of w skipped: 0 (0.00%)
* Elements of w processed with special addition: 1 (5.56%)
* Elements of w remaining: 17 (94.44%)
* UVC proof at step 2
* G1 elements in proof: 2
* G2 elements in proof: 1
* Proof size in bits: 1019
* Cached h poly size: 639
* UVC Prove step 3
* Elements of w skipped: 0 (0.00%)
* Elements of w processed with special addition: 1 (5.56%)
* Elements of w remaining: 17 (94.44%)
* Elements of w skipped: 0 (0.00%)
* Elements of w processed with special addition: 1 (10.00%)
* Elements of w remaining: 9 (90.00%)
* Elements of w skipped: 0 (0.00%)
* Elements of w processed with special addition: 1 (5.56%)
* Elements of w remaining: 17 (94.44%)
* UVC proof at step 3
* G1 elements in proof: 2
* G2 elements in proof: 1
* Proof size in bits: 1019
* Cached h poly size: 639
* UVC Prove step 4
* Elements of w skipped: 0 (0.00%)
* Elements of w processed with special addition: 1 (5.56%)
* Elements of w remaining: 17 (94.44%)
* Elements of w skipped: 0 (0.00%)
* Elements of w processed with special addition: 1 (10.00%)
* Elements of w remaining: 9 (90.00%)
* Elements of w skipped: 0 (0.00%)
* Elements of w processed with special addition: 1 (5.56%)
* Elements of w remaining: 17 (94.44%)
* UVC proof at step 4
* G1 elements in proof: 2
* G2 elements in proof: 1
* Proof size in bits: 1019
* Cached h poly size: 639
* UVC Prove step 5
* Elements of w skipped: 0 (0.00%)
* Elements of w processed with special addition: 1 (5.56%)
* Elements of w remaining: 17 (94.44%)
* Elements of w skipped: 0 (0.00%)
* Elements of w processed with special addition: 1 (10.00%)
* Elements of w remaining: 9 (90.00%)
* Elements of w skipped: 0 (0.00%)
* Elements of w processed with special addition: 1 (5.56%)
* Elements of w remaining: 17 (94.44%)
* UVC proof at step 5
* G1 elements in proof: 2
* G2 elements in proof: 1
* Proof size in bits: 1019
* Cached h poly size: 639
* UVC Prove step 6
* Elements of w skipped: 0 (0.00%)
* Elements of w processed with special addition: 1 (5.56%)
* Elements of w remaining: 17 (94.44%)
* Elements of w skipped: 0 (0.00%)
* Elements of w processed with special addition: 1 (10.00%)
* Elements of w remaining: 9 (90.00%)
* Elements of w skipped: 0 (0.00%)
* Elements of w processed with special addition: 1 (5.56%)
* Elements of w remaining: 17 (94.44%)
* UVC proof at step 6
* G1 elements in proof: 2
* G2 elements in proof: 1
* Proof size in bits: 1019
* Cached h poly size: 639
* UVC Prove step 7
* Elements of w skipped: 0 (0.00%)
* Elements of w processed with special addition: 1 (5.56%)
* Elements of w remaining: 17 (94.44%)
* Elements of w skipped: 0 (0.00%)
* Elements of w processed with special addition: 1 (10.00%)
* Elements of w remaining: 9 (90.00%)
* Elements of w skipped: 0 (0.00%)
* Elements of w processed with special addition: 1 (5.56%)
* Elements of w remaining: 17 (94.44%)
* UVC proof at step 7
* G1 elements in proof: 2
* G2 elements in proof: 1
* Proof size in bits: 1019
* Cached h poly size: 639
* UVC Prove step 8
* Elements of w skipped: 0 (0.00%)
* Elements of w processed with special addition: 1 (5.56%)
* Elements of w remaining: 17 (94.44%)
* Elements of w skipped: 0 (0.00%)
* Elements of w processed with special addition: 1 (10.00%)
* Elements of w remaining: 9 (90.00%)
* Elements of w skipped: 0 (0.00%)
* Elements of w processed with special addition: 1 (5.56%)
* Elements of w remaining: 17 (94.44%)
* UVC proof at step 8
* G1 elements in proof: 2
* G2 elements in proof: 1
* Proof size in bits: 1019
* Cached h poly size: 639
* UVC Prove step 9
* Elements of w skipped: 0 (0.00%)
* Elements of w processed with special addition: 1 (5.56%)
* Elements of w remaining: 17 (94.44%)
* Elements of w skipped: 0 (0.00%)
* Elements of w processed with special addition: 1 (10.00%)
* Elements of w remaining: 9 (90.00%)
* Elements of w skipped: 0 (0.00%)
* Elements of w processed with special addition: 1 (5.56%)
* Elements of w remaining: 17 (94.44%)
* UVC proof at step 9
* G1 elements in proof: 2
* G2 elements in proof: 1
* Proof size in bits: 1019
* Cached h poly size: 639
* UVC Prove step 10
* Elements of w skipped: 0 (0.00%)
* Elements of w processed with special addition: 1 (5.56%)
* Elements of w remaining: 17 (94.44%)
* Elements of w skipped: 0 (0.00%)
* Elements of w processed with special addition: 1 (10.00%)
* Elements of w remaining: 9 (90.00%)
* Elements of w skipped: 0 (0.00%)
* Elements of w processed with special addition: 1 (5.56%)
* Elements of w remaining: 17 (94.44%)
* UVC proof at step 10
* G1 elements in proof: 2
* G2 elements in proof: 1
* Proof size in bits: 1019
* Cached h poly size: 639
* UVC Prove step 11
* Elements of w skipped: 0 (0.00%)
* Elements of w processed with special addition: 1 (5.56%)
* Elements of w remaining: 17 (94.44%)
* Elements of w skipped: 0 (0.00%)
* Elements of w processed with special addition: 1 (10.00%)
* Elements of w remaining: 9 (90.00%)
* Elements of w skipped: 0 (0.00%)
* Elements of w processed with special addition: 1 (5.56%)
* Elements of w remaining: 17 (94.44%)
* UVC proof at step 11
* G1 elements in proof: 2
* G2 elements in proof: 1
* Proof size in bits: 1019
* Cached h poly size: 639
* UVC Prove step 12
* Elements of w skipped: 0 (0.00%)
* Elements of w processed with special addition: 1 (5.56%)
* Elements of w remaining: 17 (94.44%)
* Elements of w skipped: 0 (0.00%)
* Elements of w processed with special addition: 1 (10.00%)
* Elements of w remaining: 9 (90.00%)
* Elements of w skipped: 0 (0.00%)
* Elements of w processed with special addition: 1 (5.56%)
* Elements of w remaining: 17 (94.44%)
* UVC proof at step 12
* G1 elements in proof: 2
* G2 elements in proof: 1
* Proof size in bits: 1019
* Cached h poly size: 639
* UVC Prove step 13
* Elements of w skipped: 0 (0.00%)
* Elements of w processed with special addition: 1 (5.56%)
* Elements of w remaining: 17 (94.44%)
* Elements of w skipped: 0 (0.00%)
* Elements of w processed with special addition: 1 (10.00%)
* Elements of w remaining: 9 (90.00%)
* Elements of w skipped: 0 (0.00%)
* Elements of w processed with special addition: 1 (5.56%)
* Elements of w remaining: 17 (94.44%)
* UVC proof at step 13
* G1 elements in proof: 2
* G2 elements in proof: 1
* Proof size in bits: 1019
* Cached h poly size: 639
* UVC Prove step 14
* Elements of w skipped: 0 (0.00%)
* Elements of w processed with special addition: 1 (5.56%)
* Elements of w remaining: 17 (94.44%)
* Elements of w skipped: 0 (0.00%)
* Elements of w processed with special addition: 1 (10.00%)
* Elements of w remaining: 9 (90.00%)
* Elements of w skipped: 0 (0.00%)
* Elements of w processed with special addition: 1 (5.56%)
* Elements of w remaining: 17 (94.44%)
* UVC proof at step 14
* G1 elements in proof: 2
* G2 elements in proof: 1
* Proof size in bits: 1019
* Cached h poly size: 639
* UVC Prove step 15
* Elements of w skipped: 0 (0.00%)
* Elements of w processed with special addition: 1 (5.56%)
* Elements of w remaining: 17 (94.44%)
* Elements of w skipped: 0 (0.00%)
* Elements of w processed with special addition: 1 (10.00%)
* Elements of w remaining: 9 (90.00%)
* Elements of w skipped: 0 (0.00%)
* Elements of w processed with special addition: 1 (5.56%)
* Elements of w remaining: 17 (94.44%)
* UVC proof at step 15
* G1 elements in proof: 2
* G2 elements in proof: 1
* Proof size in bits: 1019
* Cached h poly size: 639
* UVC Prove step 16
* Elements of w skipped: 0 (0.00%)
* Elements of w processed with special addition: 1 (5.56%)
* Elements of w remaining: 17 (94.44%)
* Elements of w skipped: 0 (0.00%)
* Elements of w processed with special addition: 1 (10.00%)
* Elements of w remaining: 9 (90.00%)
* Elements of w skipped: 0 (0.00%)
* Elements of w processed with special addition: 1 (5.56%)
* Elements of w remaining: 17 (94.44%)
* UVC proof at step 16
* G1 elements in proof: 2
* G2 elements in proof: 1
* Proof size in bits: 1019
* Cached h poly size: 639
* UVC Prove step 17
* Elements of w skipped: 0 (0.00%)
* Elements of w processed with special addition: 1 (5.56%)
* Elements of w remaining: 17 (94.44%)
* Elements of w skipped: 0 (0.00%)
* Elements of w processed with special addition: 1 (10.00%)
* Elements of w remaining: 9 (90.00%)
* Elements of w skipped: 0 (0.00%)
* Elements of w processed with special addition: 1 (5.56%)
* Elements of w remaining: 17 (94.44%)
* UVC proof at step 17
* G1 elements in proof: 2
* G2 elements in proof: 1
* Proof size in bits: 1019
* Cached h poly size: 639
* UVC Prove step 18
* Elements of w skipped: 0 (0.00%)
* Elements of w processed with special addition: 1 (5.56%)
* Elements of w remaining: 17 (94.44%)
* Elements of w skipped: 0 (0.00%)
* Elements of w processed with special addition: 1 (10.00%)
* Elements of w remaining: 9 (90.00%)
* Elements of w skipped: 0 (0.00%)
* Elements of w processed with special addition: 1 (5.56%)
* Elements of w remaining: 17 (94.44%)
* UVC proof at step 18
* G1 elements in proof: 2
* G2 elements in proof: 1
* Proof size in bits: 1019
* Cached h poly size: 639
* UVC Prove step 19
* Elements of w skipped: 0 (0.00%)
* Elements of w processed with special addition: 1 (5.56%)
* Elements of w remaining: 17 (94.44%)
* Elements of w skipped: 0 (0.00%)
* Elements of w processed with special addition: 1 (10.00%)
* Elements of w remaining: 9 (90.00%)
* Elements of w skipped: 0 (0.00%)
* Elements of w processed with special addition: 1 (5.56%)
* Elements of w remaining: 17 (94.44%)
* UVC proof at step 19
* G1 elements in proof: 2
* G2 elements in proof: 1
* Proof size in bits: 1019
* Cached h poly size: 639
* UVC Prove step 20
* Elements of w skipped: 0 (0.00%)
* Elements of w processed with special addition: 1 (5.56%)
* Elements of w remaining: 17 (94.44%)
* Elements of w skipped: 0 (0.00%)
* Elements of w processed with special addition: 1 (10.00%)
* Elements of w remaining: 9 (90.00%)
* Elements of w skipped: 0 (0.00%)
* Elements of w processed with special addition: 1 (5.56%)
* Elements of w remaining: 17 (94.44%)
* UVC proof at step 20
* G1 elements in proof: 2
* G2 elements in proof: 1
* Proof size in bits: 1019
* Cached h poly size: 639
* UVC Prove step 21
* Elements of w skipped: 0 (0.00%)
* Elements of w processed with special addition: 1 (5.56%)
* Elements of w remaining: 17 (94.44%)
* Elements of w skipped: 0 (0.00%)
* Elements of w processed with special addition: 1 (10.00%)
* Elements of w remaining: 9 (90.00%)
* Elements of w skipped: 0 (0.00%)
* Elements of w processed with special addition: 1 (5.56%)
* Elements of w remaining: 17 (94.44%)
* UVC proof at step 21
* G1 elements in proof: 2
* G2 elements in proof: 1
* Proof size in bits: 1019
* Cached h poly size: 639
* UVC Prove step 22
* Elements of w skipped: 0 (0.00%)
* Elements of w processed with special addition: 1 (5.56%)
* Elements of w remaining: 17 (94.44%)
* Elements of w skipped: 0 (0.00%)
* Elements of w processed with special addition: 1 (10.00%)
* Elements of w remaining: 9 (90.00%)
* Elements of w skipped: 0 (0.00%)
* Elements of w processed with special addition: 1 (5.56%)
* Elements of w remaining: 17 (94.44%)
* UVC proof at step 22
* G1 elements in proof: 2
* G2 elements in proof: 1
* Proof size in bits: 1019
* Cached h poly size: 639
* UVC Prove step 23
* Elements of w skipped: 0 (0.00%)
* Elements of w processed with special addition: 1 (5.56%)
* Elements of w remaining: 17 (94.44%)
* Elements of w skipped: 0 (0.00%)
* Elements of w processed with special addition: 1 (10.00%)
* Elements of w remaining: 9 (90.00%)
* Elements of w skipped: 0 (0.00%)
* Elements of w processed with special addition: 1 (5.56%)
* Elements of w remaining: 17 (94.44%)
* UVC proof at step 23
* G1 elements in proof: 2
* G2 elements in proof: 1
* Proof size in bits: 1019
* Cached h poly size: 639
* UVC Prove step 24
* Elements of w skipped: 0 (0.00%)
* Elements of w processed with special addition: 1 (5.56%)
* Elements of w remaining: 17 (94.44%)
* Elements of w skipped: 0 (0.00%)
* Elements of w processed with special addition: 1 (10.00%)
* Elements of w remaining: 9 (90.00%)
* Elements of w skipped: 0 (0.00%)
* Elements of w processed with special addition: 1 (5.56%)
* Elements of w remaining: 17 (94.44%)
* UVC proof at step 24
* G1 elements in proof: 2
* G2 elements in proof: 1
* Proof size in bits: 1019
* Cached h poly size: 639
* UVC Prove step 25
* Elements of w skipped: 0 (0.00%)
* Elements of w processed with special addition: 1 (5.56%)
* Elements of w remaining: 17 (94.44%)
* Elements of w skipped: 0 (0.00%)
* Elements of w processed with special addition: 1 (10.00%)
* Elements of w remaining: 9 (90.00%)
* Elements of w skipped: 0 (0.00%)
* Elements of w processed with special addition: 1 (5.56%)
* Elements of w remaining: 17 (94.44%)
* UVC proof at step 25
* G1 elements in proof: 2
* G2 elements in proof: 1
* Proof size in bits: 1019
* Cached h poly size: 639
* UVC Prove step 26
* Elements of w skipped: 0 (0.00%)
* Elements of w processed with special addition: 1 (5.56%)
* Elements of w remaining: 17 (94.44%)
* Elements of w skipped: 0 (0.00%)
* Elements of w processed with special addition: 1 (10.00%)
* Elements of w remaining: 9 (90.00%)
* Elements of w skipped: 0 (0.00%)
* Elements of w processed with special addition: 1 (5.56%)
* Elements of w remaining: 17 (94.44%)
* UVC proof at step 26
* G1 elements in proof: 2
* G2 elements in proof: 1
* Proof size in bits: 1019
* Cached h poly size: 639
* UVC Prove step 27
* Elements of w skipped: 0 (0.00%)
* Elements of w processed with special addition: 1 (5.56%)
* Elements of w remaining: 17 (94.44%)
* Elements of w skipped: 0 (0.00%)
* Elements of w processed with special addition: 1 (10.00%)
* Elements of w remaining: 9 (90.00%)
* Elements of w skipped: 0 (0.00%)
* Elements of w processed with special addition: 1 (5.56%)
* Elements of w remaining: 17 (94.44%)
* UVC proof at step 27
* G1 elements in proof: 2
* G2 elements in proof: 1
* Proof size in bits: 1019
* Cached h poly size: 639
* UVC Prove step 28
* Elements of w skipped: 0 (0.00%)
* Elements of w processed with special addition: 1 (5.56%)
* Elements of w remaining: 17 (94.44%)
* Elements of w skipped: 0 (0.00%)
* Elements of w processed with special addition: 1 (10.00%)
* Elements of w remaining: 9 (90.00%)
* Elements of w skipped: 0 (0.00%)
* Elements of w processed with special addition: 1 (5.56%)
* Elements of w remaining: 17 (94.44%)
* UVC proof at step 28
* G1 elements in proof: 2
* G2 elements in proof: 1
* Proof size in bits: 1019
* Cached h poly size: 639
* UVC Prove step 29
* Elements of w skipped: 0 (0.00%)
* Elements of w processed with special addition: 1 (5.56%)
* Elements of w remaining: 17 (94.44%)
* Elements of w skipped: 0 (0.00%)
* Elements of w processed with special addition: 1 (10.00%)
* Elements of w remaining: 9 (90.00%)
* Elements of w skipped: 0 (0.00%)
* Elements of w processed with special addition: 1 (5.56%)
* Elements of w remaining: 17 (94.44%)
* UVC proof at step 29
* G1 elements in proof: 2
* G2 elements in proof: 1
* Proof size in bits: 1019
* Cached h poly size: 639
* UVC Prove step 30
* Elements of w skipped: 0 (0.00%)
* Elements of w processed with special addition: 1 (5.56%)
* Elements of w remaining: 17 (94.44%)
* Elements of w skipped: 0 (0.00%)
* Elements of w processed with special addition: 1 (10.00%)
* Elements of w remaining: 9 (90.00%)
* Elements of w skipped: 0 (0.00%)
* Elements of w processed with special addition: 1 (5.56%)
* Elements of w remaining: 17 (94.44%)
* UVC proof at step 30
* G1 elements in proof: 2
* G2 elements in proof: 1
* Proof size in bits: 1019
* Cached h poly size: 639
* UVC Prove step 31
* Elements of w skipped: 0 (0.00%)
* Elements of w processed with special addition: 1 (5.56%)
* Elements of w remaining: 17 (94.44%)
* Elements of w skipped: 0 (0.00%)
* Elements of w processed with special addition: 1 (10.00%)
* Elements of w remaining: 9 (90.00%)
* Elements of w skipped: 0 (0.00%)
* Elements of w processed with special addition: 1 (5.56%)
* Elements of w remaining: 17 (94.44%)
* UVC proof at step 31
* G1 elements in proof: 2
* G2 elements in proof: 1
* Proof size in bits: 1019
* Cached h poly size: 639
* UVC Prove step 32
* Elements of w skipped: 0 (0.00%)
* Elements of w processed with special addition: 1 (5.56%)
* Elements of w remaining: 17 (94.44%)
* Elements of w skipped: 0 (0.00%)
* Elements of w processed with special addition: 1 (10.00%)
* Elements of w remaining: 9 (90.00%)
* Elements of w skipped: 0 (0.00%)
* Elements of w processed with special addition: 1 (5.56%)
* Elements of w remaining: 17 (94.44%)
* UVC proof at step 32
* G1 elements in proof: 2
* G2 elements in proof: 1
* Proof size in bits: 1019
* Cached h poly size: 639
* UVC Prove step 33
* Elements of w skipped: 0 (0.00%)
* Elements of w processed with special addition: 1 (5.56%)
* Elements of w remaining: 17 (94.44%)
* Elements of w skipped: 0 (0.00%)
* Elements of w processed with special addition: 1 (10.00%)
* Elements of w remaining: 9 (90.00%)
* Elements of w skipped: 0 (0.00%)
* Elements of w processed with special addition: 1 (5.56%)
* Elements of w remaining: 17 (94.44%)
* UVC proof at step 33
* G1 elements in proof: 2
* G2 elements in proof: 1
* Proof size in bits: 1019
* Cached h poly size: 639
* UVC Prove step 34
* Elements of w skipped: 0 (0.00%)
* Elements of w processed with special addition: 1 (5.56%)
* Elements of w remaining: 17 (94.44%)
* Elements of w skipped: 0 (0.00%)
* Elements of w processed with special addition: 1 (10.00%)
* Elements of w remaining: 9 (90.00%)
* Elements of w skipped: 0 (0.00%)
* Elements of w processed with special addition: 1 (5.56%)
* Elements of w remaining: 17 (94.44%)
* UVC proof at step 34
* G1 elements in proof: 2
* G2 elements in proof: 1
* Proof size in bits: 1019
* Cached h poly size: 639
* UVC Prove step 35
* Elements of w skipped: 0 (0.00%)
* Elements of w processed with special addition: 1 (5.56%)
* Elements of w remaining: 17 (94.44%)
* Elements of w skipped: 0 (0.00%)
* Elements of w processed with special addition: 1 (10.00%)
* Elements of w remaining: 9 (90.00%)
* Elements of w skipped: 0 (0.00%)
* Elements of w processed with special addition: 1 (5.56%)
* Elements of w remaining: 17 (94.44%)
* UVC proof at step 35
* G1 elements in proof: 2
* G2 elements in proof: 1
* Proof size in bits: 1019
* Cached h poly size: 639
* UVC Prove step 36
* Elements of w skipped: 0 (0.00%)
* Elements of w processed with special addition: 1 (5.56%)
* Elements of w remaining: 17 (94.44%)
* Elements of w skipped: 0 (0.00%)
* Elements of w processed with special addition: 1 (10.00%)
* Elements of w remaining: 9 (90.00%)
* Elements of w skipped: 0 (0.00%)
* Elements of w processed with special addition: 1 (5.56%)
* Elements of w remaining: 17 (94.44%)
* UVC proof at step 36
* G1 elements in proof: 2
* G2 elements in proof: 1
* Proof size in bits: 1019
* Cached h poly size: 639
* UVC Prove step 37
* Elements of w skipped: 0 (0.00%)
* Elements of w processed with special addition: 1 (5.56%)
* Elements of w remaining: 17 (94.44%)
* Elements of w skipped: 0 (0.00%)
* Elements of w processed with special addition: 1 (10.00%)
* Elements of w remaining: 9 (90.00%)
* Elements of w skipped: 0 (0.00%)
* Elements of w processed with special addition: 1 (5.56%)
* Elements of w remaining: 17 (94.44%)
* UVC proof at step 37
* G1 elements in proof: 2
* G2 elements in proof: 1
* Proof size in bits: 1019
* Cached h poly size: 639
* UVC Prove step 38
* Elements of w skipped: 0 (0.00%)
* Elements of w processed with special addition: 1 (5.56%)
* Elements of w remaining: 17 (94.44%)
* Elements of w skipped: 0 (0.00%)
* Elements of w processed with special addition: 1 (10.00%)
* Elements of w remaining: 9 (90.00%)
* Elements of w skipped: 0 (0.00%)
* Elements of w processed with special addition: 1 (5.56%)
* Elements of w remaining: 17 (94.44%)
* UVC proof at step 38
* G1 elements in proof: 2
* G2 elements in proof: 1
* Proof size in bits: 1019
* Cached h poly size: 639
* UVC Prove step 39
* Elements of w skipped: 0 (0.00%)
* Elements of w processed with special addition: 1 (5.56%)
* Elements of w remaining: 17 (94.44%)
* Elements of w skipped: 0 (0.00%)
* Elements of w processed with special addition: 1 (10.00%)
* Elements of w remaining: 9 (90.00%)
* Elements of w skipped: 0 (0.00%)
* Elements of w processed with special addition: 1 (5.56%)
* Elements of w remaining: 17 (94.44%)
* UVC proof at step 39
* G1 elements in proof: 2
* G2 elements in proof: 1
* Proof size in bits: 1019
* Cached h poly size: 639
* UVC Prove step 40
* Elements of w skipped: 0 (0.00%)
* Elements of w processed with special addition: 1 (5.56%)
* Elements of w remaining: 17 (94.44%)
* Elements of w skipped: 0 (0.00%)
* Elements of w processed with special addition: 1 (10.00%)
* Elements of w remaining: 9 (90.00%)
* Elements of w skipped: 0 (0.00%)
* Elements of w processed with special addition: 1 (5.56%)
* Elements of w remaining: 17 (94.44%)
* UVC proof at step 40
* G1 elements in proof: 2
* G2 elements in proof: 1
* Proof size in bits: 1019
* Cached h poly size: 639
* UVC Prove step 41
* Elements of w skipped: 0 (0.00%)
* Elements of w processed with special addition: 1 (5.56%)
* Elements of w remaining: 17 (94.44%)
* Elements of w skipped: 0 (0.00%)
* Elements of w processed with special addition: 1 (10.00%)
* Elements of w remaining: 9 (90.00%)
* Elements of w skipped: 0 (0.00%)
* Elements of w processed with special addition: 1 (5.56%)
* Elements of w remaining: 17 (94.44%)
* UVC proof at step 41
* G1 elements in proof: 2
* G2 elements in proof: 1
* Proof size in bits: 1019
* Cached h poly size: 639
* UVC Prove step 42
* Elements of w skipped: 0 (0.00%)
* Elements of w processed with special addition: 1 (5.56%)
* Elements of w remaining: 17 (94.44%)
* Elements of w skipped: 0 (0.00%)
* Elements of w processed with special addition: 1 (10.00%)
* Elements of w remaining: 9 (90.00%)
* Elements of w skipped: 0 (0.00%)
* Elements of w processed with special addition: 1 (5.56%)
* Elements of w remaining: 17 (94.44%)
* UVC proof at step 42
* G1 elements in proof: 2
* G2 elements in proof: 1
* Proof size in bits: 1019
* Cached h poly size: 639
* UVC Prove step 43
* Elements of w skipped: 0 (0.00%)
* Elements of w processed with special addition: 1 (5.56%)
* Elements of w remaining: 17 (94.44%)
* Elements of w skipped: 0 (0.00%)
* Elements of w processed with special addition: 1 (10.00%)
* Elements of w remaining: 9 (90.00%)
* Elements of w skipped: 0 (0.00%)
* Elements of w processed with special addition: 1 (5.56%)
* Elements of w remaining: 17 (94.44%)
* UVC proof at step 43
* G1 elements in proof: 2
* G2 elements in proof: 1
* Proof size in bits: 1019
* Cached h poly size: 639
* UVC Prove step 44
* Elements of w skipped: 0 (0.00%)
* Elements of w processed with special addition: 1 (5.56%)
* Elements of w remaining: 17 (94.44%)
* Elements of w skipped: 0 (0.00%)
* Elements of w processed with special addition: 1 (10.00%)
* Elements of w remaining: 9 (90.00%)
* Elements of w skipped: 0 (0.00%)
* Elements of w processed with special addition: 1 (5.56%)
* Elements of w remaining: 17 (94.44%)
* UVC proof at step 44
* G1 elements in proof: 2
* G2 elements in proof: 1
* Proof size in bits: 1019
* Cached h poly size: 639
* UVC Prove step 45
* Elements of w skipped: 0 (0.00%)
* Elements of w processed with special addition: 1 (5.56%)
* Elements of w remaining: 17 (94.44%)
* Elements of w skipped: 0 (0.00%)
* Elements of w processed with special addition: 1 (10.00%)
* Elements of w remaining: 9 (90.00%)
* Elements of w skipped: 0 (0.00%)
* Elements of w processed with special addition: 1 (5.56%)
* Elements of w remaining: 17 (94.44%)
* UVC proof at step 45
* G1 elements in proof: 2
* G2 elements in proof: 1
* Proof size in bits: 1019
* Cached h poly size: 639
* UVC Prove step 46
* Elements of w skipped: 0 (0.00%)
* Elements of w processed with special addition: 1 (5.56%)
* Elements of w remaining: 17 (94.44%)
* Elements of w skipped: 0 (0.00%)
* Elements of w processed with special addition: 1 (10.00%)
* Elements of w remaining: 9 (90.00%)
* Elements of w skipped: 0 (0.00%)
* Elements of w processed with special addition: 1 (5.56%)
* Elements of w remaining: 17 (94.44%)
* UVC proof at step 46
* G1 elements in proof: 2
* G2 elements in proof: 1
* Proof size in bits: 1019
* Cached h poly size: 639
* UVC Prove step 47
* Elements of w skipped: 0 (0.00%)
* Elements of w processed with special addition: 1 (5.56%)
* Elements of w remaining: 17 (94.44%)
* Elements of w skipped: 0 (0.00%)
* Elements of w processed with special addition: 1 (10.00%)
* Elements of w remaining: 9 (90.00%)
* Elements of w skipped: 0 (0.00%)
* Elements of w processed with special addition: 1 (5.56%)
* Elements of w remaining: 17 (94.44%)
* UVC proof at step 47
* G1 elements in proof: 2
* G2 elements in proof: 1
* Proof size in bits: 1019
* Cached h poly size: 639
* UVC Prove step 48
* Elements of w skipped: 0 (0.00%)
* Elements of w processed with special addition: 1 (5.56%)
* Elements of w remaining: 17 (94.44%)
* Elements of w skipped: 0 (0.00%)
* Elements of w processed with special addition: 1 (10.00%)
* Elements of w remaining: 9 (90.00%)
* Elements of w skipped: 0 (0.00%)
* Elements of w processed with special addition: 1 (5.56%)
* Elements of w remaining: 17 (94.44%)
* UVC proof at step 48
* G1 elements in proof: 2
* G2 elements in proof: 1
* Proof size in bits: 1019
* Cached h poly size: 639
* UVC Prove step 49
* Elements of w skipped: 0 (0.00%)
* Elements of w processed with special addition: 1 (5.56%)
* Elements of w remaining: 17 (94.44%)
* Elements of w skipped: 0 (0.00%)
* Elements of w processed with special addition: 1 (10.00%)
* Elements of w remaining: 9 (90.00%)
* Elements of w skipped: 0 (0.00%)
* Elements of w processed with special addition: 1 (5.56%)
* Elements of w remaining: 17 (94.44%)
* UVC proof at step 49
* G1 elements in proof: 2
* G2 elements in proof: 1
* Proof size in bits: 1019
* Cached h poly size: 639
* UVC Prove step 50
* Elements of w skipped: 0 (0.00%)
* Elements of w processed with special addition: 1 (5.56%)
* Elements of w remaining: 17 (94.44%)
* Elements of w skipped: 0 (0.00%)
* Elements of w processed with special addition: 1 (10.00%)
* Elements of w remaining: 9 (90.00%)
* Elements of w skipped: 0 (0.00%)
* Elements of w processed with special addition: 1 (5.56%)
* Elements of w remaining: 17 (94.44%)
* UVC proof at step 50
* G1 elements in proof: 2
* G2 elements in proof: 1
* Proof size in bits: 1019
* Cached h poly size: 639
* UVC Prove step 51
* Elements of w skipped: 0 (0.00%)
* Elements of w processed with special addition: 1 (5.56%)
* Elements of w remaining: 17 (94.44%)
* Elements of w skipped: 0 (0.00%)
* Elements of w processed with special addition: 1 (10.00%)
* Elements of w remaining: 9 (90.00%)
* Elements of w skipped: 0 (0.00%)
* Elements of w processed with special addition: 1 (5.56%)
* Elements of w remaining: 17 (94.44%)
* UVC proof at step 51
* G1 elements in proof: 2
* G2 elements in proof: 1
* Proof size in bits: 1019
* Cached h poly size: 639
* UVC Prove step 52
* Elements of w skipped: 0 (0.00%)
* Elements of w processed with special addition: 1 (5.56%)
* Elements of w remaining: 17 (94.44%)
* Elements of w skipped: 0 (0.00%)
* Elements of w processed with special addition: 1 (10.00%)
* Elements of w remaining: 9 (90.00%)
* Elements of w skipped: 0 (0.00%)
* Elements of w processed with special addition: 1 (5.56%)
* Elements of w remaining: 17 (94.44%)
* UVC proof at step 52
* G1 elements in proof: 2
* G2 elements in proof: 1
* Proof size in bits: 1019
* Cached h poly size: 639
* UVC Prove step 53
* Elements of w skipped: 0 (0.00%)
* Elements of w processed with special addition: 1 (5.56%)
* Elements of w remaining: 17 (94.44%)
* Elements of w skipped: 0 (0.00%)
* Elements of w processed with special addition: 1 (10.00%)
* Elements of w remaining: 9 (90.00%)
* Elements of w skipped: 0 (0.00%)
* Elements of w processed with special addition: 1 (5.56%)
* Elements of w remaining: 17 (94.44%)
* UVC proof at step 53
* G1 elements in proof: 2
* G2 elements in proof: 1
* Proof size in bits: 1019
* Cached h poly size: 639
* UVC Prove step 54
* Elements of w skipped: 0 (0.00%)
* Elements of w processed with special addition: 1 (5.56%)
* Elements of w remaining: 17 (94.44%)
* Elements of w skipped: 0 (0.00%)
* Elements of w processed with special addition: 1 (10.00%)
* Elements of w remaining: 9 (90.00%)
* Elements of w skipped: 0 (0.00%)
* Elements of w processed with special addition: 1 (5.56%)
* Elements of w remaining: 17 (94.44%)
* UVC proof at step 54
* G1 elements in proof: 2
* G2 elements in proof: 1
* Proof size in bits: 1019
* Cached h poly size: 639
* UVC Prove step 55
* Elements of w skipped: 0 (0.00%)
* Elements of w processed with special addition: 1 (5.56%)
* Elements of w remaining: 17 (94.44%)
* Elements of w skipped: 0 (0.00%)
* Elements of w processed with special addition: 1 (10.00%)
* Elements of w remaining: 9 (90.00%)
* Elements of w skipped: 0 (0.00%)
* Elements of w processed with special addition: 1 (5.56%)
* Elements of w remaining: 17 (94.44%)
* UVC proof at step 55
* G1 elements in proof: 2
* G2 elements in proof: 1
* Proof size in bits: 1019
* Cached h poly size: 639
* UVC Prove step 56
* Elements of w skipped: 0 (0.00%)
* Elements of w processed with special addition: 1 (5.56%)
* Elements of w remaining: 17 (94.44%)
* Elements of w skipped: 0 (0.00%)
* Elements of w processed with special addition: 1 (10.00%)
* Elements of w remaining: 9 (90.00%)
* Elements of w skipped: 0 (0.00%)
* Elements of w processed with special addition: 1 (5.56%)
* Elements of w remaining: 17 (94.44%)
* UVC proof at step 56
* G1 elements in proof: 2
* G2 elements in proof: 1
* Proof size in bits: 1019
* Cached h poly size: 639
* UVC Prove step 57
* Elements of w skipped: 0 (0.00%)
* Elements of w processed with special addition: 1 (5.56%)
* Elements of w remaining: 17 (94.44%)
* Elements of w skipped: 0 (0.00%)
* Elements of w processed with special addition: 1 (10.00%)
* Elements of w remaining: 9 (90.00%)
* Elements of w skipped: 0 (0.00%)
* Elements of w processed with special addition: 1 (5.56%)
* Elements of w remaining: 17 (94.44%)
* UVC proof at step 57
* G1 elements in proof: 2
* G2 elements in proof: 1
* Proof size in bits: 1019
* Cached h poly size: 639
* UVC Prove step 58
* Elements of w skipped: 0 (0.00%)
* Elements of w processed with special addition: 1 (5.56%)
* Elements of w remaining: 17 (94.44%)
* Elements of w skipped: 0 (0.00%)
* Elements of w processed with special addition: 1 (10.00%)
* Elements of w remaining: 9 (90.00%)
* Elements of w skipped: 0 (0.00%)
* Elements of w processed with special addition: 1 (5.56%)
* Elements of w remaining: 17 (94.44%)
* UVC proof at step 58
* G1 elements in proof: 2
* G2 elements in proof: 1
* Proof size in bits: 1019
* Cached h poly size: 639
* UVC Prove step 59
* Elements of w skipped: 0 (0.00%)
* Elements of w processed with special addition: 1 (5.56%)
* Elements of w remaining: 17 (94.44%)
* Elements of w skipped: 0 (0.00%)
* Elements of w processed with special addition: 1 (10.00%)
* Elements of w remaining: 9 (90.00%)
* Elements of w skipped: 0 (0.00%)
* Elements of w processed with special addition: 1 (5.56%)
* Elements of w remaining: 17 (94.44%)
* UVC proof at step 59
* G1 elements in proof: 2
* G2 elements in proof: 1
* Proof size in bits: 1019
* Cached h poly size: 639
* UVC Prove step 60
* Elements of w skipped: 0 (0.00%)
* Elements of w processed with special addition: 1 (5.56%)
* Elements of w remaining: 17 (94.44%)
* Elements of w skipped: 0 (0.00%)
* Elements of w processed with special addition: 1 (10.00%)
* Elements of w remaining: 9 (90.00%)
* Elements of w skipped: 0 (0.00%)
* Elements of w processed with special addition: 1 (5.56%)
* Elements of w remaining: 17 (94.44%)
* UVC proof at step 60
* G1 elements in proof: 2
* G2 elements in proof: 1
* Proof size in bits: 1019
* Cached h poly size: 639
* UVC Prove step 61
* Elements of w skipped: 0 (0.00%)
* Elements of w processed with special addition: 1 (5.56%)
* Elements of w remaining: 17 (94.44%)
* Elements of w skipped: 0 (0.00%)
* Elements of w processed with special addition: 1 (10.00%)
* Elements of w remaining: 9 (90.00%)
* Elements of w skipped: 0 (0.00%)
* Elements of w processed with special addition: 1 (5.56%)
* Elements of w remaining: 17 (94.44%)
* UVC proof at step 61
* G1 elements in proof: 2
* G2 elements in proof: 1
* Proof size in bits: 1019
* Cached h poly size: 639
* UVC Prove step 62
* Elements of w skipped: 0 (0.00%)
* Elements of w processed with special addition: 1 (5.56%)
* Elements of w remaining: 17 (94.44%)
* Elements of w skipped: 0 (0.00%)
* Elements of w processed with special addition: 1 (10.00%)
* Elements of w remaining: 9 (90.00%)
* Elements of w skipped: 0 (0.00%)
* Elements of w processed with special addition: 1 (5.56%)
* Elements of w remaining: 17 (94.44%)
* UVC proof at step 62
* G1 elements in proof: 2
* G2 elements in proof: 1
* Proof size in bits: 1019
* Cached h poly size: 639
* UVC Prove step 63
* Elements of w skipped: 0 (0.00%)
* Elements of w processed with special addition: 1 (5.56%)
* Elements of w remaining: 17 (94.44%)
* Elements of w skipped: 0 (0.00%)
* Elements of w processed with special addition: 1 (10.00%)
* Elements of w remaining: 9 (90.00%)
* Elements of w skipped: 0 (0.00%)
* Elements of w processed with special addition: 1 (5.56%)
* Elements of w remaining: 17 (94.44%)
* UVC proof at step 63
* G1 elements in proof: 2
* G2 elements in proof: 1
* Proof size in bits: 1019
* Cached h poly size: 639
* UVC Prove step 64
* Elements of w skipped: 0 (0.00%)
* Elements of w processed with special addition: 1 (5.56%)
* Elements of w remaining: 17 (94.44%)
* Elements of w skipped: 0 (0.00%)
* Elements of w processed with special addition: 1 (11.11%)
* Elements of w remaining: 8 (88.89%)
* Elements of w skipped: 0 (0.00%)
* Elements of w processed with special addition: 1 (5.56%)
* Elements of w remaining: 17 (94.44%)
* UVC proof at step 64
* G1 elements in proof: 2
* G2 elements in proof: 1
* Proof size in bits: 1019
* Cached h poly size: 639

  Step    Prove (ms)    Verify (ms)   Proof bits    Verified  
  ------  ------------  ------------  ------------  ----------
* UVC Prove step 1
* Elements of w skipped: 1 (5.00%)
* Elements of w processed with special addition: 3 (15.00%)
* Elements of w remaining: 16 (80.00%)
* Elements of w skipped: 1 (9.09%)
* Elements of w processed with special addition: 1 (9.09%)
* Elements of w remaining: 9 (81.82%)
* Elements of w skipped: 0 (0.00%)
* Elements of w processed with special addition: 0 (0.00%)
* Elements of w remaining: 9 (100.00%)
* UVC proof at step 1
* G1 elements in proof: 2
* G2 elements in proof: 1
* Proof size in bits: 1019
* Cached h poly size: 639
* UVC Prove step 1
* Elements of w skipped: 1 (5.00%)
* Elements of w processed with special addition: 3 (15.00%)
* Elements of w remaining: 16 (80.00%)
* Elements of w skipped: 1 (9.09%)
* Elements of w processed with special addition: 1 (9.09%)
* Elements of w remaining: 9 (81.82%)
* Elements of w skipped: 0 (0.00%)
* Elements of w processed with special addition: 0 (0.00%)
* Elements of w remaining: 9 (100.00%)
* UVC proof at step 1
* G1 elements in proof: 2
* G2 elements in proof: 1
* Proof size in bits: 1019
* Cached h poly size: 639
* UVC Prove step 1
* Elements of w skipped: 1 (5.00%)
* Elements of w processed with special addition: 3 (15.00%)
* Elements of w remaining: 16 (80.00%)
* Elements of w skipped: 1 (9.09%)
* Elements of w processed with special addition: 1 (9.09%)
* Elements of w remaining: 9 (81.82%)
* Elements of w skipped: 0 (0.00%)
* Elements of w processed with special addition: 0 (0.00%)
* Elements of w remaining: 9 (100.00%)
* UVC proof at step 1
* G1 elements in proof: 2
* G2 elements in proof: 1
* Proof size in bits: 1019
* Cached h poly size: 639
* UVC Prove step 1
* Elements of w skipped: 1 (5.00%)
* Elements of w processed with special addition: 3 (15.00%)
* Elements of w remaining: 16 (80.00%)
* Elements of w skipped: 1 (9.09%)
* Elements of w processed with special addition: 1 (9.09%)
* Elements of w remaining: 9 (81.82%)
* Elements of w skipped: 0 (0.00%)
* Elements of w processed with special addition: 0 (0.00%)
* Elements of w remaining: 9 (100.00%)
* UVC proof at step 1
* G1 elements in proof: 2
* G2 elements in proof: 1
* Proof size in bits: 1019
* Cached h poly size: 639
* UVC Prove step 1
* Elements of w skipped: 1 (5.00%)
* Elements of w processed with special addition: 3 (15.00%)
* Elements of w remaining: 16 (80.00%)
* Elements of w skipped: 1 (9.09%)
* Elements of w processed with special addition: 1 (9.09%)
* Elements of w remaining: 9 (81.82%)
* Elements of w skipped: 0 (0.00%)
* Elements of w processed with special addition: 0 (0.00%)
* Elements of w remaining: 9 (100.00%)
* UVC proof at step 1
* G1 elements in proof: 2
* G2 elements in proof: 1
* Proof size in bits: 1019
* Cached h poly size: 639
* UVC Prove step 1
* Elements of w skipped: 1 (5.00%)
* Elements of w processed with special addition: 3 (15.00%)
* Elements of w remaining: 16 (80.00%)
* Elements of w skipped: 1 (9.09%)
* Elements of w processed with special addition: 1 (9.09%)
* Elements of w remaining: 9 (81.82%)
* Elements of w skipped: 0 (0.00%)
* Elements of w processed with special addition: 0 (0.00%)
* Elements of w remaining: 9 (100.00%)
* UVC proof at step 1
* G1 elements in proof: 2
* G2 elements in proof: 1
* Proof size in bits: 1019
* Cached h poly size: 639
* UVC Prove step 1
* Elements of w skipped: 1 (5.00%)
* Elements of w processed with special addition: 3 (15.00%)
* Elements of w remaining: 16 (80.00%)
* Elements of w skipped: 1 (9.09%)
* Elements of w processed with special addition: 1 (9.09%)
* Elements of w remaining: 9 (81.82%)
* Elements of w skipped: 0 (0.00%)
* Elements of w processed with special addition: 0 (0.00%)
* Elements of w remaining: 9 (100.00%)
* UVC proof at step 1
* G1 elements in proof: 2
* G2 elements in proof: 1
* Proof size in bits: 1019
* Cached h poly size: 639
* UVC Prove step 1
* Elements of w skipped: 1 (5.00%)
* Elements of w processed with special addition: 3 (15.00%)
* Elements of w remaining: 16 (80.00%)
* Elements of w skipped: 1 (9.09%)
* Elements of w processed with special addition: 1 (9.09%)
* Elements of w remaining: 9 (81.82%)
* Elements of w skipped: 0 (0.00%)
* Elements of w processed with special addition: 0 (0.00%)
* Elements of w remaining: 9 (100.00%)
* UVC proof at step 1
* G1 elements in proof: 2
* G2 elements in proof: 1
* Proof size in bits: 1019
* Cached h poly size: 639
* UVC Prove step 1
* Elements of w skipped: 1 (5.00%)
* Elements of w processed with special addition: 3 (15.00%)
* Elements of w remaining: 16 (80.00%)
* Elements of w skipped: 1 (9.09%)
* Elements of w processed with special addition: 1 (9.09%)
* Elements of w remaining: 9 (81.82%)
* Elements of w skipped: 0 (0.00%)
* Elements of w processed with special addition: 0 (0.00%)
* Elements of w remaining: 9 (100.00%)
* UVC proof at step 1
* G1 elements in proof: 2
* G2 elements in proof: 1
* Proof size in bits: 1019
* Cached h poly size: 639
* UVC Prove step 1
* Elements of w skipped: 1 (5.00%)
* Elements of w processed with special addition: 3 (15.00%)
* Elements of w remaining: 16 (80.00%)
* Elements of w skipped: 1 (9.09%)
* Elements of w processed with special addition: 1 (9.09%)
* Elements of w remaining: 9 (81.82%)
* Elements of w skipped: 0 (0.00%)
* Elements of w processed with special addition: 0 (0.00%)
* Elements of w remaining: 9 (100.00%)
* UVC proof at step 1
* G1 elements in proof: 2
* G2 elements in proof: 1
* Proof size in bits: 1019
* Cached h poly size: 639
* UVC Verify step 1: PASS
* UVC Verify step 1: PASS
* UVC Verify step 1: PASS
* UVC Verify step 1: PASS
* UVC Verify step 1: PASS
* UVC Verify step 1: PASS
* UVC Verify step 1: PASS
* UVC Verify step 1: PASS
* UVC Verify step 1: PASS
* UVC Verify step 1: PASS
  1       24.84         2.70          1019          PASS      
* UVC Prove step 2
* Elements of w skipped: 0 (0.00%)
* Elements of w processed with special addition: 1 (5.56%)
* Elements of w remaining: 17 (94.44%)
* Elements of w skipped: 0 (0.00%)
* Elements of w processed with special addition: 1 (10.00%)
* Elements of w remaining: 9 (90.00%)
* Elements of w skipped: 0 (0.00%)
* Elements of w processed with special addition: 1 (5.56%)
* Elements of w remaining: 17 (94.44%)
* UVC proof at step 2
* G1 elements in proof: 2
* G2 elements in proof: 1
* Proof size in bits: 1019
* Cached h poly size: 639
* UVC Prove step 2
* Elements of w skipped: 0 (0.00%)
* Elements of w processed with special addition: 1 (5.56%)
* Elements of w remaining: 17 (94.44%)
* Elements of w skipped: 0 (0.00%)
* Elements of w processed with special addition: 1 (10.00%)
* Elements of w remaining: 9 (90.00%)
* Elements of w skipped: 0 (0.00%)
* Elements of w processed with special addition: 1 (5.56%)
* Elements of w remaining: 17 (94.44%)
* UVC proof at step 2
* G1 elements in proof: 2
* G2 elements in proof: 1
* Proof size in bits: 1019
* Cached h poly size: 639
* UVC Prove step 2
* Elements of w skipped: 0 (0.00%)
* Elements of w processed with special addition: 1 (5.56%)
* Elements of w remaining: 17 (94.44%)
* Elements of w skipped: 0 (0.00%)
* Elements of w processed with special addition: 1 (10.00%)
* Elements of w remaining: 9 (90.00%)
* Elements of w skipped: 0 (0.00%)
* Elements of w processed with special addition: 1 (5.56%)
* Elements of w remaining: 17 (94.44%)
* UVC proof at step 2
* G1 elements in proof: 2
* G2 elements in proof: 1
* Proof size in bits: 1019
* Cached h poly size: 639
* UVC Prove step 2
* Elements of w skipped: 0 (0.00%)
* Elements of w processed with special addition: 1 (5.56%)
* Elements of w remaining: 17 (94.44%)
* Elements of w skipped: 0 (0.00%)
* Elements of w processed with special addition: 1 (10.00%)
* Elements of w remaining: 9 (90.00%)
* Elements of w skipped: 0 (0.00%)
* Elements of w processed with special addition: 1 (5.56%)
* Elements of w remaining: 17 (94.44%)
* UVC proof at step 2
* G1 elements in proof: 2
* G2 elements in proof: 1
* Proof size in bits: 1019
* Cached h poly size: 639
* UVC Prove step 2
* Elements of w skipped: 0 (0.00%)
* Elements of w processed with special addition: 1 (5.56%)
* Elements of w remaining: 17 (94.44%)
* Elements of w skipped: 0 (0.00%)
* Elements of w processed with special addition: 1 (10.00%)
* Elements of w remaining: 9 (90.00%)
* Elements of w skipped: 0 (0.00%)
* Elements of w processed with special addition: 1 (5.56%)
* Elements of w remaining: 17 (94.44%)
* UVC proof at step 2
* G1 elements in proof: 2
* G2 elements in proof: 1
* Proof size in bits: 1019
* Cached h poly size: 639
* UVC Prove step 2
* Elements of w skipped: 0 (0.00%)
* Elements of w processed with special addition: 1 (5.56%)
* Elements of w remaining: 17 (94.44%)
* Elements of w skipped: 0 (0.00%)
* Elements of w processed with special addition: 1 (10.00%)
* Elements of w remaining: 9 (90.00%)
* Elements of w skipped: 0 (0.00%)
* Elements of w processed with special addition: 1 (5.56%)
* Elements of w remaining: 17 (94.44%)
* UVC proof at step 2
* G1 elements in proof: 2
* G2 elements in proof: 1
* Proof size in bits: 1019
* Cached h poly size: 639
* UVC Prove step 2
* Elements of w skipped: 0 (0.00%)
* Elements of w processed with special addition: 1 (5.56%)
* Elements of w remaining: 17 (94.44%)
* Elements of w skipped: 0 (0.00%)
* Elements of w processed with special addition: 1 (10.00%)
* Elements of w remaining: 9 (90.00%)
* Elements of w skipped: 0 (0.00%)
* Elements of w processed with special addition: 1 (5.56%)
* Elements of w remaining: 17 (94.44%)
* UVC proof at step 2
* G1 elements in proof: 2
* G2 elements in proof: 1
* Proof size in bits: 1019
* Cached h poly size: 639
* UVC Prove step 2
* Elements of w skipped: 0 (0.00%)
* Elements of w processed with special addition: 1 (5.56%)
* Elements of w remaining: 17 (94.44%)
* Elements of w skipped: 0 (0.00%)
* Elements of w processed with special addition: 1 (10.00%)
* Elements of w remaining: 9 (90.00%)
* Elements of w skipped: 0 (0.00%)
* Elements of w processed with special addition: 1 (5.56%)
* Elements of w remaining: 17 (94.44%)
* UVC proof at step 2
* G1 elements in proof: 2
* G2 elements in proof: 1
* Proof size in bits: 1019
* Cached h poly size: 639
* UVC Prove step 2
* Elements of w skipped: 0 (0.00%)
* Elements of w processed with special addition: 1 (5.56%)
* Elements of w remaining: 17 (94.44%)
* Elements of w skipped: 0 (0.00%)
* Elements of w processed with special addition: 1 (10.00%)
* Elements of w remaining: 9 (90.00%)
* Elements of w skipped: 0 (0.00%)
* Elements of w processed with special addition: 1 (5.56%)
* Elements of w remaining: 17 (94.44%)
* UVC proof at step 2
* G1 elements in proof: 2
* G2 elements in proof: 1
* Proof size in bits: 1019
* Cached h poly size: 639
* UVC Prove step 2
* Elements of w skipped: 0 (0.00%)
* Elements of w processed with special addition: 1 (5.56%)
* Elements of w remaining: 17 (94.44%)
* Elements of w skipped: 0 (0.00%)
* Elements of w processed with special addition: 1 (10.00%)
* Elements of w remaining: 9 (90.00%)
* Elements of w skipped: 0 (0.00%)
* Elements of w processed with special addition: 1 (5.56%)
* Elements of w remaining: 17 (94.44%)
* UVC proof at step 2
* G1 elements in proof: 2
* G2 elements in proof: 1
* Proof size in bits: 1019
* Cached h poly size: 639
* UVC Verify step 2: PASS
* UVC Verify step 2: PASS
* UVC Verify step 2: PASS
* UVC Verify step 2: PASS
* UVC Verify step 2: PASS
* UVC Verify step 2: PASS
* UVC Verify step 2: PASS
* UVC Verify step 2: PASS
* UVC Verify step 2: PASS
* UVC Verify step 2: PASS
  2       25.02         2.71          1019          PASS      
* UVC Prove step 4
* Elements of w skipped: 0 (0.00%)
* Elements of w processed with special addition: 1 (5.56%)
* Elements of w remaining: 17 (94.44%)
* Elements of w skipped: 0 (0.00%)
* Elements of w processed with special addition: 1 (10.00%)
* Elements of w remaining: 9 (90.00%)
* Elements of w skipped: 0 (0.00%)
* Elements of w processed with special addition: 1 (5.56%)
* Elements of w remaining: 17 (94.44%)
* UVC proof at step 4
* G1 elements in proof: 2
* G2 elements in proof: 1
* Proof size in bits: 1019
* Cached h poly size: 639
* UVC Prove step 4
* Elements of w skipped: 0 (0.00%)
* Elements of w processed with special addition: 1 (5.56%)
* Elements of w remaining: 17 (94.44%)
* Elements of w skipped: 0 (0.00%)
* Elements of w processed with special addition: 1 (10.00%)
* Elements of w remaining: 9 (90.00%)
* Elements of w skipped: 0 (0.00%)
* Elements of w processed with special addition: 1 (5.56%)
* Elements of w remaining: 17 (94.44%)
* UVC proof at step 4
* G1 elements in proof: 2
* G2 elements in proof: 1
* Proof size in bits: 1019
* Cached h poly size: 639
* UVC Prove step 4
* Elements of w skipped: 0 (0.00%)
* Elements of w processed with special addition: 1 (5.56%)
* Elements of w remaining: 17 (94.44%)
* Elements of w skipped: 0 (0.00%)
* Elements of w processed with special addition: 1 (10.00%)
* Elements of w remaining: 9 (90.00%)
* Elements of w skipped: 0 (0.00%)
* Elements of w processed with special addition: 1 (5.56%)
* Elements of w remaining: 17 (94.44%)
* UVC proof at step 4
* G1 elements in proof: 2
* G2 elements in proof: 1
* Proof size in bits: 1019
* Cached h poly size: 639
* UVC Prove step 4
* Elements of w skipped: 0 (0.00%)
* Elements of w processed with special addition: 1 (5.56%)
* Elements of w remaining: 17 (94.44%)
* Elements of w skipped: 0 (0.00%)
* Elements of w processed with special addition: 1 (10.00%)
* Elements of w remaining: 9 (90.00%)
* Elements of w skipped: 0 (0.00%)
* Elements of w processed with special addition: 1 (5.56%)
* Elements of w remaining: 17 (94.44%)
* UVC proof at step 4
* G1 elements in proof: 2
* G2 elements in proof: 1
* Proof size in bits: 1019
* Cached h poly size: 639
* UVC Prove step 4
* Elements of w skipped: 0 (0.00%)
* Elements of w processed with special addition: 1 (5.56%)
* Elements of w remaining: 17 (94.44%)
* Elements of w skipped: 0 (0.00%)
* Elements of w processed with special addition: 1 (10.00%)
* Elements of w remaining: 9 (90.00%)
* Elements of w skipped: 0 (0.00%)
* Elements of w processed with special addition: 1 (5.56%)
* Elements of w remaining: 17 (94.44%)
* UVC proof at step 4
* G1 elements in proof: 2
* G2 elements in proof: 1
* Proof size in bits: 1019
* Cached h poly size: 639
* UVC Prove step 4
* Elements of w skipped: 0 (0.00%)
* Elements of w processed with special addition: 1 (5.56%)
* Elements of w remaining: 17 (94.44%)
* Elements of w skipped: 0 (0.00%)
* Elements of w processed with special addition: 1 (10.00%)
* Elements of w remaining: 9 (90.00%)
* Elements of w skipped: 0 (0.00%)
* Elements of w processed with special addition: 1 (5.56%)
* Elements of w remaining: 17 (94.44%)
* UVC proof at step 4
* G1 elements in proof: 2
* G2 elements in proof: 1
* Proof size in bits: 1019
* Cached h poly size: 639
* UVC Prove step 4
* Elements of w skipped: 0 (0.00%)
* Elements of w processed with special addition: 1 (5.56%)
* Elements of w remaining: 17 (94.44%)
* Elements of w skipped: 0 (0.00%)
* Elements of w processed with special addition: 1 (10.00%)
* Elements of w remaining: 9 (90.00%)
* Elements of w skipped: 0 (0.00%)
* Elements of w processed with special addition: 1 (5.56%)
* Elements of w remaining: 17 (94.44%)
* UVC proof at step 4
* G1 elements in proof: 2
* G2 elements in proof: 1
* Proof size in bits: 1019
* Cached h poly size: 639
* UVC Prove step 4
* Elements of w skipped: 0 (0.00%)
* Elements of w processed with special addition: 1 (5.56%)
* Elements of w remaining: 17 (94.44%)
* Elements of w skipped: 0 (0.00%)
* Elements of w processed with special addition: 1 (10.00%)
* Elements of w remaining: 9 (90.00%)
* Elements of w skipped: 0 (0.00%)
* Elements of w processed with special addition: 1 (5.56%)
* Elements of w remaining: 17 (94.44%)
* UVC proof at step 4
* G1 elements in proof: 2
* G2 elements in proof: 1
* Proof size in bits: 1019
* Cached h poly size: 639
* UVC Prove step 4
* Elements of w skipped: 0 (0.00%)
* Elements of w processed with special addition: 1 (5.56%)
* Elements of w remaining: 17 (94.44%)
* Elements of w skipped: 0 (0.00%)
* Elements of w processed with special addition: 1 (10.00%)
* Elements of w remaining: 9 (90.00%)
* Elements of w skipped: 0 (0.00%)
* Elements of w processed with special addition: 1 (5.56%)
* Elements of w remaining: 17 (94.44%)
* UVC proof at step 4
* G1 elements in proof: 2
* G2 elements in proof: 1
* Proof size in bits: 1019
* Cached h poly size: 639
* UVC Prove step 4
* Elements of w skipped: 0 (0.00%)
* Elements of w processed with special addition: 1 (5.56%)
* Elements of w remaining: 17 (94.44%)
* Elements of w skipped: 0 (0.00%)
* Elements of w processed with special addition: 1 (10.00%)
* Elements of w remaining: 9 (90.00%)
* Elements of w skipped: 0 (0.00%)
* Elements of w processed with special addition: 1 (5.56%)
* Elements of w remaining: 17 (94.44%)
* UVC proof at step 4
* G1 elements in proof: 2
* G2 elements in proof: 1
* Proof size in bits: 1019
* Cached h poly size: 639
* UVC Verify step 4: PASS
* UVC Verify step 4: PASS
* UVC Verify step 4: PASS
* UVC Verify step 4: PASS
* UVC Verify step 4: PASS
* UVC Verify step 4: PASS
* UVC Verify step 4: PASS
* UVC Verify step 4: PASS
* UVC Verify step 4: PASS
* UVC Verify step 4: PASS
  4       24.96         2.70          1019          PASS      
* UVC Prove step 8
* Elements of w skipped: 0 (0.00%)
* Elements of w processed with special addition: 1 (5.56%)
* Elements of w remaining: 17 (94.44%)
* Elements of w skipped: 0 (0.00%)
* Elements of w processed with special addition: 1 (10.00%)
* Elements of w remaining: 9 (90.00%)
* Elements of w skipped: 0 (0.00%)
* Elements of w processed with special addition: 1 (5.56%)
* Elements of w remaining: 17 (94.44%)
* UVC proof at step 8
* G1 elements in proof: 2
* G2 elements in proof: 1
* Proof size in bits: 1019
* Cached h poly size: 639
* UVC Prove step 8
* Elements of w skipped: 0 (0.00%)
* Elements of w processed with special addition: 1 (5.56%)
* Elements of w remaining: 17 (94.44%)
* Elements of w skipped: 0 (0.00%)
* Elements of w processed with special addition: 1 (10.00%)
* Elements of w remaining: 9 (90.00%)
* Elements of w skipped: 0 (0.00%)
* Elements of w processed with special addition: 1 (5.56%)
* Elements of w remaining: 17 (94.44%)
* UVC proof at step 8
* G1 elements in proof: 2
* G2 elements in proof: 1
* Proof size in bits: 1019
* Cached h poly size: 639
* UVC Prove step 8
* Elements of w skipped: 0 (0.00%)
* Elements of w processed with special addition: 1 (5.56%)
* Elements of w remaining: 17 (94.44%)
* Elements of w skipped: 0 (0.00%)
* Elements of w processed with special addition: 1 (10.00%)
* Elements of w remaining: 9 (90.00%)
* Elements of w skipped: 0 (0.00%)
* Elements of w processed with special addition: 1 (5.56%)
* Elements of w remaining: 17 (94.44%)
* UVC proof at step 8
* G1 elements in proof: 2
* G2 elements in proof: 1
* Proof size in bits: 1019
* Cached h poly size: 639
* UVC Prove step 8
* Elements of w skipped: 0 (0.00%)
* Elements of w processed with special addition: 1 (5.56%)
* Elements of w remaining: 17 (94.44%)
* Elements of w skipped: 0 (0.00%)
* Elements of w processed with special addition: 1 (10.00%)
* Elements of w remaining: 9 (90.00%)
* Elements of w skipped: 0 (0.00%)
* Elements of w processed with special addition: 1 (5.56%)
* Elements of w remaining: 17 (94.44%)
* UVC proof at step 8
* G1 elements in proof: 2
* G2 elements in proof: 1
* Proof size in bits: 1019
* Cached h poly size: 639
* UVC Prove step 8
* Elements of w skipped: 0 (0.00%)
* Elements of w processed with special addition: 1 (5.56%)
* Elements of w remaining: 17 (94.44%)
* Elements of w skipped: 0 (0.00%)
* Elements of w processed with special addition: 1 (10.00%)
* Elements of w remaining: 9 (90.00%)
* Elements of w skipped: 0 (0.00%)
* Elements of w processed with special addition: 1 (5.56%)
* Elements of w remaining: 17 (94.44%)
* UVC proof at step 8
* G1 elements in proof: 2
* G2 elements in proof: 1
* Proof size in bits: 1019
* Cached h poly size: 639
* UVC Prove step 8
* Elements of w skipped: 0 (0.00%)
* Elements of w processed with special addition: 1 (5.56%)
* Elements of w remaining: 17 (94.44%)
* Elements of w skipped: 0 (0.00%)
* Elements of w processed with special addition: 1 (10.00%)
* Elements of w remaining: 9 (90.00%)
* Elements of w skipped: 0 (0.00%)
* Elements of w processed with special addition: 1 (5.56%)
* Elements of w remaining: 17 (94.44%)
* UVC proof at step 8
* G1 elements in proof: 2
* G2 elements in proof: 1
* Proof size in bits: 1019
* Cached h poly size: 639
* UVC Prove step 8
* Elements of w skipped: 0 (0.00%)
* Elements of w processed with special addition: 1 (5.56%)
* Elements of w remaining: 17 (94.44%)
* Elements of w skipped: 0 (0.00%)
* Elements of w processed with special addition: 1 (10.00%)
* Elements of w remaining: 9 (90.00%)
* Elements of w skipped: 0 (0.00%)
* Elements of w processed with special addition: 1 (5.56%)
* Elements of w remaining: 17 (94.44%)
* UVC proof at step 8
* G1 elements in proof: 2
* G2 elements in proof: 1
* Proof size in bits: 1019
* Cached h poly size: 639
* UVC Prove step 8
* Elements of w skipped: 0 (0.00%)
* Elements of w processed with special addition: 1 (5.56%)
* Elements of w remaining: 17 (94.44%)
* Elements of w skipped: 0 (0.00%)
* Elements of w processed with special addition: 1 (10.00%)
* Elements of w remaining: 9 (90.00%)
* Elements of w skipped: 0 (0.00%)
* Elements of w processed with special addition: 1 (5.56%)
* Elements of w remaining: 17 (94.44%)
* UVC proof at step 8
* G1 elements in proof: 2
* G2 elements in proof: 1
* Proof size in bits: 1019
* Cached h poly size: 639
* UVC Prove step 8
* Elements of w skipped: 0 (0.00%)
* Elements of w processed with special addition: 1 (5.56%)
* Elements of w remaining: 17 (94.44%)
* Elements of w skipped: 0 (0.00%)
* Elements of w processed with special addition: 1 (10.00%)
* Elements of w remaining: 9 (90.00%)
* Elements of w skipped: 0 (0.00%)
* Elements of w processed with special addition: 1 (5.56%)
* Elements of w remaining: 17 (94.44%)
* UVC proof at step 8
* G1 elements in proof: 2
* G2 elements in proof: 1
* Proof size in bits: 1019
* Cached h poly size: 639
* UVC Prove step 8
* Elements of w skipped: 0 (0.00%)
* Elements of w processed with special addition: 1 (5.56%)
* Elements of w remaining: 17 (94.44%)
* Elements of w skipped: 0 (0.00%)
* Elements of w processed with special addition: 1 (10.00%)
* Elements of w remaining: 9 (90.00%)
* Elements of w skipped: 0 (0.00%)
* Elements of w processed with special addition: 1 (5.56%)
* Elements of w remaining: 17 (94.44%)
* UVC proof at step 8
* G1 elements in proof: 2
* G2 elements in proof: 1
* Proof size in bits: 1019
* Cached h poly size: 639
* UVC Verify step 8: PASS
* UVC Verify step 8: PASS
* UVC Verify step 8: PASS
* UVC Verify step 8: PASS
* UVC Verify step 8: PASS
* UVC Verify step 8: PASS
* UVC Verify step 8: PASS
* UVC Verify step 8: PASS
* UVC Verify step 8: PASS
* UVC Verify step 8: PASS
  8       24.93         2.70          1019          PASS      
* UVC Prove step 16
* Elements of w skipped: 0 (0.00%)
* Elements of w processed with special addition: 1 (5.56%)
* Elements of w remaining: 17 (94.44%)
* Elements of w skipped: 0 (0.00%)
* Elements of w processed with special addition: 1 (10.00%)
* Elements of w remaining: 9 (90.00%)
* Elements of w skipped: 0 (0.00%)
* Elements of w processed with special addition: 1 (5.56%)
* Elements of w remaining: 17 (94.44%)
* UVC proof at step 16
* G1 elements in proof: 2
* G2 elements in proof: 1
* Proof size in bits: 1019
* Cached h poly size: 639
* UVC Prove step 16
* Elements of w skipped: 0 (0.00%)
* Elements of w processed with special addition: 1 (5.56%)
* Elements of w remaining: 17 (94.44%)
* Elements of w skipped: 0 (0.00%)
* Elements of w processed with special addition: 1 (10.00%)
* Elements of w remaining: 9 (90.00%)
* Elements of w skipped: 0 (0.00%)
* Elements of w processed with special addition: 1 (5.56%)
* Elements of w remaining: 17 (94.44%)
* UVC proof at step 16
* G1 elements in proof: 2
* G2 elements in proof: 1
* Proof size in bits: 1019
* Cached h poly size: 639
* UVC Prove step 16
* Elements of w skipped: 0 (0.00%)
* Elements of w processed with special addition: 1 (5.56%)
* Elements of w remaining: 17 (94.44%)
* Elements of w skipped: 0 (0.00%)
* Elements of w processed with special addition: 1 (10.00%)
* Elements of w remaining: 9 (90.00%)
* Elements of w skipped: 0 (0.00%)
* Elements of w processed with special addition: 1 (5.56%)
* Elements of w remaining: 17 (94.44%)
* UVC proof at step 16
* G1 elements in proof: 2
* G2 elements in proof: 1
* Proof size in bits: 1019
* Cached h poly size: 639
* UVC Prove step 16
* Elements of w skipped: 0 (0.00%)
* Elements of w processed with special addition: 1 (5.56%)
* Elements of w remaining: 17 (94.44%)
* Elements of w skipped: 0 (0.00%)
* Elements of w processed with special addition: 1 (10.00%)
* Elements of w remaining: 9 (90.00%)
* Elements of w skipped: 0 (0.00%)
* Elements of w processed with special addition: 1 (5.56%)
* Elements of w remaining: 17 (94.44%)
* UVC proof at step 16
* G1 elements in proof: 2
* G2 elements in proof: 1
* Proof size in bits: 1019
* Cached h poly size: 639
* UVC Prove step 16
* Elements of w skipped: 0 (0.00%)
* Elements of w processed with special addition: 1 (5.56%)
* Elements of w remaining: 17 (94.44%)
* Elements of w skipped: 0 (0.00%)
* Elements of w processed with special addition: 1 (10.00%)
* Elements of w remaining: 9 (90.00%)
* Elements of w skipped: 0 (0.00%)
* Elements of w processed with special addition: 1 (5.56%)
* Elements of w remaining: 17 (94.44%)
* UVC proof at step 16
* G1 elements in proof: 2
* G2 elements in proof: 1
* Proof size in bits: 1019
* Cached h poly size: 639
* UVC Prove step 16
* Elements of w skipped: 0 (0.00%)
* Elements of w processed with special addition: 1 (5.56%)
* Elements of w remaining: 17 (94.44%)
* Elements of w skipped: 0 (0.00%)
* Elements of w processed with special addition: 1 (10.00%)
* Elements of w remaining: 9 (90.00%)
* Elements of w skipped: 0 (0.00%)
* Elements of w processed with special addition: 1 (5.56%)
* Elements of w remaining: 17 (94.44%)
* UVC proof at step 16
* G1 elements in proof: 2
* G2 elements in proof: 1
* Proof size in bits: 1019
* Cached h poly size: 639
* UVC Prove step 16
* Elements of w skipped: 0 (0.00%)
* Elements of w processed with special addition: 1 (5.56%)
* Elements of w remaining: 17 (94.44%)
* Elements of w skipped: 0 (0.00%)
* Elements of w processed with special addition: 1 (10.00%)
* Elements of w remaining: 9 (90.00%)
* Elements of w skipped: 0 (0.00%)
* Elements of w processed with special addition: 1 (5.56%)
* Elements of w remaining: 17 (94.44%)
* UVC proof at step 16
* G1 elements in proof: 2
* G2 elements in proof: 1
* Proof size in bits: 1019
* Cached h poly size: 639
* UVC Prove step 16
* Elements of w skipped: 0 (0.00%)
* Elements of w processed with special addition: 1 (5.56%)
* Elements of w remaining: 17 (94.44%)
* Elements of w skipped: 0 (0.00%)
* Elements of w processed with special addition: 1 (10.00%)
* Elements of w remaining: 9 (90.00%)
* Elements of w skipped: 0 (0.00%)
* Elements of w processed with special addition: 1 (5.56%)
* Elements of w remaining: 17 (94.44%)
* UVC proof at step 16
* G1 elements in proof: 2
* G2 elements in proof: 1
* Proof size in bits: 1019
* Cached h poly size: 639
* UVC Prove step 16
* Elements of w skipped: 0 (0.00%)
* Elements of w processed with special addition: 1 (5.56%)
* Elements of w remaining: 17 (94.44%)
* Elements of w skipped: 0 (0.00%)
* Elements of w processed with special addition: 1 (10.00%)
* Elements of w remaining: 9 (90.00%)
* Elements of w skipped: 0 (0.00%)
* Elements of w processed with special addition: 1 (5.56%)
* Elements of w remaining: 17 (94.44%)
* UVC proof at step 16
* G1 elements in proof: 2
* G2 elements in proof: 1
* Proof size in bits: 1019
* Cached h poly size: 639
* UVC Prove step 16
* Elements of w skipped: 0 (0.00%)
* Elements of w processed with special addition: 1 (5.56%)
* Elements of w remaining: 17 (94.44%)
* Elements of w skipped: 0 (0.00%)
* Elements of w processed with special addition: 1 (10.00%)
* Elements of w remaining: 9 (90.00%)
* Elements of w skipped: 0 (0.00%)
* Elements of w processed with special addition: 1 (5.56%)
* Elements of w remaining: 17 (94.44%)
* UVC proof at step 16
* G1 elements in proof: 2
* G2 elements in proof: 1
* Proof size in bits: 1019
* Cached h poly size: 639
* UVC Verify step 16: PASS
* UVC Verify step 16: PASS
* UVC Verify step 16: PASS
* UVC Verify step 16: PASS
* UVC Verify step 16: PASS
* UVC Verify step 16: PASS
* UVC Verify step 16: PASS
* UVC Verify step 16: PASS
* UVC Verify step 16: PASS
* UVC Verify step 16: PASS
  16      24.97         2.63          1019          PASS      
* UVC Prove step 32
* Elements of w skipped: 0 (0.00%)
* Elements of w processed with special addition: 1 (5.56%)
* Elements of w remaining: 17 (94.44%)
* Elements of w skipped: 0 (0.00%)
* Elements of w processed with special addition: 1 (10.00%)
* Elements of w remaining: 9 (90.00%)
* Elements of w skipped: 0 (0.00%)
* Elements of w processed with special addition: 1 (5.56%)
* Elements of w remaining: 17 (94.44%)
* UVC proof at step 32
* G1 elements in proof: 2
* G2 elements in proof: 1
* Proof size in bits: 1019
* Cached h poly size: 639
* UVC Prove step 32
* Elements of w skipped: 0 (0.00%)
* Elements of w processed with special addition: 1 (5.56%)
* Elements of w remaining: 17 (94.44%)
* Elements of w skipped: 0 (0.00%)
* Elements of w processed with special addition: 1 (10.00%)
* Elements of w remaining: 9 (90.00%)
* Elements of w skipped: 0 (0.00%)
* Elements of w processed with special addition: 1 (5.56%)
* Elements of w remaining: 17 (94.44%)
* UVC proof at step 32
* G1 elements in proof: 2
* G2 elements in proof: 1
* Proof size in bits: 1019
* Cached h poly size: 639
* UVC Prove step 32
* Elements of w skipped: 0 (0.00%)
* Elements of w processed with special addition: 1 (5.56%)
* Elements of w remaining: 17 (94.44%)
* Elements of w skipped: 0 (0.00%)
* Elements of w processed with special addition: 1 (10.00%)
* Elements of w remaining: 9 (90.00%)
* Elements of w skipped: 0 (0.00%)
* Elements of w processed with special addition: 1 (5.56%)
* Elements of w remaining: 17 (94.44%)
* UVC proof at step 32
* G1 elements in proof: 2
* G2 elements in proof: 1
* Proof size in bits: 1019
* Cached h poly size: 639
* UVC Prove step 32
* Elements of w skipped: 0 (0.00%)
* Elements of w processed with special addition: 1 (5.56%)
* Elements of w remaining: 17 (94.44%)
* Elements of w skipped: 0 (0.00%)
* Elements of w processed with special addition: 1 (10.00%)
* Elements of w remaining: 9 (90.00%)
* Elements of w skipped: 0 (0.00%)
* Elements of w processed with special addition: 1 (5.56%)
* Elements of w remaining: 17 (94.44%)
* UVC proof at step 32
* G1 elements in proof: 2
* G2 elements in proof: 1
* Proof size in bits: 1019
* Cached h poly size: 639
* UVC Prove step 32
* Elements of w skipped: 0 (0.00%)
* Elements of w processed with special addition: 1 (5.56%)
* Elements of w remaining: 17 (94.44%)
* Elements of w skipped: 0 (0.00%)
* Elements of w processed with special addition: 1 (10.00%)
* Elements of w remaining: 9 (90.00%)
* Elements of w skipped: 0 (0.00%)
* Elements of w processed with special addition: 1 (5.56%)
* Elements of w remaining: 17 (94.44%)
* UVC proof at step 32
* G1 elements in proof: 2
* G2 elements in proof: 1
* Proof size in bits: 1019
* Cached h poly size: 639
* UVC Prove step 32
* Elements of w skipped: 0 (0.00%)
* Elements of w processed with special addition: 1 (5.56%)
* Elements of w remaining: 17 (94.44%)
* Elements of w skipped: 0 (0.00%)
* Elements of w processed with special addition: 1 (10.00%)
* Elements of w remaining: 9 (90.00%)
* Elements of w skipped: 0 (0.00%)
* Elements of w processed with special addition: 1 (5.56%)
* Elements of w remaining: 17 (94.44%)
* UVC proof at step 32
* G1 elements in proof: 2
* G2 elements in proof: 1
* Proof size in bits: 1019
* Cached h poly size: 639
* UVC Prove step 32
* Elements of w skipped: 0 (0.00%)
* Elements of w processed with special addition: 1 (5.56%)
* Elements of w remaining: 17 (94.44%)
* Elements of w skipped: 0 (0.00%)
* Elements of w processed with special addition: 1 (10.00%)
* Elements of w remaining: 9 (90.00%)
* Elements of w skipped: 0 (0.00%)
* Elements of w processed with special addition: 1 (5.56%)
* Elements of w remaining: 17 (94.44%)
* UVC proof at step 32
* G1 elements in proof: 2
* G2 elements in proof: 1
* Proof size in bits: 1019
* Cached h poly size: 639
* UVC Prove step 32
* Elements of w skipped: 0 (0.00%)
* Elements of w processed with special addition: 1 (5.56%)
* Elements of w remaining: 17 (94.44%)
* Elements of w skipped: 0 (0.00%)
* Elements of w processed with special addition: 1 (10.00%)
* Elements of w remaining: 9 (90.00%)
* Elements of w skipped: 0 (0.00%)
* Elements of w processed with special addition: 1 (5.56%)
* Elements of w remaining: 17 (94.44%)
* UVC proof at step 32
* G1 elements in proof: 2
* G2 elements in proof: 1
* Proof size in bits: 1019
* Cached h poly size: 639
* UVC Prove step 32
* Elements of w skipped: 0 (0.00%)
* Elements of w processed with special addition: 1 (5.56%)
* Elements of w remaining: 17 (94.44%)
* Elements of w skipped: 0 (0.00%)
* Elements of w processed with special addition: 1 (10.00%)
* Elements of w remaining: 9 (90.00%)
* Elements of w skipped: 0 (0.00%)
* Elements of w processed with special addition: 1 (5.56%)
* Elements of w remaining: 17 (94.44%)
* UVC proof at step 32
* G1 elements in proof: 2
* G2 elements in proof: 1
* Proof size in bits: 1019
* Cached h poly size: 639
* UVC Prove step 32
* Elements of w skipped: 0 (0.00%)
* Elements of w processed with special addition: 1 (5.56%)
* Elements of w remaining: 17 (94.44%)
* Elements of w skipped: 0 (0.00%)
* Elements of w processed with special addition: 1 (10.00%)
* Elements of w remaining: 9 (90.00%)
* Elements of w skipped: 0 (0.00%)
* Elements of w processed with special addition: 1 (5.56%)
* Elements of w remaining: 17 (94.44%)
* UVC proof at step 32
* G1 elements in proof: 2
* G2 elements in proof: 1
* Proof size in bits: 1019
* Cached h poly size: 639
* UVC Verify step 32: PASS
* UVC Verify step 32: PASS
* UVC Verify step 32: PASS
* UVC Verify step 32: PASS
* UVC Verify step 32: PASS
* UVC Verify step 32: PASS
* UVC Verify step 32: PASS
* UVC Verify step 32: PASS
* UVC Verify step 32: PASS
* UVC Verify step 32: PASS
  32      24.92         2.72          1019          PASS      
* UVC Prove step 64
* Elements of w skipped: 0 (0.00%)
* Elements of w processed with special addition: 1 (5.56%)
* Elements of w remaining: 17 (94.44%)
* Elements of w skipped: 0 (0.00%)
* Elements of w processed with special addition: 1 (11.11%)
* Elements of w remaining: 8 (88.89%)
* Elements of w skipped: 0 (0.00%)
* Elements of w processed with special addition: 1 (5.56%)
* Elements of w remaining: 17 (94.44%)
* UVC proof at step 64
* G1 elements in proof: 2
* G2 elements in proof: 1
* Proof size in bits: 1019
* Cached h poly size: 639
* UVC Prove step 64
* Elements of w skipped: 0 (0.00%)
* Elements of w processed with special addition: 1 (5.56%)
* Elements of w remaining: 17 (94.44%)
* Elements of w skipped: 0 (0.00%)
* Elements of w processed with special addition: 1 (11.11%)
* Elements of w remaining: 8 (88.89%)
* Elements of w skipped: 0 (0.00%)
* Elements of w processed with special addition: 1 (5.56%)
* Elements of w remaining: 17 (94.44%)
* UVC proof at step 64
* G1 elements in proof: 2
* G2 elements in proof: 1
* Proof size in bits: 1019
* Cached h poly size: 639
* UVC Prove step 64
* Elements of w skipped: 0 (0.00%)
* Elements of w processed with special addition: 1 (5.56%)
* Elements of w remaining: 17 (94.44%)
* Elements of w skipped: 0 (0.00%)
* Elements of w processed with special addition: 1 (11.11%)
* Elements of w remaining: 8 (88.89%)
* Elements of w skipped: 0 (0.00%)
* Elements of w processed with special addition: 1 (5.56%)
* Elements of w remaining: 17 (94.44%)
* UVC proof at step 64
* G1 elements in proof: 2
* G2 elements in proof: 1
* Proof size in bits: 1019
* Cached h poly size: 639
* UVC Prove step 64
* Elements of w skipped: 0 (0.00%)
* Elements of w processed with special addition: 1 (5.56%)
* Elements of w remaining: 17 (94.44%)
* Elements of w skipped: 0 (0.00%)
* Elements of w processed with special addition: 1 (11.11%)
* Elements of w remaining: 8 (88.89%)
* Elements of w skipped: 0 (0.00%)
* Elements of w processed with special addition: 1 (5.56%)
* Elements of w remaining: 17 (94.44%)
* UVC proof at step 64
* G1 elements in proof: 2
* G2 elements in proof: 1
* Proof size in bits: 1019
* Cached h poly size: 639
* UVC Prove step 64
* Elements of w skipped: 0 (0.00%)
* Elements of w processed with special addition: 1 (5.56%)
* Elements of w remaining: 17 (94.44%)
* Elements of w skipped: 0 (0.00%)
* Elements of w processed with special addition: 1 (11.11%)
* Elements of w remaining: 8 (88.89%)
* Elements of w skipped: 0 (0.00%)
* Elements of w processed with special addition: 1 (5.56%)
* Elements of w remaining: 17 (94.44%)
* UVC proof at step 64
* G1 elements in proof: 2
* G2 elements in proof: 1
* Proof size in bits: 1019
* Cached h poly size: 639
* UVC Prove step 64
* Elements of w skipped: 0 (0.00%)
* Elements of w processed with special addition: 1 (5.56%)
* Elements of w remaining: 17 (94.44%)
* Elements of w skipped: 0 (0.00%)
* Elements of w processed with special addition: 1 (11.11%)
* Elements of w remaining: 8 (88.89%)
* Elements of w skipped: 0 (0.00%)
* Elements of w processed with special addition: 1 (5.56%)
* Elements of w remaining: 17 (94.44%)
* UVC proof at step 64
* G1 elements in proof: 2
* G2 elements in proof: 1
* Proof size in bits: 1019
* Cached h poly size: 639
* UVC Prove step 64
* Elements of w skipped: 0 (0.00%)
* Elements of w processed with special addition: 1 (5.56%)
* Elements of w remaining: 17 (94.44%)
* Elements of w skipped: 0 (0.00%)
* Elements of w processed with special addition: 1 (11.11%)
* Elements of w remaining: 8 (88.89%)
* Elements of w skipped: 0 (0.00%)
* Elements of w processed with special addition: 1 (5.56%)
* Elements of w remaining: 17 (94.44%)
* UVC proof at step 64
* G1 elements in proof: 2
* G2 elements in proof: 1
* Proof size in bits: 1019
* Cached h poly size: 639
* UVC Prove step 64
* Elements of w skipped: 0 (0.00%)
* Elements of w processed with special addition: 1 (5.56%)
* Elements of w remaining: 17 (94.44%)
* Elements of w skipped: 0 (0.00%)
* Elements of w processed with special addition: 1 (11.11%)
* Elements of w remaining: 8 (88.89%)
* Elements of w skipped: 0 (0.00%)
* Elements of w processed with special addition: 1 (5.56%)
* Elements of w remaining: 17 (94.44%)
* UVC proof at step 64
* G1 elements in proof: 2
* G2 elements in proof: 1
* Proof size in bits: 1019
* Cached h poly size: 639
* UVC Prove step 64
* Elements of w skipped: 0 (0.00%)
* Elements of w processed with special addition: 1 (5.56%)
* Elements of w remaining: 17 (94.44%)
* Elements of w skipped: 0 (0.00%)
* Elements of w processed with special addition: 1 (11.11%)
* Elements of w remaining: 8 (88.89%)
* Elements of w skipped: 0 (0.00%)
* Elements of w processed with special addition: 1 (5.56%)
* Elements of w remaining: 17 (94.44%)
* UVC proof at step 64
* G1 elements in proof: 2
* G2 elements in proof: 1
* Proof size in bits: 1019
* Cached h poly size: 639
* UVC Prove step 64
* Elements of w skipped: 0 (0.00%)
* Elements of w processed with special addition: 1 (5.56%)
* Elements of w remaining: 17 (94.44%)
* Elements of w skipped: 0 (0.00%)
* Elements of w processed with special addition: 1 (11.11%)
* Elements of w remaining: 8 (88.89%)
* Elements of w skipped: 0 (0.00%)
* Elements of w processed with special addition: 1 (5.56%)
* Elements of w remaining: 17 (94.44%)
* UVC proof at step 64
* G1 elements in proof: 2
* G2 elements in proof: 1
* Proof size in bits: 1019
* Cached h poly size: 639
* UVC Verify step 64: PASS
* UVC Verify step 64: PASS
* UVC Verify step 64: PASS
* UVC Verify step 64: PASS
* UVC Verify step 64: PASS
* UVC Verify step 64: PASS
* UVC Verify step 64: PASS
* UVC Verify step 64: PASS
* UVC Verify step 64: PASS
* UVC Verify step 64: PASS
  64      23.18         2.71          1019          PASS      

  UVC results written to /Users/heewonchung/Documents/00-Research/active/Updatable Verifiable Computation/Dev/results/2026-03-09_201110_iot/csv/uvc_results.csv

================================================================
Groth16 Benchmark: circuit=sensor_fusion, n=8, B=64
================================================================

  Step    C_j constr  Setup (ms)    Prove (ms)    Verify (ms)   Verified  
  ------  ----------  ------------  ------------  ------------  ----------
* Composed C_1: 9 constraints, 19 variables, 10 inputs
* QAP number of variables: 19
* QAP pre degree: 9
* QAP degree: 20
* QAP number of input variables: 10
* G1 window: 4
* G2 window: 2
* G1 elements in PK: 69
* Non-zero G1 elements in PK: 58
* G2 elements in PK: 21
* Non-zero G2 elements in PK: 10
* PK size in bits: 20456
* G1 elements in VK: 10
* G2 elements in VK: 2
* GT elements in VK: 1
* VK size in bits: 4463
* Elements of w skipped: 1 (5.00%)
* Elements of w processed with special addition: 3 (15.00%)
* Elements of w remaining: 16 (80.00%)
* Elements of w skipped: 0 (0.00%)
* Elements of w processed with special addition: 2 (22.22%)
* Elements of w remaining: 7 (77.78%)
* Elements of w skipped: 0 (0.00%)
* Elements of w processed with special addition: 0 (0.00%)
* Elements of w remaining: 9 (100.00%)
* G1 elements in proof: 2
* G2 elements in proof: 1
* Proof size in bits: 1019
* Elements of w skipped: 1 (5.00%)
* Elements of w processed with special addition: 3 (15.00%)
* Elements of w remaining: 16 (80.00%)
* Elements of w skipped: 0 (0.00%)
* Elements of w processed with special addition: 2 (22.22%)
* Elements of w remaining: 7 (77.78%)
* Elements of w skipped: 0 (0.00%)
* Elements of w processed with special addition: 0 (0.00%)
* Elements of w remaining: 9 (100.00%)
* G1 elements in proof: 2
* G2 elements in proof: 1
* Proof size in bits: 1019
* Elements of w skipped: 1 (5.00%)
* Elements of w processed with special addition: 3 (15.00%)
* Elements of w remaining: 16 (80.00%)
* Elements of w skipped: 0 (0.00%)
* Elements of w processed with special addition: 2 (22.22%)
* Elements of w remaining: 7 (77.78%)
* Elements of w skipped: 0 (0.00%)
* Elements of w processed with special addition: 0 (0.00%)
* Elements of w remaining: 9 (100.00%)
* G1 elements in proof: 2
* G2 elements in proof: 1
* Proof size in bits: 1019
* Elements of w skipped: 1 (5.00%)
* Elements of w processed with special addition: 3 (15.00%)
* Elements of w remaining: 16 (80.00%)
* Elements of w skipped: 0 (0.00%)
* Elements of w processed with special addition: 2 (22.22%)
* Elements of w remaining: 7 (77.78%)
* Elements of w skipped: 0 (0.00%)
* Elements of w processed with special addition: 0 (0.00%)
* Elements of w remaining: 9 (100.00%)
* G1 elements in proof: 2
* G2 elements in proof: 1
* Proof size in bits: 1019
* Elements of w skipped: 1 (5.00%)
* Elements of w processed with special addition: 3 (15.00%)
* Elements of w remaining: 16 (80.00%)
* Elements of w skipped: 0 (0.00%)
* Elements of w processed with special addition: 2 (22.22%)
* Elements of w remaining: 7 (77.78%)
* Elements of w skipped: 0 (0.00%)
* Elements of w processed with special addition: 0 (0.00%)
* Elements of w remaining: 9 (100.00%)
* G1 elements in proof: 2
* G2 elements in proof: 1
* Proof size in bits: 1019
* Elements of w skipped: 1 (5.00%)
* Elements of w processed with special addition: 3 (15.00%)
* Elements of w remaining: 16 (80.00%)
* Elements of w skipped: 0 (0.00%)
* Elements of w processed with special addition: 2 (22.22%)
* Elements of w remaining: 7 (77.78%)
* Elements of w skipped: 0 (0.00%)
* Elements of w processed with special addition: 0 (0.00%)
* Elements of w remaining: 9 (100.00%)
* G1 elements in proof: 2
* G2 elements in proof: 1
* Proof size in bits: 1019
* Elements of w skipped: 1 (5.00%)
* Elements of w processed with special addition: 3 (15.00%)
* Elements of w remaining: 16 (80.00%)
* Elements of w skipped: 0 (0.00%)
* Elements of w processed with special addition: 2 (22.22%)
* Elements of w remaining: 7 (77.78%)
* Elements of w skipped: 0 (0.00%)
* Elements of w processed with special addition: 0 (0.00%)
* Elements of w remaining: 9 (100.00%)
* G1 elements in proof: 2
* G2 elements in proof: 1
* Proof size in bits: 1019
* Elements of w skipped: 1 (5.00%)
* Elements of w processed with special addition: 3 (15.00%)
* Elements of w remaining: 16 (80.00%)
* Elements of w skipped: 0 (0.00%)
* Elements of w processed with special addition: 2 (22.22%)
* Elements of w remaining: 7 (77.78%)
* Elements of w skipped: 0 (0.00%)
* Elements of w processed with special addition: 0 (0.00%)
* Elements of w remaining: 9 (100.00%)
* G1 elements in proof: 2
* G2 elements in proof: 1
* Proof size in bits: 1019
* Elements of w skipped: 1 (5.00%)
* Elements of w processed with special addition: 3 (15.00%)
* Elements of w remaining: 16 (80.00%)
* Elements of w skipped: 0 (0.00%)
* Elements of w processed with special addition: 2 (22.22%)
* Elements of w remaining: 7 (77.78%)
* Elements of w skipped: 0 (0.00%)
* Elements of w processed with special addition: 0 (0.00%)
* Elements of w remaining: 9 (100.00%)
* G1 elements in proof: 2
* G2 elements in proof: 1
* Proof size in bits: 1019
* Elements of w skipped: 1 (5.00%)
* Elements of w processed with special addition: 3 (15.00%)
* Elements of w remaining: 16 (80.00%)
* Elements of w skipped: 0 (0.00%)
* Elements of w processed with special addition: 2 (22.22%)
* Elements of w remaining: 7 (77.78%)
* Elements of w skipped: 0 (0.00%)
* Elements of w processed with special addition: 0 (0.00%)
* Elements of w remaining: 9 (100.00%)
* G1 elements in proof: 2
* G2 elements in proof: 1
* Proof size in bits: 1019
  1       9           13.7          4.88          2.69          PASS      
* Composed C_2: 18 constraints, 37 variables, 10 inputs
* QAP number of variables: 37
* QAP pre degree: 18
* QAP degree: 32
* QAP number of input variables: 10
* G1 window: 5
* G2 window: 3
* G1 elements in PK: 135
* Non-zero G1 elements in PK: 115
* G2 elements in PK: 39
* Non-zero G2 elements in PK: 19
* PK size in bits: 40148
* G1 elements in VK: 10
* G2 elements in VK: 2
* GT elements in VK: 1
* VK size in bits: 4463
* Elements of w skipped: 1 (2.63%)
* Elements of w processed with special addition: 4 (10.53%)
* Elements of w remaining: 33 (86.84%)
* Elements of w skipped: 0 (0.00%)
* Elements of w processed with special addition: 3 (16.67%)
* Elements of w remaining: 15 (83.33%)
* Elements of w skipped: 0 (0.00%)
* Elements of w processed with special addition: 1 (3.70%)
* Elements of w remaining: 26 (96.30%)
* G1 elements in proof: 2
* G2 elements in proof: 1
* Proof size in bits: 1019
* Elements of w skipped: 1 (2.63%)
* Elements of w processed with special addition: 4 (10.53%)
* Elements of w remaining: 33 (86.84%)
* Elements of w skipped: 0 (0.00%)
* Elements of w processed with special addition: 3 (16.67%)
* Elements of w remaining: 15 (83.33%)
* Elements of w skipped: 0 (0.00%)
* Elements of w processed with special addition: 1 (3.70%)
* Elements of w remaining: 26 (96.30%)
* G1 elements in proof: 2
* G2 elements in proof: 1
* Proof size in bits: 1019
* Elements of w skipped: 1 (2.63%)
* Elements of w processed with special addition: 4 (10.53%)
* Elements of w remaining: 33 (86.84%)
* Elements of w skipped: 0 (0.00%)
* Elements of w processed with special addition: 3 (16.67%)
* Elements of w remaining: 15 (83.33%)
* Elements of w skipped: 0 (0.00%)
* Elements of w processed with special addition: 1 (3.70%)
* Elements of w remaining: 26 (96.30%)
* G1 elements in proof: 2
* G2 elements in proof: 1
* Proof size in bits: 1019
* Elements of w skipped: 1 (2.63%)
* Elements of w processed with special addition: 4 (10.53%)
* Elements of w remaining: 33 (86.84%)
* Elements of w skipped: 0 (0.00%)
* Elements of w processed with special addition: 3 (16.67%)
* Elements of w remaining: 15 (83.33%)
* Elements of w skipped: 0 (0.00%)
* Elements of w processed with special addition: 1 (3.70%)
* Elements of w remaining: 26 (96.30%)
* G1 elements in proof: 2
* G2 elements in proof: 1
* Proof size in bits: 1019
* Elements of w skipped: 1 (2.63%)
* Elements of w processed with special addition: 4 (10.53%)
* Elements of w remaining: 33 (86.84%)
* Elements of w skipped: 0 (0.00%)
* Elements of w processed with special addition: 3 (16.67%)
* Elements of w remaining: 15 (83.33%)
* Elements of w skipped: 0 (0.00%)
* Elements of w processed with special addition: 1 (3.70%)
* Elements of w remaining: 26 (96.30%)
* G1 elements in proof: 2
* G2 elements in proof: 1
* Proof size in bits: 1019
* Elements of w skipped: 1 (2.63%)
* Elements of w processed with special addition: 4 (10.53%)
* Elements of w remaining: 33 (86.84%)
* Elements of w skipped: 0 (0.00%)
* Elements of w processed with special addition: 3 (16.67%)
* Elements of w remaining: 15 (83.33%)
* Elements of w skipped: 0 (0.00%)
* Elements of w processed with special addition: 1 (3.70%)
* Elements of w remaining: 26 (96.30%)
* G1 elements in proof: 2
* G2 elements in proof: 1
* Proof size in bits: 1019
* Elements of w skipped: 1 (2.63%)
* Elements of w processed with special addition: 4 (10.53%)
* Elements of w remaining: 33 (86.84%)
* Elements of w skipped: 0 (0.00%)
* Elements of w processed with special addition: 3 (16.67%)
* Elements of w remaining: 15 (83.33%)
* Elements of w skipped: 0 (0.00%)
* Elements of w processed with special addition: 1 (3.70%)
* Elements of w remaining: 26 (96.30%)
* G1 elements in proof: 2
* G2 elements in proof: 1
* Proof size in bits: 1019
* Elements of w skipped: 1 (2.63%)
* Elements of w processed with special addition: 4 (10.53%)
* Elements of w remaining: 33 (86.84%)
* Elements of w skipped: 0 (0.00%)
* Elements of w processed with special addition: 3 (16.67%)
* Elements of w remaining: 15 (83.33%)
* Elements of w skipped: 0 (0.00%)
* Elements of w processed with special addition: 1 (3.70%)
* Elements of w remaining: 26 (96.30%)
* G1 elements in proof: 2
* G2 elements in proof: 1
* Proof size in bits: 1019
* Elements of w skipped: 1 (2.63%)
* Elements of w processed with special addition: 4 (10.53%)
* Elements of w remaining: 33 (86.84%)
* Elements of w skipped: 0 (0.00%)
* Elements of w processed with special addition: 3 (16.67%)
* Elements of w remaining: 15 (83.33%)
* Elements of w skipped: 0 (0.00%)
* Elements of w processed with special addition: 1 (3.70%)
* Elements of w remaining: 26 (96.30%)
* G1 elements in proof: 2
* G2 elements in proof: 1
* Proof size in bits: 1019
* Elements of w skipped: 1 (2.63%)
* Elements of w processed with special addition: 4 (10.53%)
* Elements of w remaining: 33 (86.84%)
* Elements of w skipped: 0 (0.00%)
* Elements of w processed with special addition: 3 (16.67%)
* Elements of w remaining: 15 (83.33%)
* Elements of w skipped: 0 (0.00%)
* Elements of w processed with special addition: 1 (3.70%)
* Elements of w remaining: 26 (96.30%)
* G1 elements in proof: 2
* G2 elements in proof: 1
* Proof size in bits: 1019
  2       18          18.9          6.59          2.65          PASS      
* Composed C_4: 36 constraints, 73 variables, 10 inputs
* QAP number of variables: 73
* QAP pre degree: 36
* QAP degree: 48
* QAP number of input variables: 10
* G1 window: 5
* G2 window: 4
* G1 elements in PK: 259
* Non-zero G1 elements in PK: 221
* G2 elements in PK: 75
* Non-zero G2 elements in PK: 37
* PK size in bits: 77492
* G1 elements in VK: 10
* G2 elements in VK: 2
* GT elements in VK: 1
* VK size in bits: 4463
* Elements of w skipped: 1 (1.35%)
* Elements of w processed with special addition: 6 (8.11%)
* Elements of w remaining: 67 (90.54%)
* Elements of w skipped: 0 (0.00%)
* Elements of w processed with special addition: 5 (13.89%)
* Elements of w remaining: 31 (86.11%)
* Elements of w skipped: 0 (0.00%)
* Elements of w processed with special addition: 3 (4.76%)
* Elements of w remaining: 60 (95.24%)
* G1 elements in proof: 2
* G2 elements in proof: 1
* Proof size in bits: 1019
* Elements of w skipped: 1 (1.35%)
* Elements of w processed with special addition: 6 (8.11%)
* Elements of w remaining: 67 (90.54%)
* Elements of w skipped: 0 (0.00%)
* Elements of w processed with special addition: 5 (13.89%)
* Elements of w remaining: 31 (86.11%)
* Elements of w skipped: 0 (0.00%)
* Elements of w processed with special addition: 3 (4.76%)
* Elements of w remaining: 60 (95.24%)
* G1 elements in proof: 2
* G2 elements in proof: 1
* Proof size in bits: 1019
* Elements of w skipped: 1 (1.35%)
* Elements of w processed with special addition: 6 (8.11%)
* Elements of w remaining: 67 (90.54%)
* Elements of w skipped: 0 (0.00%)
* Elements of w processed with special addition: 5 (13.89%)
* Elements of w remaining: 31 (86.11%)
* Elements of w skipped: 0 (0.00%)
* Elements of w processed with special addition: 3 (4.76%)
* Elements of w remaining: 60 (95.24%)
* G1 elements in proof: 2
* G2 elements in proof: 1
* Proof size in bits: 1019
* Elements of w skipped: 1 (1.35%)
* Elements of w processed with special addition: 6 (8.11%)
* Elements of w remaining: 67 (90.54%)
* Elements of w skipped: 0 (0.00%)
* Elements of w processed with special addition: 5 (13.89%)
* Elements of w remaining: 31 (86.11%)
* Elements of w skipped: 0 (0.00%)
* Elements of w processed with special addition: 3 (4.76%)
* Elements of w remaining: 60 (95.24%)
* G1 elements in proof: 2
* G2 elements in proof: 1
* Proof size in bits: 1019
* Elements of w skipped: 1 (1.35%)
* Elements of w processed with special addition: 6 (8.11%)
* Elements of w remaining: 67 (90.54%)
* Elements of w skipped: 0 (0.00%)
* Elements of w processed with special addition: 5 (13.89%)
* Elements of w remaining: 31 (86.11%)
* Elements of w skipped: 0 (0.00%)
* Elements of w processed with special addition: 3 (4.76%)
* Elements of w remaining: 60 (95.24%)
* G1 elements in proof: 2
* G2 elements in proof: 1
* Proof size in bits: 1019
* Elements of w skipped: 1 (1.35%)
* Elements of w processed with special addition: 6 (8.11%)
* Elements of w remaining: 67 (90.54%)
* Elements of w skipped: 0 (0.00%)
* Elements of w processed with special addition: 5 (13.89%)
* Elements of w remaining: 31 (86.11%)
* Elements of w skipped: 0 (0.00%)
* Elements of w processed with special addition: 3 (4.76%)
* Elements of w remaining: 60 (95.24%)
* G1 elements in proof: 2
* G2 elements in proof: 1
* Proof size in bits: 1019
* Elements of w skipped: 1 (1.35%)
* Elements of w processed with special addition: 6 (8.11%)
* Elements of w remaining: 67 (90.54%)
* Elements of w skipped: 0 (0.00%)
* Elements of w processed with special addition: 5 (13.89%)
* Elements of w remaining: 31 (86.11%)
* Elements of w skipped: 0 (0.00%)
* Elements of w processed with special addition: 3 (4.76%)
* Elements of w remaining: 60 (95.24%)
* G1 elements in proof: 2
* G2 elements in proof: 1
* Proof size in bits: 1019
* Elements of w skipped: 1 (1.35%)
* Elements of w processed with special addition: 6 (8.11%)
* Elements of w remaining: 67 (90.54%)
* Elements of w skipped: 0 (0.00%)
* Elements of w processed with special addition: 5 (13.89%)
* Elements of w remaining: 31 (86.11%)
* Elements of w skipped: 0 (0.00%)
* Elements of w processed with special addition: 3 (4.76%)
* Elements of w remaining: 60 (95.24%)
* G1 elements in proof: 2
* G2 elements in proof: 1
* Proof size in bits: 1019
* Elements of w skipped: 1 (1.35%)
* Elements of w processed with special addition: 6 (8.11%)
* Elements of w remaining: 67 (90.54%)
* Elements of w skipped: 0 (0.00%)
* Elements of w processed with special addition: 5 (13.89%)
* Elements of w remaining: 31 (86.11%)
* Elements of w skipped: 0 (0.00%)
* Elements of w processed with special addition: 3 (4.76%)
* Elements of w remaining: 60 (95.24%)
* G1 elements in proof: 2
* G2 elements in proof: 1
* Proof size in bits: 1019
* Elements of w skipped: 1 (1.35%)
* Elements of w processed with special addition: 6 (8.11%)
* Elements of w remaining: 67 (90.54%)
* Elements of w skipped: 0 (0.00%)
* Elements of w processed with special addition: 5 (13.89%)
* Elements of w remaining: 31 (86.11%)
* Elements of w skipped: 0 (0.00%)
* Elements of w processed with special addition: 3 (4.76%)
* Elements of w remaining: 60 (95.24%)
* G1 elements in proof: 2
* G2 elements in proof: 1
* Proof size in bits: 1019
  4       36          26.8          8.70          2.64          PASS      
* Composed C_8: 72 constraints, 145 variables, 10 inputs
* QAP number of variables: 145
* QAP pre degree: 72
* QAP degree: 96
* QAP number of input variables: 10
* G1 window: 6
* G2 window: 5
* G1 elements in PK: 523
* Non-zero G1 elements in PK: 449
* G2 elements in PK: 147
* Non-zero G2 elements in PK: 73
* PK size in bits: 156260
* G1 elements in VK: 10
* G2 elements in VK: 2
* GT elements in VK: 1
* VK size in bits: 4463
* Elements of w skipped: 1 (0.68%)
* Elements of w processed with special addition: 10 (6.85%)
* Elements of w remaining: 135 (92.47%)
* Elements of w skipped: 0 (0.00%)
* Elements of w processed with special addition: 9 (12.50%)
* Elements of w remaining: 63 (87.50%)
* Elements of w skipped: 0 (0.00%)
* Elements of w processed with special addition: 7 (5.19%)
* Elements of w remaining: 128 (94.81%)
* G1 elements in proof: 2
* G2 elements in proof: 1
* Proof size in bits: 1019
* Elements of w skipped: 1 (0.68%)
* Elements of w processed with special addition: 10 (6.85%)
* Elements of w remaining: 135 (92.47%)
* Elements of w skipped: 0 (0.00%)
* Elements of w processed with special addition: 9 (12.50%)
* Elements of w remaining: 63 (87.50%)
* Elements of w skipped: 0 (0.00%)
* Elements of w processed with special addition: 7 (5.19%)
* Elements of w remaining: 128 (94.81%)
* G1 elements in proof: 2
* G2 elements in proof: 1
* Proof size in bits: 1019
* Elements of w skipped: 1 (0.68%)
* Elements of w processed with special addition: 10 (6.85%)
* Elements of w remaining: 135 (92.47%)
* Elements of w skipped: 0 (0.00%)
* Elements of w processed with special addition: 9 (12.50%)
* Elements of w remaining: 63 (87.50%)
* Elements of w skipped: 0 (0.00%)
* Elements of w processed with special addition: 7 (5.19%)
* Elements of w remaining: 128 (94.81%)
* G1 elements in proof: 2
* G2 elements in proof: 1
* Proof size in bits: 1019
* Elements of w skipped: 1 (0.68%)
* Elements of w processed with special addition: 10 (6.85%)
* Elements of w remaining: 135 (92.47%)
* Elements of w skipped: 0 (0.00%)
* Elements of w processed with special addition: 9 (12.50%)
* Elements of w remaining: 63 (87.50%)
* Elements of w skipped: 0 (0.00%)
* Elements of w processed with special addition: 7 (5.19%)
* Elements of w remaining: 128 (94.81%)
* G1 elements in proof: 2
* G2 elements in proof: 1
* Proof size in bits: 1019
* Elements of w skipped: 1 (0.68%)
* Elements of w processed with special addition: 10 (6.85%)
* Elements of w remaining: 135 (92.47%)
* Elements of w skipped: 0 (0.00%)
* Elements of w processed with special addition: 9 (12.50%)
* Elements of w remaining: 63 (87.50%)
* Elements of w skipped: 0 (0.00%)
* Elements of w processed with special addition: 7 (5.19%)
* Elements of w remaining: 128 (94.81%)
* G1 elements in proof: 2
* G2 elements in proof: 1
* Proof size in bits: 1019
* Elements of w skipped: 1 (0.68%)
* Elements of w processed with special addition: 10 (6.85%)
* Elements of w remaining: 135 (92.47%)
* Elements of w skipped: 0 (0.00%)
* Elements of w processed with special addition: 9 (12.50%)
* Elements of w remaining: 63 (87.50%)
* Elements of w skipped: 0 (0.00%)
* Elements of w processed with special addition: 7 (5.19%)
* Elements of w remaining: 128 (94.81%)
* G1 elements in proof: 2
* G2 elements in proof: 1
* Proof size in bits: 1019
* Elements of w skipped: 1 (0.68%)
* Elements of w processed with special addition: 10 (6.85%)
* Elements of w remaining: 135 (92.47%)
* Elements of w skipped: 0 (0.00%)
* Elements of w processed with special addition: 9 (12.50%)
* Elements of w remaining: 63 (87.50%)
* Elements of w skipped: 0 (0.00%)
* Elements of w processed with special addition: 7 (5.19%)
* Elements of w remaining: 128 (94.81%)
* G1 elements in proof: 2
* G2 elements in proof: 1
* Proof size in bits: 1019
* Elements of w skipped: 1 (0.68%)
* Elements of w processed with special addition: 10 (6.85%)
* Elements of w remaining: 135 (92.47%)
* Elements of w skipped: 0 (0.00%)
* Elements of w processed with special addition: 9 (12.50%)
* Elements of w remaining: 63 (87.50%)
* Elements of w skipped: 0 (0.00%)
* Elements of w processed with special addition: 7 (5.19%)
* Elements of w remaining: 128 (94.81%)
* G1 elements in proof: 2
* G2 elements in proof: 1
* Proof size in bits: 1019
* Elements of w skipped: 1 (0.68%)
* Elements of w processed with special addition: 10 (6.85%)
* Elements of w remaining: 135 (92.47%)
* Elements of w skipped: 0 (0.00%)
* Elements of w processed with special addition: 9 (12.50%)
* Elements of w remaining: 63 (87.50%)
* Elements of w skipped: 0 (0.00%)
* Elements of w processed with special addition: 7 (5.19%)
* Elements of w remaining: 128 (94.81%)
* G1 elements in proof: 2
* G2 elements in proof: 1
* Proof size in bits: 1019
* Elements of w skipped: 1 (0.68%)
* Elements of w processed with special addition: 10 (6.85%)
* Elements of w remaining: 135 (92.47%)
* Elements of w skipped: 0 (0.00%)
* Elements of w processed with special addition: 9 (12.50%)
* Elements of w remaining: 63 (87.50%)
* Elements of w skipped: 0 (0.00%)
* Elements of w processed with special addition: 7 (5.19%)
* Elements of w remaining: 128 (94.81%)
* G1 elements in proof: 2
* G2 elements in proof: 1
* Proof size in bits: 1019
  8       72          40.2          14.20         2.69          PASS      
* Composed C_16: 144 constraints, 289 variables, 10 inputs
* QAP number of variables: 289
* QAP pre degree: 144
* QAP degree: 160
* QAP number of input variables: 10
* G1 window: 7
* G2 window: 5
* G1 elements in PK: 1019
* Non-zero G1 elements in PK: 873
* G2 elements in PK: 291
* Non-zero G2 elements in PK: 145
* PK size in bits: 305636
* G1 elements in VK: 10
* G2 elements in VK: 2
* GT elements in VK: 1
* VK size in bits: 4463
* Elements of w skipped: 1 (0.34%)
* Elements of w processed with special addition: 18 (6.21%)
* Elements of w remaining: 271 (93.45%)
* Elements of w skipped: 0 (0.00%)
* Elements of w processed with special addition: 17 (11.81%)
* Elements of w remaining: 127 (88.19%)
* Elements of w skipped: 0 (0.00%)
* Elements of w processed with special addition: 15 (5.38%)
* Elements of w remaining: 264 (94.62%)
* G1 elements in proof: 2
* G2 elements in proof: 1
* Proof size in bits: 1019
* Elements of w skipped: 1 (0.34%)
* Elements of w processed with special addition: 18 (6.21%)
* Elements of w remaining: 271 (93.45%)
* Elements of w skipped: 0 (0.00%)
* Elements of w processed with special addition: 17 (11.81%)
* Elements of w remaining: 127 (88.19%)
* Elements of w skipped: 0 (0.00%)
* Elements of w processed with special addition: 15 (5.38%)
* Elements of w remaining: 264 (94.62%)
* G1 elements in proof: 2
* G2 elements in proof: 1
* Proof size in bits: 1019
* Elements of w skipped: 1 (0.34%)
* Elements of w processed with special addition: 18 (6.21%)
* Elements of w remaining: 271 (93.45%)
* Elements of w skipped: 0 (0.00%)
* Elements of w processed with special addition: 17 (11.81%)
* Elements of w remaining: 127 (88.19%)
* Elements of w skipped: 0 (0.00%)
* Elements of w processed with special addition: 15 (5.38%)
* Elements of w remaining: 264 (94.62%)
* G1 elements in proof: 2
* G2 elements in proof: 1
* Proof size in bits: 1019
* Elements of w skipped: 1 (0.34%)
* Elements of w processed with special addition: 18 (6.21%)
* Elements of w remaining: 271 (93.45%)
* Elements of w skipped: 0 (0.00%)
* Elements of w processed with special addition: 17 (11.81%)
* Elements of w remaining: 127 (88.19%)
* Elements of w skipped: 0 (0.00%)
* Elements of w processed with special addition: 15 (5.38%)
* Elements of w remaining: 264 (94.62%)
* G1 elements in proof: 2
* G2 elements in proof: 1
* Proof size in bits: 1019
* Elements of w skipped: 1 (0.34%)
* Elements of w processed with special addition: 18 (6.21%)
* Elements of w remaining: 271 (93.45%)
* Elements of w skipped: 0 (0.00%)
* Elements of w processed with special addition: 17 (11.81%)
* Elements of w remaining: 127 (88.19%)
* Elements of w skipped: 0 (0.00%)
* Elements of w processed with special addition: 15 (5.38%)
* Elements of w remaining: 264 (94.62%)
* G1 elements in proof: 2
* G2 elements in proof: 1
* Proof size in bits: 1019
* Elements of w skipped: 1 (0.34%)
* Elements of w processed with special addition: 18 (6.21%)
* Elements of w remaining: 271 (93.45%)
* Elements of w skipped: 0 (0.00%)
* Elements of w processed with special addition: 17 (11.81%)
* Elements of w remaining: 127 (88.19%)
* Elements of w skipped: 0 (0.00%)
* Elements of w processed with special addition: 15 (5.38%)
* Elements of w remaining: 264 (94.62%)
* G1 elements in proof: 2
* G2 elements in proof: 1
* Proof size in bits: 1019
* Elements of w skipped: 1 (0.34%)
* Elements of w processed with special addition: 18 (6.21%)
* Elements of w remaining: 271 (93.45%)
* Elements of w skipped: 0 (0.00%)
* Elements of w processed with special addition: 17 (11.81%)
* Elements of w remaining: 127 (88.19%)
* Elements of w skipped: 0 (0.00%)
* Elements of w processed with special addition: 15 (5.38%)
* Elements of w remaining: 264 (94.62%)
* G1 elements in proof: 2
* G2 elements in proof: 1
* Proof size in bits: 1019
* Elements of w skipped: 1 (0.34%)
* Elements of w processed with special addition: 18 (6.21%)
* Elements of w remaining: 271 (93.45%)
* Elements of w skipped: 0 (0.00%)
* Elements of w processed with special addition: 17 (11.81%)
* Elements of w remaining: 127 (88.19%)
* Elements of w skipped: 0 (0.00%)
* Elements of w processed with special addition: 15 (5.38%)
* Elements of w remaining: 264 (94.62%)
* G1 elements in proof: 2
* G2 elements in proof: 1
* Proof size in bits: 1019
* Elements of w skipped: 1 (0.34%)
* Elements of w processed with special addition: 18 (6.21%)
* Elements of w remaining: 271 (93.45%)
* Elements of w skipped: 0 (0.00%)
* Elements of w processed with special addition: 17 (11.81%)
* Elements of w remaining: 127 (88.19%)
* Elements of w skipped: 0 (0.00%)
* Elements of w processed with special addition: 15 (5.38%)
* Elements of w remaining: 264 (94.62%)
* G1 elements in proof: 2
* G2 elements in proof: 1
* Proof size in bits: 1019
* Elements of w skipped: 1 (0.34%)
* Elements of w processed with special addition: 18 (6.21%)
* Elements of w remaining: 271 (93.45%)
* Elements of w skipped: 0 (0.00%)
* Elements of w processed with special addition: 17 (11.81%)
* Elements of w remaining: 127 (88.19%)
* Elements of w skipped: 0 (0.00%)
* Elements of w processed with special addition: 15 (5.38%)
* Elements of w remaining: 264 (94.62%)
* G1 elements in proof: 2
* G2 elements in proof: 1
* Proof size in bits: 1019
  16      144         68.7          20.84         2.69          PASS      
* Composed C_32: 288 constraints, 577 variables, 10 inputs
* QAP number of variables: 577
* QAP pre degree: 288
* QAP degree: 320
* QAP number of input variables: 10
* G1 window: 8
* G2 window: 6
* G1 elements in PK: 2043
* Non-zero G1 elements in PK: 1753
* G2 elements in PK: 579
* Non-zero G2 elements in PK: 289
* PK size in bits: 612548
* G1 elements in VK: 10
* G2 elements in VK: 2
* GT elements in VK: 1
* VK size in bits: 4463
* Elements of w skipped: 1 (0.17%)
* Elements of w processed with special addition: 34 (5.88%)
* Elements of w remaining: 543 (93.94%)
* Elements of w skipped: 0 (0.00%)
* Elements of w processed with special addition: 33 (11.46%)
* Elements of w remaining: 255 (88.54%)
* Elements of w skipped: 0 (0.00%)
* Elements of w processed with special addition: 31 (5.47%)
* Elements of w remaining: 536 (94.53%)
* G1 elements in proof: 2
* G2 elements in proof: 1
* Proof size in bits: 1019
* Elements of w skipped: 1 (0.17%)
* Elements of w processed with special addition: 34 (5.88%)
* Elements of w remaining: 543 (93.94%)
* Elements of w skipped: 0 (0.00%)
* Elements of w processed with special addition: 33 (11.46%)
* Elements of w remaining: 255 (88.54%)
* Elements of w skipped: 0 (0.00%)
* Elements of w processed with special addition: 31 (5.47%)
* Elements of w remaining: 536 (94.53%)
* G1 elements in proof: 2
* G2 elements in proof: 1
* Proof size in bits: 1019
* Elements of w skipped: 1 (0.17%)
* Elements of w processed with special addition: 34 (5.88%)
* Elements of w remaining: 543 (93.94%)
* Elements of w skipped: 0 (0.00%)
* Elements of w processed with special addition: 33 (11.46%)
* Elements of w remaining: 255 (88.54%)
* Elements of w skipped: 0 (0.00%)
* Elements of w processed with special addition: 31 (5.47%)
* Elements of w remaining: 536 (94.53%)
* G1 elements in proof: 2
* G2 elements in proof: 1
* Proof size in bits: 1019
* Elements of w skipped: 1 (0.17%)
* Elements of w processed with special addition: 34 (5.88%)
* Elements of w remaining: 543 (93.94%)
* Elements of w skipped: 0 (0.00%)
* Elements of w processed with special addition: 33 (11.46%)
* Elements of w remaining: 255 (88.54%)
* Elements of w skipped: 0 (0.00%)
* Elements of w processed with special addition: 31 (5.47%)
* Elements of w remaining: 536 (94.53%)
* G1 elements in proof: 2
* G2 elements in proof: 1
* Proof size in bits: 1019
* Elements of w skipped: 1 (0.17%)
* Elements of w processed with special addition: 34 (5.88%)
* Elements of w remaining: 543 (93.94%)
* Elements of w skipped: 0 (0.00%)
* Elements of w processed with special addition: 33 (11.46%)
* Elements of w remaining: 255 (88.54%)
* Elements of w skipped: 0 (0.00%)
* Elements of w processed with special addition: 31 (5.47%)
* Elements of w remaining: 536 (94.53%)
* G1 elements in proof: 2
* G2 elements in proof: 1
* Proof size in bits: 1019
* Elements of w skipped: 1 (0.17%)
* Elements of w processed with special addition: 34 (5.88%)
* Elements of w remaining: 543 (93.94%)
* Elements of w skipped: 0 (0.00%)
* Elements of w processed with special addition: 33 (11.46%)
* Elements of w remaining: 255 (88.54%)
* Elements of w skipped: 0 (0.00%)
* Elements of w processed with special addition: 31 (5.47%)
* Elements of w remaining: 536 (94.53%)
* G1 elements in proof: 2
* G2 elements in proof: 1
* Proof size in bits: 1019
* Elements of w skipped: 1 (0.17%)
* Elements of w processed with special addition: 34 (5.88%)
* Elements of w remaining: 543 (93.94%)
* Elements of w skipped: 0 (0.00%)
* Elements of w processed with special addition: 33 (11.46%)
* Elements of w remaining: 255 (88.54%)
* Elements of w skipped: 0 (0.00%)
* Elements of w processed with special addition: 31 (5.47%)
* Elements of w remaining: 536 (94.53%)
* G1 elements in proof: 2
* G2 elements in proof: 1
* Proof size in bits: 1019
* Elements of w skipped: 1 (0.17%)
* Elements of w processed with special addition: 34 (5.88%)
* Elements of w remaining: 543 (93.94%)
* Elements of w skipped: 0 (0.00%)
* Elements of w processed with special addition: 33 (11.46%)
* Elements of w remaining: 255 (88.54%)
* Elements of w skipped: 0 (0.00%)
* Elements of w processed with special addition: 31 (5.47%)
* Elements of w remaining: 536 (94.53%)
* G1 elements in proof: 2
* G2 elements in proof: 1
* Proof size in bits: 1019
* Elements of w skipped: 1 (0.17%)
* Elements of w processed with special addition: 34 (5.88%)
* Elements of w remaining: 543 (93.94%)
* Elements of w skipped: 0 (0.00%)
* Elements of w processed with special addition: 33 (11.46%)
* Elements of w remaining: 255 (88.54%)
* Elements of w skipped: 0 (0.00%)
* Elements of w processed with special addition: 31 (5.47%)
* Elements of w remaining: 536 (94.53%)
* G1 elements in proof: 2
* G2 elements in proof: 1
* Proof size in bits: 1019
* Elements of w skipped: 1 (0.17%)
* Elements of w processed with special addition: 34 (5.88%)
* Elements of w remaining: 543 (93.94%)
* Elements of w skipped: 0 (0.00%)
* Elements of w processed with special addition: 33 (11.46%)
* Elements of w remaining: 255 (88.54%)
* Elements of w skipped: 0 (0.00%)
* Elements of w processed with special addition: 31 (5.47%)
* Elements of w remaining: 536 (94.53%)
* G1 elements in proof: 2
* G2 elements in proof: 1
* Proof size in bits: 1019
  32      288         113.9         34.61         2.68          PASS      
* Composed C_64: 576 constraints, 1153 variables, 10 inputs
* QAP number of variables: 1153
* QAP pre degree: 576
* QAP degree: 640
* QAP number of input variables: 10
* G1 window: 9
* G2 window: 7
* G1 elements in PK: 4091
* Non-zero G1 elements in PK: 3513
* G2 elements in PK: 1155
* Non-zero G2 elements in PK: 577
* PK size in bits: 1226372
* G1 elements in VK: 10
* G2 elements in VK: 2
* GT elements in VK: 1
* VK size in bits: 4463
* Elements of w skipped: 1 (0.09%)
* Elements of w processed with special addition: 66 (5.72%)
* Elements of w remaining: 1087 (94.19%)
* Elements of w skipped: 0 (0.00%)
* Elements of w processed with special addition: 65 (11.28%)
* Elements of w remaining: 511 (88.72%)
* Elements of w skipped: 0 (0.00%)
* Elements of w processed with special addition: 63 (5.51%)
* Elements of w remaining: 1080 (94.49%)
* G1 elements in proof: 2
* G2 elements in proof: 1
* Proof size in bits: 1019
* Elements of w skipped: 1 (0.09%)
* Elements of w processed with special addition: 66 (5.72%)
* Elements of w remaining: 1087 (94.19%)
* Elements of w skipped: 0 (0.00%)
* Elements of w processed with special addition: 65 (11.28%)
* Elements of w remaining: 511 (88.72%)
* Elements of w skipped: 0 (0.00%)
* Elements of w processed with special addition: 63 (5.51%)
* Elements of w remaining: 1080 (94.49%)
* G1 elements in proof: 2
* G2 elements in proof: 1
* Proof size in bits: 1019
* Elements of w skipped: 1 (0.09%)
* Elements of w processed with special addition: 66 (5.72%)
* Elements of w remaining: 1087 (94.19%)
* Elements of w skipped: 0 (0.00%)
* Elements of w processed with special addition: 65 (11.28%)
* Elements of w remaining: 511 (88.72%)
* Elements of w skipped: 0 (0.00%)
* Elements of w processed with special addition: 63 (5.51%)
* Elements of w remaining: 1080 (94.49%)
* G1 elements in proof: 2
* G2 elements in proof: 1
* Proof size in bits: 1019
* Elements of w skipped: 1 (0.09%)
* Elements of w processed with special addition: 66 (5.72%)
* Elements of w remaining: 1087 (94.19%)
* Elements of w skipped: 0 (0.00%)
* Elements of w processed with special addition: 65 (11.28%)
* Elements of w remaining: 511 (88.72%)
* Elements of w skipped: 0 (0.00%)
* Elements of w processed with special addition: 63 (5.51%)
* Elements of w remaining: 1080 (94.49%)
* G1 elements in proof: 2
* G2 elements in proof: 1
* Proof size in bits: 1019
* Elements of w skipped: 1 (0.09%)
* Elements of w processed with special addition: 66 (5.72%)
* Elements of w remaining: 1087 (94.19%)
* Elements of w skipped: 0 (0.00%)
* Elements of w processed with special addition: 65 (11.28%)
* Elements of w remaining: 511 (88.72%)
* Elements of w skipped: 0 (0.00%)
* Elements of w processed with special addition: 63 (5.51%)
* Elements of w remaining: 1080 (94.49%)
* G1 elements in proof: 2
* G2 elements in proof: 1
* Proof size in bits: 1019
* Elements of w skipped: 1 (0.09%)
* Elements of w processed with special addition: 66 (5.72%)
* Elements of w remaining: 1087 (94.19%)
* Elements of w skipped: 0 (0.00%)
* Elements of w processed with special addition: 65 (11.28%)
* Elements of w remaining: 511 (88.72%)
* Elements of w skipped: 0 (0.00%)
* Elements of w processed with special addition: 63 (5.51%)
* Elements of w remaining: 1080 (94.49%)
* G1 elements in proof: 2
* G2 elements in proof: 1
* Proof size in bits: 1019
* Elements of w skipped: 1 (0.09%)
* Elements of w processed with special addition: 66 (5.72%)
* Elements of w remaining: 1087 (94.19%)
* Elements of w skipped: 0 (0.00%)
* Elements of w processed with special addition: 65 (11.28%)
* Elements of w remaining: 511 (88.72%)
* Elements of w skipped: 0 (0.00%)
* Elements of w processed with special addition: 63 (5.51%)
* Elements of w remaining: 1080 (94.49%)
* G1 elements in proof: 2
* G2 elements in proof: 1
* Proof size in bits: 1019
* Elements of w skipped: 1 (0.09%)
* Elements of w processed with special addition: 66 (5.72%)
* Elements of w remaining: 1087 (94.19%)
* Elements of w skipped: 0 (0.00%)
* Elements of w processed with special addition: 65 (11.28%)
* Elements of w remaining: 511 (88.72%)
* Elements of w skipped: 0 (0.00%)
* Elements of w processed with special addition: 63 (5.51%)
* Elements of w remaining: 1080 (94.49%)
* G1 elements in proof: 2
* G2 elements in proof: 1
* Proof size in bits: 1019
* Elements of w skipped: 1 (0.09%)
* Elements of w processed with special addition: 66 (5.72%)
* Elements of w remaining: 1087 (94.19%)
* Elements of w skipped: 0 (0.00%)
* Elements of w processed with special addition: 65 (11.28%)
* Elements of w remaining: 511 (88.72%)
* Elements of w skipped: 0 (0.00%)
* Elements of w processed with special addition: 63 (5.51%)
* Elements of w remaining: 1080 (94.49%)
* G1 elements in proof: 2
* G2 elements in proof: 1
* Proof size in bits: 1019
* Elements of w skipped: 1 (0.09%)
* Elements of w processed with special addition: 66 (5.72%)
* Elements of w remaining: 1087 (94.19%)
* Elements of w skipped: 0 (0.00%)
* Elements of w processed with special addition: 65 (11.28%)
* Elements of w remaining: 511 (88.72%)
* Elements of w skipped: 0 (0.00%)
* Elements of w processed with special addition: 63 (5.51%)
* Elements of w remaining: 1080 (94.49%)
* G1 elements in proof: 2
* G2 elements in proof: 1
* Proof size in bits: 1019
  64      576         193.8         61.60         2.70          PASS      

  Groth16 results written to /Users/heewonchung/Documents/00-Research/active/Updatable Verifiable Computation/Dev/results/2026-03-09_201110_iot/csv/groth16_results.csv

================================================================
All benchmarks complete.
================================================================
  Done in 6s

------------------------------------------------------------
  Running: [5/10] sensor_fusion K=16 B=16
  Command: bench_comparative --circuit sensor_fusion --n 16 --B 16 --output-dir /Users/heewonchung/Documents/00-Research/active/Updatable Verifiable Computation/Dev/results/2026-03-09_201110_iot/csv --reps 10
------------------------------------------------------------
================================================================
Comparative Benchmark: UVC vs Groth16
================================================================
  Circuit: sensor_fusion, n=16, B=16, reps=10
  Output: /Users/heewonchung/Documents/00-Research/active/Updatable Verifiable Computation/Dev/results/2026-03-09_201110_iot/csv/

================================================================
UVC Benchmark: circuit=sensor_fusion, n=16, B=16
================================================================
  Circuit: 17 constraints, 35 vars, state=1, transition=17

  [Setup] Generating CRS for B=16...
* UVC Setup: B=16, n=35, state=1, transition=17
* Composed C_16: 272 constraints, 545 variables, 18 inputs
* QAP (C_B) variables: 545, degree: 320, inputs: 18
* UVC max compositions (B): 16
* G1 elements in PK: 1939
* G2 elements in PK: 547
* PK size in bits: 594188
* H_query_full size: 319
* Step 2: 34 new wires (0 io, 34 wt)
* Step 3: 34 new wires (0 io, 34 wt)
* Step 4: 34 new wires (0 io, 34 wt)
* Step 5: 34 new wires (0 io, 34 wt)
* Step 6: 34 new wires (0 io, 34 wt)
* Step 7: 34 new wires (0 io, 34 wt)
* Step 8: 34 new wires (0 io, 34 wt)
* Step 9: 34 new wires (0 io, 34 wt)
* Step 10: 34 new wires (0 io, 34 wt)
* Step 11: 34 new wires (0 io, 34 wt)
* Step 12: 34 new wires (0 io, 34 wt)
* Step 13: 34 new wires (0 io, 34 wt)
* Step 14: 34 new wires (0 io, 34 wt)
* Step 15: 34 new wires (0 io, 34 wt)
* Step 16: 34 new wires (0 io, 34 wt)
* UVC VK: 16 max steps
* G2 elements in VK: 2
* GT elements in VK: 1
* gamma_ABC size: 18
  Setup: 103.8 ms, CRS: 2414 G1 + 1058 G2
  Building proof chain (steps 1..16)...
* UVC Prove step 1
* Elements of w skipped: 1 (2.78%)
* Elements of w processed with special addition: 3 (8.33%)
* Elements of w remaining: 32 (88.89%)
* Elements of w skipped: 1 (5.26%)
* Elements of w processed with special addition: 1 (5.26%)
* Elements of w remaining: 17 (89.47%)
* Elements of w skipped: 0 (0.00%)
* Elements of w processed with special addition: 0 (0.00%)
* Elements of w remaining: 17 (100.00%)
* UVC proof at step 1
* G1 elements in proof: 2
* G2 elements in proof: 1
* Proof size in bits: 1019
* Cached h poly size: 319
* UVC Prove step 2
* Elements of w skipped: 0 (0.00%)
* Elements of w processed with special addition: 1 (2.94%)
* Elements of w remaining: 33 (97.06%)
* Elements of w skipped: 0 (0.00%)
* Elements of w processed with special addition: 1 (5.56%)
* Elements of w remaining: 17 (94.44%)
* Elements of w skipped: 0 (0.00%)
* Elements of w processed with special addition: 1 (2.94%)
* Elements of w remaining: 33 (97.06%)
* UVC proof at step 2
* G1 elements in proof: 2
* G2 elements in proof: 1
* Proof size in bits: 1019
* Cached h poly size: 319
* UVC Prove step 3
* Elements of w skipped: 0 (0.00%)
* Elements of w processed with special addition: 1 (2.94%)
* Elements of w remaining: 33 (97.06%)
* Elements of w skipped: 0 (0.00%)
* Elements of w processed with special addition: 1 (5.56%)
* Elements of w remaining: 17 (94.44%)
* Elements of w skipped: 0 (0.00%)
* Elements of w processed with special addition: 1 (2.94%)
* Elements of w remaining: 33 (97.06%)
* UVC proof at step 3
* G1 elements in proof: 2
* G2 elements in proof: 1
* Proof size in bits: 1019
* Cached h poly size: 319
* UVC Prove step 4
* Elements of w skipped: 0 (0.00%)
* Elements of w processed with special addition: 1 (2.94%)
* Elements of w remaining: 33 (97.06%)
* Elements of w skipped: 0 (0.00%)
* Elements of w processed with special addition: 1 (5.56%)
* Elements of w remaining: 17 (94.44%)
* Elements of w skipped: 0 (0.00%)
* Elements of w processed with special addition: 1 (2.94%)
* Elements of w remaining: 33 (97.06%)
* UVC proof at step 4
* G1 elements in proof: 2
* G2 elements in proof: 1
* Proof size in bits: 1019
* Cached h poly size: 319
* UVC Prove step 5
* Elements of w skipped: 0 (0.00%)
* Elements of w processed with special addition: 1 (2.94%)
* Elements of w remaining: 33 (97.06%)
* Elements of w skipped: 0 (0.00%)
* Elements of w processed with special addition: 1 (5.56%)
* Elements of w remaining: 17 (94.44%)
* Elements of w skipped: 0 (0.00%)
* Elements of w processed with special addition: 1 (2.94%)
* Elements of w remaining: 33 (97.06%)
* UVC proof at step 5
* G1 elements in proof: 2
* G2 elements in proof: 1
* Proof size in bits: 1019
* Cached h poly size: 319
* UVC Prove step 6
* Elements of w skipped: 0 (0.00%)
* Elements of w processed with special addition: 1 (2.94%)
* Elements of w remaining: 33 (97.06%)
* Elements of w skipped: 0 (0.00%)
* Elements of w processed with special addition: 1 (5.56%)
* Elements of w remaining: 17 (94.44%)
* Elements of w skipped: 0 (0.00%)
* Elements of w processed with special addition: 1 (2.94%)
* Elements of w remaining: 33 (97.06%)
* UVC proof at step 6
* G1 elements in proof: 2
* G2 elements in proof: 1
* Proof size in bits: 1019
* Cached h poly size: 319
* UVC Prove step 7
* Elements of w skipped: 0 (0.00%)
* Elements of w processed with special addition: 1 (2.94%)
* Elements of w remaining: 33 (97.06%)
* Elements of w skipped: 0 (0.00%)
* Elements of w processed with special addition: 1 (5.56%)
* Elements of w remaining: 17 (94.44%)
* Elements of w skipped: 0 (0.00%)
* Elements of w processed with special addition: 1 (2.94%)
* Elements of w remaining: 33 (97.06%)
* UVC proof at step 7
* G1 elements in proof: 2
* G2 elements in proof: 1
* Proof size in bits: 1019
* Cached h poly size: 319
* UVC Prove step 8
* Elements of w skipped: 0 (0.00%)
* Elements of w processed with special addition: 1 (2.94%)
* Elements of w remaining: 33 (97.06%)
* Elements of w skipped: 0 (0.00%)
* Elements of w processed with special addition: 1 (5.56%)
* Elements of w remaining: 17 (94.44%)
* Elements of w skipped: 0 (0.00%)
* Elements of w processed with special addition: 1 (2.94%)
* Elements of w remaining: 33 (97.06%)
* UVC proof at step 8
* G1 elements in proof: 2
* G2 elements in proof: 1
* Proof size in bits: 1019
* Cached h poly size: 319
* UVC Prove step 9
* Elements of w skipped: 0 (0.00%)
* Elements of w processed with special addition: 1 (2.94%)
* Elements of w remaining: 33 (97.06%)
* Elements of w skipped: 0 (0.00%)
* Elements of w processed with special addition: 1 (5.56%)
* Elements of w remaining: 17 (94.44%)
* Elements of w skipped: 0 (0.00%)
* Elements of w processed with special addition: 1 (2.94%)
* Elements of w remaining: 33 (97.06%)
* UVC proof at step 9
* G1 elements in proof: 2
* G2 elements in proof: 1
* Proof size in bits: 1019
* Cached h poly size: 319
* UVC Prove step 10
* Elements of w skipped: 0 (0.00%)
* Elements of w processed with special addition: 1 (2.94%)
* Elements of w remaining: 33 (97.06%)
* Elements of w skipped: 0 (0.00%)
* Elements of w processed with special addition: 1 (5.56%)
* Elements of w remaining: 17 (94.44%)
* Elements of w skipped: 0 (0.00%)
* Elements of w processed with special addition: 1 (2.94%)
* Elements of w remaining: 33 (97.06%)
* UVC proof at step 10
* G1 elements in proof: 2
* G2 elements in proof: 1
* Proof size in bits: 1019
* Cached h poly size: 319
* UVC Prove step 11
* Elements of w skipped: 0 (0.00%)
* Elements of w processed with special addition: 1 (2.94%)
* Elements of w remaining: 33 (97.06%)
* Elements of w skipped: 0 (0.00%)
* Elements of w processed with special addition: 1 (5.56%)
* Elements of w remaining: 17 (94.44%)
* Elements of w skipped: 0 (0.00%)
* Elements of w processed with special addition: 1 (2.94%)
* Elements of w remaining: 33 (97.06%)
* UVC proof at step 11
* G1 elements in proof: 2
* G2 elements in proof: 1
* Proof size in bits: 1019
* Cached h poly size: 319
* UVC Prove step 12
* Elements of w skipped: 0 (0.00%)
* Elements of w processed with special addition: 1 (2.94%)
* Elements of w remaining: 33 (97.06%)
* Elements of w skipped: 0 (0.00%)
* Elements of w processed with special addition: 1 (5.56%)
* Elements of w remaining: 17 (94.44%)
* Elements of w skipped: 0 (0.00%)
* Elements of w processed with special addition: 1 (2.94%)
* Elements of w remaining: 33 (97.06%)
* UVC proof at step 12
* G1 elements in proof: 2
* G2 elements in proof: 1
* Proof size in bits: 1019
* Cached h poly size: 319
* UVC Prove step 13
* Elements of w skipped: 0 (0.00%)
* Elements of w processed with special addition: 1 (2.94%)
* Elements of w remaining: 33 (97.06%)
* Elements of w skipped: 0 (0.00%)
* Elements of w processed with special addition: 1 (5.56%)
* Elements of w remaining: 17 (94.44%)
* Elements of w skipped: 0 (0.00%)
* Elements of w processed with special addition: 1 (2.94%)
* Elements of w remaining: 33 (97.06%)
* UVC proof at step 13
* G1 elements in proof: 2
* G2 elements in proof: 1
* Proof size in bits: 1019
* Cached h poly size: 319
* UVC Prove step 14
* Elements of w skipped: 0 (0.00%)
* Elements of w processed with special addition: 1 (2.94%)
* Elements of w remaining: 33 (97.06%)
* Elements of w skipped: 0 (0.00%)
* Elements of w processed with special addition: 1 (5.56%)
* Elements of w remaining: 17 (94.44%)
* Elements of w skipped: 0 (0.00%)
* Elements of w processed with special addition: 1 (2.94%)
* Elements of w remaining: 33 (97.06%)
* UVC proof at step 14
* G1 elements in proof: 2
* G2 elements in proof: 1
* Proof size in bits: 1019
* Cached h poly size: 319
* UVC Prove step 15
* Elements of w skipped: 0 (0.00%)
* Elements of w processed with special addition: 1 (2.94%)
* Elements of w remaining: 33 (97.06%)
* Elements of w skipped: 0 (0.00%)
* Elements of w processed with special addition: 1 (5.56%)
* Elements of w remaining: 17 (94.44%)
* Elements of w skipped: 0 (0.00%)
* Elements of w processed with special addition: 1 (2.94%)
* Elements of w remaining: 33 (97.06%)
* UVC proof at step 15
* G1 elements in proof: 2
* G2 elements in proof: 1
* Proof size in bits: 1019
* Cached h poly size: 319
* UVC Prove step 16
* Elements of w skipped: 0 (0.00%)
* Elements of w processed with special addition: 1 (2.94%)
* Elements of w remaining: 33 (97.06%)
* Elements of w skipped: 0 (0.00%)
* Elements of w processed with special addition: 1 (5.88%)
* Elements of w remaining: 16 (94.12%)
* Elements of w skipped: 0 (0.00%)
* Elements of w processed with special addition: 1 (2.94%)
* Elements of w remaining: 33 (97.06%)
* UVC proof at step 16
* G1 elements in proof: 2
* G2 elements in proof: 1
* Proof size in bits: 1019
* Cached h poly size: 319

  Step    Prove (ms)    Verify (ms)   Proof bits    Verified  
  ------  ------------  ------------  ------------  ----------
* UVC Prove step 1
* Elements of w skipped: 1 (2.78%)
* Elements of w processed with special addition: 3 (8.33%)
* Elements of w remaining: 32 (88.89%)
* Elements of w skipped: 1 (5.26%)
* Elements of w processed with special addition: 1 (5.26%)
* Elements of w remaining: 17 (89.47%)
* Elements of w skipped: 0 (0.00%)
* Elements of w processed with special addition: 0 (0.00%)
* Elements of w remaining: 17 (100.00%)
* UVC proof at step 1
* G1 elements in proof: 2
* G2 elements in proof: 1
* Proof size in bits: 1019
* Cached h poly size: 319
* UVC Prove step 1
* Elements of w skipped: 1 (2.78%)
* Elements of w processed with special addition: 3 (8.33%)
* Elements of w remaining: 32 (88.89%)
* Elements of w skipped: 1 (5.26%)
* Elements of w processed with special addition: 1 (5.26%)
* Elements of w remaining: 17 (89.47%)
* Elements of w skipped: 0 (0.00%)
* Elements of w processed with special addition: 0 (0.00%)
* Elements of w remaining: 17 (100.00%)
* UVC proof at step 1
* G1 elements in proof: 2
* G2 elements in proof: 1
* Proof size in bits: 1019
* Cached h poly size: 319
* UVC Prove step 1
* Elements of w skipped: 1 (2.78%)
* Elements of w processed with special addition: 3 (8.33%)
* Elements of w remaining: 32 (88.89%)
* Elements of w skipped: 1 (5.26%)
* Elements of w processed with special addition: 1 (5.26%)
* Elements of w remaining: 17 (89.47%)
* Elements of w skipped: 0 (0.00%)
* Elements of w processed with special addition: 0 (0.00%)
* Elements of w remaining: 17 (100.00%)
* UVC proof at step 1
* G1 elements in proof: 2
* G2 elements in proof: 1
* Proof size in bits: 1019
* Cached h poly size: 319
* UVC Prove step 1
* Elements of w skipped: 1 (2.78%)
* Elements of w processed with special addition: 3 (8.33%)
* Elements of w remaining: 32 (88.89%)
* Elements of w skipped: 1 (5.26%)
* Elements of w processed with special addition: 1 (5.26%)
* Elements of w remaining: 17 (89.47%)
* Elements of w skipped: 0 (0.00%)
* Elements of w processed with special addition: 0 (0.00%)
* Elements of w remaining: 17 (100.00%)
* UVC proof at step 1
* G1 elements in proof: 2
* G2 elements in proof: 1
* Proof size in bits: 1019
* Cached h poly size: 319
* UVC Prove step 1
* Elements of w skipped: 1 (2.78%)
* Elements of w processed with special addition: 3 (8.33%)
* Elements of w remaining: 32 (88.89%)
* Elements of w skipped: 1 (5.26%)
* Elements of w processed with special addition: 1 (5.26%)
* Elements of w remaining: 17 (89.47%)
* Elements of w skipped: 0 (0.00%)
* Elements of w processed with special addition: 0 (0.00%)
* Elements of w remaining: 17 (100.00%)
* UVC proof at step 1
* G1 elements in proof: 2
* G2 elements in proof: 1
* Proof size in bits: 1019
* Cached h poly size: 319
* UVC Prove step 1
* Elements of w skipped: 1 (2.78%)
* Elements of w processed with special addition: 3 (8.33%)
* Elements of w remaining: 32 (88.89%)
* Elements of w skipped: 1 (5.26%)
* Elements of w processed with special addition: 1 (5.26%)
* Elements of w remaining: 17 (89.47%)
* Elements of w skipped: 0 (0.00%)
* Elements of w processed with special addition: 0 (0.00%)
* Elements of w remaining: 17 (100.00%)
* UVC proof at step 1
* G1 elements in proof: 2
* G2 elements in proof: 1
* Proof size in bits: 1019
* Cached h poly size: 319
* UVC Prove step 1
* Elements of w skipped: 1 (2.78%)
* Elements of w processed with special addition: 3 (8.33%)
* Elements of w remaining: 32 (88.89%)
* Elements of w skipped: 1 (5.26%)
* Elements of w processed with special addition: 1 (5.26%)
* Elements of w remaining: 17 (89.47%)
* Elements of w skipped: 0 (0.00%)
* Elements of w processed with special addition: 0 (0.00%)
* Elements of w remaining: 17 (100.00%)
* UVC proof at step 1
* G1 elements in proof: 2
* G2 elements in proof: 1
* Proof size in bits: 1019
* Cached h poly size: 319
* UVC Prove step 1
* Elements of w skipped: 1 (2.78%)
* Elements of w processed with special addition: 3 (8.33%)
* Elements of w remaining: 32 (88.89%)
* Elements of w skipped: 1 (5.26%)
* Elements of w processed with special addition: 1 (5.26%)
* Elements of w remaining: 17 (89.47%)
* Elements of w skipped: 0 (0.00%)
* Elements of w processed with special addition: 0 (0.00%)
* Elements of w remaining: 17 (100.00%)
* UVC proof at step 1
* G1 elements in proof: 2
* G2 elements in proof: 1
* Proof size in bits: 1019
* Cached h poly size: 319
* UVC Prove step 1
* Elements of w skipped: 1 (2.78%)
* Elements of w processed with special addition: 3 (8.33%)
* Elements of w remaining: 32 (88.89%)
* Elements of w skipped: 1 (5.26%)
* Elements of w processed with special addition: 1 (5.26%)
* Elements of w remaining: 17 (89.47%)
* Elements of w skipped: 0 (0.00%)
* Elements of w processed with special addition: 0 (0.00%)
* Elements of w remaining: 17 (100.00%)
* UVC proof at step 1
* G1 elements in proof: 2
* G2 elements in proof: 1
* Proof size in bits: 1019
* Cached h poly size: 319
* UVC Prove step 1
* Elements of w skipped: 1 (2.78%)
* Elements of w processed with special addition: 3 (8.33%)
* Elements of w remaining: 32 (88.89%)
* Elements of w skipped: 1 (5.26%)
* Elements of w processed with special addition: 1 (5.26%)
* Elements of w remaining: 17 (89.47%)
* Elements of w skipped: 0 (0.00%)
* Elements of w processed with special addition: 0 (0.00%)
* Elements of w remaining: 17 (100.00%)
* UVC proof at step 1
* G1 elements in proof: 2
* G2 elements in proof: 1
* Proof size in bits: 1019
* Cached h poly size: 319
* UVC Verify step 1: PASS
* UVC Verify step 1: PASS
* UVC Verify step 1: PASS
* UVC Verify step 1: PASS
* UVC Verify step 1: PASS
* UVC Verify step 1: PASS
* UVC Verify step 1: PASS
* UVC Verify step 1: PASS
* UVC Verify step 1: PASS
* UVC Verify step 1: PASS
  1       20.86         2.74          1019          PASS      
* UVC Prove step 2
* Elements of w skipped: 0 (0.00%)
* Elements of w processed with special addition: 1 (2.94%)
* Elements of w remaining: 33 (97.06%)
* Elements of w skipped: 0 (0.00%)
* Elements of w processed with special addition: 1 (5.56%)
* Elements of w remaining: 17 (94.44%)
* Elements of w skipped: 0 (0.00%)
* Elements of w processed with special addition: 1 (2.94%)
* Elements of w remaining: 33 (97.06%)
* UVC proof at step 2
* G1 elements in proof: 2
* G2 elements in proof: 1
* Proof size in bits: 1019
* Cached h poly size: 319
* UVC Prove step 2
* Elements of w skipped: 0 (0.00%)
* Elements of w processed with special addition: 1 (2.94%)
* Elements of w remaining: 33 (97.06%)
* Elements of w skipped: 0 (0.00%)
* Elements of w processed with special addition: 1 (5.56%)
* Elements of w remaining: 17 (94.44%)
* Elements of w skipped: 0 (0.00%)
* Elements of w processed with special addition: 1 (2.94%)
* Elements of w remaining: 33 (97.06%)
* UVC proof at step 2
* G1 elements in proof: 2
* G2 elements in proof: 1
* Proof size in bits: 1019
* Cached h poly size: 319
* UVC Prove step 2
* Elements of w skipped: 0 (0.00%)
* Elements of w processed with special addition: 1 (2.94%)
* Elements of w remaining: 33 (97.06%)
* Elements of w skipped: 0 (0.00%)
* Elements of w processed with special addition: 1 (5.56%)
* Elements of w remaining: 17 (94.44%)
* Elements of w skipped: 0 (0.00%)
* Elements of w processed with special addition: 1 (2.94%)
* Elements of w remaining: 33 (97.06%)
* UVC proof at step 2
* G1 elements in proof: 2
* G2 elements in proof: 1
* Proof size in bits: 1019
* Cached h poly size: 319
* UVC Prove step 2
* Elements of w skipped: 0 (0.00%)
* Elements of w processed with special addition: 1 (2.94%)
* Elements of w remaining: 33 (97.06%)
* Elements of w skipped: 0 (0.00%)
* Elements of w processed with special addition: 1 (5.56%)
* Elements of w remaining: 17 (94.44%)
* Elements of w skipped: 0 (0.00%)
* Elements of w processed with special addition: 1 (2.94%)
* Elements of w remaining: 33 (97.06%)
* UVC proof at step 2
* G1 elements in proof: 2
* G2 elements in proof: 1
* Proof size in bits: 1019
* Cached h poly size: 319
* UVC Prove step 2
* Elements of w skipped: 0 (0.00%)
* Elements of w processed with special addition: 1 (2.94%)
* Elements of w remaining: 33 (97.06%)
* Elements of w skipped: 0 (0.00%)
* Elements of w processed with special addition: 1 (5.56%)
* Elements of w remaining: 17 (94.44%)
* Elements of w skipped: 0 (0.00%)
* Elements of w processed with special addition: 1 (2.94%)
* Elements of w remaining: 33 (97.06%)
* UVC proof at step 2
* G1 elements in proof: 2
* G2 elements in proof: 1
* Proof size in bits: 1019
* Cached h poly size: 319
* UVC Prove step 2
* Elements of w skipped: 0 (0.00%)
* Elements of w processed with special addition: 1 (2.94%)
* Elements of w remaining: 33 (97.06%)
* Elements of w skipped: 0 (0.00%)
* Elements of w processed with special addition: 1 (5.56%)
* Elements of w remaining: 17 (94.44%)
* Elements of w skipped: 0 (0.00%)
* Elements of w processed with special addition: 1 (2.94%)
* Elements of w remaining: 33 (97.06%)
* UVC proof at step 2
* G1 elements in proof: 2
* G2 elements in proof: 1
* Proof size in bits: 1019
* Cached h poly size: 319
* UVC Prove step 2
* Elements of w skipped: 0 (0.00%)
* Elements of w processed with special addition: 1 (2.94%)
* Elements of w remaining: 33 (97.06%)
* Elements of w skipped: 0 (0.00%)
* Elements of w processed with special addition: 1 (5.56%)
* Elements of w remaining: 17 (94.44%)
* Elements of w skipped: 0 (0.00%)
* Elements of w processed with special addition: 1 (2.94%)
* Elements of w remaining: 33 (97.06%)
* UVC proof at step 2
* G1 elements in proof: 2
* G2 elements in proof: 1
* Proof size in bits: 1019
* Cached h poly size: 319
* UVC Prove step 2
* Elements of w skipped: 0 (0.00%)
* Elements of w processed with special addition: 1 (2.94%)
* Elements of w remaining: 33 (97.06%)
* Elements of w skipped: 0 (0.00%)
* Elements of w processed with special addition: 1 (5.56%)
* Elements of w remaining: 17 (94.44%)
* Elements of w skipped: 0 (0.00%)
* Elements of w processed with special addition: 1 (2.94%)
* Elements of w remaining: 33 (97.06%)
* UVC proof at step 2
* G1 elements in proof: 2
* G2 elements in proof: 1
* Proof size in bits: 1019
* Cached h poly size: 319
* UVC Prove step 2
* Elements of w skipped: 0 (0.00%)
* Elements of w processed with special addition: 1 (2.94%)
* Elements of w remaining: 33 (97.06%)
* Elements of w skipped: 0 (0.00%)
* Elements of w processed with special addition: 1 (5.56%)
* Elements of w remaining: 17 (94.44%)
* Elements of w skipped: 0 (0.00%)
* Elements of w processed with special addition: 1 (2.94%)
* Elements of w remaining: 33 (97.06%)
* UVC proof at step 2
* G1 elements in proof: 2
* G2 elements in proof: 1
* Proof size in bits: 1019
* Cached h poly size: 319
* UVC Prove step 2
* Elements of w skipped: 0 (0.00%)
* Elements of w processed with special addition: 1 (2.94%)
* Elements of w remaining: 33 (97.06%)
* Elements of w skipped: 0 (0.00%)
* Elements of w processed with special addition: 1 (5.56%)
* Elements of w remaining: 17 (94.44%)
* Elements of w skipped: 0 (0.00%)
* Elements of w processed with special addition: 1 (2.94%)
* Elements of w remaining: 33 (97.06%)
* UVC proof at step 2
* G1 elements in proof: 2
* G2 elements in proof: 1
* Proof size in bits: 1019
* Cached h poly size: 319
* UVC Verify step 2: PASS
* UVC Verify step 2: PASS
* UVC Verify step 2: PASS
* UVC Verify step 2: PASS
* UVC Verify step 2: PASS
* UVC Verify step 2: PASS
* UVC Verify step 2: PASS
* UVC Verify step 2: PASS
* UVC Verify step 2: PASS
* UVC Verify step 2: PASS
  2       20.48         2.69          1019          PASS      
* UVC Prove step 4
* Elements of w skipped: 0 (0.00%)
* Elements of w processed with special addition: 1 (2.94%)
* Elements of w remaining: 33 (97.06%)
* Elements of w skipped: 0 (0.00%)
* Elements of w processed with special addition: 1 (5.56%)
* Elements of w remaining: 17 (94.44%)
* Elements of w skipped: 0 (0.00%)
* Elements of w processed with special addition: 1 (2.94%)
* Elements of w remaining: 33 (97.06%)
* UVC proof at step 4
* G1 elements in proof: 2
* G2 elements in proof: 1
* Proof size in bits: 1019
* Cached h poly size: 319
* UVC Prove step 4
* Elements of w skipped: 0 (0.00%)
* Elements of w processed with special addition: 1 (2.94%)
* Elements of w remaining: 33 (97.06%)
* Elements of w skipped: 0 (0.00%)
* Elements of w processed with special addition: 1 (5.56%)
* Elements of w remaining: 17 (94.44%)
* Elements of w skipped: 0 (0.00%)
* Elements of w processed with special addition: 1 (2.94%)
* Elements of w remaining: 33 (97.06%)
* UVC proof at step 4
* G1 elements in proof: 2
* G2 elements in proof: 1
* Proof size in bits: 1019
* Cached h poly size: 319
* UVC Prove step 4
* Elements of w skipped: 0 (0.00%)
* Elements of w processed with special addition: 1 (2.94%)
* Elements of w remaining: 33 (97.06%)
* Elements of w skipped: 0 (0.00%)
* Elements of w processed with special addition: 1 (5.56%)
* Elements of w remaining: 17 (94.44%)
* Elements of w skipped: 0 (0.00%)
* Elements of w processed with special addition: 1 (2.94%)
* Elements of w remaining: 33 (97.06%)
* UVC proof at step 4
* G1 elements in proof: 2
* G2 elements in proof: 1
* Proof size in bits: 1019
* Cached h poly size: 319
* UVC Prove step 4
* Elements of w skipped: 0 (0.00%)
* Elements of w processed with special addition: 1 (2.94%)
* Elements of w remaining: 33 (97.06%)
* Elements of w skipped: 0 (0.00%)
* Elements of w processed with special addition: 1 (5.56%)
* Elements of w remaining: 17 (94.44%)
* Elements of w skipped: 0 (0.00%)
* Elements of w processed with special addition: 1 (2.94%)
* Elements of w remaining: 33 (97.06%)
* UVC proof at step 4
* G1 elements in proof: 2
* G2 elements in proof: 1
* Proof size in bits: 1019
* Cached h poly size: 319
* UVC Prove step 4
* Elements of w skipped: 0 (0.00%)
* Elements of w processed with special addition: 1 (2.94%)
* Elements of w remaining: 33 (97.06%)
* Elements of w skipped: 0 (0.00%)
* Elements of w processed with special addition: 1 (5.56%)
* Elements of w remaining: 17 (94.44%)
* Elements of w skipped: 0 (0.00%)
* Elements of w processed with special addition: 1 (2.94%)
* Elements of w remaining: 33 (97.06%)
* UVC proof at step 4
* G1 elements in proof: 2
* G2 elements in proof: 1
* Proof size in bits: 1019
* Cached h poly size: 319
* UVC Prove step 4
* Elements of w skipped: 0 (0.00%)
* Elements of w processed with special addition: 1 (2.94%)
* Elements of w remaining: 33 (97.06%)
* Elements of w skipped: 0 (0.00%)
* Elements of w processed with special addition: 1 (5.56%)
* Elements of w remaining: 17 (94.44%)
* Elements of w skipped: 0 (0.00%)
* Elements of w processed with special addition: 1 (2.94%)
* Elements of w remaining: 33 (97.06%)
* UVC proof at step 4
* G1 elements in proof: 2
* G2 elements in proof: 1
* Proof size in bits: 1019
* Cached h poly size: 319
* UVC Prove step 4
* Elements of w skipped: 0 (0.00%)
* Elements of w processed with special addition: 1 (2.94%)
* Elements of w remaining: 33 (97.06%)
* Elements of w skipped: 0 (0.00%)
* Elements of w processed with special addition: 1 (5.56%)
* Elements of w remaining: 17 (94.44%)
* Elements of w skipped: 0 (0.00%)
* Elements of w processed with special addition: 1 (2.94%)
* Elements of w remaining: 33 (97.06%)
* UVC proof at step 4
* G1 elements in proof: 2
* G2 elements in proof: 1
* Proof size in bits: 1019
* Cached h poly size: 319
* UVC Prove step 4
* Elements of w skipped: 0 (0.00%)
* Elements of w processed with special addition: 1 (2.94%)
* Elements of w remaining: 33 (97.06%)
* Elements of w skipped: 0 (0.00%)
* Elements of w processed with special addition: 1 (5.56%)
* Elements of w remaining: 17 (94.44%)
* Elements of w skipped: 0 (0.00%)
* Elements of w processed with special addition: 1 (2.94%)
* Elements of w remaining: 33 (97.06%)
* UVC proof at step 4
* G1 elements in proof: 2
* G2 elements in proof: 1
* Proof size in bits: 1019
* Cached h poly size: 319
* UVC Prove step 4
* Elements of w skipped: 0 (0.00%)
* Elements of w processed with special addition: 1 (2.94%)
* Elements of w remaining: 33 (97.06%)
* Elements of w skipped: 0 (0.00%)
* Elements of w processed with special addition: 1 (5.56%)
* Elements of w remaining: 17 (94.44%)
* Elements of w skipped: 0 (0.00%)
* Elements of w processed with special addition: 1 (2.94%)
* Elements of w remaining: 33 (97.06%)
* UVC proof at step 4
* G1 elements in proof: 2
* G2 elements in proof: 1
* Proof size in bits: 1019
* Cached h poly size: 319
* UVC Prove step 4
* Elements of w skipped: 0 (0.00%)
* Elements of w processed with special addition: 1 (2.94%)
* Elements of w remaining: 33 (97.06%)
* Elements of w skipped: 0 (0.00%)
* Elements of w processed with special addition: 1 (5.56%)
* Elements of w remaining: 17 (94.44%)
* Elements of w skipped: 0 (0.00%)
* Elements of w processed with special addition: 1 (2.94%)
* Elements of w remaining: 33 (97.06%)
* UVC proof at step 4
* G1 elements in proof: 2
* G2 elements in proof: 1
* Proof size in bits: 1019
* Cached h poly size: 319
* UVC Verify step 4: PASS
* UVC Verify step 4: PASS
* UVC Verify step 4: PASS
* UVC Verify step 4: PASS
* UVC Verify step 4: PASS
* UVC Verify step 4: PASS
* UVC Verify step 4: PASS
* UVC Verify step 4: PASS
* UVC Verify step 4: PASS
* UVC Verify step 4: PASS
  4       20.95         2.70          1019          PASS      
* UVC Prove step 8
* Elements of w skipped: 0 (0.00%)
* Elements of w processed with special addition: 1 (2.94%)
* Elements of w remaining: 33 (97.06%)
* Elements of w skipped: 0 (0.00%)
* Elements of w processed with special addition: 1 (5.56%)
* Elements of w remaining: 17 (94.44%)
* Elements of w skipped: 0 (0.00%)
* Elements of w processed with special addition: 1 (2.94%)
* Elements of w remaining: 33 (97.06%)
* UVC proof at step 8
* G1 elements in proof: 2
* G2 elements in proof: 1
* Proof size in bits: 1019
* Cached h poly size: 319
* UVC Prove step 8
* Elements of w skipped: 0 (0.00%)
* Elements of w processed with special addition: 1 (2.94%)
* Elements of w remaining: 33 (97.06%)
* Elements of w skipped: 0 (0.00%)
* Elements of w processed with special addition: 1 (5.56%)
* Elements of w remaining: 17 (94.44%)
* Elements of w skipped: 0 (0.00%)
* Elements of w processed with special addition: 1 (2.94%)
* Elements of w remaining: 33 (97.06%)
* UVC proof at step 8
* G1 elements in proof: 2
* G2 elements in proof: 1
* Proof size in bits: 1019
* Cached h poly size: 319
* UVC Prove step 8
* Elements of w skipped: 0 (0.00%)
* Elements of w processed with special addition: 1 (2.94%)
* Elements of w remaining: 33 (97.06%)
* Elements of w skipped: 0 (0.00%)
* Elements of w processed with special addition: 1 (5.56%)
* Elements of w remaining: 17 (94.44%)
* Elements of w skipped: 0 (0.00%)
* Elements of w processed with special addition: 1 (2.94%)
* Elements of w remaining: 33 (97.06%)
* UVC proof at step 8
* G1 elements in proof: 2
* G2 elements in proof: 1
* Proof size in bits: 1019
* Cached h poly size: 319
* UVC Prove step 8
* Elements of w skipped: 0 (0.00%)
* Elements of w processed with special addition: 1 (2.94%)
* Elements of w remaining: 33 (97.06%)
* Elements of w skipped: 0 (0.00%)
* Elements of w processed with special addition: 1 (5.56%)
* Elements of w remaining: 17 (94.44%)
* Elements of w skipped: 0 (0.00%)
* Elements of w processed with special addition: 1 (2.94%)
* Elements of w remaining: 33 (97.06%)
* UVC proof at step 8
* G1 elements in proof: 2
* G2 elements in proof: 1
* Proof size in bits: 1019
* Cached h poly size: 319
* UVC Prove step 8
* Elements of w skipped: 0 (0.00%)
* Elements of w processed with special addition: 1 (2.94%)
* Elements of w remaining: 33 (97.06%)
* Elements of w skipped: 0 (0.00%)
* Elements of w processed with special addition: 1 (5.56%)
* Elements of w remaining: 17 (94.44%)
* Elements of w skipped: 0 (0.00%)
* Elements of w processed with special addition: 1 (2.94%)
* Elements of w remaining: 33 (97.06%)
* UVC proof at step 8
* G1 elements in proof: 2
* G2 elements in proof: 1
* Proof size in bits: 1019
* Cached h poly size: 319
* UVC Prove step 8
* Elements of w skipped: 0 (0.00%)
* Elements of w processed with special addition: 1 (2.94%)
* Elements of w remaining: 33 (97.06%)
* Elements of w skipped: 0 (0.00%)
* Elements of w processed with special addition: 1 (5.56%)
* Elements of w remaining: 17 (94.44%)
* Elements of w skipped: 0 (0.00%)
* Elements of w processed with special addition: 1 (2.94%)
* Elements of w remaining: 33 (97.06%)
* UVC proof at step 8
* G1 elements in proof: 2
* G2 elements in proof: 1
* Proof size in bits: 1019
* Cached h poly size: 319
* UVC Prove step 8
* Elements of w skipped: 0 (0.00%)
* Elements of w processed with special addition: 1 (2.94%)
* Elements of w remaining: 33 (97.06%)
* Elements of w skipped: 0 (0.00%)
* Elements of w processed with special addition: 1 (5.56%)
* Elements of w remaining: 17 (94.44%)
* Elements of w skipped: 0 (0.00%)
* Elements of w processed with special addition: 1 (2.94%)
* Elements of w remaining: 33 (97.06%)
* UVC proof at step 8
* G1 elements in proof: 2
* G2 elements in proof: 1
* Proof size in bits: 1019
* Cached h poly size: 319
* UVC Prove step 8
* Elements of w skipped: 0 (0.00%)
* Elements of w processed with special addition: 1 (2.94%)
* Elements of w remaining: 33 (97.06%)
* Elements of w skipped: 0 (0.00%)
* Elements of w processed with special addition: 1 (5.56%)
* Elements of w remaining: 17 (94.44%)
* Elements of w skipped: 0 (0.00%)
* Elements of w processed with special addition: 1 (2.94%)
* Elements of w remaining: 33 (97.06%)
* UVC proof at step 8
* G1 elements in proof: 2
* G2 elements in proof: 1
* Proof size in bits: 1019
* Cached h poly size: 319
* UVC Prove step 8
* Elements of w skipped: 0 (0.00%)
* Elements of w processed with special addition: 1 (2.94%)
* Elements of w remaining: 33 (97.06%)
* Elements of w skipped: 0 (0.00%)
* Elements of w processed with special addition: 1 (5.56%)
* Elements of w remaining: 17 (94.44%)
* Elements of w skipped: 0 (0.00%)
* Elements of w processed with special addition: 1 (2.94%)
* Elements of w remaining: 33 (97.06%)
* UVC proof at step 8
* G1 elements in proof: 2
* G2 elements in proof: 1
* Proof size in bits: 1019
* Cached h poly size: 319
* UVC Prove step 8
* Elements of w skipped: 0 (0.00%)
* Elements of w processed with special addition: 1 (2.94%)
* Elements of w remaining: 33 (97.06%)
* Elements of w skipped: 0 (0.00%)
* Elements of w processed with special addition: 1 (5.56%)
* Elements of w remaining: 17 (94.44%)
* Elements of w skipped: 0 (0.00%)
* Elements of w processed with special addition: 1 (2.94%)
* Elements of w remaining: 33 (97.06%)
* UVC proof at step 8
* G1 elements in proof: 2
* G2 elements in proof: 1
* Proof size in bits: 1019
* Cached h poly size: 319
* UVC Verify step 8: PASS
* UVC Verify step 8: PASS
* UVC Verify step 8: PASS
* UVC Verify step 8: PASS
* UVC Verify step 8: PASS
* UVC Verify step 8: PASS
* UVC Verify step 8: PASS
* UVC Verify step 8: PASS
* UVC Verify step 8: PASS
* UVC Verify step 8: PASS
  8       20.70         2.67          1019          PASS      
* UVC Prove step 16
* Elements of w skipped: 0 (0.00%)
* Elements of w processed with special addition: 1 (2.94%)
* Elements of w remaining: 33 (97.06%)
* Elements of w skipped: 0 (0.00%)
* Elements of w processed with special addition: 1 (5.88%)
* Elements of w remaining: 16 (94.12%)
* Elements of w skipped: 0 (0.00%)
* Elements of w processed with special addition: 1 (2.94%)
* Elements of w remaining: 33 (97.06%)
* UVC proof at step 16
* G1 elements in proof: 2
* G2 elements in proof: 1
* Proof size in bits: 1019
* Cached h poly size: 319
* UVC Prove step 16
* Elements of w skipped: 0 (0.00%)
* Elements of w processed with special addition: 1 (2.94%)
* Elements of w remaining: 33 (97.06%)
* Elements of w skipped: 0 (0.00%)
* Elements of w processed with special addition: 1 (5.88%)
* Elements of w remaining: 16 (94.12%)
* Elements of w skipped: 0 (0.00%)
* Elements of w processed with special addition: 1 (2.94%)
* Elements of w remaining: 33 (97.06%)
* UVC proof at step 16
* G1 elements in proof: 2
* G2 elements in proof: 1
* Proof size in bits: 1019
* Cached h poly size: 319
* UVC Prove step 16
* Elements of w skipped: 0 (0.00%)
* Elements of w processed with special addition: 1 (2.94%)
* Elements of w remaining: 33 (97.06%)
* Elements of w skipped: 0 (0.00%)
* Elements of w processed with special addition: 1 (5.88%)
* Elements of w remaining: 16 (94.12%)
* Elements of w skipped: 0 (0.00%)
* Elements of w processed with special addition: 1 (2.94%)
* Elements of w remaining: 33 (97.06%)
* UVC proof at step 16
* G1 elements in proof: 2
* G2 elements in proof: 1
* Proof size in bits: 1019
* Cached h poly size: 319
* UVC Prove step 16
* Elements of w skipped: 0 (0.00%)
* Elements of w processed with special addition: 1 (2.94%)
* Elements of w remaining: 33 (97.06%)
* Elements of w skipped: 0 (0.00%)
* Elements of w processed with special addition: 1 (5.88%)
* Elements of w remaining: 16 (94.12%)
* Elements of w skipped: 0 (0.00%)
* Elements of w processed with special addition: 1 (2.94%)
* Elements of w remaining: 33 (97.06%)
* UVC proof at step 16
* G1 elements in proof: 2
* G2 elements in proof: 1
* Proof size in bits: 1019
* Cached h poly size: 319
* UVC Prove step 16
* Elements of w skipped: 0 (0.00%)
* Elements of w processed with special addition: 1 (2.94%)
* Elements of w remaining: 33 (97.06%)
* Elements of w skipped: 0 (0.00%)
* Elements of w processed with special addition: 1 (5.88%)
* Elements of w remaining: 16 (94.12%)
* Elements of w skipped: 0 (0.00%)
* Elements of w processed with special addition: 1 (2.94%)
* Elements of w remaining: 33 (97.06%)
* UVC proof at step 16
* G1 elements in proof: 2
* G2 elements in proof: 1
* Proof size in bits: 1019
* Cached h poly size: 319
* UVC Prove step 16
* Elements of w skipped: 0 (0.00%)
* Elements of w processed with special addition: 1 (2.94%)
* Elements of w remaining: 33 (97.06%)
* Elements of w skipped: 0 (0.00%)
* Elements of w processed with special addition: 1 (5.88%)
* Elements of w remaining: 16 (94.12%)
* Elements of w skipped: 0 (0.00%)
* Elements of w processed with special addition: 1 (2.94%)
* Elements of w remaining: 33 (97.06%)
* UVC proof at step 16
* G1 elements in proof: 2
* G2 elements in proof: 1
* Proof size in bits: 1019
* Cached h poly size: 319
* UVC Prove step 16
* Elements of w skipped: 0 (0.00%)
* Elements of w processed with special addition: 1 (2.94%)
* Elements of w remaining: 33 (97.06%)
* Elements of w skipped: 0 (0.00%)
* Elements of w processed with special addition: 1 (5.88%)
* Elements of w remaining: 16 (94.12%)
* Elements of w skipped: 0 (0.00%)
* Elements of w processed with special addition: 1 (2.94%)
* Elements of w remaining: 33 (97.06%)
* UVC proof at step 16
* G1 elements in proof: 2
* G2 elements in proof: 1
* Proof size in bits: 1019
* Cached h poly size: 319
* UVC Prove step 16
* Elements of w skipped: 0 (0.00%)
* Elements of w processed with special addition: 1 (2.94%)
* Elements of w remaining: 33 (97.06%)
* Elements of w skipped: 0 (0.00%)
* Elements of w processed with special addition: 1 (5.88%)
* Elements of w remaining: 16 (94.12%)
* Elements of w skipped: 0 (0.00%)
* Elements of w processed with special addition: 1 (2.94%)
* Elements of w remaining: 33 (97.06%)
* UVC proof at step 16
* G1 elements in proof: 2
* G2 elements in proof: 1
* Proof size in bits: 1019
* Cached h poly size: 319
* UVC Prove step 16
* Elements of w skipped: 0 (0.00%)
* Elements of w processed with special addition: 1 (2.94%)
* Elements of w remaining: 33 (97.06%)
* Elements of w skipped: 0 (0.00%)
* Elements of w processed with special addition: 1 (5.88%)
* Elements of w remaining: 16 (94.12%)
* Elements of w skipped: 0 (0.00%)
* Elements of w processed with special addition: 1 (2.94%)
* Elements of w remaining: 33 (97.06%)
* UVC proof at step 16
* G1 elements in proof: 2
* G2 elements in proof: 1
* Proof size in bits: 1019
* Cached h poly size: 319
* UVC Prove step 16
* Elements of w skipped: 0 (0.00%)
* Elements of w processed with special addition: 1 (2.94%)
* Elements of w remaining: 33 (97.06%)
* Elements of w skipped: 0 (0.00%)
* Elements of w processed with special addition: 1 (5.88%)
* Elements of w remaining: 16 (94.12%)
* Elements of w skipped: 0 (0.00%)
* Elements of w processed with special addition: 1 (2.94%)
* Elements of w remaining: 33 (97.06%)
* UVC proof at step 16
* G1 elements in proof: 2
* G2 elements in proof: 1
* Proof size in bits: 1019
* Cached h poly size: 319
* UVC Verify step 16: PASS
* UVC Verify step 16: PASS
* UVC Verify step 16: PASS
* UVC Verify step 16: PASS
* UVC Verify step 16: PASS
* UVC Verify step 16: PASS
* UVC Verify step 16: PASS
* UVC Verify step 16: PASS
* UVC Verify step 16: PASS
* UVC Verify step 16: PASS
  16      17.95         2.63          1019          PASS      

  UVC results written to /Users/heewonchung/Documents/00-Research/active/Updatable Verifiable Computation/Dev/results/2026-03-09_201110_iot/csv/uvc_results.csv

================================================================
Groth16 Benchmark: circuit=sensor_fusion, n=16, B=16
================================================================

  Step    C_j constr  Setup (ms)    Prove (ms)    Verify (ms)   Verified  
  ------  ----------  ------------  ------------  ------------  ----------
* Composed C_1: 17 constraints, 35 variables, 18 inputs
* QAP number of variables: 35
* QAP pre degree: 17
* QAP degree: 36
* QAP number of input variables: 18
* G1 window: 5
* G2 window: 3
* G1 elements in PK: 125
* Non-zero G1 elements in PK: 106
* G2 elements in PK: 37
* Non-zero G2 elements in PK: 18
* PK size in bits: 37280
* G1 elements in VK: 18
* G2 elements in VK: 2
* GT elements in VK: 1
* VK size in bits: 7015
* Elements of w skipped: 1 (2.78%)
* Elements of w processed with special addition: 3 (8.33%)
* Elements of w remaining: 32 (88.89%)
* Elements of w skipped: 0 (0.00%)
* Elements of w processed with special addition: 2 (11.76%)
* Elements of w remaining: 15 (88.24%)
* Elements of w skipped: 0 (0.00%)
* Elements of w processed with special addition: 0 (0.00%)
* Elements of w remaining: 17 (100.00%)
* G1 elements in proof: 2
* G2 elements in proof: 1
* Proof size in bits: 1019
* Elements of w skipped: 1 (2.78%)
* Elements of w processed with special addition: 3 (8.33%)
* Elements of w remaining: 32 (88.89%)
* Elements of w skipped: 0 (0.00%)
* Elements of w processed with special addition: 2 (11.76%)
* Elements of w remaining: 15 (88.24%)
* Elements of w skipped: 0 (0.00%)
* Elements of w processed with special addition: 0 (0.00%)
* Elements of w remaining: 17 (100.00%)
* G1 elements in proof: 2
* G2 elements in proof: 1
* Proof size in bits: 1019
* Elements of w skipped: 1 (2.78%)
* Elements of w processed with special addition: 3 (8.33%)
* Elements of w remaining: 32 (88.89%)
* Elements of w skipped: 0 (0.00%)
* Elements of w processed with special addition: 2 (11.76%)
* Elements of w remaining: 15 (88.24%)
* Elements of w skipped: 0 (0.00%)
* Elements of w processed with special addition: 0 (0.00%)
* Elements of w remaining: 17 (100.00%)
* G1 elements in proof: 2
* G2 elements in proof: 1
* Proof size in bits: 1019
* Elements of w skipped: 1 (2.78%)
* Elements of w processed with special addition: 3 (8.33%)
* Elements of w remaining: 32 (88.89%)
* Elements of w skipped: 0 (0.00%)
* Elements of w processed with special addition: 2 (11.76%)
* Elements of w remaining: 15 (88.24%)
* Elements of w skipped: 0 (0.00%)
* Elements of w processed with special addition: 0 (0.00%)
* Elements of w remaining: 17 (100.00%)
* G1 elements in proof: 2
* G2 elements in proof: 1
* Proof size in bits: 1019
* Elements of w skipped: 1 (2.78%)
* Elements of w processed with special addition: 3 (8.33%)
* Elements of w remaining: 32 (88.89%)
* Elements of w skipped: 0 (0.00%)
* Elements of w processed with special addition: 2 (11.76%)
* Elements of w remaining: 15 (88.24%)
* Elements of w skipped: 0 (0.00%)
* Elements of w processed with special addition: 0 (0.00%)
* Elements of w remaining: 17 (100.00%)
* G1 elements in proof: 2
* G2 elements in proof: 1
* Proof size in bits: 1019
* Elements of w skipped: 1 (2.78%)
* Elements of w processed with special addition: 3 (8.33%)
* Elements of w remaining: 32 (88.89%)
* Elements of w skipped: 0 (0.00%)
* Elements of w processed with special addition: 2 (11.76%)
* Elements of w remaining: 15 (88.24%)
* Elements of w skipped: 0 (0.00%)
* Elements of w processed with special addition: 0 (0.00%)
* Elements of w remaining: 17 (100.00%)
* G1 elements in proof: 2
* G2 elements in proof: 1
* Proof size in bits: 1019
* Elements of w skipped: 1 (2.78%)
* Elements of w processed with special addition: 3 (8.33%)
* Elements of w remaining: 32 (88.89%)
* Elements of w skipped: 0 (0.00%)
* Elements of w processed with special addition: 2 (11.76%)
* Elements of w remaining: 15 (88.24%)
* Elements of w skipped: 0 (0.00%)
* Elements of w processed with special addition: 0 (0.00%)
* Elements of w remaining: 17 (100.00%)
* G1 elements in proof: 2
* G2 elements in proof: 1
* Proof size in bits: 1019
* Elements of w skipped: 1 (2.78%)
* Elements of w processed with special addition: 3 (8.33%)
* Elements of w remaining: 32 (88.89%)
* Elements of w skipped: 0 (0.00%)
* Elements of w processed with special addition: 2 (11.76%)
* Elements of w remaining: 15 (88.24%)
* Elements of w skipped: 0 (0.00%)
* Elements of w processed with special addition: 0 (0.00%)
* Elements of w remaining: 17 (100.00%)
* G1 elements in proof: 2
* G2 elements in proof: 1
* Proof size in bits: 1019
* Elements of w skipped: 1 (2.78%)
* Elements of w processed with special addition: 3 (8.33%)
* Elements of w remaining: 32 (88.89%)
* Elements of w skipped: 0 (0.00%)
* Elements of w processed with special addition: 2 (11.76%)
* Elements of w remaining: 15 (88.24%)
* Elements of w skipped: 0 (0.00%)
* Elements of w processed with special addition: 0 (0.00%)
* Elements of w remaining: 17 (100.00%)
* G1 elements in proof: 2
* G2 elements in proof: 1
* Proof size in bits: 1019
* Elements of w skipped: 1 (2.78%)
* Elements of w processed with special addition: 3 (8.33%)
* Elements of w remaining: 32 (88.89%)
* Elements of w skipped: 0 (0.00%)
* Elements of w processed with special addition: 2 (11.76%)
* Elements of w remaining: 15 (88.24%)
* Elements of w skipped: 0 (0.00%)
* Elements of w processed with special addition: 0 (0.00%)
* Elements of w remaining: 17 (100.00%)
* G1 elements in proof: 2
* G2 elements in proof: 1
* Proof size in bits: 1019
  1       17          18.2          6.63          2.67          PASS      
* Composed C_2: 34 constraints, 69 variables, 18 inputs
* QAP number of variables: 69
* QAP pre degree: 34
* QAP degree: 64
* QAP number of input variables: 18
* G1 window: 5
* G2 window: 4
* G1 elements in PK: 255
* Non-zero G1 elements in PK: 219
* G2 elements in PK: 71
* Non-zero G2 elements in PK: 35
* PK size in bits: 75836
* G1 elements in VK: 18
* G2 elements in VK: 2
* GT elements in VK: 1
* VK size in bits: 7015
* Elements of w skipped: 1 (1.43%)
* Elements of w processed with special addition: 4 (5.71%)
* Elements of w remaining: 65 (92.86%)
* Elements of w skipped: 0 (0.00%)
* Elements of w processed with special addition: 3 (8.82%)
* Elements of w remaining: 31 (91.18%)
* Elements of w skipped: 0 (0.00%)
* Elements of w processed with special addition: 1 (1.96%)
* Elements of w remaining: 50 (98.04%)
* G1 elements in proof: 2
* G2 elements in proof: 1
* Proof size in bits: 1019
* Elements of w skipped: 1 (1.43%)
* Elements of w processed with special addition: 4 (5.71%)
* Elements of w remaining: 65 (92.86%)
* Elements of w skipped: 0 (0.00%)
* Elements of w processed with special addition: 3 (8.82%)
* Elements of w remaining: 31 (91.18%)
* Elements of w skipped: 0 (0.00%)
* Elements of w processed with special addition: 1 (1.96%)
* Elements of w remaining: 50 (98.04%)
* G1 elements in proof: 2
* G2 elements in proof: 1
* Proof size in bits: 1019
* Elements of w skipped: 1 (1.43%)
* Elements of w processed with special addition: 4 (5.71%)
* Elements of w remaining: 65 (92.86%)
* Elements of w skipped: 0 (0.00%)
* Elements of w processed with special addition: 3 (8.82%)
* Elements of w remaining: 31 (91.18%)
* Elements of w skipped: 0 (0.00%)
* Elements of w processed with special addition: 1 (1.96%)
* Elements of w remaining: 50 (98.04%)
* G1 elements in proof: 2
* G2 elements in proof: 1
* Proof size in bits: 1019
* Elements of w skipped: 1 (1.43%)
* Elements of w processed with special addition: 4 (5.71%)
* Elements of w remaining: 65 (92.86%)
* Elements of w skipped: 0 (0.00%)
* Elements of w processed with special addition: 3 (8.82%)
* Elements of w remaining: 31 (91.18%)
* Elements of w skipped: 0 (0.00%)
* Elements of w processed with special addition: 1 (1.96%)
* Elements of w remaining: 50 (98.04%)
* G1 elements in proof: 2
* G2 elements in proof: 1
* Proof size in bits: 1019
* Elements of w skipped: 1 (1.43%)
* Elements of w processed with special addition: 4 (5.71%)
* Elements of w remaining: 65 (92.86%)
* Elements of w skipped: 0 (0.00%)
* Elements of w processed with special addition: 3 (8.82%)
* Elements of w remaining: 31 (91.18%)
* Elements of w skipped: 0 (0.00%)
* Elements of w processed with special addition: 1 (1.96%)
* Elements of w remaining: 50 (98.04%)
* G1 elements in proof: 2
* G2 elements in proof: 1
* Proof size in bits: 1019
* Elements of w skipped: 1 (1.43%)
* Elements of w processed with special addition: 4 (5.71%)
* Elements of w remaining: 65 (92.86%)
* Elements of w skipped: 0 (0.00%)
* Elements of w processed with special addition: 3 (8.82%)
* Elements of w remaining: 31 (91.18%)
* Elements of w skipped: 0 (0.00%)
* Elements of w processed with special addition: 1 (1.96%)
* Elements of w remaining: 50 (98.04%)
* G1 elements in proof: 2
* G2 elements in proof: 1
* Proof size in bits: 1019
* Elements of w skipped: 1 (1.43%)
* Elements of w processed with special addition: 4 (5.71%)
* Elements of w remaining: 65 (92.86%)
* Elements of w skipped: 0 (0.00%)
* Elements of w processed with special addition: 3 (8.82%)
* Elements of w remaining: 31 (91.18%)
* Elements of w skipped: 0 (0.00%)
* Elements of w processed with special addition: 1 (1.96%)
* Elements of w remaining: 50 (98.04%)
* G1 elements in proof: 2
* G2 elements in proof: 1
* Proof size in bits: 1019
* Elements of w skipped: 1 (1.43%)
* Elements of w processed with special addition: 4 (5.71%)
* Elements of w remaining: 65 (92.86%)
* Elements of w skipped: 0 (0.00%)
* Elements of w processed with special addition: 3 (8.82%)
* Elements of w remaining: 31 (91.18%)
* Elements of w skipped: 0 (0.00%)
* Elements of w processed with special addition: 1 (1.96%)
* Elements of w remaining: 50 (98.04%)
* G1 elements in proof: 2
* G2 elements in proof: 1
* Proof size in bits: 1019
* Elements of w skipped: 1 (1.43%)
* Elements of w processed with special addition: 4 (5.71%)
* Elements of w remaining: 65 (92.86%)
* Elements of w skipped: 0 (0.00%)
* Elements of w processed with special addition: 3 (8.82%)
* Elements of w remaining: 31 (91.18%)
* Elements of w skipped: 0 (0.00%)
* Elements of w processed with special addition: 1 (1.96%)
* Elements of w remaining: 50 (98.04%)
* G1 elements in proof: 2
* G2 elements in proof: 1
* Proof size in bits: 1019
* Elements of w skipped: 1 (1.43%)
* Elements of w processed with special addition: 4 (5.71%)
* Elements of w remaining: 65 (92.86%)
* Elements of w skipped: 0 (0.00%)
* Elements of w processed with special addition: 3 (8.82%)
* Elements of w remaining: 31 (91.18%)
* Elements of w skipped: 0 (0.00%)
* Elements of w processed with special addition: 1 (1.96%)
* Elements of w remaining: 50 (98.04%)
* G1 elements in proof: 2
* G2 elements in proof: 1
* Proof size in bits: 1019
  2       34          26.3          8.95          2.72          PASS      
* Composed C_4: 68 constraints, 137 variables, 18 inputs
* QAP number of variables: 137
* QAP pre degree: 68
* QAP degree: 96
* QAP number of input variables: 18
* G1 window: 6
* G2 window: 5
* G1 elements in PK: 491
* Non-zero G1 elements in PK: 421
* G2 elements in PK: 139
* Non-zero G2 elements in PK: 69
* PK size in bits: 146828
* G1 elements in VK: 18
* G2 elements in VK: 2
* GT elements in VK: 1
* VK size in bits: 7015
* Elements of w skipped: 1 (0.72%)
* Elements of w processed with special addition: 6 (4.35%)
* Elements of w remaining: 131 (94.93%)
* Elements of w skipped: 0 (0.00%)
* Elements of w processed with special addition: 5 (7.35%)
* Elements of w remaining: 63 (92.65%)
* Elements of w skipped: 0 (0.00%)
* Elements of w processed with special addition: 3 (2.52%)
* Elements of w remaining: 116 (97.48%)
* G1 elements in proof: 2
* G2 elements in proof: 1
* Proof size in bits: 1019
* Elements of w skipped: 1 (0.72%)
* Elements of w processed with special addition: 6 (4.35%)
* Elements of w remaining: 131 (94.93%)
* Elements of w skipped: 0 (0.00%)
* Elements of w processed with special addition: 5 (7.35%)
* Elements of w remaining: 63 (92.65%)
* Elements of w skipped: 0 (0.00%)
* Elements of w processed with special addition: 3 (2.52%)
* Elements of w remaining: 116 (97.48%)
* G1 elements in proof: 2
* G2 elements in proof: 1
* Proof size in bits: 1019
* Elements of w skipped: 1 (0.72%)
* Elements of w processed with special addition: 6 (4.35%)
* Elements of w remaining: 131 (94.93%)
* Elements of w skipped: 0 (0.00%)
* Elements of w processed with special addition: 5 (7.35%)
* Elements of w remaining: 63 (92.65%)
* Elements of w skipped: 0 (0.00%)
* Elements of w processed with special addition: 3 (2.52%)
* Elements of w remaining: 116 (97.48%)
* G1 elements in proof: 2
* G2 elements in proof: 1
* Proof size in bits: 1019
* Elements of w skipped: 1 (0.72%)
* Elements of w processed with special addition: 6 (4.35%)
* Elements of w remaining: 131 (94.93%)
* Elements of w skipped: 0 (0.00%)
* Elements of w processed with special addition: 5 (7.35%)
* Elements of w remaining: 63 (92.65%)
* Elements of w skipped: 0 (0.00%)
* Elements of w processed with special addition: 3 (2.52%)
* Elements of w remaining: 116 (97.48%)
* G1 elements in proof: 2
* G2 elements in proof: 1
* Proof size in bits: 1019
* Elements of w skipped: 1 (0.72%)
* Elements of w processed with special addition: 6 (4.35%)
* Elements of w remaining: 131 (94.93%)
* Elements of w skipped: 0 (0.00%)
* Elements of w processed with special addition: 5 (7.35%)
* Elements of w remaining: 63 (92.65%)
* Elements of w skipped: 0 (0.00%)
* Elements of w processed with special addition: 3 (2.52%)
* Elements of w remaining: 116 (97.48%)
* G1 elements in proof: 2
* G2 elements in proof: 1
* Proof size in bits: 1019
* Elements of w skipped: 1 (0.72%)
* Elements of w processed with special addition: 6 (4.35%)
* Elements of w remaining: 131 (94.93%)
* Elements of w skipped: 0 (0.00%)
* Elements of w processed with special addition: 5 (7.35%)
* Elements of w remaining: 63 (92.65%)
* Elements of w skipped: 0 (0.00%)
* Elements of w processed with special addition: 3 (2.52%)
* Elements of w remaining: 116 (97.48%)
* G1 elements in proof: 2
* G2 elements in proof: 1
* Proof size in bits: 1019
* Elements of w skipped: 1 (0.72%)
* Elements of w processed with special addition: 6 (4.35%)
* Elements of w remaining: 131 (94.93%)
* Elements of w skipped: 0 (0.00%)
* Elements of w processed with special addition: 5 (7.35%)
* Elements of w remaining: 63 (92.65%)
* Elements of w skipped: 0 (0.00%)
* Elements of w processed with special addition: 3 (2.52%)
* Elements of w remaining: 116 (97.48%)
* G1 elements in proof: 2
* G2 elements in proof: 1
* Proof size in bits: 1019
* Elements of w skipped: 1 (0.72%)
* Elements of w processed with special addition: 6 (4.35%)
* Elements of w remaining: 131 (94.93%)
* Elements of w skipped: 0 (0.00%)
* Elements of w processed with special addition: 5 (7.35%)
* Elements of w remaining: 63 (92.65%)
* Elements of w skipped: 0 (0.00%)
* Elements of w processed with special addition: 3 (2.52%)
* Elements of w remaining: 116 (97.48%)
* G1 elements in proof: 2
* G2 elements in proof: 1
* Proof size in bits: 1019
* Elements of w skipped: 1 (0.72%)
* Elements of w processed with special addition: 6 (4.35%)
* Elements of w remaining: 131 (94.93%)
* Elements of w skipped: 0 (0.00%)
* Elements of w processed with special addition: 5 (7.35%)
* Elements of w remaining: 63 (92.65%)
* Elements of w skipped: 0 (0.00%)
* Elements of w processed with special addition: 3 (2.52%)
* Elements of w remaining: 116 (97.48%)
* G1 elements in proof: 2
* G2 elements in proof: 1
* Proof size in bits: 1019
* Elements of w skipped: 1 (0.72%)
* Elements of w processed with special addition: 6 (4.35%)
* Elements of w remaining: 131 (94.93%)
* Elements of w skipped: 0 (0.00%)
* Elements of w processed with special addition: 5 (7.35%)
* Elements of w remaining: 63 (92.65%)
* Elements of w skipped: 0 (0.00%)
* Elements of w processed with special addition: 3 (2.52%)
* Elements of w remaining: 116 (97.48%)
* G1 elements in proof: 2
* G2 elements in proof: 1
* Proof size in bits: 1019
  4       68          39.2          14.14         2.70          PASS      
* Composed C_8: 136 constraints, 273 variables, 18 inputs
* QAP number of variables: 273
* QAP pre degree: 136
* QAP degree: 160
* QAP number of input variables: 18
* G1 window: 7
* G2 window: 5
* G1 elements in PK: 963
* Non-zero G1 elements in PK: 825
* G2 elements in PK: 275
* Non-zero G2 elements in PK: 137
* PK size in bits: 288812
* G1 elements in VK: 18
* G2 elements in VK: 2
* GT elements in VK: 1
* VK size in bits: 7015
* Elements of w skipped: 1 (0.36%)
* Elements of w processed with special addition: 10 (3.65%)
* Elements of w remaining: 263 (95.99%)
* Elements of w skipped: 0 (0.00%)
* Elements of w processed with special addition: 9 (6.62%)
* Elements of w remaining: 127 (93.38%)
* Elements of w skipped: 0 (0.00%)
* Elements of w processed with special addition: 7 (2.75%)
* Elements of w remaining: 248 (97.25%)
* G1 elements in proof: 2
* G2 elements in proof: 1
* Proof size in bits: 1019
* Elements of w skipped: 1 (0.36%)
* Elements of w processed with special addition: 10 (3.65%)
* Elements of w remaining: 263 (95.99%)
* Elements of w skipped: 0 (0.00%)
* Elements of w processed with special addition: 9 (6.62%)
* Elements of w remaining: 127 (93.38%)
* Elements of w skipped: 0 (0.00%)
* Elements of w processed with special addition: 7 (2.75%)
* Elements of w remaining: 248 (97.25%)
* G1 elements in proof: 2
* G2 elements in proof: 1
* Proof size in bits: 1019
* Elements of w skipped: 1 (0.36%)
* Elements of w processed with special addition: 10 (3.65%)
* Elements of w remaining: 263 (95.99%)
* Elements of w skipped: 0 (0.00%)
* Elements of w processed with special addition: 9 (6.62%)
* Elements of w remaining: 127 (93.38%)
* Elements of w skipped: 0 (0.00%)
* Elements of w processed with special addition: 7 (2.75%)
* Elements of w remaining: 248 (97.25%)
* G1 elements in proof: 2
* G2 elements in proof: 1
* Proof size in bits: 1019
* Elements of w skipped: 1 (0.36%)
* Elements of w processed with special addition: 10 (3.65%)
* Elements of w remaining: 263 (95.99%)
* Elements of w skipped: 0 (0.00%)
* Elements of w processed with special addition: 9 (6.62%)
* Elements of w remaining: 127 (93.38%)
* Elements of w skipped: 0 (0.00%)
* Elements of w processed with special addition: 7 (2.75%)
* Elements of w remaining: 248 (97.25%)
* G1 elements in proof: 2
* G2 elements in proof: 1
* Proof size in bits: 1019
* Elements of w skipped: 1 (0.36%)
* Elements of w processed with special addition: 10 (3.65%)
* Elements of w remaining: 263 (95.99%)
* Elements of w skipped: 0 (0.00%)
* Elements of w processed with special addition: 9 (6.62%)
* Elements of w remaining: 127 (93.38%)
* Elements of w skipped: 0 (0.00%)
* Elements of w processed with special addition: 7 (2.75%)
* Elements of w remaining: 248 (97.25%)
* G1 elements in proof: 2
* G2 elements in proof: 1
* Proof size in bits: 1019
* Elements of w skipped: 1 (0.36%)
* Elements of w processed with special addition: 10 (3.65%)
* Elements of w remaining: 263 (95.99%)
* Elements of w skipped: 0 (0.00%)
* Elements of w processed with special addition: 9 (6.62%)
* Elements of w remaining: 127 (93.38%)
* Elements of w skipped: 0 (0.00%)
* Elements of w processed with special addition: 7 (2.75%)
* Elements of w remaining: 248 (97.25%)
* G1 elements in proof: 2
* G2 elements in proof: 1
* Proof size in bits: 1019
* Elements of w skipped: 1 (0.36%)
* Elements of w processed with special addition: 10 (3.65%)
* Elements of w remaining: 263 (95.99%)
* Elements of w skipped: 0 (0.00%)
* Elements of w processed with special addition: 9 (6.62%)
* Elements of w remaining: 127 (93.38%)
* Elements of w skipped: 0 (0.00%)
* Elements of w processed with special addition: 7 (2.75%)
* Elements of w remaining: 248 (97.25%)
* G1 elements in proof: 2
* G2 elements in proof: 1
* Proof size in bits: 1019
* Elements of w skipped: 1 (0.36%)
* Elements of w processed with special addition: 10 (3.65%)
* Elements of w remaining: 263 (95.99%)
* Elements of w skipped: 0 (0.00%)
* Elements of w processed with special addition: 9 (6.62%)
* Elements of w remaining: 127 (93.38%)
* Elements of w skipped: 0 (0.00%)
* Elements of w processed with special addition: 7 (2.75%)
* Elements of w remaining: 248 (97.25%)
* G1 elements in proof: 2
* G2 elements in proof: 1
* Proof size in bits: 1019
* Elements of w skipped: 1 (0.36%)
* Elements of w processed with special addition: 10 (3.65%)
* Elements of w remaining: 263 (95.99%)
* Elements of w skipped: 0 (0.00%)
* Elements of w processed with special addition: 9 (6.62%)
* Elements of w remaining: 127 (93.38%)
* Elements of w skipped: 0 (0.00%)
* Elements of w processed with special addition: 7 (2.75%)
* Elements of w remaining: 248 (97.25%)
* G1 elements in proof: 2
* G2 elements in proof: 1
* Proof size in bits: 1019
* Elements of w skipped: 1 (0.36%)
* Elements of w processed with special addition: 10 (3.65%)
* Elements of w remaining: 263 (95.99%)
* Elements of w skipped: 0 (0.00%)
* Elements of w processed with special addition: 9 (6.62%)
* Elements of w remaining: 127 (93.38%)
* Elements of w skipped: 0 (0.00%)
* Elements of w processed with special addition: 7 (2.75%)
* Elements of w remaining: 248 (97.25%)
* G1 elements in proof: 2
* G2 elements in proof: 1
* Proof size in bits: 1019
  8       136         65.9          20.58         2.68          PASS      
* Composed C_16: 272 constraints, 545 variables, 18 inputs
* QAP number of variables: 545
* QAP pre degree: 272
* QAP degree: 320
* QAP number of input variables: 18
* G1 window: 8
* G2 window: 6
* G1 elements in PK: 1939
* Non-zero G1 elements in PK: 1665
* G2 elements in PK: 547
* Non-zero G2 elements in PK: 273
* PK size in bits: 580940
* G1 elements in VK: 18
* G2 elements in VK: 2
* GT elements in VK: 1
* VK size in bits: 7015
* Elements of w skipped: 1 (0.18%)
* Elements of w processed with special addition: 18 (3.30%)
* Elements of w remaining: 527 (96.52%)
* Elements of w skipped: 0 (0.00%)
* Elements of w processed with special addition: 17 (6.25%)
* Elements of w remaining: 255 (93.75%)
* Elements of w skipped: 0 (0.00%)
* Elements of w processed with special addition: 15 (2.85%)
* Elements of w remaining: 512 (97.15%)
* G1 elements in proof: 2
* G2 elements in proof: 1
* Proof size in bits: 1019
* Elements of w skipped: 1 (0.18%)
* Elements of w processed with special addition: 18 (3.30%)
* Elements of w remaining: 527 (96.52%)
* Elements of w skipped: 0 (0.00%)
* Elements of w processed with special addition: 17 (6.25%)
* Elements of w remaining: 255 (93.75%)
* Elements of w skipped: 0 (0.00%)
* Elements of w processed with special addition: 15 (2.85%)
* Elements of w remaining: 512 (97.15%)
* G1 elements in proof: 2
* G2 elements in proof: 1
* Proof size in bits: 1019
* Elements of w skipped: 1 (0.18%)
* Elements of w processed with special addition: 18 (3.30%)
* Elements of w remaining: 527 (96.52%)
* Elements of w skipped: 0 (0.00%)
* Elements of w processed with special addition: 17 (6.25%)
* Elements of w remaining: 255 (93.75%)
* Elements of w skipped: 0 (0.00%)
* Elements of w processed with special addition: 15 (2.85%)
* Elements of w remaining: 512 (97.15%)
* G1 elements in proof: 2
* G2 elements in proof: 1
* Proof size in bits: 1019
* Elements of w skipped: 1 (0.18%)
* Elements of w processed with special addition: 18 (3.30%)
* Elements of w remaining: 527 (96.52%)
* Elements of w skipped: 0 (0.00%)
* Elements of w processed with special addition: 17 (6.25%)
* Elements of w remaining: 255 (93.75%)
* Elements of w skipped: 0 (0.00%)
* Elements of w processed with special addition: 15 (2.85%)
* Elements of w remaining: 512 (97.15%)
* G1 elements in proof: 2
* G2 elements in proof: 1
* Proof size in bits: 1019
* Elements of w skipped: 1 (0.18%)
* Elements of w processed with special addition: 18 (3.30%)
* Elements of w remaining: 527 (96.52%)
* Elements of w skipped: 0 (0.00%)
* Elements of w processed with special addition: 17 (6.25%)
* Elements of w remaining: 255 (93.75%)
* Elements of w skipped: 0 (0.00%)
* Elements of w processed with special addition: 15 (2.85%)
* Elements of w remaining: 512 (97.15%)
* G1 elements in proof: 2
* G2 elements in proof: 1
* Proof size in bits: 1019
* Elements of w skipped: 1 (0.18%)
* Elements of w processed with special addition: 18 (3.30%)
* Elements of w remaining: 527 (96.52%)
* Elements of w skipped: 0 (0.00%)
* Elements of w processed with special addition: 17 (6.25%)
* Elements of w remaining: 255 (93.75%)
* Elements of w skipped: 0 (0.00%)
* Elements of w processed with special addition: 15 (2.85%)
* Elements of w remaining: 512 (97.15%)
* G1 elements in proof: 2
* G2 elements in proof: 1
* Proof size in bits: 1019
* Elements of w skipped: 1 (0.18%)
* Elements of w processed with special addition: 18 (3.30%)
* Elements of w remaining: 527 (96.52%)
* Elements of w skipped: 0 (0.00%)
* Elements of w processed with special addition: 17 (6.25%)
* Elements of w remaining: 255 (93.75%)
* Elements of w skipped: 0 (0.00%)
* Elements of w processed with special addition: 15 (2.85%)
* Elements of w remaining: 512 (97.15%)
* G1 elements in proof: 2
* G2 elements in proof: 1
* Proof size in bits: 1019
* Elements of w skipped: 1 (0.18%)
* Elements of w processed with special addition: 18 (3.30%)
* Elements of w remaining: 527 (96.52%)
* Elements of w skipped: 0 (0.00%)
* Elements of w processed with special addition: 17 (6.25%)
* Elements of w remaining: 255 (93.75%)
* Elements of w skipped: 0 (0.00%)
* Elements of w processed with special addition: 15 (2.85%)
* Elements of w remaining: 512 (97.15%)
* G1 elements in proof: 2
* G2 elements in proof: 1
* Proof size in bits: 1019
* Elements of w skipped: 1 (0.18%)
* Elements of w processed with special addition: 18 (3.30%)
* Elements of w remaining: 527 (96.52%)
* Elements of w skipped: 0 (0.00%)
* Elements of w processed with special addition: 17 (6.25%)
* Elements of w remaining: 255 (93.75%)
* Elements of w skipped: 0 (0.00%)
* Elements of w processed with special addition: 15 (2.85%)
* Elements of w remaining: 512 (97.15%)
* G1 elements in proof: 2
* G2 elements in proof: 1
* Proof size in bits: 1019
* Elements of w skipped: 1 (0.18%)
* Elements of w processed with special addition: 18 (3.30%)
* Elements of w remaining: 527 (96.52%)
* Elements of w skipped: 0 (0.00%)
* Elements of w processed with special addition: 17 (6.25%)
* Elements of w remaining: 255 (93.75%)
* Elements of w skipped: 0 (0.00%)
* Elements of w processed with special addition: 15 (2.85%)
* Elements of w remaining: 512 (97.15%)
* G1 elements in proof: 2
* G2 elements in proof: 1
* Proof size in bits: 1019
  16      272         108.6         31.39         2.74          PASS      

  Groth16 results written to /Users/heewonchung/Documents/00-Research/active/Updatable Verifiable Computation/Dev/results/2026-03-09_201110_iot/csv/groth16_results.csv

================================================================
All benchmarks complete.
================================================================
  Done in 2s

------------------------------------------------------------
  Running: [6/10] sensor_fusion K=16 B=64
  Command: bench_comparative --circuit sensor_fusion --n 16 --B 64 --output-dir /Users/heewonchung/Documents/00-Research/active/Updatable Verifiable Computation/Dev/results/2026-03-09_201110_iot/csv --reps 10
------------------------------------------------------------
================================================================
Comparative Benchmark: UVC vs Groth16
================================================================
  Circuit: sensor_fusion, n=16, B=64, reps=10
  Output: /Users/heewonchung/Documents/00-Research/active/Updatable Verifiable Computation/Dev/results/2026-03-09_201110_iot/csv/

================================================================
UVC Benchmark: circuit=sensor_fusion, n=16, B=64
================================================================
  Circuit: 17 constraints, 35 vars, state=1, transition=17

  [Setup] Generating CRS for B=64...
* UVC Setup: B=64, n=35, state=1, transition=17
* Composed C_64: 1088 constraints, 2177 variables, 18 inputs
* QAP (C_B) variables: 2177, degree: 1152, inputs: 18
* UVC max compositions (B): 64
* G1 elements in PK: 7667
* G2 elements in PK: 2179
* PK size in bits: 2354060
* H_query_full size: 1151
* Step 2: 34 new wires (0 io, 34 wt)
* Step 3: 34 new wires (0 io, 34 wt)
* Step 4: 34 new wires (0 io, 34 wt)
* Step 5: 34 new wires (0 io, 34 wt)
* Step 6: 34 new wires (0 io, 34 wt)
* Step 7: 34 new wires (0 io, 34 wt)
* Step 8: 34 new wires (0 io, 34 wt)
* Step 9: 34 new wires (0 io, 34 wt)
* Step 10: 34 new wires (0 io, 34 wt)
* Step 11: 34 new wires (0 io, 34 wt)
* Step 12: 34 new wires (0 io, 34 wt)
* Step 13: 34 new wires (0 io, 34 wt)
* Step 14: 34 new wires (0 io, 34 wt)
* Step 15: 34 new wires (0 io, 34 wt)
* Step 16: 34 new wires (0 io, 34 wt)
* Step 17: 34 new wires (0 io, 34 wt)
* Step 18: 34 new wires (0 io, 34 wt)
* Step 19: 34 new wires (0 io, 34 wt)
* Step 20: 34 new wires (0 io, 34 wt)
* Step 21: 34 new wires (0 io, 34 wt)
* Step 22: 34 new wires (0 io, 34 wt)
* Step 23: 34 new wires (0 io, 34 wt)
* Step 24: 34 new wires (0 io, 34 wt)
* Step 25: 34 new wires (0 io, 34 wt)
* Step 26: 34 new wires (0 io, 34 wt)
* Step 27: 34 new wires (0 io, 34 wt)
* Step 28: 34 new wires (0 io, 34 wt)
* Step 29: 34 new wires (0 io, 34 wt)
* Step 30: 34 new wires (0 io, 34 wt)
* Step 31: 34 new wires (0 io, 34 wt)
* Step 32: 34 new wires (0 io, 34 wt)
* Step 33: 34 new wires (0 io, 34 wt)
* Step 34: 34 new wires (0 io, 34 wt)
* Step 35: 34 new wires (0 io, 34 wt)
* Step 36: 34 new wires (0 io, 34 wt)
* Step 37: 34 new wires (0 io, 34 wt)
* Step 38: 34 new wires (0 io, 34 wt)
* Step 39: 34 new wires (0 io, 34 wt)
* Step 40: 34 new wires (0 io, 34 wt)
* Step 41: 34 new wires (0 io, 34 wt)
* Step 42: 34 new wires (0 io, 34 wt)
* Step 43: 34 new wires (0 io, 34 wt)
* Step 44: 34 new wires (0 io, 34 wt)
* Step 45: 34 new wires (0 io, 34 wt)
* Step 46: 34 new wires (0 io, 34 wt)
* Step 47: 34 new wires (0 io, 34 wt)
* Step 48: 34 new wires (0 io, 34 wt)
* Step 49: 34 new wires (0 io, 34 wt)
* Step 50: 34 new wires (0 io, 34 wt)
* Step 51: 34 new wires (0 io, 34 wt)
* Step 52: 34 new wires (0 io, 34 wt)
* Step 53: 34 new wires (0 io, 34 wt)
* Step 54: 34 new wires (0 io, 34 wt)
* Step 55: 34 new wires (0 io, 34 wt)
* Step 56: 34 new wires (0 io, 34 wt)
* Step 57: 34 new wires (0 io, 34 wt)
* Step 58: 34 new wires (0 io, 34 wt)
* Step 59: 34 new wires (0 io, 34 wt)
* Step 60: 34 new wires (0 io, 34 wt)
* Step 61: 34 new wires (0 io, 34 wt)
* Step 62: 34 new wires (0 io, 34 wt)
* Step 63: 34 new wires (0 io, 34 wt)
* Step 64: 34 new wires (0 io, 34 wt)
* UVC VK: 64 max steps
* G2 elements in VK: 2
* GT elements in VK: 1
* gamma_ABC size: 18
  Setup: 324.7 ms, CRS: 9774 G1 + 4322 G2
  Building proof chain (steps 1..64)...
* UVC Prove step 1
* Elements of w skipped: 1 (2.78%)
* Elements of w processed with special addition: 3 (8.33%)
* Elements of w remaining: 32 (88.89%)
* Elements of w skipped: 1 (5.26%)
* Elements of w processed with special addition: 1 (5.26%)
* Elements of w remaining: 17 (89.47%)
* Elements of w skipped: 0 (0.00%)
* Elements of w processed with special addition: 0 (0.00%)
* Elements of w remaining: 17 (100.00%)
* UVC proof at step 1
* G1 elements in proof: 2
* G2 elements in proof: 1
* Proof size in bits: 1019
* Cached h poly size: 1151
* UVC Prove step 2
* Elements of w skipped: 0 (0.00%)
* Elements of w processed with special addition: 1 (2.94%)
* Elements of w remaining: 33 (97.06%)
* Elements of w skipped: 0 (0.00%)
* Elements of w processed with special addition: 1 (5.56%)
* Elements of w remaining: 17 (94.44%)
* Elements of w skipped: 0 (0.00%)
* Elements of w processed with special addition: 1 (2.94%)
* Elements of w remaining: 33 (97.06%)
* UVC proof at step 2
* G1 elements in proof: 2
* G2 elements in proof: 1
* Proof size in bits: 1019
* Cached h poly size: 1151
* UVC Prove step 3
* Elements of w skipped: 0 (0.00%)
* Elements of w processed with special addition: 1 (2.94%)
* Elements of w remaining: 33 (97.06%)
* Elements of w skipped: 0 (0.00%)
* Elements of w processed with special addition: 1 (5.56%)
* Elements of w remaining: 17 (94.44%)
* Elements of w skipped: 0 (0.00%)
* Elements of w processed with special addition: 1 (2.94%)
* Elements of w remaining: 33 (97.06%)
* UVC proof at step 3
* G1 elements in proof: 2
* G2 elements in proof: 1
* Proof size in bits: 1019
* Cached h poly size: 1151
* UVC Prove step 4
* Elements of w skipped: 0 (0.00%)
* Elements of w processed with special addition: 1 (2.94%)
* Elements of w remaining: 33 (97.06%)
* Elements of w skipped: 0 (0.00%)
* Elements of w processed with special addition: 1 (5.56%)
* Elements of w remaining: 17 (94.44%)
* Elements of w skipped: 0 (0.00%)
* Elements of w processed with special addition: 1 (2.94%)
* Elements of w remaining: 33 (97.06%)
* UVC proof at step 4
* G1 elements in proof: 2
* G2 elements in proof: 1
* Proof size in bits: 1019
* Cached h poly size: 1151
* UVC Prove step 5
* Elements of w skipped: 0 (0.00%)
* Elements of w processed with special addition: 1 (2.94%)
* Elements of w remaining: 33 (97.06%)
* Elements of w skipped: 0 (0.00%)
* Elements of w processed with special addition: 1 (5.56%)
* Elements of w remaining: 17 (94.44%)
* Elements of w skipped: 0 (0.00%)
* Elements of w processed with special addition: 1 (2.94%)
* Elements of w remaining: 33 (97.06%)
* UVC proof at step 5
* G1 elements in proof: 2
* G2 elements in proof: 1
* Proof size in bits: 1019
* Cached h poly size: 1151
* UVC Prove step 6
* Elements of w skipped: 0 (0.00%)
* Elements of w processed with special addition: 1 (2.94%)
* Elements of w remaining: 33 (97.06%)
* Elements of w skipped: 0 (0.00%)
* Elements of w processed with special addition: 1 (5.56%)
* Elements of w remaining: 17 (94.44%)
* Elements of w skipped: 0 (0.00%)
* Elements of w processed with special addition: 1 (2.94%)
* Elements of w remaining: 33 (97.06%)
* UVC proof at step 6
* G1 elements in proof: 2
* G2 elements in proof: 1
* Proof size in bits: 1019
* Cached h poly size: 1151
* UVC Prove step 7
* Elements of w skipped: 0 (0.00%)
* Elements of w processed with special addition: 1 (2.94%)
* Elements of w remaining: 33 (97.06%)
* Elements of w skipped: 0 (0.00%)
* Elements of w processed with special addition: 1 (5.56%)
* Elements of w remaining: 17 (94.44%)
* Elements of w skipped: 0 (0.00%)
* Elements of w processed with special addition: 1 (2.94%)
* Elements of w remaining: 33 (97.06%)
* UVC proof at step 7
* G1 elements in proof: 2
* G2 elements in proof: 1
* Proof size in bits: 1019
* Cached h poly size: 1151
* UVC Prove step 8
* Elements of w skipped: 0 (0.00%)
* Elements of w processed with special addition: 1 (2.94%)
* Elements of w remaining: 33 (97.06%)
* Elements of w skipped: 0 (0.00%)
* Elements of w processed with special addition: 1 (5.56%)
* Elements of w remaining: 17 (94.44%)
* Elements of w skipped: 0 (0.00%)
* Elements of w processed with special addition: 1 (2.94%)
* Elements of w remaining: 33 (97.06%)
* UVC proof at step 8
* G1 elements in proof: 2
* G2 elements in proof: 1
* Proof size in bits: 1019
* Cached h poly size: 1151
* UVC Prove step 9
* Elements of w skipped: 0 (0.00%)
* Elements of w processed with special addition: 1 (2.94%)
* Elements of w remaining: 33 (97.06%)
* Elements of w skipped: 0 (0.00%)
* Elements of w processed with special addition: 1 (5.56%)
* Elements of w remaining: 17 (94.44%)
* Elements of w skipped: 0 (0.00%)
* Elements of w processed with special addition: 1 (2.94%)
* Elements of w remaining: 33 (97.06%)
* UVC proof at step 9
* G1 elements in proof: 2
* G2 elements in proof: 1
* Proof size in bits: 1019
* Cached h poly size: 1151
* UVC Prove step 10
* Elements of w skipped: 0 (0.00%)
* Elements of w processed with special addition: 1 (2.94%)
* Elements of w remaining: 33 (97.06%)
* Elements of w skipped: 0 (0.00%)
* Elements of w processed with special addition: 1 (5.56%)
* Elements of w remaining: 17 (94.44%)
* Elements of w skipped: 0 (0.00%)
* Elements of w processed with special addition: 1 (2.94%)
* Elements of w remaining: 33 (97.06%)
* UVC proof at step 10
* G1 elements in proof: 2
* G2 elements in proof: 1
* Proof size in bits: 1019
* Cached h poly size: 1151
* UVC Prove step 11
* Elements of w skipped: 0 (0.00%)
* Elements of w processed with special addition: 1 (2.94%)
* Elements of w remaining: 33 (97.06%)
* Elements of w skipped: 0 (0.00%)
* Elements of w processed with special addition: 1 (5.56%)
* Elements of w remaining: 17 (94.44%)
* Elements of w skipped: 0 (0.00%)
* Elements of w processed with special addition: 1 (2.94%)
* Elements of w remaining: 33 (97.06%)
* UVC proof at step 11
* G1 elements in proof: 2
* G2 elements in proof: 1
* Proof size in bits: 1019
* Cached h poly size: 1151
* UVC Prove step 12
* Elements of w skipped: 0 (0.00%)
* Elements of w processed with special addition: 1 (2.94%)
* Elements of w remaining: 33 (97.06%)
* Elements of w skipped: 0 (0.00%)
* Elements of w processed with special addition: 1 (5.56%)
* Elements of w remaining: 17 (94.44%)
* Elements of w skipped: 0 (0.00%)
* Elements of w processed with special addition: 1 (2.94%)
* Elements of w remaining: 33 (97.06%)
* UVC proof at step 12
* G1 elements in proof: 2
* G2 elements in proof: 1
* Proof size in bits: 1019
* Cached h poly size: 1151
* UVC Prove step 13
* Elements of w skipped: 0 (0.00%)
* Elements of w processed with special addition: 1 (2.94%)
* Elements of w remaining: 33 (97.06%)
* Elements of w skipped: 0 (0.00%)
* Elements of w processed with special addition: 1 (5.56%)
* Elements of w remaining: 17 (94.44%)
* Elements of w skipped: 0 (0.00%)
* Elements of w processed with special addition: 1 (2.94%)
* Elements of w remaining: 33 (97.06%)
* UVC proof at step 13
* G1 elements in proof: 2
* G2 elements in proof: 1
* Proof size in bits: 1019
* Cached h poly size: 1151
* UVC Prove step 14
* Elements of w skipped: 0 (0.00%)
* Elements of w processed with special addition: 1 (2.94%)
* Elements of w remaining: 33 (97.06%)
* Elements of w skipped: 0 (0.00%)
* Elements of w processed with special addition: 1 (5.56%)
* Elements of w remaining: 17 (94.44%)
* Elements of w skipped: 0 (0.00%)
* Elements of w processed with special addition: 1 (2.94%)
* Elements of w remaining: 33 (97.06%)
* UVC proof at step 14
* G1 elements in proof: 2
* G2 elements in proof: 1
* Proof size in bits: 1019
* Cached h poly size: 1151
* UVC Prove step 15
* Elements of w skipped: 0 (0.00%)
* Elements of w processed with special addition: 1 (2.94%)
* Elements of w remaining: 33 (97.06%)
* Elements of w skipped: 0 (0.00%)
* Elements of w processed with special addition: 1 (5.56%)
* Elements of w remaining: 17 (94.44%)
* Elements of w skipped: 0 (0.00%)
* Elements of w processed with special addition: 1 (2.94%)
* Elements of w remaining: 33 (97.06%)
* UVC proof at step 15
* G1 elements in proof: 2
* G2 elements in proof: 1
* Proof size in bits: 1019
* Cached h poly size: 1151
* UVC Prove step 16
* Elements of w skipped: 0 (0.00%)
* Elements of w processed with special addition: 1 (2.94%)
* Elements of w remaining: 33 (97.06%)
* Elements of w skipped: 0 (0.00%)
* Elements of w processed with special addition: 1 (5.56%)
* Elements of w remaining: 17 (94.44%)
* Elements of w skipped: 0 (0.00%)
* Elements of w processed with special addition: 1 (2.94%)
* Elements of w remaining: 33 (97.06%)
* UVC proof at step 16
* G1 elements in proof: 2
* G2 elements in proof: 1
* Proof size in bits: 1019
* Cached h poly size: 1151
* UVC Prove step 17
* Elements of w skipped: 0 (0.00%)
* Elements of w processed with special addition: 1 (2.94%)
* Elements of w remaining: 33 (97.06%)
* Elements of w skipped: 0 (0.00%)
* Elements of w processed with special addition: 1 (5.56%)
* Elements of w remaining: 17 (94.44%)
* Elements of w skipped: 0 (0.00%)
* Elements of w processed with special addition: 1 (2.94%)
* Elements of w remaining: 33 (97.06%)
* UVC proof at step 17
* G1 elements in proof: 2
* G2 elements in proof: 1
* Proof size in bits: 1019
* Cached h poly size: 1151
* UVC Prove step 18
* Elements of w skipped: 0 (0.00%)
* Elements of w processed with special addition: 1 (2.94%)
* Elements of w remaining: 33 (97.06%)
* Elements of w skipped: 0 (0.00%)
* Elements of w processed with special addition: 1 (5.56%)
* Elements of w remaining: 17 (94.44%)
* Elements of w skipped: 0 (0.00%)
* Elements of w processed with special addition: 1 (2.94%)
* Elements of w remaining: 33 (97.06%)
* UVC proof at step 18
* G1 elements in proof: 2
* G2 elements in proof: 1
* Proof size in bits: 1019
* Cached h poly size: 1151
* UVC Prove step 19
* Elements of w skipped: 0 (0.00%)
* Elements of w processed with special addition: 1 (2.94%)
* Elements of w remaining: 33 (97.06%)
* Elements of w skipped: 0 (0.00%)
* Elements of w processed with special addition: 1 (5.56%)
* Elements of w remaining: 17 (94.44%)
* Elements of w skipped: 0 (0.00%)
* Elements of w processed with special addition: 1 (2.94%)
* Elements of w remaining: 33 (97.06%)
* UVC proof at step 19
* G1 elements in proof: 2
* G2 elements in proof: 1
* Proof size in bits: 1019
* Cached h poly size: 1151
* UVC Prove step 20
* Elements of w skipped: 0 (0.00%)
* Elements of w processed with special addition: 1 (2.94%)
* Elements of w remaining: 33 (97.06%)
* Elements of w skipped: 0 (0.00%)
* Elements of w processed with special addition: 1 (5.56%)
* Elements of w remaining: 17 (94.44%)
* Elements of w skipped: 0 (0.00%)
* Elements of w processed with special addition: 1 (2.94%)
* Elements of w remaining: 33 (97.06%)
* UVC proof at step 20
* G1 elements in proof: 2
* G2 elements in proof: 1
* Proof size in bits: 1019
* Cached h poly size: 1151
* UVC Prove step 21
* Elements of w skipped: 0 (0.00%)
* Elements of w processed with special addition: 1 (2.94%)
* Elements of w remaining: 33 (97.06%)
* Elements of w skipped: 0 (0.00%)
* Elements of w processed with special addition: 1 (5.56%)
* Elements of w remaining: 17 (94.44%)
* Elements of w skipped: 0 (0.00%)
* Elements of w processed with special addition: 1 (2.94%)
* Elements of w remaining: 33 (97.06%)
* UVC proof at step 21
* G1 elements in proof: 2
* G2 elements in proof: 1
* Proof size in bits: 1019
* Cached h poly size: 1151
* UVC Prove step 22
* Elements of w skipped: 0 (0.00%)
* Elements of w processed with special addition: 1 (2.94%)
* Elements of w remaining: 33 (97.06%)
* Elements of w skipped: 0 (0.00%)
* Elements of w processed with special addition: 1 (5.56%)
* Elements of w remaining: 17 (94.44%)
* Elements of w skipped: 0 (0.00%)
* Elements of w processed with special addition: 1 (2.94%)
* Elements of w remaining: 33 (97.06%)
* UVC proof at step 22
* G1 elements in proof: 2
* G2 elements in proof: 1
* Proof size in bits: 1019
* Cached h poly size: 1151
* UVC Prove step 23
* Elements of w skipped: 0 (0.00%)
* Elements of w processed with special addition: 1 (2.94%)
* Elements of w remaining: 33 (97.06%)
* Elements of w skipped: 0 (0.00%)
* Elements of w processed with special addition: 1 (5.56%)
* Elements of w remaining: 17 (94.44%)
* Elements of w skipped: 0 (0.00%)
* Elements of w processed with special addition: 1 (2.94%)
* Elements of w remaining: 33 (97.06%)
* UVC proof at step 23
* G1 elements in proof: 2
* G2 elements in proof: 1
* Proof size in bits: 1019
* Cached h poly size: 1151
* UVC Prove step 24
* Elements of w skipped: 0 (0.00%)
* Elements of w processed with special addition: 1 (2.94%)
* Elements of w remaining: 33 (97.06%)
* Elements of w skipped: 0 (0.00%)
* Elements of w processed with special addition: 1 (5.56%)
* Elements of w remaining: 17 (94.44%)
* Elements of w skipped: 0 (0.00%)
* Elements of w processed with special addition: 1 (2.94%)
* Elements of w remaining: 33 (97.06%)
* UVC proof at step 24
* G1 elements in proof: 2
* G2 elements in proof: 1
* Proof size in bits: 1019
* Cached h poly size: 1151
* UVC Prove step 25
* Elements of w skipped: 0 (0.00%)
* Elements of w processed with special addition: 1 (2.94%)
* Elements of w remaining: 33 (97.06%)
* Elements of w skipped: 0 (0.00%)
* Elements of w processed with special addition: 1 (5.56%)
* Elements of w remaining: 17 (94.44%)
* Elements of w skipped: 0 (0.00%)
* Elements of w processed with special addition: 1 (2.94%)
* Elements of w remaining: 33 (97.06%)
* UVC proof at step 25
* G1 elements in proof: 2
* G2 elements in proof: 1
* Proof size in bits: 1019
* Cached h poly size: 1151
* UVC Prove step 26
* Elements of w skipped: 0 (0.00%)
* Elements of w processed with special addition: 1 (2.94%)
* Elements of w remaining: 33 (97.06%)
* Elements of w skipped: 0 (0.00%)
* Elements of w processed with special addition: 1 (5.56%)
* Elements of w remaining: 17 (94.44%)
* Elements of w skipped: 0 (0.00%)
* Elements of w processed with special addition: 1 (2.94%)
* Elements of w remaining: 33 (97.06%)
* UVC proof at step 26
* G1 elements in proof: 2
* G2 elements in proof: 1
* Proof size in bits: 1019
* Cached h poly size: 1151
* UVC Prove step 27
* Elements of w skipped: 0 (0.00%)
* Elements of w processed with special addition: 1 (2.94%)
* Elements of w remaining: 33 (97.06%)
* Elements of w skipped: 0 (0.00%)
* Elements of w processed with special addition: 1 (5.56%)
* Elements of w remaining: 17 (94.44%)
* Elements of w skipped: 0 (0.00%)
* Elements of w processed with special addition: 1 (2.94%)
* Elements of w remaining: 33 (97.06%)
* UVC proof at step 27
* G1 elements in proof: 2
* G2 elements in proof: 1
* Proof size in bits: 1019
* Cached h poly size: 1151
* UVC Prove step 28
* Elements of w skipped: 0 (0.00%)
* Elements of w processed with special addition: 1 (2.94%)
* Elements of w remaining: 33 (97.06%)
* Elements of w skipped: 0 (0.00%)
* Elements of w processed with special addition: 1 (5.56%)
* Elements of w remaining: 17 (94.44%)
* Elements of w skipped: 0 (0.00%)
* Elements of w processed with special addition: 1 (2.94%)
* Elements of w remaining: 33 (97.06%)
* UVC proof at step 28
* G1 elements in proof: 2
* G2 elements in proof: 1
* Proof size in bits: 1019
* Cached h poly size: 1151
* UVC Prove step 29
* Elements of w skipped: 0 (0.00%)
* Elements of w processed with special addition: 1 (2.94%)
* Elements of w remaining: 33 (97.06%)
* Elements of w skipped: 0 (0.00%)
* Elements of w processed with special addition: 1 (5.56%)
* Elements of w remaining: 17 (94.44%)
* Elements of w skipped: 0 (0.00%)
* Elements of w processed with special addition: 1 (2.94%)
* Elements of w remaining: 33 (97.06%)
* UVC proof at step 29
* G1 elements in proof: 2
* G2 elements in proof: 1
* Proof size in bits: 1019
* Cached h poly size: 1151
* UVC Prove step 30
* Elements of w skipped: 0 (0.00%)
* Elements of w processed with special addition: 1 (2.94%)
* Elements of w remaining: 33 (97.06%)
* Elements of w skipped: 0 (0.00%)
* Elements of w processed with special addition: 1 (5.56%)
* Elements of w remaining: 17 (94.44%)
* Elements of w skipped: 0 (0.00%)
* Elements of w processed with special addition: 1 (2.94%)
* Elements of w remaining: 33 (97.06%)
* UVC proof at step 30
* G1 elements in proof: 2
* G2 elements in proof: 1
* Proof size in bits: 1019
* Cached h poly size: 1151
* UVC Prove step 31
* Elements of w skipped: 0 (0.00%)
* Elements of w processed with special addition: 1 (2.94%)
* Elements of w remaining: 33 (97.06%)
* Elements of w skipped: 0 (0.00%)
* Elements of w processed with special addition: 1 (5.56%)
* Elements of w remaining: 17 (94.44%)
* Elements of w skipped: 0 (0.00%)
* Elements of w processed with special addition: 1 (2.94%)
* Elements of w remaining: 33 (97.06%)
* UVC proof at step 31
* G1 elements in proof: 2
* G2 elements in proof: 1
* Proof size in bits: 1019
* Cached h poly size: 1151
* UVC Prove step 32
* Elements of w skipped: 0 (0.00%)
* Elements of w processed with special addition: 1 (2.94%)
* Elements of w remaining: 33 (97.06%)
* Elements of w skipped: 0 (0.00%)
* Elements of w processed with special addition: 1 (5.56%)
* Elements of w remaining: 17 (94.44%)
* Elements of w skipped: 0 (0.00%)
* Elements of w processed with special addition: 1 (2.94%)
* Elements of w remaining: 33 (97.06%)
* UVC proof at step 32
* G1 elements in proof: 2
* G2 elements in proof: 1
* Proof size in bits: 1019
* Cached h poly size: 1151
* UVC Prove step 33
* Elements of w skipped: 0 (0.00%)
* Elements of w processed with special addition: 1 (2.94%)
* Elements of w remaining: 33 (97.06%)
* Elements of w skipped: 0 (0.00%)
* Elements of w processed with special addition: 1 (5.56%)
* Elements of w remaining: 17 (94.44%)
* Elements of w skipped: 0 (0.00%)
* Elements of w processed with special addition: 1 (2.94%)
* Elements of w remaining: 33 (97.06%)
* UVC proof at step 33
* G1 elements in proof: 2
* G2 elements in proof: 1
* Proof size in bits: 1019
* Cached h poly size: 1151
* UVC Prove step 34
* Elements of w skipped: 0 (0.00%)
* Elements of w processed with special addition: 1 (2.94%)
* Elements of w remaining: 33 (97.06%)
* Elements of w skipped: 0 (0.00%)
* Elements of w processed with special addition: 1 (5.56%)
* Elements of w remaining: 17 (94.44%)
* Elements of w skipped: 0 (0.00%)
* Elements of w processed with special addition: 1 (2.94%)
* Elements of w remaining: 33 (97.06%)
* UVC proof at step 34
* G1 elements in proof: 2
* G2 elements in proof: 1
* Proof size in bits: 1019
* Cached h poly size: 1151
* UVC Prove step 35
* Elements of w skipped: 0 (0.00%)
* Elements of w processed with special addition: 1 (2.94%)
* Elements of w remaining: 33 (97.06%)
* Elements of w skipped: 0 (0.00%)
* Elements of w processed with special addition: 1 (5.56%)
* Elements of w remaining: 17 (94.44%)
* Elements of w skipped: 0 (0.00%)
* Elements of w processed with special addition: 1 (2.94%)
* Elements of w remaining: 33 (97.06%)
* UVC proof at step 35
* G1 elements in proof: 2
* G2 elements in proof: 1
* Proof size in bits: 1019
* Cached h poly size: 1151
* UVC Prove step 36
* Elements of w skipped: 0 (0.00%)
* Elements of w processed with special addition: 1 (2.94%)
* Elements of w remaining: 33 (97.06%)
* Elements of w skipped: 0 (0.00%)
* Elements of w processed with special addition: 1 (5.56%)
* Elements of w remaining: 17 (94.44%)
* Elements of w skipped: 0 (0.00%)
* Elements of w processed with special addition: 1 (2.94%)
* Elements of w remaining: 33 (97.06%)
* UVC proof at step 36
* G1 elements in proof: 2
* G2 elements in proof: 1
* Proof size in bits: 1019
* Cached h poly size: 1151
* UVC Prove step 37
* Elements of w skipped: 0 (0.00%)
* Elements of w processed with special addition: 1 (2.94%)
* Elements of w remaining: 33 (97.06%)
* Elements of w skipped: 0 (0.00%)
* Elements of w processed with special addition: 1 (5.56%)
* Elements of w remaining: 17 (94.44%)
* Elements of w skipped: 0 (0.00%)
* Elements of w processed with special addition: 1 (2.94%)
* Elements of w remaining: 33 (97.06%)
* UVC proof at step 37
* G1 elements in proof: 2
* G2 elements in proof: 1
* Proof size in bits: 1019
* Cached h poly size: 1151
* UVC Prove step 38
* Elements of w skipped: 0 (0.00%)
* Elements of w processed with special addition: 1 (2.94%)
* Elements of w remaining: 33 (97.06%)
* Elements of w skipped: 0 (0.00%)
* Elements of w processed with special addition: 1 (5.56%)
* Elements of w remaining: 17 (94.44%)
* Elements of w skipped: 0 (0.00%)
* Elements of w processed with special addition: 1 (2.94%)
* Elements of w remaining: 33 (97.06%)
* UVC proof at step 38
* G1 elements in proof: 2
* G2 elements in proof: 1
* Proof size in bits: 1019
* Cached h poly size: 1151
* UVC Prove step 39
* Elements of w skipped: 0 (0.00%)
* Elements of w processed with special addition: 1 (2.94%)
* Elements of w remaining: 33 (97.06%)
* Elements of w skipped: 0 (0.00%)
* Elements of w processed with special addition: 1 (5.56%)
* Elements of w remaining: 17 (94.44%)
* Elements of w skipped: 0 (0.00%)
* Elements of w processed with special addition: 1 (2.94%)
* Elements of w remaining: 33 (97.06%)
* UVC proof at step 39
* G1 elements in proof: 2
* G2 elements in proof: 1
* Proof size in bits: 1019
* Cached h poly size: 1151
* UVC Prove step 40
* Elements of w skipped: 0 (0.00%)
* Elements of w processed with special addition: 1 (2.94%)
* Elements of w remaining: 33 (97.06%)
* Elements of w skipped: 0 (0.00%)
* Elements of w processed with special addition: 1 (5.56%)
* Elements of w remaining: 17 (94.44%)
* Elements of w skipped: 0 (0.00%)
* Elements of w processed with special addition: 1 (2.94%)
* Elements of w remaining: 33 (97.06%)
* UVC proof at step 40
* G1 elements in proof: 2
* G2 elements in proof: 1
* Proof size in bits: 1019
* Cached h poly size: 1151
* UVC Prove step 41
* Elements of w skipped: 0 (0.00%)
* Elements of w processed with special addition: 1 (2.94%)
* Elements of w remaining: 33 (97.06%)
* Elements of w skipped: 0 (0.00%)
* Elements of w processed with special addition: 1 (5.56%)
* Elements of w remaining: 17 (94.44%)
* Elements of w skipped: 0 (0.00%)
* Elements of w processed with special addition: 1 (2.94%)
* Elements of w remaining: 33 (97.06%)
* UVC proof at step 41
* G1 elements in proof: 2
* G2 elements in proof: 1
* Proof size in bits: 1019
* Cached h poly size: 1151
* UVC Prove step 42
* Elements of w skipped: 0 (0.00%)
* Elements of w processed with special addition: 1 (2.94%)
* Elements of w remaining: 33 (97.06%)
* Elements of w skipped: 0 (0.00%)
* Elements of w processed with special addition: 1 (5.56%)
* Elements of w remaining: 17 (94.44%)
* Elements of w skipped: 0 (0.00%)
* Elements of w processed with special addition: 1 (2.94%)
* Elements of w remaining: 33 (97.06%)
* UVC proof at step 42
* G1 elements in proof: 2
* G2 elements in proof: 1
* Proof size in bits: 1019
* Cached h poly size: 1151
* UVC Prove step 43
* Elements of w skipped: 0 (0.00%)
* Elements of w processed with special addition: 1 (2.94%)
* Elements of w remaining: 33 (97.06%)
* Elements of w skipped: 0 (0.00%)
* Elements of w processed with special addition: 1 (5.56%)
* Elements of w remaining: 17 (94.44%)
* Elements of w skipped: 0 (0.00%)
* Elements of w processed with special addition: 1 (2.94%)
* Elements of w remaining: 33 (97.06%)
* UVC proof at step 43
* G1 elements in proof: 2
* G2 elements in proof: 1
* Proof size in bits: 1019
* Cached h poly size: 1151
* UVC Prove step 44
* Elements of w skipped: 0 (0.00%)
* Elements of w processed with special addition: 1 (2.94%)
* Elements of w remaining: 33 (97.06%)
* Elements of w skipped: 0 (0.00%)
* Elements of w processed with special addition: 1 (5.56%)
* Elements of w remaining: 17 (94.44%)
* Elements of w skipped: 0 (0.00%)
* Elements of w processed with special addition: 1 (2.94%)
* Elements of w remaining: 33 (97.06%)
* UVC proof at step 44
* G1 elements in proof: 2
* G2 elements in proof: 1
* Proof size in bits: 1019
* Cached h poly size: 1151
* UVC Prove step 45
* Elements of w skipped: 0 (0.00%)
* Elements of w processed with special addition: 1 (2.94%)
* Elements of w remaining: 33 (97.06%)
* Elements of w skipped: 0 (0.00%)
* Elements of w processed with special addition: 1 (5.56%)
* Elements of w remaining: 17 (94.44%)
* Elements of w skipped: 0 (0.00%)
* Elements of w processed with special addition: 1 (2.94%)
* Elements of w remaining: 33 (97.06%)
* UVC proof at step 45
* G1 elements in proof: 2
* G2 elements in proof: 1
* Proof size in bits: 1019
* Cached h poly size: 1151
* UVC Prove step 46
* Elements of w skipped: 0 (0.00%)
* Elements of w processed with special addition: 1 (2.94%)
* Elements of w remaining: 33 (97.06%)
* Elements of w skipped: 0 (0.00%)
* Elements of w processed with special addition: 1 (5.56%)
* Elements of w remaining: 17 (94.44%)
* Elements of w skipped: 0 (0.00%)
* Elements of w processed with special addition: 1 (2.94%)
* Elements of w remaining: 33 (97.06%)
* UVC proof at step 46
* G1 elements in proof: 2
* G2 elements in proof: 1
* Proof size in bits: 1019
* Cached h poly size: 1151
* UVC Prove step 47
* Elements of w skipped: 0 (0.00%)
* Elements of w processed with special addition: 1 (2.94%)
* Elements of w remaining: 33 (97.06%)
* Elements of w skipped: 0 (0.00%)
* Elements of w processed with special addition: 1 (5.56%)
* Elements of w remaining: 17 (94.44%)
* Elements of w skipped: 0 (0.00%)
* Elements of w processed with special addition: 1 (2.94%)
* Elements of w remaining: 33 (97.06%)
* UVC proof at step 47
* G1 elements in proof: 2
* G2 elements in proof: 1
* Proof size in bits: 1019
* Cached h poly size: 1151
* UVC Prove step 48
* Elements of w skipped: 0 (0.00%)
* Elements of w processed with special addition: 1 (2.94%)
* Elements of w remaining: 33 (97.06%)
* Elements of w skipped: 0 (0.00%)
* Elements of w processed with special addition: 1 (5.56%)
* Elements of w remaining: 17 (94.44%)
* Elements of w skipped: 0 (0.00%)
* Elements of w processed with special addition: 1 (2.94%)
* Elements of w remaining: 33 (97.06%)
* UVC proof at step 48
* G1 elements in proof: 2
* G2 elements in proof: 1
* Proof size in bits: 1019
* Cached h poly size: 1151
* UVC Prove step 49
* Elements of w skipped: 0 (0.00%)
* Elements of w processed with special addition: 1 (2.94%)
* Elements of w remaining: 33 (97.06%)
* Elements of w skipped: 0 (0.00%)
* Elements of w processed with special addition: 1 (5.56%)
* Elements of w remaining: 17 (94.44%)
* Elements of w skipped: 0 (0.00%)
* Elements of w processed with special addition: 1 (2.94%)
* Elements of w remaining: 33 (97.06%)
* UVC proof at step 49
* G1 elements in proof: 2
* G2 elements in proof: 1
* Proof size in bits: 1019
* Cached h poly size: 1151
* UVC Prove step 50
* Elements of w skipped: 0 (0.00%)
* Elements of w processed with special addition: 1 (2.94%)
* Elements of w remaining: 33 (97.06%)
* Elements of w skipped: 0 (0.00%)
* Elements of w processed with special addition: 1 (5.56%)
* Elements of w remaining: 17 (94.44%)
* Elements of w skipped: 0 (0.00%)
* Elements of w processed with special addition: 1 (2.94%)
* Elements of w remaining: 33 (97.06%)
* UVC proof at step 50
* G1 elements in proof: 2
* G2 elements in proof: 1
* Proof size in bits: 1019
* Cached h poly size: 1151
* UVC Prove step 51
* Elements of w skipped: 0 (0.00%)
* Elements of w processed with special addition: 1 (2.94%)
* Elements of w remaining: 33 (97.06%)
* Elements of w skipped: 0 (0.00%)
* Elements of w processed with special addition: 1 (5.56%)
* Elements of w remaining: 17 (94.44%)
* Elements of w skipped: 0 (0.00%)
* Elements of w processed with special addition: 1 (2.94%)
* Elements of w remaining: 33 (97.06%)
* UVC proof at step 51
* G1 elements in proof: 2
* G2 elements in proof: 1
* Proof size in bits: 1019
* Cached h poly size: 1151
* UVC Prove step 52
* Elements of w skipped: 0 (0.00%)
* Elements of w processed with special addition: 1 (2.94%)
* Elements of w remaining: 33 (97.06%)
* Elements of w skipped: 0 (0.00%)
* Elements of w processed with special addition: 1 (5.56%)
* Elements of w remaining: 17 (94.44%)
* Elements of w skipped: 0 (0.00%)
* Elements of w processed with special addition: 1 (2.94%)
* Elements of w remaining: 33 (97.06%)
* UVC proof at step 52
* G1 elements in proof: 2
* G2 elements in proof: 1
* Proof size in bits: 1019
* Cached h poly size: 1151
* UVC Prove step 53
* Elements of w skipped: 0 (0.00%)
* Elements of w processed with special addition: 1 (2.94%)
* Elements of w remaining: 33 (97.06%)
* Elements of w skipped: 0 (0.00%)
* Elements of w processed with special addition: 1 (5.56%)
* Elements of w remaining: 17 (94.44%)
* Elements of w skipped: 0 (0.00%)
* Elements of w processed with special addition: 1 (2.94%)
* Elements of w remaining: 33 (97.06%)
* UVC proof at step 53
* G1 elements in proof: 2
* G2 elements in proof: 1
* Proof size in bits: 1019
* Cached h poly size: 1151
* UVC Prove step 54
* Elements of w skipped: 0 (0.00%)
* Elements of w processed with special addition: 1 (2.94%)
* Elements of w remaining: 33 (97.06%)
* Elements of w skipped: 0 (0.00%)
* Elements of w processed with special addition: 1 (5.56%)
* Elements of w remaining: 17 (94.44%)
* Elements of w skipped: 0 (0.00%)
* Elements of w processed with special addition: 1 (2.94%)
* Elements of w remaining: 33 (97.06%)
* UVC proof at step 54
* G1 elements in proof: 2
* G2 elements in proof: 1
* Proof size in bits: 1019
* Cached h poly size: 1151
* UVC Prove step 55
* Elements of w skipped: 0 (0.00%)
* Elements of w processed with special addition: 1 (2.94%)
* Elements of w remaining: 33 (97.06%)
* Elements of w skipped: 0 (0.00%)
* Elements of w processed with special addition: 1 (5.56%)
* Elements of w remaining: 17 (94.44%)
* Elements of w skipped: 0 (0.00%)
* Elements of w processed with special addition: 1 (2.94%)
* Elements of w remaining: 33 (97.06%)
* UVC proof at step 55
* G1 elements in proof: 2
* G2 elements in proof: 1
* Proof size in bits: 1019
* Cached h poly size: 1151
* UVC Prove step 56
* Elements of w skipped: 0 (0.00%)
* Elements of w processed with special addition: 1 (2.94%)
* Elements of w remaining: 33 (97.06%)
* Elements of w skipped: 0 (0.00%)
* Elements of w processed with special addition: 1 (5.56%)
* Elements of w remaining: 17 (94.44%)
* Elements of w skipped: 0 (0.00%)
* Elements of w processed with special addition: 1 (2.94%)
* Elements of w remaining: 33 (97.06%)
* UVC proof at step 56
* G1 elements in proof: 2
* G2 elements in proof: 1
* Proof size in bits: 1019
* Cached h poly size: 1151
* UVC Prove step 57
* Elements of w skipped: 0 (0.00%)
* Elements of w processed with special addition: 1 (2.94%)
* Elements of w remaining: 33 (97.06%)
* Elements of w skipped: 0 (0.00%)
* Elements of w processed with special addition: 1 (5.56%)
* Elements of w remaining: 17 (94.44%)
* Elements of w skipped: 0 (0.00%)
* Elements of w processed with special addition: 1 (2.94%)
* Elements of w remaining: 33 (97.06%)
* UVC proof at step 57
* G1 elements in proof: 2
* G2 elements in proof: 1
* Proof size in bits: 1019
* Cached h poly size: 1151
* UVC Prove step 58
* Elements of w skipped: 0 (0.00%)
* Elements of w processed with special addition: 1 (2.94%)
* Elements of w remaining: 33 (97.06%)
* Elements of w skipped: 0 (0.00%)
* Elements of w processed with special addition: 1 (5.56%)
* Elements of w remaining: 17 (94.44%)
* Elements of w skipped: 0 (0.00%)
* Elements of w processed with special addition: 1 (2.94%)
* Elements of w remaining: 33 (97.06%)
* UVC proof at step 58
* G1 elements in proof: 2
* G2 elements in proof: 1
* Proof size in bits: 1019
* Cached h poly size: 1151
* UVC Prove step 59
* Elements of w skipped: 0 (0.00%)
* Elements of w processed with special addition: 1 (2.94%)
* Elements of w remaining: 33 (97.06%)
* Elements of w skipped: 0 (0.00%)
* Elements of w processed with special addition: 1 (5.56%)
* Elements of w remaining: 17 (94.44%)
* Elements of w skipped: 0 (0.00%)
* Elements of w processed with special addition: 1 (2.94%)
* Elements of w remaining: 33 (97.06%)
* UVC proof at step 59
* G1 elements in proof: 2
* G2 elements in proof: 1
* Proof size in bits: 1019
* Cached h poly size: 1151
* UVC Prove step 60
* Elements of w skipped: 0 (0.00%)
* Elements of w processed with special addition: 1 (2.94%)
* Elements of w remaining: 33 (97.06%)
* Elements of w skipped: 0 (0.00%)
* Elements of w processed with special addition: 1 (5.56%)
* Elements of w remaining: 17 (94.44%)
* Elements of w skipped: 0 (0.00%)
* Elements of w processed with special addition: 1 (2.94%)
* Elements of w remaining: 33 (97.06%)
* UVC proof at step 60
* G1 elements in proof: 2
* G2 elements in proof: 1
* Proof size in bits: 1019
* Cached h poly size: 1151
* UVC Prove step 61
* Elements of w skipped: 0 (0.00%)
* Elements of w processed with special addition: 1 (2.94%)
* Elements of w remaining: 33 (97.06%)
* Elements of w skipped: 0 (0.00%)
* Elements of w processed with special addition: 1 (5.56%)
* Elements of w remaining: 17 (94.44%)
* Elements of w skipped: 0 (0.00%)
* Elements of w processed with special addition: 1 (2.94%)
* Elements of w remaining: 33 (97.06%)
* UVC proof at step 61
* G1 elements in proof: 2
* G2 elements in proof: 1
* Proof size in bits: 1019
* Cached h poly size: 1151
* UVC Prove step 62
* Elements of w skipped: 0 (0.00%)
* Elements of w processed with special addition: 1 (2.94%)
* Elements of w remaining: 33 (97.06%)
* Elements of w skipped: 0 (0.00%)
* Elements of w processed with special addition: 1 (5.56%)
* Elements of w remaining: 17 (94.44%)
* Elements of w skipped: 0 (0.00%)
* Elements of w processed with special addition: 1 (2.94%)
* Elements of w remaining: 33 (97.06%)
* UVC proof at step 62
* G1 elements in proof: 2
* G2 elements in proof: 1
* Proof size in bits: 1019
* Cached h poly size: 1151
* UVC Prove step 63
* Elements of w skipped: 0 (0.00%)
* Elements of w processed with special addition: 1 (2.94%)
* Elements of w remaining: 33 (97.06%)
* Elements of w skipped: 0 (0.00%)
* Elements of w processed with special addition: 1 (5.56%)
* Elements of w remaining: 17 (94.44%)
* Elements of w skipped: 0 (0.00%)
* Elements of w processed with special addition: 1 (2.94%)
* Elements of w remaining: 33 (97.06%)
* UVC proof at step 63
* G1 elements in proof: 2
* G2 elements in proof: 1
* Proof size in bits: 1019
* Cached h poly size: 1151
* UVC Prove step 64
* Elements of w skipped: 0 (0.00%)
* Elements of w processed with special addition: 1 (2.94%)
* Elements of w remaining: 33 (97.06%)
* Elements of w skipped: 0 (0.00%)
* Elements of w processed with special addition: 1 (5.88%)
* Elements of w remaining: 16 (94.12%)
* Elements of w skipped: 0 (0.00%)
* Elements of w processed with special addition: 1 (2.94%)
* Elements of w remaining: 33 (97.06%)
* UVC proof at step 64
* G1 elements in proof: 2
* G2 elements in proof: 1
* Proof size in bits: 1019
* Cached h poly size: 1151

  Step    Prove (ms)    Verify (ms)   Proof bits    Verified  
  ------  ------------  ------------  ------------  ----------
* UVC Prove step 1
* Elements of w skipped: 1 (2.78%)
* Elements of w processed with special addition: 3 (8.33%)
* Elements of w remaining: 32 (88.89%)
* Elements of w skipped: 1 (5.26%)
* Elements of w processed with special addition: 1 (5.26%)
* Elements of w remaining: 17 (89.47%)
* Elements of w skipped: 0 (0.00%)
* Elements of w processed with special addition: 0 (0.00%)
* Elements of w remaining: 17 (100.00%)
* UVC proof at step 1
* G1 elements in proof: 2
* G2 elements in proof: 1
* Proof size in bits: 1019
* Cached h poly size: 1151
* UVC Prove step 1
* Elements of w skipped: 1 (2.78%)
* Elements of w processed with special addition: 3 (8.33%)
* Elements of w remaining: 32 (88.89%)
* Elements of w skipped: 1 (5.26%)
* Elements of w processed with special addition: 1 (5.26%)
* Elements of w remaining: 17 (89.47%)
* Elements of w skipped: 0 (0.00%)
* Elements of w processed with special addition: 0 (0.00%)
* Elements of w remaining: 17 (100.00%)
* UVC proof at step 1
* G1 elements in proof: 2
* G2 elements in proof: 1
* Proof size in bits: 1019
* Cached h poly size: 1151
* UVC Prove step 1
* Elements of w skipped: 1 (2.78%)
* Elements of w processed with special addition: 3 (8.33%)
* Elements of w remaining: 32 (88.89%)
* Elements of w skipped: 1 (5.26%)
* Elements of w processed with special addition: 1 (5.26%)
* Elements of w remaining: 17 (89.47%)
* Elements of w skipped: 0 (0.00%)
* Elements of w processed with special addition: 0 (0.00%)
* Elements of w remaining: 17 (100.00%)
* UVC proof at step 1
* G1 elements in proof: 2
* G2 elements in proof: 1
* Proof size in bits: 1019
* Cached h poly size: 1151
* UVC Prove step 1
* Elements of w skipped: 1 (2.78%)
* Elements of w processed with special addition: 3 (8.33%)
* Elements of w remaining: 32 (88.89%)
* Elements of w skipped: 1 (5.26%)
* Elements of w processed with special addition: 1 (5.26%)
* Elements of w remaining: 17 (89.47%)
* Elements of w skipped: 0 (0.00%)
* Elements of w processed with special addition: 0 (0.00%)
* Elements of w remaining: 17 (100.00%)
* UVC proof at step 1
* G1 elements in proof: 2
* G2 elements in proof: 1
* Proof size in bits: 1019
* Cached h poly size: 1151
* UVC Prove step 1
* Elements of w skipped: 1 (2.78%)
* Elements of w processed with special addition: 3 (8.33%)
* Elements of w remaining: 32 (88.89%)
* Elements of w skipped: 1 (5.26%)
* Elements of w processed with special addition: 1 (5.26%)
* Elements of w remaining: 17 (89.47%)
* Elements of w skipped: 0 (0.00%)
* Elements of w processed with special addition: 0 (0.00%)
* Elements of w remaining: 17 (100.00%)
* UVC proof at step 1
* G1 elements in proof: 2
* G2 elements in proof: 1
* Proof size in bits: 1019
* Cached h poly size: 1151
* UVC Prove step 1
* Elements of w skipped: 1 (2.78%)
* Elements of w processed with special addition: 3 (8.33%)
* Elements of w remaining: 32 (88.89%)
* Elements of w skipped: 1 (5.26%)
* Elements of w processed with special addition: 1 (5.26%)
* Elements of w remaining: 17 (89.47%)
* Elements of w skipped: 0 (0.00%)
* Elements of w processed with special addition: 0 (0.00%)
* Elements of w remaining: 17 (100.00%)
* UVC proof at step 1
* G1 elements in proof: 2
* G2 elements in proof: 1
* Proof size in bits: 1019
* Cached h poly size: 1151
* UVC Prove step 1
* Elements of w skipped: 1 (2.78%)
* Elements of w processed with special addition: 3 (8.33%)
* Elements of w remaining: 32 (88.89%)
* Elements of w skipped: 1 (5.26%)
* Elements of w processed with special addition: 1 (5.26%)
* Elements of w remaining: 17 (89.47%)
* Elements of w skipped: 0 (0.00%)
* Elements of w processed with special addition: 0 (0.00%)
* Elements of w remaining: 17 (100.00%)
* UVC proof at step 1
* G1 elements in proof: 2
* G2 elements in proof: 1
* Proof size in bits: 1019
* Cached h poly size: 1151
* UVC Prove step 1
* Elements of w skipped: 1 (2.78%)
* Elements of w processed with special addition: 3 (8.33%)
* Elements of w remaining: 32 (88.89%)
* Elements of w skipped: 1 (5.26%)
* Elements of w processed with special addition: 1 (5.26%)
* Elements of w remaining: 17 (89.47%)
* Elements of w skipped: 0 (0.00%)
* Elements of w processed with special addition: 0 (0.00%)
* Elements of w remaining: 17 (100.00%)
* UVC proof at step 1
* G1 elements in proof: 2
* G2 elements in proof: 1
* Proof size in bits: 1019
* Cached h poly size: 1151
* UVC Prove step 1
* Elements of w skipped: 1 (2.78%)
* Elements of w processed with special addition: 3 (8.33%)
* Elements of w remaining: 32 (88.89%)
* Elements of w skipped: 1 (5.26%)
* Elements of w processed with special addition: 1 (5.26%)
* Elements of w remaining: 17 (89.47%)
* Elements of w skipped: 0 (0.00%)
* Elements of w processed with special addition: 0 (0.00%)
* Elements of w remaining: 17 (100.00%)
* UVC proof at step 1
* G1 elements in proof: 2
* G2 elements in proof: 1
* Proof size in bits: 1019
* Cached h poly size: 1151
* UVC Prove step 1
* Elements of w skipped: 1 (2.78%)
* Elements of w processed with special addition: 3 (8.33%)
* Elements of w remaining: 32 (88.89%)
* Elements of w skipped: 1 (5.26%)
* Elements of w processed with special addition: 1 (5.26%)
* Elements of w remaining: 17 (89.47%)
* Elements of w skipped: 0 (0.00%)
* Elements of w processed with special addition: 0 (0.00%)
* Elements of w remaining: 17 (100.00%)
* UVC proof at step 1
* G1 elements in proof: 2
* G2 elements in proof: 1
* Proof size in bits: 1019
* Cached h poly size: 1151
* UVC Verify step 1: PASS
* UVC Verify step 1: PASS
* UVC Verify step 1: PASS
* UVC Verify step 1: PASS
* UVC Verify step 1: PASS
* UVC Verify step 1: PASS
* UVC Verify step 1: PASS
* UVC Verify step 1: PASS
* UVC Verify step 1: PASS
* UVC Verify step 1: PASS
  1       41.86         2.72          1019          PASS      
* UVC Prove step 2
* Elements of w skipped: 0 (0.00%)
* Elements of w processed with special addition: 1 (2.94%)
* Elements of w remaining: 33 (97.06%)
* Elements of w skipped: 0 (0.00%)
* Elements of w processed with special addition: 1 (5.56%)
* Elements of w remaining: 17 (94.44%)
* Elements of w skipped: 0 (0.00%)
* Elements of w processed with special addition: 1 (2.94%)
* Elements of w remaining: 33 (97.06%)
* UVC proof at step 2
* G1 elements in proof: 2
* G2 elements in proof: 1
* Proof size in bits: 1019
* Cached h poly size: 1151
* UVC Prove step 2
* Elements of w skipped: 0 (0.00%)
* Elements of w processed with special addition: 1 (2.94%)
* Elements of w remaining: 33 (97.06%)
* Elements of w skipped: 0 (0.00%)
* Elements of w processed with special addition: 1 (5.56%)
* Elements of w remaining: 17 (94.44%)
* Elements of w skipped: 0 (0.00%)
* Elements of w processed with special addition: 1 (2.94%)
* Elements of w remaining: 33 (97.06%)
* UVC proof at step 2
* G1 elements in proof: 2
* G2 elements in proof: 1
* Proof size in bits: 1019
* Cached h poly size: 1151
* UVC Prove step 2
* Elements of w skipped: 0 (0.00%)
* Elements of w processed with special addition: 1 (2.94%)
* Elements of w remaining: 33 (97.06%)
* Elements of w skipped: 0 (0.00%)
* Elements of w processed with special addition: 1 (5.56%)
* Elements of w remaining: 17 (94.44%)
* Elements of w skipped: 0 (0.00%)
* Elements of w processed with special addition: 1 (2.94%)
* Elements of w remaining: 33 (97.06%)
* UVC proof at step 2
* G1 elements in proof: 2
* G2 elements in proof: 1
* Proof size in bits: 1019
* Cached h poly size: 1151
* UVC Prove step 2
* Elements of w skipped: 0 (0.00%)
* Elements of w processed with special addition: 1 (2.94%)
* Elements of w remaining: 33 (97.06%)
* Elements of w skipped: 0 (0.00%)
* Elements of w processed with special addition: 1 (5.56%)
* Elements of w remaining: 17 (94.44%)
* Elements of w skipped: 0 (0.00%)
* Elements of w processed with special addition: 1 (2.94%)
* Elements of w remaining: 33 (97.06%)
* UVC proof at step 2
* G1 elements in proof: 2
* G2 elements in proof: 1
* Proof size in bits: 1019
* Cached h poly size: 1151
* UVC Prove step 2
* Elements of w skipped: 0 (0.00%)
* Elements of w processed with special addition: 1 (2.94%)
* Elements of w remaining: 33 (97.06%)
* Elements of w skipped: 0 (0.00%)
* Elements of w processed with special addition: 1 (5.56%)
* Elements of w remaining: 17 (94.44%)
* Elements of w skipped: 0 (0.00%)
* Elements of w processed with special addition: 1 (2.94%)
* Elements of w remaining: 33 (97.06%)
* UVC proof at step 2
* G1 elements in proof: 2
* G2 elements in proof: 1
* Proof size in bits: 1019
* Cached h poly size: 1151
* UVC Prove step 2
* Elements of w skipped: 0 (0.00%)
* Elements of w processed with special addition: 1 (2.94%)
* Elements of w remaining: 33 (97.06%)
* Elements of w skipped: 0 (0.00%)
* Elements of w processed with special addition: 1 (5.56%)
* Elements of w remaining: 17 (94.44%)
* Elements of w skipped: 0 (0.00%)
* Elements of w processed with special addition: 1 (2.94%)
* Elements of w remaining: 33 (97.06%)
* UVC proof at step 2
* G1 elements in proof: 2
* G2 elements in proof: 1
* Proof size in bits: 1019
* Cached h poly size: 1151
* UVC Prove step 2
* Elements of w skipped: 0 (0.00%)
* Elements of w processed with special addition: 1 (2.94%)
* Elements of w remaining: 33 (97.06%)
* Elements of w skipped: 0 (0.00%)
* Elements of w processed with special addition: 1 (5.56%)
* Elements of w remaining: 17 (94.44%)
* Elements of w skipped: 0 (0.00%)
* Elements of w processed with special addition: 1 (2.94%)
* Elements of w remaining: 33 (97.06%)
* UVC proof at step 2
* G1 elements in proof: 2
* G2 elements in proof: 1
* Proof size in bits: 1019
* Cached h poly size: 1151
* UVC Prove step 2
* Elements of w skipped: 0 (0.00%)
* Elements of w processed with special addition: 1 (2.94%)
* Elements of w remaining: 33 (97.06%)
* Elements of w skipped: 0 (0.00%)
* Elements of w processed with special addition: 1 (5.56%)
* Elements of w remaining: 17 (94.44%)
* Elements of w skipped: 0 (0.00%)
* Elements of w processed with special addition: 1 (2.94%)
* Elements of w remaining: 33 (97.06%)
* UVC proof at step 2
* G1 elements in proof: 2
* G2 elements in proof: 1
* Proof size in bits: 1019
* Cached h poly size: 1151
* UVC Prove step 2
* Elements of w skipped: 0 (0.00%)
* Elements of w processed with special addition: 1 (2.94%)
* Elements of w remaining: 33 (97.06%)
* Elements of w skipped: 0 (0.00%)
* Elements of w processed with special addition: 1 (5.56%)
* Elements of w remaining: 17 (94.44%)
* Elements of w skipped: 0 (0.00%)
* Elements of w processed with special addition: 1 (2.94%)
* Elements of w remaining: 33 (97.06%)
* UVC proof at step 2
* G1 elements in proof: 2
* G2 elements in proof: 1
* Proof size in bits: 1019
* Cached h poly size: 1151
* UVC Prove step 2
* Elements of w skipped: 0 (0.00%)
* Elements of w processed with special addition: 1 (2.94%)
* Elements of w remaining: 33 (97.06%)
* Elements of w skipped: 0 (0.00%)
* Elements of w processed with special addition: 1 (5.56%)
* Elements of w remaining: 17 (94.44%)
* Elements of w skipped: 0 (0.00%)
* Elements of w processed with special addition: 1 (2.94%)
* Elements of w remaining: 33 (97.06%)
* UVC proof at step 2
* G1 elements in proof: 2
* G2 elements in proof: 1
* Proof size in bits: 1019
* Cached h poly size: 1151
* UVC Verify step 2: PASS
* UVC Verify step 2: PASS
* UVC Verify step 2: PASS
* UVC Verify step 2: PASS
* UVC Verify step 2: PASS
* UVC Verify step 2: PASS
* UVC Verify step 2: PASS
* UVC Verify step 2: PASS
* UVC Verify step 2: PASS
* UVC Verify step 2: PASS
  2       41.88         2.73          1019          PASS      
* UVC Prove step 4
* Elements of w skipped: 0 (0.00%)
* Elements of w processed with special addition: 1 (2.94%)
* Elements of w remaining: 33 (97.06%)
* Elements of w skipped: 0 (0.00%)
* Elements of w processed with special addition: 1 (5.56%)
* Elements of w remaining: 17 (94.44%)
* Elements of w skipped: 0 (0.00%)
* Elements of w processed with special addition: 1 (2.94%)
* Elements of w remaining: 33 (97.06%)
* UVC proof at step 4
* G1 elements in proof: 2
* G2 elements in proof: 1
* Proof size in bits: 1019
* Cached h poly size: 1151
* UVC Prove step 4
* Elements of w skipped: 0 (0.00%)
* Elements of w processed with special addition: 1 (2.94%)
* Elements of w remaining: 33 (97.06%)
* Elements of w skipped: 0 (0.00%)
* Elements of w processed with special addition: 1 (5.56%)
* Elements of w remaining: 17 (94.44%)
* Elements of w skipped: 0 (0.00%)
* Elements of w processed with special addition: 1 (2.94%)
* Elements of w remaining: 33 (97.06%)
* UVC proof at step 4
* G1 elements in proof: 2
* G2 elements in proof: 1
* Proof size in bits: 1019
* Cached h poly size: 1151
* UVC Prove step 4
* Elements of w skipped: 0 (0.00%)
* Elements of w processed with special addition: 1 (2.94%)
* Elements of w remaining: 33 (97.06%)
* Elements of w skipped: 0 (0.00%)
* Elements of w processed with special addition: 1 (5.56%)
* Elements of w remaining: 17 (94.44%)
* Elements of w skipped: 0 (0.00%)
* Elements of w processed with special addition: 1 (2.94%)
* Elements of w remaining: 33 (97.06%)
* UVC proof at step 4
* G1 elements in proof: 2
* G2 elements in proof: 1
* Proof size in bits: 1019
* Cached h poly size: 1151
* UVC Prove step 4
* Elements of w skipped: 0 (0.00%)
* Elements of w processed with special addition: 1 (2.94%)
* Elements of w remaining: 33 (97.06%)
* Elements of w skipped: 0 (0.00%)
* Elements of w processed with special addition: 1 (5.56%)
* Elements of w remaining: 17 (94.44%)
* Elements of w skipped: 0 (0.00%)
* Elements of w processed with special addition: 1 (2.94%)
* Elements of w remaining: 33 (97.06%)
* UVC proof at step 4
* G1 elements in proof: 2
* G2 elements in proof: 1
* Proof size in bits: 1019
* Cached h poly size: 1151
* UVC Prove step 4
* Elements of w skipped: 0 (0.00%)
* Elements of w processed with special addition: 1 (2.94%)
* Elements of w remaining: 33 (97.06%)
* Elements of w skipped: 0 (0.00%)
* Elements of w processed with special addition: 1 (5.56%)
* Elements of w remaining: 17 (94.44%)
* Elements of w skipped: 0 (0.00%)
* Elements of w processed with special addition: 1 (2.94%)
* Elements of w remaining: 33 (97.06%)
* UVC proof at step 4
* G1 elements in proof: 2
* G2 elements in proof: 1
* Proof size in bits: 1019
* Cached h poly size: 1151
* UVC Prove step 4
* Elements of w skipped: 0 (0.00%)
* Elements of w processed with special addition: 1 (2.94%)
* Elements of w remaining: 33 (97.06%)
* Elements of w skipped: 0 (0.00%)
* Elements of w processed with special addition: 1 (5.56%)
* Elements of w remaining: 17 (94.44%)
* Elements of w skipped: 0 (0.00%)
* Elements of w processed with special addition: 1 (2.94%)
* Elements of w remaining: 33 (97.06%)
* UVC proof at step 4
* G1 elements in proof: 2
* G2 elements in proof: 1
* Proof size in bits: 1019
* Cached h poly size: 1151
* UVC Prove step 4
* Elements of w skipped: 0 (0.00%)
* Elements of w processed with special addition: 1 (2.94%)
* Elements of w remaining: 33 (97.06%)
* Elements of w skipped: 0 (0.00%)
* Elements of w processed with special addition: 1 (5.56%)
* Elements of w remaining: 17 (94.44%)
* Elements of w skipped: 0 (0.00%)
* Elements of w processed with special addition: 1 (2.94%)
* Elements of w remaining: 33 (97.06%)
* UVC proof at step 4
* G1 elements in proof: 2
* G2 elements in proof: 1
* Proof size in bits: 1019
* Cached h poly size: 1151
* UVC Prove step 4
* Elements of w skipped: 0 (0.00%)
* Elements of w processed with special addition: 1 (2.94%)
* Elements of w remaining: 33 (97.06%)
* Elements of w skipped: 0 (0.00%)
* Elements of w processed with special addition: 1 (5.56%)
* Elements of w remaining: 17 (94.44%)
* Elements of w skipped: 0 (0.00%)
* Elements of w processed with special addition: 1 (2.94%)
* Elements of w remaining: 33 (97.06%)
* UVC proof at step 4
* G1 elements in proof: 2
* G2 elements in proof: 1
* Proof size in bits: 1019
* Cached h poly size: 1151
* UVC Prove step 4
* Elements of w skipped: 0 (0.00%)
* Elements of w processed with special addition: 1 (2.94%)
* Elements of w remaining: 33 (97.06%)
* Elements of w skipped: 0 (0.00%)
* Elements of w processed with special addition: 1 (5.56%)
* Elements of w remaining: 17 (94.44%)
* Elements of w skipped: 0 (0.00%)
* Elements of w processed with special addition: 1 (2.94%)
* Elements of w remaining: 33 (97.06%)
* UVC proof at step 4
* G1 elements in proof: 2
* G2 elements in proof: 1
* Proof size in bits: 1019
* Cached h poly size: 1151
* UVC Prove step 4
* Elements of w skipped: 0 (0.00%)
* Elements of w processed with special addition: 1 (2.94%)
* Elements of w remaining: 33 (97.06%)
* Elements of w skipped: 0 (0.00%)
* Elements of w processed with special addition: 1 (5.56%)
* Elements of w remaining: 17 (94.44%)
* Elements of w skipped: 0 (0.00%)
* Elements of w processed with special addition: 1 (2.94%)
* Elements of w remaining: 33 (97.06%)
* UVC proof at step 4
* G1 elements in proof: 2
* G2 elements in proof: 1
* Proof size in bits: 1019
* Cached h poly size: 1151
* UVC Verify step 4: PASS
* UVC Verify step 4: PASS
* UVC Verify step 4: PASS
* UVC Verify step 4: PASS
* UVC Verify step 4: PASS
* UVC Verify step 4: PASS
* UVC Verify step 4: PASS
* UVC Verify step 4: PASS
* UVC Verify step 4: PASS
* UVC Verify step 4: PASS
  4       41.90         2.68          1019          PASS      
* UVC Prove step 8
* Elements of w skipped: 0 (0.00%)
* Elements of w processed with special addition: 1 (2.94%)
* Elements of w remaining: 33 (97.06%)
* Elements of w skipped: 0 (0.00%)
* Elements of w processed with special addition: 1 (5.56%)
* Elements of w remaining: 17 (94.44%)
* Elements of w skipped: 0 (0.00%)
* Elements of w processed with special addition: 1 (2.94%)
* Elements of w remaining: 33 (97.06%)
* UVC proof at step 8
* G1 elements in proof: 2
* G2 elements in proof: 1
* Proof size in bits: 1019
* Cached h poly size: 1151
* UVC Prove step 8
* Elements of w skipped: 0 (0.00%)
* Elements of w processed with special addition: 1 (2.94%)
* Elements of w remaining: 33 (97.06%)
* Elements of w skipped: 0 (0.00%)
* Elements of w processed with special addition: 1 (5.56%)
* Elements of w remaining: 17 (94.44%)
* Elements of w skipped: 0 (0.00%)
* Elements of w processed with special addition: 1 (2.94%)
* Elements of w remaining: 33 (97.06%)
* UVC proof at step 8
* G1 elements in proof: 2
* G2 elements in proof: 1
* Proof size in bits: 1019
* Cached h poly size: 1151
* UVC Prove step 8
* Elements of w skipped: 0 (0.00%)
* Elements of w processed with special addition: 1 (2.94%)
* Elements of w remaining: 33 (97.06%)
* Elements of w skipped: 0 (0.00%)
* Elements of w processed with special addition: 1 (5.56%)
* Elements of w remaining: 17 (94.44%)
* Elements of w skipped: 0 (0.00%)
* Elements of w processed with special addition: 1 (2.94%)
* Elements of w remaining: 33 (97.06%)
* UVC proof at step 8
* G1 elements in proof: 2
* G2 elements in proof: 1
* Proof size in bits: 1019
* Cached h poly size: 1151
* UVC Prove step 8
* Elements of w skipped: 0 (0.00%)
* Elements of w processed with special addition: 1 (2.94%)
* Elements of w remaining: 33 (97.06%)
* Elements of w skipped: 0 (0.00%)
* Elements of w processed with special addition: 1 (5.56%)
* Elements of w remaining: 17 (94.44%)
* Elements of w skipped: 0 (0.00%)
* Elements of w processed with special addition: 1 (2.94%)
* Elements of w remaining: 33 (97.06%)
* UVC proof at step 8
* G1 elements in proof: 2
* G2 elements in proof: 1
* Proof size in bits: 1019
* Cached h poly size: 1151
* UVC Prove step 8
* Elements of w skipped: 0 (0.00%)
* Elements of w processed with special addition: 1 (2.94%)
* Elements of w remaining: 33 (97.06%)
* Elements of w skipped: 0 (0.00%)
* Elements of w processed with special addition: 1 (5.56%)
* Elements of w remaining: 17 (94.44%)
* Elements of w skipped: 0 (0.00%)
* Elements of w processed with special addition: 1 (2.94%)
* Elements of w remaining: 33 (97.06%)
* UVC proof at step 8
* G1 elements in proof: 2
* G2 elements in proof: 1
* Proof size in bits: 1019
* Cached h poly size: 1151
* UVC Prove step 8
* Elements of w skipped: 0 (0.00%)
* Elements of w processed with special addition: 1 (2.94%)
* Elements of w remaining: 33 (97.06%)
* Elements of w skipped: 0 (0.00%)
* Elements of w processed with special addition: 1 (5.56%)
* Elements of w remaining: 17 (94.44%)
* Elements of w skipped: 0 (0.00%)
* Elements of w processed with special addition: 1 (2.94%)
* Elements of w remaining: 33 (97.06%)
* UVC proof at step 8
* G1 elements in proof: 2
* G2 elements in proof: 1
* Proof size in bits: 1019
* Cached h poly size: 1151
* UVC Prove step 8
* Elements of w skipped: 0 (0.00%)
* Elements of w processed with special addition: 1 (2.94%)
* Elements of w remaining: 33 (97.06%)
* Elements of w skipped: 0 (0.00%)
* Elements of w processed with special addition: 1 (5.56%)
* Elements of w remaining: 17 (94.44%)
* Elements of w skipped: 0 (0.00%)
* Elements of w processed with special addition: 1 (2.94%)
* Elements of w remaining: 33 (97.06%)
* UVC proof at step 8
* G1 elements in proof: 2
* G2 elements in proof: 1
* Proof size in bits: 1019
* Cached h poly size: 1151
* UVC Prove step 8
* Elements of w skipped: 0 (0.00%)
* Elements of w processed with special addition: 1 (2.94%)
* Elements of w remaining: 33 (97.06%)
* Elements of w skipped: 0 (0.00%)
* Elements of w processed with special addition: 1 (5.56%)
* Elements of w remaining: 17 (94.44%)
* Elements of w skipped: 0 (0.00%)
* Elements of w processed with special addition: 1 (2.94%)
* Elements of w remaining: 33 (97.06%)
* UVC proof at step 8
* G1 elements in proof: 2
* G2 elements in proof: 1
* Proof size in bits: 1019
* Cached h poly size: 1151
* UVC Prove step 8
* Elements of w skipped: 0 (0.00%)
* Elements of w processed with special addition: 1 (2.94%)
* Elements of w remaining: 33 (97.06%)
* Elements of w skipped: 0 (0.00%)
* Elements of w processed with special addition: 1 (5.56%)
* Elements of w remaining: 17 (94.44%)
* Elements of w skipped: 0 (0.00%)
* Elements of w processed with special addition: 1 (2.94%)
* Elements of w remaining: 33 (97.06%)
* UVC proof at step 8
* G1 elements in proof: 2
* G2 elements in proof: 1
* Proof size in bits: 1019
* Cached h poly size: 1151
* UVC Prove step 8
* Elements of w skipped: 0 (0.00%)
* Elements of w processed with special addition: 1 (2.94%)
* Elements of w remaining: 33 (97.06%)
* Elements of w skipped: 0 (0.00%)
* Elements of w processed with special addition: 1 (5.56%)
* Elements of w remaining: 17 (94.44%)
* Elements of w skipped: 0 (0.00%)
* Elements of w processed with special addition: 1 (2.94%)
* Elements of w remaining: 33 (97.06%)
* UVC proof at step 8
* G1 elements in proof: 2
* G2 elements in proof: 1
* Proof size in bits: 1019
* Cached h poly size: 1151
* UVC Verify step 8: PASS
* UVC Verify step 8: PASS
* UVC Verify step 8: PASS
* UVC Verify step 8: PASS
* UVC Verify step 8: PASS
* UVC Verify step 8: PASS
* UVC Verify step 8: PASS
* UVC Verify step 8: PASS
* UVC Verify step 8: PASS
* UVC Verify step 8: PASS
  8       42.06         2.71          1019          PASS      
* UVC Prove step 16
* Elements of w skipped: 0 (0.00%)
* Elements of w processed with special addition: 1 (2.94%)
* Elements of w remaining: 33 (97.06%)
* Elements of w skipped: 0 (0.00%)
* Elements of w processed with special addition: 1 (5.56%)
* Elements of w remaining: 17 (94.44%)
* Elements of w skipped: 0 (0.00%)
* Elements of w processed with special addition: 1 (2.94%)
* Elements of w remaining: 33 (97.06%)
* UVC proof at step 16
* G1 elements in proof: 2
* G2 elements in proof: 1
* Proof size in bits: 1019
* Cached h poly size: 1151
* UVC Prove step 16
* Elements of w skipped: 0 (0.00%)
* Elements of w processed with special addition: 1 (2.94%)
* Elements of w remaining: 33 (97.06%)
* Elements of w skipped: 0 (0.00%)
* Elements of w processed with special addition: 1 (5.56%)
* Elements of w remaining: 17 (94.44%)
* Elements of w skipped: 0 (0.00%)
* Elements of w processed with special addition: 1 (2.94%)
* Elements of w remaining: 33 (97.06%)
* UVC proof at step 16
* G1 elements in proof: 2
* G2 elements in proof: 1
* Proof size in bits: 1019
* Cached h poly size: 1151
* UVC Prove step 16
* Elements of w skipped: 0 (0.00%)
* Elements of w processed with special addition: 1 (2.94%)
* Elements of w remaining: 33 (97.06%)
* Elements of w skipped: 0 (0.00%)
* Elements of w processed with special addition: 1 (5.56%)
* Elements of w remaining: 17 (94.44%)
* Elements of w skipped: 0 (0.00%)
* Elements of w processed with special addition: 1 (2.94%)
* Elements of w remaining: 33 (97.06%)
* UVC proof at step 16
* G1 elements in proof: 2
* G2 elements in proof: 1
* Proof size in bits: 1019
* Cached h poly size: 1151
* UVC Prove step 16
* Elements of w skipped: 0 (0.00%)
* Elements of w processed with special addition: 1 (2.94%)
* Elements of w remaining: 33 (97.06%)
* Elements of w skipped: 0 (0.00%)
* Elements of w processed with special addition: 1 (5.56%)
* Elements of w remaining: 17 (94.44%)
* Elements of w skipped: 0 (0.00%)
* Elements of w processed with special addition: 1 (2.94%)
* Elements of w remaining: 33 (97.06%)
* UVC proof at step 16
* G1 elements in proof: 2
* G2 elements in proof: 1
* Proof size in bits: 1019
* Cached h poly size: 1151
* UVC Prove step 16
* Elements of w skipped: 0 (0.00%)
* Elements of w processed with special addition: 1 (2.94%)
* Elements of w remaining: 33 (97.06%)
* Elements of w skipped: 0 (0.00%)
* Elements of w processed with special addition: 1 (5.56%)
* Elements of w remaining: 17 (94.44%)
* Elements of w skipped: 0 (0.00%)
* Elements of w processed with special addition: 1 (2.94%)
* Elements of w remaining: 33 (97.06%)
* UVC proof at step 16
* G1 elements in proof: 2
* G2 elements in proof: 1
* Proof size in bits: 1019
* Cached h poly size: 1151
* UVC Prove step 16
* Elements of w skipped: 0 (0.00%)
* Elements of w processed with special addition: 1 (2.94%)
* Elements of w remaining: 33 (97.06%)
* Elements of w skipped: 0 (0.00%)
* Elements of w processed with special addition: 1 (5.56%)
* Elements of w remaining: 17 (94.44%)
* Elements of w skipped: 0 (0.00%)
* Elements of w processed with special addition: 1 (2.94%)
* Elements of w remaining: 33 (97.06%)
* UVC proof at step 16
* G1 elements in proof: 2
* G2 elements in proof: 1
* Proof size in bits: 1019
* Cached h poly size: 1151
* UVC Prove step 16
* Elements of w skipped: 0 (0.00%)
* Elements of w processed with special addition: 1 (2.94%)
* Elements of w remaining: 33 (97.06%)
* Elements of w skipped: 0 (0.00%)
* Elements of w processed with special addition: 1 (5.56%)
* Elements of w remaining: 17 (94.44%)
* Elements of w skipped: 0 (0.00%)
* Elements of w processed with special addition: 1 (2.94%)
* Elements of w remaining: 33 (97.06%)
* UVC proof at step 16
* G1 elements in proof: 2
* G2 elements in proof: 1
* Proof size in bits: 1019
* Cached h poly size: 1151
* UVC Prove step 16
* Elements of w skipped: 0 (0.00%)
* Elements of w processed with special addition: 1 (2.94%)
* Elements of w remaining: 33 (97.06%)
* Elements of w skipped: 0 (0.00%)
* Elements of w processed with special addition: 1 (5.56%)
* Elements of w remaining: 17 (94.44%)
* Elements of w skipped: 0 (0.00%)
* Elements of w processed with special addition: 1 (2.94%)
* Elements of w remaining: 33 (97.06%)
* UVC proof at step 16
* G1 elements in proof: 2
* G2 elements in proof: 1
* Proof size in bits: 1019
* Cached h poly size: 1151
* UVC Prove step 16
* Elements of w skipped: 0 (0.00%)
* Elements of w processed with special addition: 1 (2.94%)
* Elements of w remaining: 33 (97.06%)
* Elements of w skipped: 0 (0.00%)
* Elements of w processed with special addition: 1 (5.56%)
* Elements of w remaining: 17 (94.44%)
* Elements of w skipped: 0 (0.00%)
* Elements of w processed with special addition: 1 (2.94%)
* Elements of w remaining: 33 (97.06%)
* UVC proof at step 16
* G1 elements in proof: 2
* G2 elements in proof: 1
* Proof size in bits: 1019
* Cached h poly size: 1151
* UVC Prove step 16
* Elements of w skipped: 0 (0.00%)
* Elements of w processed with special addition: 1 (2.94%)
* Elements of w remaining: 33 (97.06%)
* Elements of w skipped: 0 (0.00%)
* Elements of w processed with special addition: 1 (5.56%)
* Elements of w remaining: 17 (94.44%)
* Elements of w skipped: 0 (0.00%)
* Elements of w processed with special addition: 1 (2.94%)
* Elements of w remaining: 33 (97.06%)
* UVC proof at step 16
* G1 elements in proof: 2
* G2 elements in proof: 1
* Proof size in bits: 1019
* Cached h poly size: 1151
* UVC Verify step 16: PASS
* UVC Verify step 16: PASS
* UVC Verify step 16: PASS
* UVC Verify step 16: PASS
* UVC Verify step 16: PASS
* UVC Verify step 16: PASS
* UVC Verify step 16: PASS
* UVC Verify step 16: PASS
* UVC Verify step 16: PASS
* UVC Verify step 16: PASS
  16      42.21         2.74          1019          PASS      
* UVC Prove step 32
* Elements of w skipped: 0 (0.00%)
* Elements of w processed with special addition: 1 (2.94%)
* Elements of w remaining: 33 (97.06%)
* Elements of w skipped: 0 (0.00%)
* Elements of w processed with special addition: 1 (5.56%)
* Elements of w remaining: 17 (94.44%)
* Elements of w skipped: 0 (0.00%)
* Elements of w processed with special addition: 1 (2.94%)
* Elements of w remaining: 33 (97.06%)
* UVC proof at step 32
* G1 elements in proof: 2
* G2 elements in proof: 1
* Proof size in bits: 1019
* Cached h poly size: 1151
* UVC Prove step 32
* Elements of w skipped: 0 (0.00%)
* Elements of w processed with special addition: 1 (2.94%)
* Elements of w remaining: 33 (97.06%)
* Elements of w skipped: 0 (0.00%)
* Elements of w processed with special addition: 1 (5.56%)
* Elements of w remaining: 17 (94.44%)
* Elements of w skipped: 0 (0.00%)
* Elements of w processed with special addition: 1 (2.94%)
* Elements of w remaining: 33 (97.06%)
* UVC proof at step 32
* G1 elements in proof: 2
* G2 elements in proof: 1
* Proof size in bits: 1019
* Cached h poly size: 1151
* UVC Prove step 32
* Elements of w skipped: 0 (0.00%)
* Elements of w processed with special addition: 1 (2.94%)
* Elements of w remaining: 33 (97.06%)
* Elements of w skipped: 0 (0.00%)
* Elements of w processed with special addition: 1 (5.56%)
* Elements of w remaining: 17 (94.44%)
* Elements of w skipped: 0 (0.00%)
* Elements of w processed with special addition: 1 (2.94%)
* Elements of w remaining: 33 (97.06%)
* UVC proof at step 32
* G1 elements in proof: 2
* G2 elements in proof: 1
* Proof size in bits: 1019
* Cached h poly size: 1151
* UVC Prove step 32
* Elements of w skipped: 0 (0.00%)
* Elements of w processed with special addition: 1 (2.94%)
* Elements of w remaining: 33 (97.06%)
* Elements of w skipped: 0 (0.00%)
* Elements of w processed with special addition: 1 (5.56%)
* Elements of w remaining: 17 (94.44%)
* Elements of w skipped: 0 (0.00%)
* Elements of w processed with special addition: 1 (2.94%)
* Elements of w remaining: 33 (97.06%)
* UVC proof at step 32
* G1 elements in proof: 2
* G2 elements in proof: 1
* Proof size in bits: 1019
* Cached h poly size: 1151
* UVC Prove step 32
* Elements of w skipped: 0 (0.00%)
* Elements of w processed with special addition: 1 (2.94%)
* Elements of w remaining: 33 (97.06%)
* Elements of w skipped: 0 (0.00%)
* Elements of w processed with special addition: 1 (5.56%)
* Elements of w remaining: 17 (94.44%)
* Elements of w skipped: 0 (0.00%)
* Elements of w processed with special addition: 1 (2.94%)
* Elements of w remaining: 33 (97.06%)
* UVC proof at step 32
* G1 elements in proof: 2
* G2 elements in proof: 1
* Proof size in bits: 1019
* Cached h poly size: 1151
* UVC Prove step 32
* Elements of w skipped: 0 (0.00%)
* Elements of w processed with special addition: 1 (2.94%)
* Elements of w remaining: 33 (97.06%)
* Elements of w skipped: 0 (0.00%)
* Elements of w processed with special addition: 1 (5.56%)
* Elements of w remaining: 17 (94.44%)
* Elements of w skipped: 0 (0.00%)
* Elements of w processed with special addition: 1 (2.94%)
* Elements of w remaining: 33 (97.06%)
* UVC proof at step 32
* G1 elements in proof: 2
* G2 elements in proof: 1
* Proof size in bits: 1019
* Cached h poly size: 1151
* UVC Prove step 32
* Elements of w skipped: 0 (0.00%)
* Elements of w processed with special addition: 1 (2.94%)
* Elements of w remaining: 33 (97.06%)
* Elements of w skipped: 0 (0.00%)
* Elements of w processed with special addition: 1 (5.56%)
* Elements of w remaining: 17 (94.44%)
* Elements of w skipped: 0 (0.00%)
* Elements of w processed with special addition: 1 (2.94%)
* Elements of w remaining: 33 (97.06%)
* UVC proof at step 32
* G1 elements in proof: 2
* G2 elements in proof: 1
* Proof size in bits: 1019
* Cached h poly size: 1151
* UVC Prove step 32
* Elements of w skipped: 0 (0.00%)
* Elements of w processed with special addition: 1 (2.94%)
* Elements of w remaining: 33 (97.06%)
* Elements of w skipped: 0 (0.00%)
* Elements of w processed with special addition: 1 (5.56%)
* Elements of w remaining: 17 (94.44%)
* Elements of w skipped: 0 (0.00%)
* Elements of w processed with special addition: 1 (2.94%)
* Elements of w remaining: 33 (97.06%)
* UVC proof at step 32
* G1 elements in proof: 2
* G2 elements in proof: 1
* Proof size in bits: 1019
* Cached h poly size: 1151
* UVC Prove step 32
* Elements of w skipped: 0 (0.00%)
* Elements of w processed with special addition: 1 (2.94%)
* Elements of w remaining: 33 (97.06%)
* Elements of w skipped: 0 (0.00%)
* Elements of w processed with special addition: 1 (5.56%)
* Elements of w remaining: 17 (94.44%)
* Elements of w skipped: 0 (0.00%)
* Elements of w processed with special addition: 1 (2.94%)
* Elements of w remaining: 33 (97.06%)
* UVC proof at step 32
* G1 elements in proof: 2
* G2 elements in proof: 1
* Proof size in bits: 1019
* Cached h poly size: 1151
* UVC Prove step 32
* Elements of w skipped: 0 (0.00%)
* Elements of w processed with special addition: 1 (2.94%)
* Elements of w remaining: 33 (97.06%)
* Elements of w skipped: 0 (0.00%)
* Elements of w processed with special addition: 1 (5.56%)
* Elements of w remaining: 17 (94.44%)
* Elements of w skipped: 0 (0.00%)
* Elements of w processed with special addition: 1 (2.94%)
* Elements of w remaining: 33 (97.06%)
* UVC proof at step 32
* G1 elements in proof: 2
* G2 elements in proof: 1
* Proof size in bits: 1019
* Cached h poly size: 1151
* UVC Verify step 32: PASS
* UVC Verify step 32: PASS
* UVC Verify step 32: PASS
* UVC Verify step 32: PASS
* UVC Verify step 32: PASS
* UVC Verify step 32: PASS
* UVC Verify step 32: PASS
* UVC Verify step 32: PASS
* UVC Verify step 32: PASS
* UVC Verify step 32: PASS
  32      41.99         2.69          1019          PASS      
* UVC Prove step 64
* Elements of w skipped: 0 (0.00%)
* Elements of w processed with special addition: 1 (2.94%)
* Elements of w remaining: 33 (97.06%)
* Elements of w skipped: 0 (0.00%)
* Elements of w processed with special addition: 1 (5.88%)
* Elements of w remaining: 16 (94.12%)
* Elements of w skipped: 0 (0.00%)
* Elements of w processed with special addition: 1 (2.94%)
* Elements of w remaining: 33 (97.06%)
* UVC proof at step 64
* G1 elements in proof: 2
* G2 elements in proof: 1
* Proof size in bits: 1019
* Cached h poly size: 1151
* UVC Prove step 64
* Elements of w skipped: 0 (0.00%)
* Elements of w processed with special addition: 1 (2.94%)
* Elements of w remaining: 33 (97.06%)
* Elements of w skipped: 0 (0.00%)
* Elements of w processed with special addition: 1 (5.88%)
* Elements of w remaining: 16 (94.12%)
* Elements of w skipped: 0 (0.00%)
* Elements of w processed with special addition: 1 (2.94%)
* Elements of w remaining: 33 (97.06%)
* UVC proof at step 64
* G1 elements in proof: 2
* G2 elements in proof: 1
* Proof size in bits: 1019
* Cached h poly size: 1151
* UVC Prove step 64
* Elements of w skipped: 0 (0.00%)
* Elements of w processed with special addition: 1 (2.94%)
* Elements of w remaining: 33 (97.06%)
* Elements of w skipped: 0 (0.00%)
* Elements of w processed with special addition: 1 (5.88%)
* Elements of w remaining: 16 (94.12%)
* Elements of w skipped: 0 (0.00%)
* Elements of w processed with special addition: 1 (2.94%)
* Elements of w remaining: 33 (97.06%)
* UVC proof at step 64
* G1 elements in proof: 2
* G2 elements in proof: 1
* Proof size in bits: 1019
* Cached h poly size: 1151
* UVC Prove step 64
* Elements of w skipped: 0 (0.00%)
* Elements of w processed with special addition: 1 (2.94%)
* Elements of w remaining: 33 (97.06%)
* Elements of w skipped: 0 (0.00%)
* Elements of w processed with special addition: 1 (5.88%)
* Elements of w remaining: 16 (94.12%)
* Elements of w skipped: 0 (0.00%)
* Elements of w processed with special addition: 1 (2.94%)
* Elements of w remaining: 33 (97.06%)
* UVC proof at step 64
* G1 elements in proof: 2
* G2 elements in proof: 1
* Proof size in bits: 1019
* Cached h poly size: 1151
* UVC Prove step 64
* Elements of w skipped: 0 (0.00%)
* Elements of w processed with special addition: 1 (2.94%)
* Elements of w remaining: 33 (97.06%)
* Elements of w skipped: 0 (0.00%)
* Elements of w processed with special addition: 1 (5.88%)
* Elements of w remaining: 16 (94.12%)
* Elements of w skipped: 0 (0.00%)
* Elements of w processed with special addition: 1 (2.94%)
* Elements of w remaining: 33 (97.06%)
* UVC proof at step 64
* G1 elements in proof: 2
* G2 elements in proof: 1
* Proof size in bits: 1019
* Cached h poly size: 1151
* UVC Prove step 64
* Elements of w skipped: 0 (0.00%)
* Elements of w processed with special addition: 1 (2.94%)
* Elements of w remaining: 33 (97.06%)
* Elements of w skipped: 0 (0.00%)
* Elements of w processed with special addition: 1 (5.88%)
* Elements of w remaining: 16 (94.12%)
* Elements of w skipped: 0 (0.00%)
* Elements of w processed with special addition: 1 (2.94%)
* Elements of w remaining: 33 (97.06%)
* UVC proof at step 64
* G1 elements in proof: 2
* G2 elements in proof: 1
* Proof size in bits: 1019
* Cached h poly size: 1151
* UVC Prove step 64
* Elements of w skipped: 0 (0.00%)
* Elements of w processed with special addition: 1 (2.94%)
* Elements of w remaining: 33 (97.06%)
* Elements of w skipped: 0 (0.00%)
* Elements of w processed with special addition: 1 (5.88%)
* Elements of w remaining: 16 (94.12%)
* Elements of w skipped: 0 (0.00%)
* Elements of w processed with special addition: 1 (2.94%)
* Elements of w remaining: 33 (97.06%)
* UVC proof at step 64
* G1 elements in proof: 2
* G2 elements in proof: 1
* Proof size in bits: 1019
* Cached h poly size: 1151
* UVC Prove step 64
* Elements of w skipped: 0 (0.00%)
* Elements of w processed with special addition: 1 (2.94%)
* Elements of w remaining: 33 (97.06%)
* Elements of w skipped: 0 (0.00%)
* Elements of w processed with special addition: 1 (5.88%)
* Elements of w remaining: 16 (94.12%)
* Elements of w skipped: 0 (0.00%)
* Elements of w processed with special addition: 1 (2.94%)
* Elements of w remaining: 33 (97.06%)
* UVC proof at step 64
* G1 elements in proof: 2
* G2 elements in proof: 1
* Proof size in bits: 1019
* Cached h poly size: 1151
* UVC Prove step 64
* Elements of w skipped: 0 (0.00%)
* Elements of w processed with special addition: 1 (2.94%)
* Elements of w remaining: 33 (97.06%)
* Elements of w skipped: 0 (0.00%)
* Elements of w processed with special addition: 1 (5.88%)
* Elements of w remaining: 16 (94.12%)
* Elements of w skipped: 0 (0.00%)
* Elements of w processed with special addition: 1 (2.94%)
* Elements of w remaining: 33 (97.06%)
* UVC proof at step 64
* G1 elements in proof: 2
* G2 elements in proof: 1
* Proof size in bits: 1019
* Cached h poly size: 1151
* UVC Prove step 64
* Elements of w skipped: 0 (0.00%)
* Elements of w processed with special addition: 1 (2.94%)
* Elements of w remaining: 33 (97.06%)
* Elements of w skipped: 0 (0.00%)
* Elements of w processed with special addition: 1 (5.88%)
* Elements of w remaining: 16 (94.12%)
* Elements of w skipped: 0 (0.00%)
* Elements of w processed with special addition: 1 (2.94%)
* Elements of w remaining: 33 (97.06%)
* UVC proof at step 64
* G1 elements in proof: 2
* G2 elements in proof: 1
* Proof size in bits: 1019
* Cached h poly size: 1151
* UVC Verify step 64: PASS
* UVC Verify step 64: PASS
* UVC Verify step 64: PASS
* UVC Verify step 64: PASS
* UVC Verify step 64: PASS
* UVC Verify step 64: PASS
* UVC Verify step 64: PASS
* UVC Verify step 64: PASS
* UVC Verify step 64: PASS
* UVC Verify step 64: PASS
  64      39.36         2.73          1019          PASS      

  UVC results written to /Users/heewonchung/Documents/00-Research/active/Updatable Verifiable Computation/Dev/results/2026-03-09_201110_iot/csv/uvc_results.csv

================================================================
Groth16 Benchmark: circuit=sensor_fusion, n=16, B=64
================================================================

  Step    C_j constr  Setup (ms)    Prove (ms)    Verify (ms)   Verified  
  ------  ----------  ------------  ------------  ------------  ----------
* Composed C_1: 17 constraints, 35 variables, 18 inputs
* QAP number of variables: 35
* QAP pre degree: 17
* QAP degree: 36
* QAP number of input variables: 18
* G1 window: 5
* G2 window: 3
* G1 elements in PK: 125
* Non-zero G1 elements in PK: 106
* G2 elements in PK: 37
* Non-zero G2 elements in PK: 18
* PK size in bits: 37280
* G1 elements in VK: 18
* G2 elements in VK: 2
* GT elements in VK: 1
* VK size in bits: 7015
* Elements of w skipped: 1 (2.78%)
* Elements of w processed with special addition: 3 (8.33%)
* Elements of w remaining: 32 (88.89%)
* Elements of w skipped: 0 (0.00%)
* Elements of w processed with special addition: 2 (11.76%)
* Elements of w remaining: 15 (88.24%)
* Elements of w skipped: 0 (0.00%)
* Elements of w processed with special addition: 0 (0.00%)
* Elements of w remaining: 17 (100.00%)
* G1 elements in proof: 2
* G2 elements in proof: 1
* Proof size in bits: 1019
* Elements of w skipped: 1 (2.78%)
* Elements of w processed with special addition: 3 (8.33%)
* Elements of w remaining: 32 (88.89%)
* Elements of w skipped: 0 (0.00%)
* Elements of w processed with special addition: 2 (11.76%)
* Elements of w remaining: 15 (88.24%)
* Elements of w skipped: 0 (0.00%)
* Elements of w processed with special addition: 0 (0.00%)
* Elements of w remaining: 17 (100.00%)
* G1 elements in proof: 2
* G2 elements in proof: 1
* Proof size in bits: 1019
* Elements of w skipped: 1 (2.78%)
* Elements of w processed with special addition: 3 (8.33%)
* Elements of w remaining: 32 (88.89%)
* Elements of w skipped: 0 (0.00%)
* Elements of w processed with special addition: 2 (11.76%)
* Elements of w remaining: 15 (88.24%)
* Elements of w skipped: 0 (0.00%)
* Elements of w processed with special addition: 0 (0.00%)
* Elements of w remaining: 17 (100.00%)
* G1 elements in proof: 2
* G2 elements in proof: 1
* Proof size in bits: 1019
* Elements of w skipped: 1 (2.78%)
* Elements of w processed with special addition: 3 (8.33%)
* Elements of w remaining: 32 (88.89%)
* Elements of w skipped: 0 (0.00%)
* Elements of w processed with special addition: 2 (11.76%)
* Elements of w remaining: 15 (88.24%)
* Elements of w skipped: 0 (0.00%)
* Elements of w processed with special addition: 0 (0.00%)
* Elements of w remaining: 17 (100.00%)
* G1 elements in proof: 2
* G2 elements in proof: 1
* Proof size in bits: 1019
* Elements of w skipped: 1 (2.78%)
* Elements of w processed with special addition: 3 (8.33%)
* Elements of w remaining: 32 (88.89%)
* Elements of w skipped: 0 (0.00%)
* Elements of w processed with special addition: 2 (11.76%)
* Elements of w remaining: 15 (88.24%)
* Elements of w skipped: 0 (0.00%)
* Elements of w processed with special addition: 0 (0.00%)
* Elements of w remaining: 17 (100.00%)
* G1 elements in proof: 2
* G2 elements in proof: 1
* Proof size in bits: 1019
* Elements of w skipped: 1 (2.78%)
* Elements of w processed with special addition: 3 (8.33%)
* Elements of w remaining: 32 (88.89%)
* Elements of w skipped: 0 (0.00%)
* Elements of w processed with special addition: 2 (11.76%)
* Elements of w remaining: 15 (88.24%)
* Elements of w skipped: 0 (0.00%)
* Elements of w processed with special addition: 0 (0.00%)
* Elements of w remaining: 17 (100.00%)
* G1 elements in proof: 2
* G2 elements in proof: 1
* Proof size in bits: 1019
* Elements of w skipped: 1 (2.78%)
* Elements of w processed with special addition: 3 (8.33%)
* Elements of w remaining: 32 (88.89%)
* Elements of w skipped: 0 (0.00%)
* Elements of w processed with special addition: 2 (11.76%)
* Elements of w remaining: 15 (88.24%)
* Elements of w skipped: 0 (0.00%)
* Elements of w processed with special addition: 0 (0.00%)
* Elements of w remaining: 17 (100.00%)
* G1 elements in proof: 2
* G2 elements in proof: 1
* Proof size in bits: 1019
* Elements of w skipped: 1 (2.78%)
* Elements of w processed with special addition: 3 (8.33%)
* Elements of w remaining: 32 (88.89%)
* Elements of w skipped: 0 (0.00%)
* Elements of w processed with special addition: 2 (11.76%)
* Elements of w remaining: 15 (88.24%)
* Elements of w skipped: 0 (0.00%)
* Elements of w processed with special addition: 0 (0.00%)
* Elements of w remaining: 17 (100.00%)
* G1 elements in proof: 2
* G2 elements in proof: 1
* Proof size in bits: 1019
* Elements of w skipped: 1 (2.78%)
* Elements of w processed with special addition: 3 (8.33%)
* Elements of w remaining: 32 (88.89%)
* Elements of w skipped: 0 (0.00%)
* Elements of w processed with special addition: 2 (11.76%)
* Elements of w remaining: 15 (88.24%)
* Elements of w skipped: 0 (0.00%)
* Elements of w processed with special addition: 0 (0.00%)
* Elements of w remaining: 17 (100.00%)
* G1 elements in proof: 2
* G2 elements in proof: 1
* Proof size in bits: 1019
* Elements of w skipped: 1 (2.78%)
* Elements of w processed with special addition: 3 (8.33%)
* Elements of w remaining: 32 (88.89%)
* Elements of w skipped: 0 (0.00%)
* Elements of w processed with special addition: 2 (11.76%)
* Elements of w remaining: 15 (88.24%)
* Elements of w skipped: 0 (0.00%)
* Elements of w processed with special addition: 0 (0.00%)
* Elements of w remaining: 17 (100.00%)
* G1 elements in proof: 2
* G2 elements in proof: 1
* Proof size in bits: 1019
  1       17          18.4          6.61          2.67          PASS      
* Composed C_2: 34 constraints, 69 variables, 18 inputs
* QAP number of variables: 69
* QAP pre degree: 34
* QAP degree: 64
* QAP number of input variables: 18
* G1 window: 5
* G2 window: 4
* G1 elements in PK: 255
* Non-zero G1 elements in PK: 219
* G2 elements in PK: 71
* Non-zero G2 elements in PK: 35
* PK size in bits: 75836
* G1 elements in VK: 18
* G2 elements in VK: 2
* GT elements in VK: 1
* VK size in bits: 7015
* Elements of w skipped: 1 (1.43%)
* Elements of w processed with special addition: 4 (5.71%)
* Elements of w remaining: 65 (92.86%)
* Elements of w skipped: 0 (0.00%)
* Elements of w processed with special addition: 3 (8.82%)
* Elements of w remaining: 31 (91.18%)
* Elements of w skipped: 0 (0.00%)
* Elements of w processed with special addition: 1 (1.96%)
* Elements of w remaining: 50 (98.04%)
* G1 elements in proof: 2
* G2 elements in proof: 1
* Proof size in bits: 1019
* Elements of w skipped: 1 (1.43%)
* Elements of w processed with special addition: 4 (5.71%)
* Elements of w remaining: 65 (92.86%)
* Elements of w skipped: 0 (0.00%)
* Elements of w processed with special addition: 3 (8.82%)
* Elements of w remaining: 31 (91.18%)
* Elements of w skipped: 0 (0.00%)
* Elements of w processed with special addition: 1 (1.96%)
* Elements of w remaining: 50 (98.04%)
* G1 elements in proof: 2
* G2 elements in proof: 1
* Proof size in bits: 1019
* Elements of w skipped: 1 (1.43%)
* Elements of w processed with special addition: 4 (5.71%)
* Elements of w remaining: 65 (92.86%)
* Elements of w skipped: 0 (0.00%)
* Elements of w processed with special addition: 3 (8.82%)
* Elements of w remaining: 31 (91.18%)
* Elements of w skipped: 0 (0.00%)
* Elements of w processed with special addition: 1 (1.96%)
* Elements of w remaining: 50 (98.04%)
* G1 elements in proof: 2
* G2 elements in proof: 1
* Proof size in bits: 1019
* Elements of w skipped: 1 (1.43%)
* Elements of w processed with special addition: 4 (5.71%)
* Elements of w remaining: 65 (92.86%)
* Elements of w skipped: 0 (0.00%)
* Elements of w processed with special addition: 3 (8.82%)
* Elements of w remaining: 31 (91.18%)
* Elements of w skipped: 0 (0.00%)
* Elements of w processed with special addition: 1 (1.96%)
* Elements of w remaining: 50 (98.04%)
* G1 elements in proof: 2
* G2 elements in proof: 1
* Proof size in bits: 1019
* Elements of w skipped: 1 (1.43%)
* Elements of w processed with special addition: 4 (5.71%)
* Elements of w remaining: 65 (92.86%)
* Elements of w skipped: 0 (0.00%)
* Elements of w processed with special addition: 3 (8.82%)
* Elements of w remaining: 31 (91.18%)
* Elements of w skipped: 0 (0.00%)
* Elements of w processed with special addition: 1 (1.96%)
* Elements of w remaining: 50 (98.04%)
* G1 elements in proof: 2
* G2 elements in proof: 1
* Proof size in bits: 1019
* Elements of w skipped: 1 (1.43%)
* Elements of w processed with special addition: 4 (5.71%)
* Elements of w remaining: 65 (92.86%)
* Elements of w skipped: 0 (0.00%)
* Elements of w processed with special addition: 3 (8.82%)
* Elements of w remaining: 31 (91.18%)
* Elements of w skipped: 0 (0.00%)
* Elements of w processed with special addition: 1 (1.96%)
* Elements of w remaining: 50 (98.04%)
* G1 elements in proof: 2
* G2 elements in proof: 1
* Proof size in bits: 1019
* Elements of w skipped: 1 (1.43%)
* Elements of w processed with special addition: 4 (5.71%)
* Elements of w remaining: 65 (92.86%)
* Elements of w skipped: 0 (0.00%)
* Elements of w processed with special addition: 3 (8.82%)
* Elements of w remaining: 31 (91.18%)
* Elements of w skipped: 0 (0.00%)
* Elements of w processed with special addition: 1 (1.96%)
* Elements of w remaining: 50 (98.04%)
* G1 elements in proof: 2
* G2 elements in proof: 1
* Proof size in bits: 1019
* Elements of w skipped: 1 (1.43%)
* Elements of w processed with special addition: 4 (5.71%)
* Elements of w remaining: 65 (92.86%)
* Elements of w skipped: 0 (0.00%)
* Elements of w processed with special addition: 3 (8.82%)
* Elements of w remaining: 31 (91.18%)
* Elements of w skipped: 0 (0.00%)
* Elements of w processed with special addition: 1 (1.96%)
* Elements of w remaining: 50 (98.04%)
* G1 elements in proof: 2
* G2 elements in proof: 1
* Proof size in bits: 1019
* Elements of w skipped: 1 (1.43%)
* Elements of w processed with special addition: 4 (5.71%)
* Elements of w remaining: 65 (92.86%)
* Elements of w skipped: 0 (0.00%)
* Elements of w processed with special addition: 3 (8.82%)
* Elements of w remaining: 31 (91.18%)
* Elements of w skipped: 0 (0.00%)
* Elements of w processed with special addition: 1 (1.96%)
* Elements of w remaining: 50 (98.04%)
* G1 elements in proof: 2
* G2 elements in proof: 1
* Proof size in bits: 1019
* Elements of w skipped: 1 (1.43%)
* Elements of w processed with special addition: 4 (5.71%)
* Elements of w remaining: 65 (92.86%)
* Elements of w skipped: 0 (0.00%)
* Elements of w processed with special addition: 3 (8.82%)
* Elements of w remaining: 31 (91.18%)
* Elements of w skipped: 0 (0.00%)
* Elements of w processed with special addition: 1 (1.96%)
* Elements of w remaining: 50 (98.04%)
* G1 elements in proof: 2
* G2 elements in proof: 1
* Proof size in bits: 1019
  2       34          26.1          8.91          2.68          PASS      
* Composed C_4: 68 constraints, 137 variables, 18 inputs
* QAP number of variables: 137
* QAP pre degree: 68
* QAP degree: 96
* QAP number of input variables: 18
* G1 window: 6
* G2 window: 5
* G1 elements in PK: 491
* Non-zero G1 elements in PK: 421
* G2 elements in PK: 139
* Non-zero G2 elements in PK: 69
* PK size in bits: 146828
* G1 elements in VK: 18
* G2 elements in VK: 2
* GT elements in VK: 1
* VK size in bits: 7015
* Elements of w skipped: 1 (0.72%)
* Elements of w processed with special addition: 6 (4.35%)
* Elements of w remaining: 131 (94.93%)
* Elements of w skipped: 0 (0.00%)
* Elements of w processed with special addition: 5 (7.35%)
* Elements of w remaining: 63 (92.65%)
* Elements of w skipped: 0 (0.00%)
* Elements of w processed with special addition: 3 (2.52%)
* Elements of w remaining: 116 (97.48%)
* G1 elements in proof: 2
* G2 elements in proof: 1
* Proof size in bits: 1019
* Elements of w skipped: 1 (0.72%)
* Elements of w processed with special addition: 6 (4.35%)
* Elements of w remaining: 131 (94.93%)
* Elements of w skipped: 0 (0.00%)
* Elements of w processed with special addition: 5 (7.35%)
* Elements of w remaining: 63 (92.65%)
* Elements of w skipped: 0 (0.00%)
* Elements of w processed with special addition: 3 (2.52%)
* Elements of w remaining: 116 (97.48%)
* G1 elements in proof: 2
* G2 elements in proof: 1
* Proof size in bits: 1019
* Elements of w skipped: 1 (0.72%)
* Elements of w processed with special addition: 6 (4.35%)
* Elements of w remaining: 131 (94.93%)
* Elements of w skipped: 0 (0.00%)
* Elements of w processed with special addition: 5 (7.35%)
* Elements of w remaining: 63 (92.65%)
* Elements of w skipped: 0 (0.00%)
* Elements of w processed with special addition: 3 (2.52%)
* Elements of w remaining: 116 (97.48%)
* G1 elements in proof: 2
* G2 elements in proof: 1
* Proof size in bits: 1019
* Elements of w skipped: 1 (0.72%)
* Elements of w processed with special addition: 6 (4.35%)
* Elements of w remaining: 131 (94.93%)
* Elements of w skipped: 0 (0.00%)
* Elements of w processed with special addition: 5 (7.35%)
* Elements of w remaining: 63 (92.65%)
* Elements of w skipped: 0 (0.00%)
* Elements of w processed with special addition: 3 (2.52%)
* Elements of w remaining: 116 (97.48%)
* G1 elements in proof: 2
* G2 elements in proof: 1
* Proof size in bits: 1019
* Elements of w skipped: 1 (0.72%)
* Elements of w processed with special addition: 6 (4.35%)
* Elements of w remaining: 131 (94.93%)
* Elements of w skipped: 0 (0.00%)
* Elements of w processed with special addition: 5 (7.35%)
* Elements of w remaining: 63 (92.65%)
* Elements of w skipped: 0 (0.00%)
* Elements of w processed with special addition: 3 (2.52%)
* Elements of w remaining: 116 (97.48%)
* G1 elements in proof: 2
* G2 elements in proof: 1
* Proof size in bits: 1019
* Elements of w skipped: 1 (0.72%)
* Elements of w processed with special addition: 6 (4.35%)
* Elements of w remaining: 131 (94.93%)
* Elements of w skipped: 0 (0.00%)
* Elements of w processed with special addition: 5 (7.35%)
* Elements of w remaining: 63 (92.65%)
* Elements of w skipped: 0 (0.00%)
* Elements of w processed with special addition: 3 (2.52%)
* Elements of w remaining: 116 (97.48%)
* G1 elements in proof: 2
* G2 elements in proof: 1
* Proof size in bits: 1019
* Elements of w skipped: 1 (0.72%)
* Elements of w processed with special addition: 6 (4.35%)
* Elements of w remaining: 131 (94.93%)
* Elements of w skipped: 0 (0.00%)
* Elements of w processed with special addition: 5 (7.35%)
* Elements of w remaining: 63 (92.65%)
* Elements of w skipped: 0 (0.00%)
* Elements of w processed with special addition: 3 (2.52%)
* Elements of w remaining: 116 (97.48%)
* G1 elements in proof: 2
* G2 elements in proof: 1
* Proof size in bits: 1019
* Elements of w skipped: 1 (0.72%)
* Elements of w processed with special addition: 6 (4.35%)
* Elements of w remaining: 131 (94.93%)
* Elements of w skipped: 0 (0.00%)
* Elements of w processed with special addition: 5 (7.35%)
* Elements of w remaining: 63 (92.65%)
* Elements of w skipped: 0 (0.00%)
* Elements of w processed with special addition: 3 (2.52%)
* Elements of w remaining: 116 (97.48%)
* G1 elements in proof: 2
* G2 elements in proof: 1
* Proof size in bits: 1019
* Elements of w skipped: 1 (0.72%)
* Elements of w processed with special addition: 6 (4.35%)
* Elements of w remaining: 131 (94.93%)
* Elements of w skipped: 0 (0.00%)
* Elements of w processed with special addition: 5 (7.35%)
* Elements of w remaining: 63 (92.65%)
* Elements of w skipped: 0 (0.00%)
* Elements of w processed with special addition: 3 (2.52%)
* Elements of w remaining: 116 (97.48%)
* G1 elements in proof: 2
* G2 elements in proof: 1
* Proof size in bits: 1019
* Elements of w skipped: 1 (0.72%)
* Elements of w processed with special addition: 6 (4.35%)
* Elements of w remaining: 131 (94.93%)
* Elements of w skipped: 0 (0.00%)
* Elements of w processed with special addition: 5 (7.35%)
* Elements of w remaining: 63 (92.65%)
* Elements of w skipped: 0 (0.00%)
* Elements of w processed with special addition: 3 (2.52%)
* Elements of w remaining: 116 (97.48%)
* G1 elements in proof: 2
* G2 elements in proof: 1
* Proof size in bits: 1019
  4       68          38.6          14.19         2.67          PASS      
* Composed C_8: 136 constraints, 273 variables, 18 inputs
* QAP number of variables: 273
* QAP pre degree: 136
* QAP degree: 160
* QAP number of input variables: 18
* G1 window: 7
* G2 window: 5
* G1 elements in PK: 963
* Non-zero G1 elements in PK: 825
* G2 elements in PK: 275
* Non-zero G2 elements in PK: 137
* PK size in bits: 288812
* G1 elements in VK: 18
* G2 elements in VK: 2
* GT elements in VK: 1
* VK size in bits: 7015
* Elements of w skipped: 1 (0.36%)
* Elements of w processed with special addition: 10 (3.65%)
* Elements of w remaining: 263 (95.99%)
* Elements of w skipped: 0 (0.00%)
* Elements of w processed with special addition: 9 (6.62%)
* Elements of w remaining: 127 (93.38%)
* Elements of w skipped: 0 (0.00%)
* Elements of w processed with special addition: 7 (2.75%)
* Elements of w remaining: 248 (97.25%)
* G1 elements in proof: 2
* G2 elements in proof: 1
* Proof size in bits: 1019
* Elements of w skipped: 1 (0.36%)
* Elements of w processed with special addition: 10 (3.65%)
* Elements of w remaining: 263 (95.99%)
* Elements of w skipped: 0 (0.00%)
* Elements of w processed with special addition: 9 (6.62%)
* Elements of w remaining: 127 (93.38%)
* Elements of w skipped: 0 (0.00%)
* Elements of w processed with special addition: 7 (2.75%)
* Elements of w remaining: 248 (97.25%)
* G1 elements in proof: 2
* G2 elements in proof: 1
* Proof size in bits: 1019
* Elements of w skipped: 1 (0.36%)
* Elements of w processed with special addition: 10 (3.65%)
* Elements of w remaining: 263 (95.99%)
* Elements of w skipped: 0 (0.00%)
* Elements of w processed with special addition: 9 (6.62%)
* Elements of w remaining: 127 (93.38%)
* Elements of w skipped: 0 (0.00%)
* Elements of w processed with special addition: 7 (2.75%)
* Elements of w remaining: 248 (97.25%)
* G1 elements in proof: 2
* G2 elements in proof: 1
* Proof size in bits: 1019
* Elements of w skipped: 1 (0.36%)
* Elements of w processed with special addition: 10 (3.65%)
* Elements of w remaining: 263 (95.99%)
* Elements of w skipped: 0 (0.00%)
* Elements of w processed with special addition: 9 (6.62%)
* Elements of w remaining: 127 (93.38%)
* Elements of w skipped: 0 (0.00%)
* Elements of w processed with special addition: 7 (2.75%)
* Elements of w remaining: 248 (97.25%)
* G1 elements in proof: 2
* G2 elements in proof: 1
* Proof size in bits: 1019
* Elements of w skipped: 1 (0.36%)
* Elements of w processed with special addition: 10 (3.65%)
* Elements of w remaining: 263 (95.99%)
* Elements of w skipped: 0 (0.00%)
* Elements of w processed with special addition: 9 (6.62%)
* Elements of w remaining: 127 (93.38%)
* Elements of w skipped: 0 (0.00%)
* Elements of w processed with special addition: 7 (2.75%)
* Elements of w remaining: 248 (97.25%)
* G1 elements in proof: 2
* G2 elements in proof: 1
* Proof size in bits: 1019
* Elements of w skipped: 1 (0.36%)
* Elements of w processed with special addition: 10 (3.65%)
* Elements of w remaining: 263 (95.99%)
* Elements of w skipped: 0 (0.00%)
* Elements of w processed with special addition: 9 (6.62%)
* Elements of w remaining: 127 (93.38%)
* Elements of w skipped: 0 (0.00%)
* Elements of w processed with special addition: 7 (2.75%)
* Elements of w remaining: 248 (97.25%)
* G1 elements in proof: 2
* G2 elements in proof: 1
* Proof size in bits: 1019
* Elements of w skipped: 1 (0.36%)
* Elements of w processed with special addition: 10 (3.65%)
* Elements of w remaining: 263 (95.99%)
* Elements of w skipped: 0 (0.00%)
* Elements of w processed with special addition: 9 (6.62%)
* Elements of w remaining: 127 (93.38%)
* Elements of w skipped: 0 (0.00%)
* Elements of w processed with special addition: 7 (2.75%)
* Elements of w remaining: 248 (97.25%)
* G1 elements in proof: 2
* G2 elements in proof: 1
* Proof size in bits: 1019
* Elements of w skipped: 1 (0.36%)
* Elements of w processed with special addition: 10 (3.65%)
* Elements of w remaining: 263 (95.99%)
* Elements of w skipped: 0 (0.00%)
* Elements of w processed with special addition: 9 (6.62%)
* Elements of w remaining: 127 (93.38%)
* Elements of w skipped: 0 (0.00%)
* Elements of w processed with special addition: 7 (2.75%)
* Elements of w remaining: 248 (97.25%)
* G1 elements in proof: 2
* G2 elements in proof: 1
* Proof size in bits: 1019
* Elements of w skipped: 1 (0.36%)
* Elements of w processed with special addition: 10 (3.65%)
* Elements of w remaining: 263 (95.99%)
* Elements of w skipped: 0 (0.00%)
* Elements of w processed with special addition: 9 (6.62%)
* Elements of w remaining: 127 (93.38%)
* Elements of w skipped: 0 (0.00%)
* Elements of w processed with special addition: 7 (2.75%)
* Elements of w remaining: 248 (97.25%)
* G1 elements in proof: 2
* G2 elements in proof: 1
* Proof size in bits: 1019
* Elements of w skipped: 1 (0.36%)
* Elements of w processed with special addition: 10 (3.65%)
* Elements of w remaining: 263 (95.99%)
* Elements of w skipped: 0 (0.00%)
* Elements of w processed with special addition: 9 (6.62%)
* Elements of w remaining: 127 (93.38%)
* Elements of w skipped: 0 (0.00%)
* Elements of w processed with special addition: 7 (2.75%)
* Elements of w remaining: 248 (97.25%)
* G1 elements in proof: 2
* G2 elements in proof: 1
* Proof size in bits: 1019
  8       136         65.8          20.71         2.73          PASS      
* Composed C_16: 272 constraints, 545 variables, 18 inputs
* QAP number of variables: 545
* QAP pre degree: 272
* QAP degree: 320
* QAP number of input variables: 18
* G1 window: 8
* G2 window: 6
* G1 elements in PK: 1939
* Non-zero G1 elements in PK: 1665
* G2 elements in PK: 547
* Non-zero G2 elements in PK: 273
* PK size in bits: 580940
* G1 elements in VK: 18
* G2 elements in VK: 2
* GT elements in VK: 1
* VK size in bits: 7015
* Elements of w skipped: 1 (0.18%)
* Elements of w processed with special addition: 18 (3.30%)
* Elements of w remaining: 527 (96.52%)
* Elements of w skipped: 0 (0.00%)
* Elements of w processed with special addition: 17 (6.25%)
* Elements of w remaining: 255 (93.75%)
* Elements of w skipped: 0 (0.00%)
* Elements of w processed with special addition: 15 (2.85%)
* Elements of w remaining: 512 (97.15%)
* G1 elements in proof: 2
* G2 elements in proof: 1
* Proof size in bits: 1019
* Elements of w skipped: 1 (0.18%)
* Elements of w processed with special addition: 18 (3.30%)
* Elements of w remaining: 527 (96.52%)
* Elements of w skipped: 0 (0.00%)
* Elements of w processed with special addition: 17 (6.25%)
* Elements of w remaining: 255 (93.75%)
* Elements of w skipped: 0 (0.00%)
* Elements of w processed with special addition: 15 (2.85%)
* Elements of w remaining: 512 (97.15%)
* G1 elements in proof: 2
* G2 elements in proof: 1
* Proof size in bits: 1019
* Elements of w skipped: 1 (0.18%)
* Elements of w processed with special addition: 18 (3.30%)
* Elements of w remaining: 527 (96.52%)
* Elements of w skipped: 0 (0.00%)
* Elements of w processed with special addition: 17 (6.25%)
* Elements of w remaining: 255 (93.75%)
* Elements of w skipped: 0 (0.00%)
* Elements of w processed with special addition: 15 (2.85%)
* Elements of w remaining: 512 (97.15%)
* G1 elements in proof: 2
* G2 elements in proof: 1
* Proof size in bits: 1019
* Elements of w skipped: 1 (0.18%)
* Elements of w processed with special addition: 18 (3.30%)
* Elements of w remaining: 527 (96.52%)
* Elements of w skipped: 0 (0.00%)
* Elements of w processed with special addition: 17 (6.25%)
* Elements of w remaining: 255 (93.75%)
* Elements of w skipped: 0 (0.00%)
* Elements of w processed with special addition: 15 (2.85%)
* Elements of w remaining: 512 (97.15%)
* G1 elements in proof: 2
* G2 elements in proof: 1
* Proof size in bits: 1019
* Elements of w skipped: 1 (0.18%)
* Elements of w processed with special addition: 18 (3.30%)
* Elements of w remaining: 527 (96.52%)
* Elements of w skipped: 0 (0.00%)
* Elements of w processed with special addition: 17 (6.25%)
* Elements of w remaining: 255 (93.75%)
* Elements of w skipped: 0 (0.00%)
* Elements of w processed with special addition: 15 (2.85%)
* Elements of w remaining: 512 (97.15%)
* G1 elements in proof: 2
* G2 elements in proof: 1
* Proof size in bits: 1019
* Elements of w skipped: 1 (0.18%)
* Elements of w processed with special addition: 18 (3.30%)
* Elements of w remaining: 527 (96.52%)
* Elements of w skipped: 0 (0.00%)
* Elements of w processed with special addition: 17 (6.25%)
* Elements of w remaining: 255 (93.75%)
* Elements of w skipped: 0 (0.00%)
* Elements of w processed with special addition: 15 (2.85%)
* Elements of w remaining: 512 (97.15%)
* G1 elements in proof: 2
* G2 elements in proof: 1
* Proof size in bits: 1019
* Elements of w skipped: 1 (0.18%)
* Elements of w processed with special addition: 18 (3.30%)
* Elements of w remaining: 527 (96.52%)
* Elements of w skipped: 0 (0.00%)
* Elements of w processed with special addition: 17 (6.25%)
* Elements of w remaining: 255 (93.75%)
* Elements of w skipped: 0 (0.00%)
* Elements of w processed with special addition: 15 (2.85%)
* Elements of w remaining: 512 (97.15%)
* G1 elements in proof: 2
* G2 elements in proof: 1
* Proof size in bits: 1019
* Elements of w skipped: 1 (0.18%)
* Elements of w processed with special addition: 18 (3.30%)
* Elements of w remaining: 527 (96.52%)
* Elements of w skipped: 0 (0.00%)
* Elements of w processed with special addition: 17 (6.25%)
* Elements of w remaining: 255 (93.75%)
* Elements of w skipped: 0 (0.00%)
* Elements of w processed with special addition: 15 (2.85%)
* Elements of w remaining: 512 (97.15%)
* G1 elements in proof: 2
* G2 elements in proof: 1
* Proof size in bits: 1019
* Elements of w skipped: 1 (0.18%)
* Elements of w processed with special addition: 18 (3.30%)
* Elements of w remaining: 527 (96.52%)
* Elements of w skipped: 0 (0.00%)
* Elements of w processed with special addition: 17 (6.25%)
* Elements of w remaining: 255 (93.75%)
* Elements of w skipped: 0 (0.00%)
* Elements of w processed with special addition: 15 (2.85%)
* Elements of w remaining: 512 (97.15%)
* G1 elements in proof: 2
* G2 elements in proof: 1
* Proof size in bits: 1019
* Elements of w skipped: 1 (0.18%)
* Elements of w processed with special addition: 18 (3.30%)
* Elements of w remaining: 527 (96.52%)
* Elements of w skipped: 0 (0.00%)
* Elements of w processed with special addition: 17 (6.25%)
* Elements of w remaining: 255 (93.75%)
* Elements of w skipped: 0 (0.00%)
* Elements of w processed with special addition: 15 (2.85%)
* Elements of w remaining: 512 (97.15%)
* G1 elements in proof: 2
* G2 elements in proof: 1
* Proof size in bits: 1019
  16      272         108.7         31.49         2.71          PASS      
* Composed C_32: 544 constraints, 1089 variables, 18 inputs
* QAP number of variables: 1089
* QAP pre degree: 544
* QAP degree: 576
* QAP number of input variables: 18
* G1 window: 8
* G2 window: 7
* G1 elements in PK: 3827
* Non-zero G1 elements in PK: 3281
* G2 elements in PK: 1091
* Non-zero G2 elements in PK: 545
* PK size in bits: 1148876
* G1 elements in VK: 18
* G2 elements in VK: 2
* GT elements in VK: 1
* VK size in bits: 7015
* Elements of w skipped: 1 (0.09%)
* Elements of w processed with special addition: 34 (3.12%)
* Elements of w remaining: 1055 (96.79%)
* Elements of w skipped: 0 (0.00%)
* Elements of w processed with special addition: 33 (6.07%)
* Elements of w remaining: 511 (93.93%)
* Elements of w skipped: 0 (0.00%)
* Elements of w processed with special addition: 31 (2.89%)
* Elements of w remaining: 1040 (97.11%)
* G1 elements in proof: 2
* G2 elements in proof: 1
* Proof size in bits: 1019
* Elements of w skipped: 1 (0.09%)
* Elements of w processed with special addition: 34 (3.12%)
* Elements of w remaining: 1055 (96.79%)
* Elements of w skipped: 0 (0.00%)
* Elements of w processed with special addition: 33 (6.07%)
* Elements of w remaining: 511 (93.93%)
* Elements of w skipped: 0 (0.00%)
* Elements of w processed with special addition: 31 (2.89%)
* Elements of w remaining: 1040 (97.11%)
* G1 elements in proof: 2
* G2 elements in proof: 1
* Proof size in bits: 1019
* Elements of w skipped: 1 (0.09%)
* Elements of w processed with special addition: 34 (3.12%)
* Elements of w remaining: 1055 (96.79%)
* Elements of w skipped: 0 (0.00%)
* Elements of w processed with special addition: 33 (6.07%)
* Elements of w remaining: 511 (93.93%)
* Elements of w skipped: 0 (0.00%)
* Elements of w processed with special addition: 31 (2.89%)
* Elements of w remaining: 1040 (97.11%)
* G1 elements in proof: 2
* G2 elements in proof: 1
* Proof size in bits: 1019
* Elements of w skipped: 1 (0.09%)
* Elements of w processed with special addition: 34 (3.12%)
* Elements of w remaining: 1055 (96.79%)
* Elements of w skipped: 0 (0.00%)
* Elements of w processed with special addition: 33 (6.07%)
* Elements of w remaining: 511 (93.93%)
* Elements of w skipped: 0 (0.00%)
* Elements of w processed with special addition: 31 (2.89%)
* Elements of w remaining: 1040 (97.11%)
* G1 elements in proof: 2
* G2 elements in proof: 1
* Proof size in bits: 1019
* Elements of w skipped: 1 (0.09%)
* Elements of w processed with special addition: 34 (3.12%)
* Elements of w remaining: 1055 (96.79%)
* Elements of w skipped: 0 (0.00%)
* Elements of w processed with special addition: 33 (6.07%)
* Elements of w remaining: 511 (93.93%)
* Elements of w skipped: 0 (0.00%)
* Elements of w processed with special addition: 31 (2.89%)
* Elements of w remaining: 1040 (97.11%)
* G1 elements in proof: 2
* G2 elements in proof: 1
* Proof size in bits: 1019
* Elements of w skipped: 1 (0.09%)
* Elements of w processed with special addition: 34 (3.12%)
* Elements of w remaining: 1055 (96.79%)
* Elements of w skipped: 0 (0.00%)
* Elements of w processed with special addition: 33 (6.07%)
* Elements of w remaining: 511 (93.93%)
* Elements of w skipped: 0 (0.00%)
* Elements of w processed with special addition: 31 (2.89%)
* Elements of w remaining: 1040 (97.11%)
* G1 elements in proof: 2
* G2 elements in proof: 1
* Proof size in bits: 1019
* Elements of w skipped: 1 (0.09%)
* Elements of w processed with special addition: 34 (3.12%)
* Elements of w remaining: 1055 (96.79%)
* Elements of w skipped: 0 (0.00%)
* Elements of w processed with special addition: 33 (6.07%)
* Elements of w remaining: 511 (93.93%)
* Elements of w skipped: 0 (0.00%)
* Elements of w processed with special addition: 31 (2.89%)
* Elements of w remaining: 1040 (97.11%)
* G1 elements in proof: 2
* G2 elements in proof: 1
* Proof size in bits: 1019
* Elements of w skipped: 1 (0.09%)
* Elements of w processed with special addition: 34 (3.12%)
* Elements of w remaining: 1055 (96.79%)
* Elements of w skipped: 0 (0.00%)
* Elements of w processed with special addition: 33 (6.07%)
* Elements of w remaining: 511 (93.93%)
* Elements of w skipped: 0 (0.00%)
* Elements of w processed with special addition: 31 (2.89%)
* Elements of w remaining: 1040 (97.11%)
* G1 elements in proof: 2
* G2 elements in proof: 1
* Proof size in bits: 1019
* Elements of w skipped: 1 (0.09%)
* Elements of w processed with special addition: 34 (3.12%)
* Elements of w remaining: 1055 (96.79%)
* Elements of w skipped: 0 (0.00%)
* Elements of w processed with special addition: 33 (6.07%)
* Elements of w remaining: 511 (93.93%)
* Elements of w skipped: 0 (0.00%)
* Elements of w processed with special addition: 31 (2.89%)
* Elements of w remaining: 1040 (97.11%)
* G1 elements in proof: 2
* G2 elements in proof: 1
* Proof size in bits: 1019
* Elements of w skipped: 1 (0.09%)
* Elements of w processed with special addition: 34 (3.12%)
* Elements of w remaining: 1055 (96.79%)
* Elements of w skipped: 0 (0.00%)
* Elements of w processed with special addition: 33 (6.07%)
* Elements of w remaining: 511 (93.93%)
* Elements of w skipped: 0 (0.00%)
* Elements of w processed with special addition: 31 (2.89%)
* Elements of w remaining: 1040 (97.11%)
* G1 elements in proof: 2
* G2 elements in proof: 1
* Proof size in bits: 1019
  32      544         190.9         59.67         2.70          PASS      
* Composed C_64: 1088 constraints, 2177 variables, 18 inputs
* QAP number of variables: 2177
* QAP pre degree: 1088
* QAP degree: 1152
* QAP number of input variables: 18
* G1 window: 9
* G2 window: 8
* G1 elements in PK: 7667
* Non-zero G1 elements in PK: 6577
* G2 elements in PK: 2179
* Non-zero G2 elements in PK: 1089
* PK size in bits: 2301068
* G1 elements in VK: 18
* G2 elements in VK: 2
* GT elements in VK: 1
* VK size in bits: 7015
* Elements of w skipped: 1 (0.05%)
* Elements of w processed with special addition: 66 (3.03%)
* Elements of w remaining: 2111 (96.92%)
* Elements of w skipped: 0 (0.00%)
* Elements of w processed with special addition: 65 (5.97%)
* Elements of w remaining: 1023 (94.03%)
* Elements of w skipped: 0 (0.00%)
* Elements of w processed with special addition: 63 (2.92%)
* Elements of w remaining: 2096 (97.08%)
* G1 elements in proof: 2
* G2 elements in proof: 1
* Proof size in bits: 1019
* Elements of w skipped: 1 (0.05%)
* Elements of w processed with special addition: 66 (3.03%)
* Elements of w remaining: 2111 (96.92%)
* Elements of w skipped: 0 (0.00%)
* Elements of w processed with special addition: 65 (5.97%)
* Elements of w remaining: 1023 (94.03%)
* Elements of w skipped: 0 (0.00%)
* Elements of w processed with special addition: 63 (2.92%)
* Elements of w remaining: 2096 (97.08%)
* G1 elements in proof: 2
* G2 elements in proof: 1
* Proof size in bits: 1019
* Elements of w skipped: 1 (0.05%)
* Elements of w processed with special addition: 66 (3.03%)
* Elements of w remaining: 2111 (96.92%)
* Elements of w skipped: 0 (0.00%)
* Elements of w processed with special addition: 65 (5.97%)
* Elements of w remaining: 1023 (94.03%)
* Elements of w skipped: 0 (0.00%)
* Elements of w processed with special addition: 63 (2.92%)
* Elements of w remaining: 2096 (97.08%)
* G1 elements in proof: 2
* G2 elements in proof: 1
* Proof size in bits: 1019
* Elements of w skipped: 1 (0.05%)
* Elements of w processed with special addition: 66 (3.03%)
* Elements of w remaining: 2111 (96.92%)
* Elements of w skipped: 0 (0.00%)
* Elements of w processed with special addition: 65 (5.97%)
* Elements of w remaining: 1023 (94.03%)
* Elements of w skipped: 0 (0.00%)
* Elements of w processed with special addition: 63 (2.92%)
* Elements of w remaining: 2096 (97.08%)
* G1 elements in proof: 2
* G2 elements in proof: 1
* Proof size in bits: 1019
* Elements of w skipped: 1 (0.05%)
* Elements of w processed with special addition: 66 (3.03%)
* Elements of w remaining: 2111 (96.92%)
* Elements of w skipped: 0 (0.00%)
* Elements of w processed with special addition: 65 (5.97%)
* Elements of w remaining: 1023 (94.03%)
* Elements of w skipped: 0 (0.00%)
* Elements of w processed with special addition: 63 (2.92%)
* Elements of w remaining: 2096 (97.08%)
* G1 elements in proof: 2
* G2 elements in proof: 1
* Proof size in bits: 1019
* Elements of w skipped: 1 (0.05%)
* Elements of w processed with special addition: 66 (3.03%)
* Elements of w remaining: 2111 (96.92%)
* Elements of w skipped: 0 (0.00%)
* Elements of w processed with special addition: 65 (5.97%)
* Elements of w remaining: 1023 (94.03%)
* Elements of w skipped: 0 (0.00%)
* Elements of w processed with special addition: 63 (2.92%)
* Elements of w remaining: 2096 (97.08%)
* G1 elements in proof: 2
* G2 elements in proof: 1
* Proof size in bits: 1019
* Elements of w skipped: 1 (0.05%)
* Elements of w processed with special addition: 66 (3.03%)
* Elements of w remaining: 2111 (96.92%)
* Elements of w skipped: 0 (0.00%)
* Elements of w processed with special addition: 65 (5.97%)
* Elements of w remaining: 1023 (94.03%)
* Elements of w skipped: 0 (0.00%)
* Elements of w processed with special addition: 63 (2.92%)
* Elements of w remaining: 2096 (97.08%)
* G1 elements in proof: 2
* G2 elements in proof: 1
* Proof size in bits: 1019
* Elements of w skipped: 1 (0.05%)
* Elements of w processed with special addition: 66 (3.03%)
* Elements of w remaining: 2111 (96.92%)
* Elements of w skipped: 0 (0.00%)
* Elements of w processed with special addition: 65 (5.97%)
* Elements of w remaining: 1023 (94.03%)
* Elements of w skipped: 0 (0.00%)
* Elements of w processed with special addition: 63 (2.92%)
* Elements of w remaining: 2096 (97.08%)
* G1 elements in proof: 2
* G2 elements in proof: 1
* Proof size in bits: 1019
* Elements of w skipped: 1 (0.05%)
* Elements of w processed with special addition: 66 (3.03%)
* Elements of w remaining: 2111 (96.92%)
* Elements of w skipped: 0 (0.00%)
* Elements of w processed with special addition: 65 (5.97%)
* Elements of w remaining: 1023 (94.03%)
* Elements of w skipped: 0 (0.00%)
* Elements of w processed with special addition: 63 (2.92%)
* Elements of w remaining: 2096 (97.08%)
* G1 elements in proof: 2
* G2 elements in proof: 1
* Proof size in bits: 1019
* Elements of w skipped: 1 (0.05%)
* Elements of w processed with special addition: 66 (3.03%)
* Elements of w remaining: 2111 (96.92%)
* Elements of w skipped: 0 (0.00%)
* Elements of w processed with special addition: 65 (5.97%)
* Elements of w remaining: 1023 (94.03%)
* Elements of w skipped: 0 (0.00%)
* Elements of w processed with special addition: 63 (2.92%)
* Elements of w remaining: 2096 (97.08%)
* G1 elements in proof: 2
* G2 elements in proof: 1
* Proof size in bits: 1019
  64      1088        323.1         90.55         2.70          PASS      

  Groth16 results written to /Users/heewonchung/Documents/00-Research/active/Updatable Verifiable Computation/Dev/results/2026-03-09_201110_iot/csv/groth16_results.csv

================================================================
All benchmarks complete.
================================================================
  Done in 10s

------------------------------------------------------------
  Running: [7/10] sensor_fusion K=32 B=16
  Command: bench_comparative --circuit sensor_fusion --n 32 --B 16 --output-dir /Users/heewonchung/Documents/00-Research/active/Updatable Verifiable Computation/Dev/results/2026-03-09_201110_iot/csv --reps 10
------------------------------------------------------------
================================================================
Comparative Benchmark: UVC vs Groth16
================================================================
  Circuit: sensor_fusion, n=32, B=16, reps=10
  Output: /Users/heewonchung/Documents/00-Research/active/Updatable Verifiable Computation/Dev/results/2026-03-09_201110_iot/csv/

================================================================
UVC Benchmark: circuit=sensor_fusion, n=32, B=16
================================================================
  Circuit: 33 constraints, 67 vars, state=1, transition=33

  [Setup] Generating CRS for B=16...
* UVC Setup: B=16, n=67, state=1, transition=33
* Composed C_16: 528 constraints, 1057 variables, 34 inputs
* QAP (C_B) variables: 1057, degree: 576, inputs: 34
* UVC max compositions (B): 16
* G1 elements in PK: 3715
* G2 elements in PK: 1059
* PK size in bits: 1128476
* H_query_full size: 575
* Step 2: 66 new wires (0 io, 66 wt)
* Step 3: 66 new wires (0 io, 66 wt)
* Step 4: 66 new wires (0 io, 66 wt)
* Step 5: 66 new wires (0 io, 66 wt)
* Step 6: 66 new wires (0 io, 66 wt)
* Step 7: 66 new wires (0 io, 66 wt)
* Step 8: 66 new wires (0 io, 66 wt)
* Step 9: 66 new wires (0 io, 66 wt)
* Step 10: 66 new wires (0 io, 66 wt)
* Step 11: 66 new wires (0 io, 66 wt)
* Step 12: 66 new wires (0 io, 66 wt)
* Step 13: 66 new wires (0 io, 66 wt)
* Step 14: 66 new wires (0 io, 66 wt)
* Step 15: 66 new wires (0 io, 66 wt)
* Step 16: 66 new wires (0 io, 66 wt)
* UVC VK: 16 max steps
* G2 elements in VK: 2
* GT elements in VK: 1
* gamma_ABC size: 34
  Setup: 176.9 ms, CRS: 4638 G1 + 2050 G2
  Building proof chain (steps 1..16)...
* UVC Prove step 1
* Elements of w skipped: 1 (1.47%)
* Elements of w processed with special addition: 3 (4.41%)
* Elements of w remaining: 64 (94.12%)
* Elements of w skipped: 1 (2.86%)
* Elements of w processed with special addition: 1 (2.86%)
* Elements of w remaining: 33 (94.29%)
* Elements of w skipped: 0 (0.00%)
* Elements of w processed with special addition: 0 (0.00%)
* Elements of w remaining: 33 (100.00%)
* UVC proof at step 1
* G1 elements in proof: 2
* G2 elements in proof: 1
* Proof size in bits: 1019
* Cached h poly size: 575
* UVC Prove step 2
* Elements of w skipped: 0 (0.00%)
* Elements of w processed with special addition: 1 (1.52%)
* Elements of w remaining: 65 (98.48%)
* Elements of w skipped: 0 (0.00%)
* Elements of w processed with special addition: 1 (2.94%)
* Elements of w remaining: 33 (97.06%)
* Elements of w skipped: 0 (0.00%)
* Elements of w processed with special addition: 1 (1.52%)
* Elements of w remaining: 65 (98.48%)
* UVC proof at step 2
* G1 elements in proof: 2
* G2 elements in proof: 1
* Proof size in bits: 1019
* Cached h poly size: 575
* UVC Prove step 3
* Elements of w skipped: 0 (0.00%)
* Elements of w processed with special addition: 1 (1.52%)
* Elements of w remaining: 65 (98.48%)
* Elements of w skipped: 0 (0.00%)
* Elements of w processed with special addition: 1 (2.94%)
* Elements of w remaining: 33 (97.06%)
* Elements of w skipped: 0 (0.00%)
* Elements of w processed with special addition: 1 (1.52%)
* Elements of w remaining: 65 (98.48%)
* UVC proof at step 3
* G1 elements in proof: 2
* G2 elements in proof: 1
* Proof size in bits: 1019
* Cached h poly size: 575
* UVC Prove step 4
* Elements of w skipped: 0 (0.00%)
* Elements of w processed with special addition: 1 (1.52%)
* Elements of w remaining: 65 (98.48%)
* Elements of w skipped: 0 (0.00%)
* Elements of w processed with special addition: 1 (2.94%)
* Elements of w remaining: 33 (97.06%)
* Elements of w skipped: 0 (0.00%)
* Elements of w processed with special addition: 1 (1.52%)
* Elements of w remaining: 65 (98.48%)
* UVC proof at step 4
* G1 elements in proof: 2
* G2 elements in proof: 1
* Proof size in bits: 1019
* Cached h poly size: 575
* UVC Prove step 5
* Elements of w skipped: 0 (0.00%)
* Elements of w processed with special addition: 1 (1.52%)
* Elements of w remaining: 65 (98.48%)
* Elements of w skipped: 0 (0.00%)
* Elements of w processed with special addition: 1 (2.94%)
* Elements of w remaining: 33 (97.06%)
* Elements of w skipped: 0 (0.00%)
* Elements of w processed with special addition: 1 (1.52%)
* Elements of w remaining: 65 (98.48%)
* UVC proof at step 5
* G1 elements in proof: 2
* G2 elements in proof: 1
* Proof size in bits: 1019
* Cached h poly size: 575
* UVC Prove step 6
* Elements of w skipped: 0 (0.00%)
* Elements of w processed with special addition: 1 (1.52%)
* Elements of w remaining: 65 (98.48%)
* Elements of w skipped: 0 (0.00%)
* Elements of w processed with special addition: 1 (2.94%)
* Elements of w remaining: 33 (97.06%)
* Elements of w skipped: 0 (0.00%)
* Elements of w processed with special addition: 1 (1.52%)
* Elements of w remaining: 65 (98.48%)
* UVC proof at step 6
* G1 elements in proof: 2
* G2 elements in proof: 1
* Proof size in bits: 1019
* Cached h poly size: 575
* UVC Prove step 7
* Elements of w skipped: 0 (0.00%)
* Elements of w processed with special addition: 1 (1.52%)
* Elements of w remaining: 65 (98.48%)
* Elements of w skipped: 0 (0.00%)
* Elements of w processed with special addition: 1 (2.94%)
* Elements of w remaining: 33 (97.06%)
* Elements of w skipped: 0 (0.00%)
* Elements of w processed with special addition: 1 (1.52%)
* Elements of w remaining: 65 (98.48%)
* UVC proof at step 7
* G1 elements in proof: 2
* G2 elements in proof: 1
* Proof size in bits: 1019
* Cached h poly size: 575
* UVC Prove step 8
* Elements of w skipped: 0 (0.00%)
* Elements of w processed with special addition: 1 (1.52%)
* Elements of w remaining: 65 (98.48%)
* Elements of w skipped: 0 (0.00%)
* Elements of w processed with special addition: 1 (2.94%)
* Elements of w remaining: 33 (97.06%)
* Elements of w skipped: 0 (0.00%)
* Elements of w processed with special addition: 1 (1.52%)
* Elements of w remaining: 65 (98.48%)
* UVC proof at step 8
* G1 elements in proof: 2
* G2 elements in proof: 1
* Proof size in bits: 1019
* Cached h poly size: 575
* UVC Prove step 9
* Elements of w skipped: 0 (0.00%)
* Elements of w processed with special addition: 1 (1.52%)
* Elements of w remaining: 65 (98.48%)
* Elements of w skipped: 0 (0.00%)
* Elements of w processed with special addition: 1 (2.94%)
* Elements of w remaining: 33 (97.06%)
* Elements of w skipped: 0 (0.00%)
* Elements of w processed with special addition: 1 (1.52%)
* Elements of w remaining: 65 (98.48%)
* UVC proof at step 9
* G1 elements in proof: 2
* G2 elements in proof: 1
* Proof size in bits: 1019
* Cached h poly size: 575
* UVC Prove step 10
* Elements of w skipped: 0 (0.00%)
* Elements of w processed with special addition: 1 (1.52%)
* Elements of w remaining: 65 (98.48%)
* Elements of w skipped: 0 (0.00%)
* Elements of w processed with special addition: 1 (2.94%)
* Elements of w remaining: 33 (97.06%)
* Elements of w skipped: 0 (0.00%)
* Elements of w processed with special addition: 1 (1.52%)
* Elements of w remaining: 65 (98.48%)
* UVC proof at step 10
* G1 elements in proof: 2
* G2 elements in proof: 1
* Proof size in bits: 1019
* Cached h poly size: 575
* UVC Prove step 11
* Elements of w skipped: 0 (0.00%)
* Elements of w processed with special addition: 1 (1.52%)
* Elements of w remaining: 65 (98.48%)
* Elements of w skipped: 0 (0.00%)
* Elements of w processed with special addition: 1 (2.94%)
* Elements of w remaining: 33 (97.06%)
* Elements of w skipped: 0 (0.00%)
* Elements of w processed with special addition: 1 (1.52%)
* Elements of w remaining: 65 (98.48%)
* UVC proof at step 11
* G1 elements in proof: 2
* G2 elements in proof: 1
* Proof size in bits: 1019
* Cached h poly size: 575
* UVC Prove step 12
* Elements of w skipped: 0 (0.00%)
* Elements of w processed with special addition: 1 (1.52%)
* Elements of w remaining: 65 (98.48%)
* Elements of w skipped: 0 (0.00%)
* Elements of w processed with special addition: 1 (2.94%)
* Elements of w remaining: 33 (97.06%)
* Elements of w skipped: 0 (0.00%)
* Elements of w processed with special addition: 1 (1.52%)
* Elements of w remaining: 65 (98.48%)
* UVC proof at step 12
* G1 elements in proof: 2
* G2 elements in proof: 1
* Proof size in bits: 1019
* Cached h poly size: 575
* UVC Prove step 13
* Elements of w skipped: 0 (0.00%)
* Elements of w processed with special addition: 1 (1.52%)
* Elements of w remaining: 65 (98.48%)
* Elements of w skipped: 0 (0.00%)
* Elements of w processed with special addition: 1 (2.94%)
* Elements of w remaining: 33 (97.06%)
* Elements of w skipped: 0 (0.00%)
* Elements of w processed with special addition: 1 (1.52%)
* Elements of w remaining: 65 (98.48%)
* UVC proof at step 13
* G1 elements in proof: 2
* G2 elements in proof: 1
* Proof size in bits: 1019
* Cached h poly size: 575
* UVC Prove step 14
* Elements of w skipped: 0 (0.00%)
* Elements of w processed with special addition: 1 (1.52%)
* Elements of w remaining: 65 (98.48%)
* Elements of w skipped: 0 (0.00%)
* Elements of w processed with special addition: 1 (2.94%)
* Elements of w remaining: 33 (97.06%)
* Elements of w skipped: 0 (0.00%)
* Elements of w processed with special addition: 1 (1.52%)
* Elements of w remaining: 65 (98.48%)
* UVC proof at step 14
* G1 elements in proof: 2
* G2 elements in proof: 1
* Proof size in bits: 1019
* Cached h poly size: 575
* UVC Prove step 15
* Elements of w skipped: 0 (0.00%)
* Elements of w processed with special addition: 1 (1.52%)
* Elements of w remaining: 65 (98.48%)
* Elements of w skipped: 0 (0.00%)
* Elements of w processed with special addition: 1 (2.94%)
* Elements of w remaining: 33 (97.06%)
* Elements of w skipped: 0 (0.00%)
* Elements of w processed with special addition: 1 (1.52%)
* Elements of w remaining: 65 (98.48%)
* UVC proof at step 15
* G1 elements in proof: 2
* G2 elements in proof: 1
* Proof size in bits: 1019
* Cached h poly size: 575
* UVC Prove step 16
* Elements of w skipped: 0 (0.00%)
* Elements of w processed with special addition: 1 (1.52%)
* Elements of w remaining: 65 (98.48%)
* Elements of w skipped: 0 (0.00%)
* Elements of w processed with special addition: 1 (3.03%)
* Elements of w remaining: 32 (96.97%)
* Elements of w skipped: 0 (0.00%)
* Elements of w processed with special addition: 1 (1.52%)
* Elements of w remaining: 65 (98.48%)
* UVC proof at step 16
* G1 elements in proof: 2
* G2 elements in proof: 1
* Proof size in bits: 1019
* Cached h poly size: 575

  Step    Prove (ms)    Verify (ms)   Proof bits    Verified  
  ------  ------------  ------------  ------------  ----------
* UVC Prove step 1
* Elements of w skipped: 1 (1.47%)
* Elements of w processed with special addition: 3 (4.41%)
* Elements of w remaining: 64 (94.12%)
* Elements of w skipped: 1 (2.86%)
* Elements of w processed with special addition: 1 (2.86%)
* Elements of w remaining: 33 (94.29%)
* Elements of w skipped: 0 (0.00%)
* Elements of w processed with special addition: 0 (0.00%)
* Elements of w remaining: 33 (100.00%)
* UVC proof at step 1
* G1 elements in proof: 2
* G2 elements in proof: 1
* Proof size in bits: 1019
* Cached h poly size: 575
* UVC Prove step 1
* Elements of w skipped: 1 (1.47%)
* Elements of w processed with special addition: 3 (4.41%)
* Elements of w remaining: 64 (94.12%)
* Elements of w skipped: 1 (2.86%)
* Elements of w processed with special addition: 1 (2.86%)
* Elements of w remaining: 33 (94.29%)
* Elements of w skipped: 0 (0.00%)
* Elements of w processed with special addition: 0 (0.00%)
* Elements of w remaining: 33 (100.00%)
* UVC proof at step 1
* G1 elements in proof: 2
* G2 elements in proof: 1
* Proof size in bits: 1019
* Cached h poly size: 575
* UVC Prove step 1
* Elements of w skipped: 1 (1.47%)
* Elements of w processed with special addition: 3 (4.41%)
* Elements of w remaining: 64 (94.12%)
* Elements of w skipped: 1 (2.86%)
* Elements of w processed with special addition: 1 (2.86%)
* Elements of w remaining: 33 (94.29%)
* Elements of w skipped: 0 (0.00%)
* Elements of w processed with special addition: 0 (0.00%)
* Elements of w remaining: 33 (100.00%)
* UVC proof at step 1
* G1 elements in proof: 2
* G2 elements in proof: 1
* Proof size in bits: 1019
* Cached h poly size: 575
* UVC Prove step 1
* Elements of w skipped: 1 (1.47%)
* Elements of w processed with special addition: 3 (4.41%)
* Elements of w remaining: 64 (94.12%)
* Elements of w skipped: 1 (2.86%)
* Elements of w processed with special addition: 1 (2.86%)
* Elements of w remaining: 33 (94.29%)
* Elements of w skipped: 0 (0.00%)
* Elements of w processed with special addition: 0 (0.00%)
* Elements of w remaining: 33 (100.00%)
* UVC proof at step 1
* G1 elements in proof: 2
* G2 elements in proof: 1
* Proof size in bits: 1019
* Cached h poly size: 575
* UVC Prove step 1
* Elements of w skipped: 1 (1.47%)
* Elements of w processed with special addition: 3 (4.41%)
* Elements of w remaining: 64 (94.12%)
* Elements of w skipped: 1 (2.86%)
* Elements of w processed with special addition: 1 (2.86%)
* Elements of w remaining: 33 (94.29%)
* Elements of w skipped: 0 (0.00%)
* Elements of w processed with special addition: 0 (0.00%)
* Elements of w remaining: 33 (100.00%)
* UVC proof at step 1
* G1 elements in proof: 2
* G2 elements in proof: 1
* Proof size in bits: 1019
* Cached h poly size: 575
* UVC Prove step 1
* Elements of w skipped: 1 (1.47%)
* Elements of w processed with special addition: 3 (4.41%)
* Elements of w remaining: 64 (94.12%)
* Elements of w skipped: 1 (2.86%)
* Elements of w processed with special addition: 1 (2.86%)
* Elements of w remaining: 33 (94.29%)
* Elements of w skipped: 0 (0.00%)
* Elements of w processed with special addition: 0 (0.00%)
* Elements of w remaining: 33 (100.00%)
* UVC proof at step 1
* G1 elements in proof: 2
* G2 elements in proof: 1
* Proof size in bits: 1019
* Cached h poly size: 575
* UVC Prove step 1
* Elements of w skipped: 1 (1.47%)
* Elements of w processed with special addition: 3 (4.41%)
* Elements of w remaining: 64 (94.12%)
* Elements of w skipped: 1 (2.86%)
* Elements of w processed with special addition: 1 (2.86%)
* Elements of w remaining: 33 (94.29%)
* Elements of w skipped: 0 (0.00%)
* Elements of w processed with special addition: 0 (0.00%)
* Elements of w remaining: 33 (100.00%)
* UVC proof at step 1
* G1 elements in proof: 2
* G2 elements in proof: 1
* Proof size in bits: 1019
* Cached h poly size: 575
* UVC Prove step 1
* Elements of w skipped: 1 (1.47%)
* Elements of w processed with special addition: 3 (4.41%)
* Elements of w remaining: 64 (94.12%)
* Elements of w skipped: 1 (2.86%)
* Elements of w processed with special addition: 1 (2.86%)
* Elements of w remaining: 33 (94.29%)
* Elements of w skipped: 0 (0.00%)
* Elements of w processed with special addition: 0 (0.00%)
* Elements of w remaining: 33 (100.00%)
* UVC proof at step 1
* G1 elements in proof: 2
* G2 elements in proof: 1
* Proof size in bits: 1019
* Cached h poly size: 575
* UVC Prove step 1
* Elements of w skipped: 1 (1.47%)
* Elements of w processed with special addition: 3 (4.41%)
* Elements of w remaining: 64 (94.12%)
* Elements of w skipped: 1 (2.86%)
* Elements of w processed with special addition: 1 (2.86%)
* Elements of w remaining: 33 (94.29%)
* Elements of w skipped: 0 (0.00%)
* Elements of w processed with special addition: 0 (0.00%)
* Elements of w remaining: 33 (100.00%)
* UVC proof at step 1
* G1 elements in proof: 2
* G2 elements in proof: 1
* Proof size in bits: 1019
* Cached h poly size: 575
* UVC Prove step 1
* Elements of w skipped: 1 (1.47%)
* Elements of w processed with special addition: 3 (4.41%)
* Elements of w remaining: 64 (94.12%)
* Elements of w skipped: 1 (2.86%)
* Elements of w processed with special addition: 1 (2.86%)
* Elements of w remaining: 33 (94.29%)
* Elements of w skipped: 0 (0.00%)
* Elements of w processed with special addition: 0 (0.00%)
* Elements of w remaining: 33 (100.00%)
* UVC proof at step 1
* G1 elements in proof: 2
* G2 elements in proof: 1
* Proof size in bits: 1019
* Cached h poly size: 575
* UVC Verify step 1: PASS
* UVC Verify step 1: PASS
* UVC Verify step 1: PASS
* UVC Verify step 1: PASS
* UVC Verify step 1: PASS
* UVC Verify step 1: PASS
* UVC Verify step 1: PASS
* UVC Verify step 1: PASS
* UVC Verify step 1: PASS
* UVC Verify step 1: PASS
  1       30.33         2.74          1019          PASS      
* UVC Prove step 2
* Elements of w skipped: 0 (0.00%)
* Elements of w processed with special addition: 1 (1.52%)
* Elements of w remaining: 65 (98.48%)
* Elements of w skipped: 0 (0.00%)
* Elements of w processed with special addition: 1 (2.94%)
* Elements of w remaining: 33 (97.06%)
* Elements of w skipped: 0 (0.00%)
* Elements of w processed with special addition: 1 (1.52%)
* Elements of w remaining: 65 (98.48%)
* UVC proof at step 2
* G1 elements in proof: 2
* G2 elements in proof: 1
* Proof size in bits: 1019
* Cached h poly size: 575
* UVC Prove step 2
* Elements of w skipped: 0 (0.00%)
* Elements of w processed with special addition: 1 (1.52%)
* Elements of w remaining: 65 (98.48%)
* Elements of w skipped: 0 (0.00%)
* Elements of w processed with special addition: 1 (2.94%)
* Elements of w remaining: 33 (97.06%)
* Elements of w skipped: 0 (0.00%)
* Elements of w processed with special addition: 1 (1.52%)
* Elements of w remaining: 65 (98.48%)
* UVC proof at step 2
* G1 elements in proof: 2
* G2 elements in proof: 1
* Proof size in bits: 1019
* Cached h poly size: 575
* UVC Prove step 2
* Elements of w skipped: 0 (0.00%)
* Elements of w processed with special addition: 1 (1.52%)
* Elements of w remaining: 65 (98.48%)
* Elements of w skipped: 0 (0.00%)
* Elements of w processed with special addition: 1 (2.94%)
* Elements of w remaining: 33 (97.06%)
* Elements of w skipped: 0 (0.00%)
* Elements of w processed with special addition: 1 (1.52%)
* Elements of w remaining: 65 (98.48%)
* UVC proof at step 2
* G1 elements in proof: 2
* G2 elements in proof: 1
* Proof size in bits: 1019
* Cached h poly size: 575
* UVC Prove step 2
* Elements of w skipped: 0 (0.00%)
* Elements of w processed with special addition: 1 (1.52%)
* Elements of w remaining: 65 (98.48%)
* Elements of w skipped: 0 (0.00%)
* Elements of w processed with special addition: 1 (2.94%)
* Elements of w remaining: 33 (97.06%)
* Elements of w skipped: 0 (0.00%)
* Elements of w processed with special addition: 1 (1.52%)
* Elements of w remaining: 65 (98.48%)
* UVC proof at step 2
* G1 elements in proof: 2
* G2 elements in proof: 1
* Proof size in bits: 1019
* Cached h poly size: 575
* UVC Prove step 2
* Elements of w skipped: 0 (0.00%)
* Elements of w processed with special addition: 1 (1.52%)
* Elements of w remaining: 65 (98.48%)
* Elements of w skipped: 0 (0.00%)
* Elements of w processed with special addition: 1 (2.94%)
* Elements of w remaining: 33 (97.06%)
* Elements of w skipped: 0 (0.00%)
* Elements of w processed with special addition: 1 (1.52%)
* Elements of w remaining: 65 (98.48%)
* UVC proof at step 2
* G1 elements in proof: 2
* G2 elements in proof: 1
* Proof size in bits: 1019
* Cached h poly size: 575
* UVC Prove step 2
* Elements of w skipped: 0 (0.00%)
* Elements of w processed with special addition: 1 (1.52%)
* Elements of w remaining: 65 (98.48%)
* Elements of w skipped: 0 (0.00%)
* Elements of w processed with special addition: 1 (2.94%)
* Elements of w remaining: 33 (97.06%)
* Elements of w skipped: 0 (0.00%)
* Elements of w processed with special addition: 1 (1.52%)
* Elements of w remaining: 65 (98.48%)
* UVC proof at step 2
* G1 elements in proof: 2
* G2 elements in proof: 1
* Proof size in bits: 1019
* Cached h poly size: 575
* UVC Prove step 2
* Elements of w skipped: 0 (0.00%)
* Elements of w processed with special addition: 1 (1.52%)
* Elements of w remaining: 65 (98.48%)
* Elements of w skipped: 0 (0.00%)
* Elements of w processed with special addition: 1 (2.94%)
* Elements of w remaining: 33 (97.06%)
* Elements of w skipped: 0 (0.00%)
* Elements of w processed with special addition: 1 (1.52%)
* Elements of w remaining: 65 (98.48%)
* UVC proof at step 2
* G1 elements in proof: 2
* G2 elements in proof: 1
* Proof size in bits: 1019
* Cached h poly size: 575
* UVC Prove step 2
* Elements of w skipped: 0 (0.00%)
* Elements of w processed with special addition: 1 (1.52%)
* Elements of w remaining: 65 (98.48%)
* Elements of w skipped: 0 (0.00%)
* Elements of w processed with special addition: 1 (2.94%)
* Elements of w remaining: 33 (97.06%)
* Elements of w skipped: 0 (0.00%)
* Elements of w processed with special addition: 1 (1.52%)
* Elements of w remaining: 65 (98.48%)
* UVC proof at step 2
* G1 elements in proof: 2
* G2 elements in proof: 1
* Proof size in bits: 1019
* Cached h poly size: 575
* UVC Prove step 2
* Elements of w skipped: 0 (0.00%)
* Elements of w processed with special addition: 1 (1.52%)
* Elements of w remaining: 65 (98.48%)
* Elements of w skipped: 0 (0.00%)
* Elements of w processed with special addition: 1 (2.94%)
* Elements of w remaining: 33 (97.06%)
* Elements of w skipped: 0 (0.00%)
* Elements of w processed with special addition: 1 (1.52%)
* Elements of w remaining: 65 (98.48%)
* UVC proof at step 2
* G1 elements in proof: 2
* G2 elements in proof: 1
* Proof size in bits: 1019
* Cached h poly size: 575
* UVC Prove step 2
* Elements of w skipped: 0 (0.00%)
* Elements of w processed with special addition: 1 (1.52%)
* Elements of w remaining: 65 (98.48%)
* Elements of w skipped: 0 (0.00%)
* Elements of w processed with special addition: 1 (2.94%)
* Elements of w remaining: 33 (97.06%)
* Elements of w skipped: 0 (0.00%)
* Elements of w processed with special addition: 1 (1.52%)
* Elements of w remaining: 65 (98.48%)
* UVC proof at step 2
* G1 elements in proof: 2
* G2 elements in proof: 1
* Proof size in bits: 1019
* Cached h poly size: 575
* UVC Verify step 2: PASS
* UVC Verify step 2: PASS
* UVC Verify step 2: PASS
* UVC Verify step 2: PASS
* UVC Verify step 2: PASS
* UVC Verify step 2: PASS
* UVC Verify step 2: PASS
* UVC Verify step 2: PASS
* UVC Verify step 2: PASS
* UVC Verify step 2: PASS
  2       30.76         2.72          1019          PASS      
* UVC Prove step 4
* Elements of w skipped: 0 (0.00%)
* Elements of w processed with special addition: 1 (1.52%)
* Elements of w remaining: 65 (98.48%)
* Elements of w skipped: 0 (0.00%)
* Elements of w processed with special addition: 1 (2.94%)
* Elements of w remaining: 33 (97.06%)
* Elements of w skipped: 0 (0.00%)
* Elements of w processed with special addition: 1 (1.52%)
* Elements of w remaining: 65 (98.48%)
* UVC proof at step 4
* G1 elements in proof: 2
* G2 elements in proof: 1
* Proof size in bits: 1019
* Cached h poly size: 575
* UVC Prove step 4
* Elements of w skipped: 0 (0.00%)
* Elements of w processed with special addition: 1 (1.52%)
* Elements of w remaining: 65 (98.48%)
* Elements of w skipped: 0 (0.00%)
* Elements of w processed with special addition: 1 (2.94%)
* Elements of w remaining: 33 (97.06%)
* Elements of w skipped: 0 (0.00%)
* Elements of w processed with special addition: 1 (1.52%)
* Elements of w remaining: 65 (98.48%)
* UVC proof at step 4
* G1 elements in proof: 2
* G2 elements in proof: 1
* Proof size in bits: 1019
* Cached h poly size: 575
* UVC Prove step 4
* Elements of w skipped: 0 (0.00%)
* Elements of w processed with special addition: 1 (1.52%)
* Elements of w remaining: 65 (98.48%)
* Elements of w skipped: 0 (0.00%)
* Elements of w processed with special addition: 1 (2.94%)
* Elements of w remaining: 33 (97.06%)
* Elements of w skipped: 0 (0.00%)
* Elements of w processed with special addition: 1 (1.52%)
* Elements of w remaining: 65 (98.48%)
* UVC proof at step 4
* G1 elements in proof: 2
* G2 elements in proof: 1
* Proof size in bits: 1019
* Cached h poly size: 575
* UVC Prove step 4
* Elements of w skipped: 0 (0.00%)
* Elements of w processed with special addition: 1 (1.52%)
* Elements of w remaining: 65 (98.48%)
* Elements of w skipped: 0 (0.00%)
* Elements of w processed with special addition: 1 (2.94%)
* Elements of w remaining: 33 (97.06%)
* Elements of w skipped: 0 (0.00%)
* Elements of w processed with special addition: 1 (1.52%)
* Elements of w remaining: 65 (98.48%)
* UVC proof at step 4
* G1 elements in proof: 2
* G2 elements in proof: 1
* Proof size in bits: 1019
* Cached h poly size: 575
* UVC Prove step 4
* Elements of w skipped: 0 (0.00%)
* Elements of w processed with special addition: 1 (1.52%)
* Elements of w remaining: 65 (98.48%)
* Elements of w skipped: 0 (0.00%)
* Elements of w processed with special addition: 1 (2.94%)
* Elements of w remaining: 33 (97.06%)
* Elements of w skipped: 0 (0.00%)
* Elements of w processed with special addition: 1 (1.52%)
* Elements of w remaining: 65 (98.48%)
* UVC proof at step 4
* G1 elements in proof: 2
* G2 elements in proof: 1
* Proof size in bits: 1019
* Cached h poly size: 575
* UVC Prove step 4
* Elements of w skipped: 0 (0.00%)
* Elements of w processed with special addition: 1 (1.52%)
* Elements of w remaining: 65 (98.48%)
* Elements of w skipped: 0 (0.00%)
* Elements of w processed with special addition: 1 (2.94%)
* Elements of w remaining: 33 (97.06%)
* Elements of w skipped: 0 (0.00%)
* Elements of w processed with special addition: 1 (1.52%)
* Elements of w remaining: 65 (98.48%)
* UVC proof at step 4
* G1 elements in proof: 2
* G2 elements in proof: 1
* Proof size in bits: 1019
* Cached h poly size: 575
* UVC Prove step 4
* Elements of w skipped: 0 (0.00%)
* Elements of w processed with special addition: 1 (1.52%)
* Elements of w remaining: 65 (98.48%)
* Elements of w skipped: 0 (0.00%)
* Elements of w processed with special addition: 1 (2.94%)
* Elements of w remaining: 33 (97.06%)
* Elements of w skipped: 0 (0.00%)
* Elements of w processed with special addition: 1 (1.52%)
* Elements of w remaining: 65 (98.48%)
* UVC proof at step 4
* G1 elements in proof: 2
* G2 elements in proof: 1
* Proof size in bits: 1019
* Cached h poly size: 575
* UVC Prove step 4
* Elements of w skipped: 0 (0.00%)
* Elements of w processed with special addition: 1 (1.52%)
* Elements of w remaining: 65 (98.48%)
* Elements of w skipped: 0 (0.00%)
* Elements of w processed with special addition: 1 (2.94%)
* Elements of w remaining: 33 (97.06%)
* Elements of w skipped: 0 (0.00%)
* Elements of w processed with special addition: 1 (1.52%)
* Elements of w remaining: 65 (98.48%)
* UVC proof at step 4
* G1 elements in proof: 2
* G2 elements in proof: 1
* Proof size in bits: 1019
* Cached h poly size: 575
* UVC Prove step 4
* Elements of w skipped: 0 (0.00%)
* Elements of w processed with special addition: 1 (1.52%)
* Elements of w remaining: 65 (98.48%)
* Elements of w skipped: 0 (0.00%)
* Elements of w processed with special addition: 1 (2.94%)
* Elements of w remaining: 33 (97.06%)
* Elements of w skipped: 0 (0.00%)
* Elements of w processed with special addition: 1 (1.52%)
* Elements of w remaining: 65 (98.48%)
* UVC proof at step 4
* G1 elements in proof: 2
* G2 elements in proof: 1
* Proof size in bits: 1019
* Cached h poly size: 575
* UVC Prove step 4
* Elements of w skipped: 0 (0.00%)
* Elements of w processed with special addition: 1 (1.52%)
* Elements of w remaining: 65 (98.48%)
* Elements of w skipped: 0 (0.00%)
* Elements of w processed with special addition: 1 (2.94%)
* Elements of w remaining: 33 (97.06%)
* Elements of w skipped: 0 (0.00%)
* Elements of w processed with special addition: 1 (1.52%)
* Elements of w remaining: 65 (98.48%)
* UVC proof at step 4
* G1 elements in proof: 2
* G2 elements in proof: 1
* Proof size in bits: 1019
* Cached h poly size: 575
* UVC Verify step 4: PASS
* UVC Verify step 4: PASS
* UVC Verify step 4: PASS
* UVC Verify step 4: PASS
* UVC Verify step 4: PASS
* UVC Verify step 4: PASS
* UVC Verify step 4: PASS
* UVC Verify step 4: PASS
* UVC Verify step 4: PASS
* UVC Verify step 4: PASS
  4       31.12         2.73          1019          PASS      
* UVC Prove step 8
* Elements of w skipped: 0 (0.00%)
* Elements of w processed with special addition: 1 (1.52%)
* Elements of w remaining: 65 (98.48%)
* Elements of w skipped: 0 (0.00%)
* Elements of w processed with special addition: 1 (2.94%)
* Elements of w remaining: 33 (97.06%)
* Elements of w skipped: 0 (0.00%)
* Elements of w processed with special addition: 1 (1.52%)
* Elements of w remaining: 65 (98.48%)
* UVC proof at step 8
* G1 elements in proof: 2
* G2 elements in proof: 1
* Proof size in bits: 1019
* Cached h poly size: 575
* UVC Prove step 8
* Elements of w skipped: 0 (0.00%)
* Elements of w processed with special addition: 1 (1.52%)
* Elements of w remaining: 65 (98.48%)
* Elements of w skipped: 0 (0.00%)
* Elements of w processed with special addition: 1 (2.94%)
* Elements of w remaining: 33 (97.06%)
* Elements of w skipped: 0 (0.00%)
* Elements of w processed with special addition: 1 (1.52%)
* Elements of w remaining: 65 (98.48%)
* UVC proof at step 8
* G1 elements in proof: 2
* G2 elements in proof: 1
* Proof size in bits: 1019
* Cached h poly size: 575
* UVC Prove step 8
* Elements of w skipped: 0 (0.00%)
* Elements of w processed with special addition: 1 (1.52%)
* Elements of w remaining: 65 (98.48%)
* Elements of w skipped: 0 (0.00%)
* Elements of w processed with special addition: 1 (2.94%)
* Elements of w remaining: 33 (97.06%)
* Elements of w skipped: 0 (0.00%)
* Elements of w processed with special addition: 1 (1.52%)
* Elements of w remaining: 65 (98.48%)
* UVC proof at step 8
* G1 elements in proof: 2
* G2 elements in proof: 1
* Proof size in bits: 1019
* Cached h poly size: 575
* UVC Prove step 8
* Elements of w skipped: 0 (0.00%)
* Elements of w processed with special addition: 1 (1.52%)
* Elements of w remaining: 65 (98.48%)
* Elements of w skipped: 0 (0.00%)
* Elements of w processed with special addition: 1 (2.94%)
* Elements of w remaining: 33 (97.06%)
* Elements of w skipped: 0 (0.00%)
* Elements of w processed with special addition: 1 (1.52%)
* Elements of w remaining: 65 (98.48%)
* UVC proof at step 8
* G1 elements in proof: 2
* G2 elements in proof: 1
* Proof size in bits: 1019
* Cached h poly size: 575
* UVC Prove step 8
* Elements of w skipped: 0 (0.00%)
* Elements of w processed with special addition: 1 (1.52%)
* Elements of w remaining: 65 (98.48%)
* Elements of w skipped: 0 (0.00%)
* Elements of w processed with special addition: 1 (2.94%)
* Elements of w remaining: 33 (97.06%)
* Elements of w skipped: 0 (0.00%)
* Elements of w processed with special addition: 1 (1.52%)
* Elements of w remaining: 65 (98.48%)
* UVC proof at step 8
* G1 elements in proof: 2
* G2 elements in proof: 1
* Proof size in bits: 1019
* Cached h poly size: 575
* UVC Prove step 8
* Elements of w skipped: 0 (0.00%)
* Elements of w processed with special addition: 1 (1.52%)
* Elements of w remaining: 65 (98.48%)
* Elements of w skipped: 0 (0.00%)
* Elements of w processed with special addition: 1 (2.94%)
* Elements of w remaining: 33 (97.06%)
* Elements of w skipped: 0 (0.00%)
* Elements of w processed with special addition: 1 (1.52%)
* Elements of w remaining: 65 (98.48%)
* UVC proof at step 8
* G1 elements in proof: 2
* G2 elements in proof: 1
* Proof size in bits: 1019
* Cached h poly size: 575
* UVC Prove step 8
* Elements of w skipped: 0 (0.00%)
* Elements of w processed with special addition: 1 (1.52%)
* Elements of w remaining: 65 (98.48%)
* Elements of w skipped: 0 (0.00%)
* Elements of w processed with special addition: 1 (2.94%)
* Elements of w remaining: 33 (97.06%)
* Elements of w skipped: 0 (0.00%)
* Elements of w processed with special addition: 1 (1.52%)
* Elements of w remaining: 65 (98.48%)
* UVC proof at step 8
* G1 elements in proof: 2
* G2 elements in proof: 1
* Proof size in bits: 1019
* Cached h poly size: 575
* UVC Prove step 8
* Elements of w skipped: 0 (0.00%)
* Elements of w processed with special addition: 1 (1.52%)
* Elements of w remaining: 65 (98.48%)
* Elements of w skipped: 0 (0.00%)
* Elements of w processed with special addition: 1 (2.94%)
* Elements of w remaining: 33 (97.06%)
* Elements of w skipped: 0 (0.00%)
* Elements of w processed with special addition: 1 (1.52%)
* Elements of w remaining: 65 (98.48%)
* UVC proof at step 8
* G1 elements in proof: 2
* G2 elements in proof: 1
* Proof size in bits: 1019
* Cached h poly size: 575
* UVC Prove step 8
* Elements of w skipped: 0 (0.00%)
* Elements of w processed with special addition: 1 (1.52%)
* Elements of w remaining: 65 (98.48%)
* Elements of w skipped: 0 (0.00%)
* Elements of w processed with special addition: 1 (2.94%)
* Elements of w remaining: 33 (97.06%)
* Elements of w skipped: 0 (0.00%)
* Elements of w processed with special addition: 1 (1.52%)
* Elements of w remaining: 65 (98.48%)
* UVC proof at step 8
* G1 elements in proof: 2
* G2 elements in proof: 1
* Proof size in bits: 1019
* Cached h poly size: 575
* UVC Prove step 8
* Elements of w skipped: 0 (0.00%)
* Elements of w processed with special addition: 1 (1.52%)
* Elements of w remaining: 65 (98.48%)
* Elements of w skipped: 0 (0.00%)
* Elements of w processed with special addition: 1 (2.94%)
* Elements of w remaining: 33 (97.06%)
* Elements of w skipped: 0 (0.00%)
* Elements of w processed with special addition: 1 (1.52%)
* Elements of w remaining: 65 (98.48%)
* UVC proof at step 8
* G1 elements in proof: 2
* G2 elements in proof: 1
* Proof size in bits: 1019
* Cached h poly size: 575
* UVC Verify step 8: PASS
* UVC Verify step 8: PASS
* UVC Verify step 8: PASS
* UVC Verify step 8: PASS
* UVC Verify step 8: PASS
* UVC Verify step 8: PASS
* UVC Verify step 8: PASS
* UVC Verify step 8: PASS
* UVC Verify step 8: PASS
* UVC Verify step 8: PASS
  8       31.08         2.72          1019          PASS      
* UVC Prove step 16
* Elements of w skipped: 0 (0.00%)
* Elements of w processed with special addition: 1 (1.52%)
* Elements of w remaining: 65 (98.48%)
* Elements of w skipped: 0 (0.00%)
* Elements of w processed with special addition: 1 (3.03%)
* Elements of w remaining: 32 (96.97%)
* Elements of w skipped: 0 (0.00%)
* Elements of w processed with special addition: 1 (1.52%)
* Elements of w remaining: 65 (98.48%)
* UVC proof at step 16
* G1 elements in proof: 2
* G2 elements in proof: 1
* Proof size in bits: 1019
* Cached h poly size: 575
* UVC Prove step 16
* Elements of w skipped: 0 (0.00%)
* Elements of w processed with special addition: 1 (1.52%)
* Elements of w remaining: 65 (98.48%)
* Elements of w skipped: 0 (0.00%)
* Elements of w processed with special addition: 1 (3.03%)
* Elements of w remaining: 32 (96.97%)
* Elements of w skipped: 0 (0.00%)
* Elements of w processed with special addition: 1 (1.52%)
* Elements of w remaining: 65 (98.48%)
* UVC proof at step 16
* G1 elements in proof: 2
* G2 elements in proof: 1
* Proof size in bits: 1019
* Cached h poly size: 575
* UVC Prove step 16
* Elements of w skipped: 0 (0.00%)
* Elements of w processed with special addition: 1 (1.52%)
* Elements of w remaining: 65 (98.48%)
* Elements of w skipped: 0 (0.00%)
* Elements of w processed with special addition: 1 (3.03%)
* Elements of w remaining: 32 (96.97%)
* Elements of w skipped: 0 (0.00%)
* Elements of w processed with special addition: 1 (1.52%)
* Elements of w remaining: 65 (98.48%)
* UVC proof at step 16
* G1 elements in proof: 2
* G2 elements in proof: 1
* Proof size in bits: 1019
* Cached h poly size: 575
* UVC Prove step 16
* Elements of w skipped: 0 (0.00%)
* Elements of w processed with special addition: 1 (1.52%)
* Elements of w remaining: 65 (98.48%)
* Elements of w skipped: 0 (0.00%)
* Elements of w processed with special addition: 1 (3.03%)
* Elements of w remaining: 32 (96.97%)
* Elements of w skipped: 0 (0.00%)
* Elements of w processed with special addition: 1 (1.52%)
* Elements of w remaining: 65 (98.48%)
* UVC proof at step 16
* G1 elements in proof: 2
* G2 elements in proof: 1
* Proof size in bits: 1019
* Cached h poly size: 575
* UVC Prove step 16
* Elements of w skipped: 0 (0.00%)
* Elements of w processed with special addition: 1 (1.52%)
* Elements of w remaining: 65 (98.48%)
* Elements of w skipped: 0 (0.00%)
* Elements of w processed with special addition: 1 (3.03%)
* Elements of w remaining: 32 (96.97%)
* Elements of w skipped: 0 (0.00%)
* Elements of w processed with special addition: 1 (1.52%)
* Elements of w remaining: 65 (98.48%)
* UVC proof at step 16
* G1 elements in proof: 2
* G2 elements in proof: 1
* Proof size in bits: 1019
* Cached h poly size: 575
* UVC Prove step 16
* Elements of w skipped: 0 (0.00%)
* Elements of w processed with special addition: 1 (1.52%)
* Elements of w remaining: 65 (98.48%)
* Elements of w skipped: 0 (0.00%)
* Elements of w processed with special addition: 1 (3.03%)
* Elements of w remaining: 32 (96.97%)
* Elements of w skipped: 0 (0.00%)
* Elements of w processed with special addition: 1 (1.52%)
* Elements of w remaining: 65 (98.48%)
* UVC proof at step 16
* G1 elements in proof: 2
* G2 elements in proof: 1
* Proof size in bits: 1019
* Cached h poly size: 575
* UVC Prove step 16
* Elements of w skipped: 0 (0.00%)
* Elements of w processed with special addition: 1 (1.52%)
* Elements of w remaining: 65 (98.48%)
* Elements of w skipped: 0 (0.00%)
* Elements of w processed with special addition: 1 (3.03%)
* Elements of w remaining: 32 (96.97%)
* Elements of w skipped: 0 (0.00%)
* Elements of w processed with special addition: 1 (1.52%)
* Elements of w remaining: 65 (98.48%)
* UVC proof at step 16
* G1 elements in proof: 2
* G2 elements in proof: 1
* Proof size in bits: 1019
* Cached h poly size: 575
* UVC Prove step 16
* Elements of w skipped: 0 (0.00%)
* Elements of w processed with special addition: 1 (1.52%)
* Elements of w remaining: 65 (98.48%)
* Elements of w skipped: 0 (0.00%)
* Elements of w processed with special addition: 1 (3.03%)
* Elements of w remaining: 32 (96.97%)
* Elements of w skipped: 0 (0.00%)
* Elements of w processed with special addition: 1 (1.52%)
* Elements of w remaining: 65 (98.48%)
* UVC proof at step 16
* G1 elements in proof: 2
* G2 elements in proof: 1
* Proof size in bits: 1019
* Cached h poly size: 575
* UVC Prove step 16
* Elements of w skipped: 0 (0.00%)
* Elements of w processed with special addition: 1 (1.52%)
* Elements of w remaining: 65 (98.48%)
* Elements of w skipped: 0 (0.00%)
* Elements of w processed with special addition: 1 (3.03%)
* Elements of w remaining: 32 (96.97%)
* Elements of w skipped: 0 (0.00%)
* Elements of w processed with special addition: 1 (1.52%)
* Elements of w remaining: 65 (98.48%)
* UVC proof at step 16
* G1 elements in proof: 2
* G2 elements in proof: 1
* Proof size in bits: 1019
* Cached h poly size: 575
* UVC Prove step 16
* Elements of w skipped: 0 (0.00%)
* Elements of w processed with special addition: 1 (1.52%)
* Elements of w remaining: 65 (98.48%)
* Elements of w skipped: 0 (0.00%)
* Elements of w processed with special addition: 1 (3.03%)
* Elements of w remaining: 32 (96.97%)
* Elements of w skipped: 0 (0.00%)
* Elements of w processed with special addition: 1 (1.52%)
* Elements of w remaining: 65 (98.48%)
* UVC proof at step 16
* G1 elements in proof: 2
* G2 elements in proof: 1
* Proof size in bits: 1019
* Cached h poly size: 575
* UVC Verify step 16: PASS
* UVC Verify step 16: PASS
* UVC Verify step 16: PASS
* UVC Verify step 16: PASS
* UVC Verify step 16: PASS
* UVC Verify step 16: PASS
* UVC Verify step 16: PASS
* UVC Verify step 16: PASS
* UVC Verify step 16: PASS
* UVC Verify step 16: PASS
  16      31.23         2.75          1019          PASS      

  UVC results written to /Users/heewonchung/Documents/00-Research/active/Updatable Verifiable Computation/Dev/results/2026-03-09_201110_iot/csv/uvc_results.csv

================================================================
Groth16 Benchmark: circuit=sensor_fusion, n=32, B=16
================================================================

  Step    C_j constr  Setup (ms)    Prove (ms)    Verify (ms)   Verified  
  ------  ----------  ------------  ------------  ------------  ----------
* Composed C_1: 33 constraints, 67 variables, 34 inputs
* QAP number of variables: 67
* QAP pre degree: 33
* QAP degree: 68
* QAP number of input variables: 34
* G1 window: 6
* G2 window: 4
* G1 elements in PK: 237
* Non-zero G1 elements in PK: 202
* G2 elements in PK: 69
* Non-zero G2 elements in PK: 34
* PK size in bits: 70928
* G1 elements in VK: 34
* G2 elements in VK: 2
* GT elements in VK: 1
* VK size in bits: 12119
* Elements of w skipped: 1 (1.47%)
* Elements of w processed with special addition: 3 (4.41%)
* Elements of w remaining: 64 (94.12%)
* Elements of w skipped: 0 (0.00%)
* Elements of w processed with special addition: 2 (6.06%)
* Elements of w remaining: 31 (93.94%)
* Elements of w skipped: 0 (0.00%)
* Elements of w processed with special addition: 0 (0.00%)
* Elements of w remaining: 33 (100.00%)
* G1 elements in proof: 2
* G2 elements in proof: 1
* Proof size in bits: 1019
* Elements of w skipped: 1 (1.47%)
* Elements of w processed with special addition: 3 (4.41%)
* Elements of w remaining: 64 (94.12%)
* Elements of w skipped: 0 (0.00%)
* Elements of w processed with special addition: 2 (6.06%)
* Elements of w remaining: 31 (93.94%)
* Elements of w skipped: 0 (0.00%)
* Elements of w processed with special addition: 0 (0.00%)
* Elements of w remaining: 33 (100.00%)
* G1 elements in proof: 2
* G2 elements in proof: 1
* Proof size in bits: 1019
* Elements of w skipped: 1 (1.47%)
* Elements of w processed with special addition: 3 (4.41%)
* Elements of w remaining: 64 (94.12%)
* Elements of w skipped: 0 (0.00%)
* Elements of w processed with special addition: 2 (6.06%)
* Elements of w remaining: 31 (93.94%)
* Elements of w skipped: 0 (0.00%)
* Elements of w processed with special addition: 0 (0.00%)
* Elements of w remaining: 33 (100.00%)
* G1 elements in proof: 2
* G2 elements in proof: 1
* Proof size in bits: 1019
* Elements of w skipped: 1 (1.47%)
* Elements of w processed with special addition: 3 (4.41%)
* Elements of w remaining: 64 (94.12%)
* Elements of w skipped: 0 (0.00%)
* Elements of w processed with special addition: 2 (6.06%)
* Elements of w remaining: 31 (93.94%)
* Elements of w skipped: 0 (0.00%)
* Elements of w processed with special addition: 0 (0.00%)
* Elements of w remaining: 33 (100.00%)
* G1 elements in proof: 2
* G2 elements in proof: 1
* Proof size in bits: 1019
* Elements of w skipped: 1 (1.47%)
* Elements of w processed with special addition: 3 (4.41%)
* Elements of w remaining: 64 (94.12%)
* Elements of w skipped: 0 (0.00%)
* Elements of w processed with special addition: 2 (6.06%)
* Elements of w remaining: 31 (93.94%)
* Elements of w skipped: 0 (0.00%)
* Elements of w processed with special addition: 0 (0.00%)
* Elements of w remaining: 33 (100.00%)
* G1 elements in proof: 2
* G2 elements in proof: 1
* Proof size in bits: 1019
* Elements of w skipped: 1 (1.47%)
* Elements of w processed with special addition: 3 (4.41%)
* Elements of w remaining: 64 (94.12%)
* Elements of w skipped: 0 (0.00%)
* Elements of w processed with special addition: 2 (6.06%)
* Elements of w remaining: 31 (93.94%)
* Elements of w skipped: 0 (0.00%)
* Elements of w processed with special addition: 0 (0.00%)
* Elements of w remaining: 33 (100.00%)
* G1 elements in proof: 2
* G2 elements in proof: 1
* Proof size in bits: 1019
* Elements of w skipped: 1 (1.47%)
* Elements of w processed with special addition: 3 (4.41%)
* Elements of w remaining: 64 (94.12%)
* Elements of w skipped: 0 (0.00%)
* Elements of w processed with special addition: 2 (6.06%)
* Elements of w remaining: 31 (93.94%)
* Elements of w skipped: 0 (0.00%)
* Elements of w processed with special addition: 0 (0.00%)
* Elements of w remaining: 33 (100.00%)
* G1 elements in proof: 2
* G2 elements in proof: 1
* Proof size in bits: 1019
* Elements of w skipped: 1 (1.47%)
* Elements of w processed with special addition: 3 (4.41%)
* Elements of w remaining: 64 (94.12%)
* Elements of w skipped: 0 (0.00%)
* Elements of w processed with special addition: 2 (6.06%)
* Elements of w remaining: 31 (93.94%)
* Elements of w skipped: 0 (0.00%)
* Elements of w processed with special addition: 0 (0.00%)
* Elements of w remaining: 33 (100.00%)
* G1 elements in proof: 2
* G2 elements in proof: 1
* Proof size in bits: 1019
* Elements of w skipped: 1 (1.47%)
* Elements of w processed with special addition: 3 (4.41%)
* Elements of w remaining: 64 (94.12%)
* Elements of w skipped: 0 (0.00%)
* Elements of w processed with special addition: 2 (6.06%)
* Elements of w remaining: 31 (93.94%)
* Elements of w skipped: 0 (0.00%)
* Elements of w processed with special addition: 0 (0.00%)
* Elements of w remaining: 33 (100.00%)
* G1 elements in proof: 2
* G2 elements in proof: 1
* Proof size in bits: 1019
* Elements of w skipped: 1 (1.47%)
* Elements of w processed with special addition: 3 (4.41%)
* Elements of w remaining: 64 (94.12%)
* Elements of w skipped: 0 (0.00%)
* Elements of w processed with special addition: 2 (6.06%)
* Elements of w remaining: 31 (93.94%)
* Elements of w skipped: 0 (0.00%)
* Elements of w processed with special addition: 0 (0.00%)
* Elements of w remaining: 33 (100.00%)
* G1 elements in proof: 2
* G2 elements in proof: 1
* Proof size in bits: 1019
  1       33          25.9          8.83          2.69          PASS      
* Composed C_2: 66 constraints, 133 variables, 34 inputs
* QAP number of variables: 133
* QAP pre degree: 66
* QAP degree: 128
* QAP number of input variables: 34
* G1 window: 6
* G2 window: 5
* G1 elements in PK: 495
* Non-zero G1 elements in PK: 427
* G2 elements in PK: 135
* Non-zero G2 elements in PK: 67
* PK size in bits: 147212
* G1 elements in VK: 34
* G2 elements in VK: 2
* GT elements in VK: 1
* VK size in bits: 12119
* Elements of w skipped: 1 (0.75%)
* Elements of w processed with special addition: 4 (2.99%)
* Elements of w remaining: 129 (96.27%)
* Elements of w skipped: 0 (0.00%)
* Elements of w processed with special addition: 3 (4.55%)
* Elements of w remaining: 63 (95.45%)
* Elements of w skipped: 0 (0.00%)
* Elements of w processed with special addition: 1 (1.01%)
* Elements of w remaining: 98 (98.99%)
* G1 elements in proof: 2
* G2 elements in proof: 1
* Proof size in bits: 1019
* Elements of w skipped: 1 (0.75%)
* Elements of w processed with special addition: 4 (2.99%)
* Elements of w remaining: 129 (96.27%)
* Elements of w skipped: 0 (0.00%)
* Elements of w processed with special addition: 3 (4.55%)
* Elements of w remaining: 63 (95.45%)
* Elements of w skipped: 0 (0.00%)
* Elements of w processed with special addition: 1 (1.01%)
* Elements of w remaining: 98 (98.99%)
* G1 elements in proof: 2
* G2 elements in proof: 1
* Proof size in bits: 1019
* Elements of w skipped: 1 (0.75%)
* Elements of w processed with special addition: 4 (2.99%)
* Elements of w remaining: 129 (96.27%)
* Elements of w skipped: 0 (0.00%)
* Elements of w processed with special addition: 3 (4.55%)
* Elements of w remaining: 63 (95.45%)
* Elements of w skipped: 0 (0.00%)
* Elements of w processed with special addition: 1 (1.01%)
* Elements of w remaining: 98 (98.99%)
* G1 elements in proof: 2
* G2 elements in proof: 1
* Proof size in bits: 1019
* Elements of w skipped: 1 (0.75%)
* Elements of w processed with special addition: 4 (2.99%)
* Elements of w remaining: 129 (96.27%)
* Elements of w skipped: 0 (0.00%)
* Elements of w processed with special addition: 3 (4.55%)
* Elements of w remaining: 63 (95.45%)
* Elements of w skipped: 0 (0.00%)
* Elements of w processed with special addition: 1 (1.01%)
* Elements of w remaining: 98 (98.99%)
* G1 elements in proof: 2
* G2 elements in proof: 1
* Proof size in bits: 1019
* Elements of w skipped: 1 (0.75%)
* Elements of w processed with special addition: 4 (2.99%)
* Elements of w remaining: 129 (96.27%)
* Elements of w skipped: 0 (0.00%)
* Elements of w processed with special addition: 3 (4.55%)
* Elements of w remaining: 63 (95.45%)
* Elements of w skipped: 0 (0.00%)
* Elements of w processed with special addition: 1 (1.01%)
* Elements of w remaining: 98 (98.99%)
* G1 elements in proof: 2
* G2 elements in proof: 1
* Proof size in bits: 1019
* Elements of w skipped: 1 (0.75%)
* Elements of w processed with special addition: 4 (2.99%)
* Elements of w remaining: 129 (96.27%)
* Elements of w skipped: 0 (0.00%)
* Elements of w processed with special addition: 3 (4.55%)
* Elements of w remaining: 63 (95.45%)
* Elements of w skipped: 0 (0.00%)
* Elements of w processed with special addition: 1 (1.01%)
* Elements of w remaining: 98 (98.99%)
* G1 elements in proof: 2
* G2 elements in proof: 1
* Proof size in bits: 1019
* Elements of w skipped: 1 (0.75%)
* Elements of w processed with special addition: 4 (2.99%)
* Elements of w remaining: 129 (96.27%)
* Elements of w skipped: 0 (0.00%)
* Elements of w processed with special addition: 3 (4.55%)
* Elements of w remaining: 63 (95.45%)
* Elements of w skipped: 0 (0.00%)
* Elements of w processed with special addition: 1 (1.01%)
* Elements of w remaining: 98 (98.99%)
* G1 elements in proof: 2
* G2 elements in proof: 1
* Proof size in bits: 1019
* Elements of w skipped: 1 (0.75%)
* Elements of w processed with special addition: 4 (2.99%)
* Elements of w remaining: 129 (96.27%)
* Elements of w skipped: 0 (0.00%)
* Elements of w processed with special addition: 3 (4.55%)
* Elements of w remaining: 63 (95.45%)
* Elements of w skipped: 0 (0.00%)
* Elements of w processed with special addition: 1 (1.01%)
* Elements of w remaining: 98 (98.99%)
* G1 elements in proof: 2
* G2 elements in proof: 1
* Proof size in bits: 1019
* Elements of w skipped: 1 (0.75%)
* Elements of w processed with special addition: 4 (2.99%)
* Elements of w remaining: 129 (96.27%)
* Elements of w skipped: 0 (0.00%)
* Elements of w processed with special addition: 3 (4.55%)
* Elements of w remaining: 63 (95.45%)
* Elements of w skipped: 0 (0.00%)
* Elements of w processed with special addition: 1 (1.01%)
* Elements of w remaining: 98 (98.99%)
* G1 elements in proof: 2
* G2 elements in proof: 1
* Proof size in bits: 1019
* Elements of w skipped: 1 (0.75%)
* Elements of w processed with special addition: 4 (2.99%)
* Elements of w remaining: 129 (96.27%)
* Elements of w skipped: 0 (0.00%)
* Elements of w processed with special addition: 3 (4.55%)
* Elements of w remaining: 63 (95.45%)
* Elements of w skipped: 0 (0.00%)
* Elements of w processed with special addition: 1 (1.01%)
* Elements of w remaining: 98 (98.99%)
* G1 elements in proof: 2
* G2 elements in proof: 1
* Proof size in bits: 1019
  2       66          39.0          14.54         2.69          PASS      
* Composed C_4: 132 constraints, 265 variables, 34 inputs
* QAP number of variables: 265
* QAP pre degree: 132
* QAP degree: 192
* QAP number of input variables: 34
* G1 window: 7
* G2 window: 5
* G1 elements in PK: 955
* Non-zero G1 elements in PK: 821
* G2 elements in PK: 267
* Non-zero G2 elements in PK: 133
* PK size in bits: 285500
* G1 elements in VK: 34
* G2 elements in VK: 2
* GT elements in VK: 1
* VK size in bits: 12119
* Elements of w skipped: 1 (0.38%)
* Elements of w processed with special addition: 6 (2.26%)
* Elements of w remaining: 259 (97.37%)
* Elements of w skipped: 0 (0.00%)
* Elements of w processed with special addition: 5 (3.79%)
* Elements of w remaining: 127 (96.21%)
* Elements of w skipped: 0 (0.00%)
* Elements of w processed with special addition: 3 (1.30%)
* Elements of w remaining: 228 (98.70%)
* G1 elements in proof: 2
* G2 elements in proof: 1
* Proof size in bits: 1019
* Elements of w skipped: 1 (0.38%)
* Elements of w processed with special addition: 6 (2.26%)
* Elements of w remaining: 259 (97.37%)
* Elements of w skipped: 0 (0.00%)
* Elements of w processed with special addition: 5 (3.79%)
* Elements of w remaining: 127 (96.21%)
* Elements of w skipped: 0 (0.00%)
* Elements of w processed with special addition: 3 (1.30%)
* Elements of w remaining: 228 (98.70%)
* G1 elements in proof: 2
* G2 elements in proof: 1
* Proof size in bits: 1019
* Elements of w skipped: 1 (0.38%)
* Elements of w processed with special addition: 6 (2.26%)
* Elements of w remaining: 259 (97.37%)
* Elements of w skipped: 0 (0.00%)
* Elements of w processed with special addition: 5 (3.79%)
* Elements of w remaining: 127 (96.21%)
* Elements of w skipped: 0 (0.00%)
* Elements of w processed with special addition: 3 (1.30%)
* Elements of w remaining: 228 (98.70%)
* G1 elements in proof: 2
* G2 elements in proof: 1
* Proof size in bits: 1019
* Elements of w skipped: 1 (0.38%)
* Elements of w processed with special addition: 6 (2.26%)
* Elements of w remaining: 259 (97.37%)
* Elements of w skipped: 0 (0.00%)
* Elements of w processed with special addition: 5 (3.79%)
* Elements of w remaining: 127 (96.21%)
* Elements of w skipped: 0 (0.00%)
* Elements of w processed with special addition: 3 (1.30%)
* Elements of w remaining: 228 (98.70%)
* G1 elements in proof: 2
* G2 elements in proof: 1
* Proof size in bits: 1019
* Elements of w skipped: 1 (0.38%)
* Elements of w processed with special addition: 6 (2.26%)
* Elements of w remaining: 259 (97.37%)
* Elements of w skipped: 0 (0.00%)
* Elements of w processed with special addition: 5 (3.79%)
* Elements of w remaining: 127 (96.21%)
* Elements of w skipped: 0 (0.00%)
* Elements of w processed with special addition: 3 (1.30%)
* Elements of w remaining: 228 (98.70%)
* G1 elements in proof: 2
* G2 elements in proof: 1
* Proof size in bits: 1019
* Elements of w skipped: 1 (0.38%)
* Elements of w processed with special addition: 6 (2.26%)
* Elements of w remaining: 259 (97.37%)
* Elements of w skipped: 0 (0.00%)
* Elements of w processed with special addition: 5 (3.79%)
* Elements of w remaining: 127 (96.21%)
* Elements of w skipped: 0 (0.00%)
* Elements of w processed with special addition: 3 (1.30%)
* Elements of w remaining: 228 (98.70%)
* G1 elements in proof: 2
* G2 elements in proof: 1
* Proof size in bits: 1019
* Elements of w skipped: 1 (0.38%)
* Elements of w processed with special addition: 6 (2.26%)
* Elements of w remaining: 259 (97.37%)
* Elements of w skipped: 0 (0.00%)
* Elements of w processed with special addition: 5 (3.79%)
* Elements of w remaining: 127 (96.21%)
* Elements of w skipped: 0 (0.00%)
* Elements of w processed with special addition: 3 (1.30%)
* Elements of w remaining: 228 (98.70%)
* G1 elements in proof: 2
* G2 elements in proof: 1
* Proof size in bits: 1019
* Elements of w skipped: 1 (0.38%)
* Elements of w processed with special addition: 6 (2.26%)
* Elements of w remaining: 259 (97.37%)
* Elements of w skipped: 0 (0.00%)
* Elements of w processed with special addition: 5 (3.79%)
* Elements of w remaining: 127 (96.21%)
* Elements of w skipped: 0 (0.00%)
* Elements of w processed with special addition: 3 (1.30%)
* Elements of w remaining: 228 (98.70%)
* G1 elements in proof: 2
* G2 elements in proof: 1
* Proof size in bits: 1019
* Elements of w skipped: 1 (0.38%)
* Elements of w processed with special addition: 6 (2.26%)
* Elements of w remaining: 259 (97.37%)
* Elements of w skipped: 0 (0.00%)
* Elements of w processed with special addition: 5 (3.79%)
* Elements of w remaining: 127 (96.21%)
* Elements of w skipped: 0 (0.00%)
* Elements of w processed with special addition: 3 (1.30%)
* Elements of w remaining: 228 (98.70%)
* G1 elements in proof: 2
* G2 elements in proof: 1
* Proof size in bits: 1019
* Elements of w skipped: 1 (0.38%)
* Elements of w processed with special addition: 6 (2.26%)
* Elements of w remaining: 259 (97.37%)
* Elements of w skipped: 0 (0.00%)
* Elements of w processed with special addition: 5 (3.79%)
* Elements of w remaining: 127 (96.21%)
* Elements of w skipped: 0 (0.00%)
* Elements of w processed with special addition: 3 (1.30%)
* Elements of w remaining: 228 (98.70%)
* G1 elements in proof: 2
* G2 elements in proof: 1
* Proof size in bits: 1019
  4       132         65.8          21.14         2.74          PASS      
* Composed C_8: 264 constraints, 529 variables, 34 inputs
* QAP number of variables: 529
* QAP pre degree: 264
* QAP degree: 320
* QAP number of input variables: 34
* G1 window: 8
* G2 window: 6
* G1 elements in PK: 1875
* Non-zero G1 elements in PK: 1609
* G2 elements in PK: 531
* Non-zero G2 elements in PK: 265
* PK size in bits: 562076
* G1 elements in VK: 34
* G2 elements in VK: 2
* GT elements in VK: 1
* VK size in bits: 12119
* Elements of w skipped: 1 (0.19%)
* Elements of w processed with special addition: 10 (1.89%)
* Elements of w remaining: 519 (97.92%)
* Elements of w skipped: 0 (0.00%)
* Elements of w processed with special addition: 9 (3.41%)
* Elements of w remaining: 255 (96.59%)
* Elements of w skipped: 0 (0.00%)
* Elements of w processed with special addition: 7 (1.41%)
* Elements of w remaining: 488 (98.59%)
* G1 elements in proof: 2
* G2 elements in proof: 1
* Proof size in bits: 1019
* Elements of w skipped: 1 (0.19%)
* Elements of w processed with special addition: 10 (1.89%)
* Elements of w remaining: 519 (97.92%)
* Elements of w skipped: 0 (0.00%)
* Elements of w processed with special addition: 9 (3.41%)
* Elements of w remaining: 255 (96.59%)
* Elements of w skipped: 0 (0.00%)
* Elements of w processed with special addition: 7 (1.41%)
* Elements of w remaining: 488 (98.59%)
* G1 elements in proof: 2
* G2 elements in proof: 1
* Proof size in bits: 1019
* Elements of w skipped: 1 (0.19%)
* Elements of w processed with special addition: 10 (1.89%)
* Elements of w remaining: 519 (97.92%)
* Elements of w skipped: 0 (0.00%)
* Elements of w processed with special addition: 9 (3.41%)
* Elements of w remaining: 255 (96.59%)
* Elements of w skipped: 0 (0.00%)
* Elements of w processed with special addition: 7 (1.41%)
* Elements of w remaining: 488 (98.59%)
* G1 elements in proof: 2
* G2 elements in proof: 1
* Proof size in bits: 1019
* Elements of w skipped: 1 (0.19%)
* Elements of w processed with special addition: 10 (1.89%)
* Elements of w remaining: 519 (97.92%)
* Elements of w skipped: 0 (0.00%)
* Elements of w processed with special addition: 9 (3.41%)
* Elements of w remaining: 255 (96.59%)
* Elements of w skipped: 0 (0.00%)
* Elements of w processed with special addition: 7 (1.41%)
* Elements of w remaining: 488 (98.59%)
* G1 elements in proof: 2
* G2 elements in proof: 1
* Proof size in bits: 1019
* Elements of w skipped: 1 (0.19%)
* Elements of w processed with special addition: 10 (1.89%)
* Elements of w remaining: 519 (97.92%)
* Elements of w skipped: 0 (0.00%)
* Elements of w processed with special addition: 9 (3.41%)
* Elements of w remaining: 255 (96.59%)
* Elements of w skipped: 0 (0.00%)
* Elements of w processed with special addition: 7 (1.41%)
* Elements of w remaining: 488 (98.59%)
* G1 elements in proof: 2
* G2 elements in proof: 1
* Proof size in bits: 1019
* Elements of w skipped: 1 (0.19%)
* Elements of w processed with special addition: 10 (1.89%)
* Elements of w remaining: 519 (97.92%)
* Elements of w skipped: 0 (0.00%)
* Elements of w processed with special addition: 9 (3.41%)
* Elements of w remaining: 255 (96.59%)
* Elements of w skipped: 0 (0.00%)
* Elements of w processed with special addition: 7 (1.41%)
* Elements of w remaining: 488 (98.59%)
* G1 elements in proof: 2
* G2 elements in proof: 1
* Proof size in bits: 1019
* Elements of w skipped: 1 (0.19%)
* Elements of w processed with special addition: 10 (1.89%)
* Elements of w remaining: 519 (97.92%)
* Elements of w skipped: 0 (0.00%)
* Elements of w processed with special addition: 9 (3.41%)
* Elements of w remaining: 255 (96.59%)
* Elements of w skipped: 0 (0.00%)
* Elements of w processed with special addition: 7 (1.41%)
* Elements of w remaining: 488 (98.59%)
* G1 elements in proof: 2
* G2 elements in proof: 1
* Proof size in bits: 1019
* Elements of w skipped: 1 (0.19%)
* Elements of w processed with special addition: 10 (1.89%)
* Elements of w remaining: 519 (97.92%)
* Elements of w skipped: 0 (0.00%)
* Elements of w processed with special addition: 9 (3.41%)
* Elements of w remaining: 255 (96.59%)
* Elements of w skipped: 0 (0.00%)
* Elements of w processed with special addition: 7 (1.41%)
* Elements of w remaining: 488 (98.59%)
* G1 elements in proof: 2
* G2 elements in proof: 1
* Proof size in bits: 1019
* Elements of w skipped: 1 (0.19%)
* Elements of w processed with special addition: 10 (1.89%)
* Elements of w remaining: 519 (97.92%)
* Elements of w skipped: 0 (0.00%)
* Elements of w processed with special addition: 9 (3.41%)
* Elements of w remaining: 255 (96.59%)
* Elements of w skipped: 0 (0.00%)
* Elements of w processed with special addition: 7 (1.41%)
* Elements of w remaining: 488 (98.59%)
* G1 elements in proof: 2
* G2 elements in proof: 1
* Proof size in bits: 1019
* Elements of w skipped: 1 (0.19%)
* Elements of w processed with special addition: 10 (1.89%)
* Elements of w remaining: 519 (97.92%)
* Elements of w skipped: 0 (0.00%)
* Elements of w processed with special addition: 9 (3.41%)
* Elements of w remaining: 255 (96.59%)
* Elements of w skipped: 0 (0.00%)
* Elements of w processed with special addition: 7 (1.41%)
* Elements of w remaining: 488 (98.59%)
* G1 elements in proof: 2
* G2 elements in proof: 1
* Proof size in bits: 1019
  8       264         106.1         31.23         2.72          PASS      
* Composed C_16: 528 constraints, 1057 variables, 34 inputs
* QAP number of variables: 1057
* QAP pre degree: 528
* QAP degree: 576
* QAP number of input variables: 34
* G1 window: 8
* G2 window: 7
* G1 elements in PK: 3715
* Non-zero G1 elements in PK: 3185
* G2 elements in PK: 1059
* Non-zero G2 elements in PK: 529
* PK size in bits: 1115228
* G1 elements in VK: 34
* G2 elements in VK: 2
* GT elements in VK: 1
* VK size in bits: 12119
* Elements of w skipped: 1 (0.09%)
* Elements of w processed with special addition: 18 (1.70%)
* Elements of w remaining: 1039 (98.20%)
* Elements of w skipped: 0 (0.00%)
* Elements of w processed with special addition: 17 (3.22%)
* Elements of w remaining: 511 (96.78%)
* Elements of w skipped: 0 (0.00%)
* Elements of w processed with special addition: 15 (1.47%)
* Elements of w remaining: 1008 (98.53%)
* G1 elements in proof: 2
* G2 elements in proof: 1
* Proof size in bits: 1019
* Elements of w skipped: 1 (0.09%)
* Elements of w processed with special addition: 18 (1.70%)
* Elements of w remaining: 1039 (98.20%)
* Elements of w skipped: 0 (0.00%)
* Elements of w processed with special addition: 17 (3.22%)
* Elements of w remaining: 511 (96.78%)
* Elements of w skipped: 0 (0.00%)
* Elements of w processed with special addition: 15 (1.47%)
* Elements of w remaining: 1008 (98.53%)
* G1 elements in proof: 2
* G2 elements in proof: 1
* Proof size in bits: 1019
* Elements of w skipped: 1 (0.09%)
* Elements of w processed with special addition: 18 (1.70%)
* Elements of w remaining: 1039 (98.20%)
* Elements of w skipped: 0 (0.00%)
* Elements of w processed with special addition: 17 (3.22%)
* Elements of w remaining: 511 (96.78%)
* Elements of w skipped: 0 (0.00%)
* Elements of w processed with special addition: 15 (1.47%)
* Elements of w remaining: 1008 (98.53%)
* G1 elements in proof: 2
* G2 elements in proof: 1
* Proof size in bits: 1019
* Elements of w skipped: 1 (0.09%)
* Elements of w processed with special addition: 18 (1.70%)
* Elements of w remaining: 1039 (98.20%)
* Elements of w skipped: 0 (0.00%)
* Elements of w processed with special addition: 17 (3.22%)
* Elements of w remaining: 511 (96.78%)
* Elements of w skipped: 0 (0.00%)
* Elements of w processed with special addition: 15 (1.47%)
* Elements of w remaining: 1008 (98.53%)
* G1 elements in proof: 2
* G2 elements in proof: 1
* Proof size in bits: 1019
* Elements of w skipped: 1 (0.09%)
* Elements of w processed with special addition: 18 (1.70%)
* Elements of w remaining: 1039 (98.20%)
* Elements of w skipped: 0 (0.00%)
* Elements of w processed with special addition: 17 (3.22%)
* Elements of w remaining: 511 (96.78%)
* Elements of w skipped: 0 (0.00%)
* Elements of w processed with special addition: 15 (1.47%)
* Elements of w remaining: 1008 (98.53%)
* G1 elements in proof: 2
* G2 elements in proof: 1
* Proof size in bits: 1019
* Elements of w skipped: 1 (0.09%)
* Elements of w processed with special addition: 18 (1.70%)
* Elements of w remaining: 1039 (98.20%)
* Elements of w skipped: 0 (0.00%)
* Elements of w processed with special addition: 17 (3.22%)
* Elements of w remaining: 511 (96.78%)
* Elements of w skipped: 0 (0.00%)
* Elements of w processed with special addition: 15 (1.47%)
* Elements of w remaining: 1008 (98.53%)
* G1 elements in proof: 2
* G2 elements in proof: 1
* Proof size in bits: 1019
* Elements of w skipped: 1 (0.09%)
* Elements of w processed with special addition: 18 (1.70%)
* Elements of w remaining: 1039 (98.20%)
* Elements of w skipped: 0 (0.00%)
* Elements of w processed with special addition: 17 (3.22%)
* Elements of w remaining: 511 (96.78%)
* Elements of w skipped: 0 (0.00%)
* Elements of w processed with special addition: 15 (1.47%)
* Elements of w remaining: 1008 (98.53%)
* G1 elements in proof: 2
* G2 elements in proof: 1
* Proof size in bits: 1019
* Elements of w skipped: 1 (0.09%)
* Elements of w processed with special addition: 18 (1.70%)
* Elements of w remaining: 1039 (98.20%)
* Elements of w skipped: 0 (0.00%)
* Elements of w processed with special addition: 17 (3.22%)
* Elements of w remaining: 511 (96.78%)
* Elements of w skipped: 0 (0.00%)
* Elements of w processed with special addition: 15 (1.47%)
* Elements of w remaining: 1008 (98.53%)
* G1 elements in proof: 2
* G2 elements in proof: 1
* Proof size in bits: 1019
* Elements of w skipped: 1 (0.09%)
* Elements of w processed with special addition: 18 (1.70%)
* Elements of w remaining: 1039 (98.20%)
* Elements of w skipped: 0 (0.00%)
* Elements of w processed with special addition: 17 (3.22%)
* Elements of w remaining: 511 (96.78%)
* Elements of w skipped: 0 (0.00%)
* Elements of w processed with special addition: 15 (1.47%)
* Elements of w remaining: 1008 (98.53%)
* G1 elements in proof: 2
* G2 elements in proof: 1
* Proof size in bits: 1019
* Elements of w skipped: 1 (0.09%)
* Elements of w processed with special addition: 18 (1.70%)
* Elements of w remaining: 1039 (98.20%)
* Elements of w skipped: 0 (0.00%)
* Elements of w processed with special addition: 17 (3.22%)
* Elements of w remaining: 511 (96.78%)
* Elements of w skipped: 0 (0.00%)
* Elements of w processed with special addition: 15 (1.47%)
* Elements of w remaining: 1008 (98.53%)
* G1 elements in proof: 2
* G2 elements in proof: 1
* Proof size in bits: 1019
  16      528         209.3         54.45         2.71          PASS      

  Groth16 results written to /Users/heewonchung/Documents/00-Research/active/Updatable Verifiable Computation/Dev/results/2026-03-09_201110_iot/csv/groth16_results.csv

================================================================
All benchmarks complete.
================================================================
  Done in 4s

------------------------------------------------------------
  Running: [8/10] sensor_fusion K=32 B=64
  Command: bench_comparative --circuit sensor_fusion --n 32 --B 64 --output-dir /Users/heewonchung/Documents/00-Research/active/Updatable Verifiable Computation/Dev/results/2026-03-09_201110_iot/csv --reps 10
------------------------------------------------------------
================================================================
Comparative Benchmark: UVC vs Groth16
================================================================
  Circuit: sensor_fusion, n=32, B=64, reps=10
  Output: /Users/heewonchung/Documents/00-Research/active/Updatable Verifiable Computation/Dev/results/2026-03-09_201110_iot/csv/

================================================================
UVC Benchmark: circuit=sensor_fusion, n=32, B=64
================================================================
  Circuit: 33 constraints, 67 vars, state=1, transition=33

  [Setup] Generating CRS for B=64...
* UVC Setup: B=64, n=67, state=1, transition=33
* Composed C_64: 2112 constraints, 4225 variables, 34 inputs
* QAP (C_B) variables: 4225, degree: 2176, inputs: 34
* UVC max compositions (B): 64
* G1 elements in PK: 14819
* G2 elements in PK: 4227
* PK size in bits: 4503452
* H_query_full size: 2175
* Step 2: 66 new wires (0 io, 66 wt)
* Step 3: 66 new wires (0 io, 66 wt)
* Step 4: 66 new wires (0 io, 66 wt)
* Step 5: 66 new wires (0 io, 66 wt)
* Step 6: 66 new wires (0 io, 66 wt)
* Step 7: 66 new wires (0 io, 66 wt)
* Step 8: 66 new wires (0 io, 66 wt)
* Step 9: 66 new wires (0 io, 66 wt)
* Step 10: 66 new wires (0 io, 66 wt)
* Step 11: 66 new wires (0 io, 66 wt)
* Step 12: 66 new wires (0 io, 66 wt)
* Step 13: 66 new wires (0 io, 66 wt)
* Step 14: 66 new wires (0 io, 66 wt)
* Step 15: 66 new wires (0 io, 66 wt)
* Step 16: 66 new wires (0 io, 66 wt)
* Step 17: 66 new wires (0 io, 66 wt)
* Step 18: 66 new wires (0 io, 66 wt)
* Step 19: 66 new wires (0 io, 66 wt)
* Step 20: 66 new wires (0 io, 66 wt)
* Step 21: 66 new wires (0 io, 66 wt)
* Step 22: 66 new wires (0 io, 66 wt)
* Step 23: 66 new wires (0 io, 66 wt)
* Step 24: 66 new wires (0 io, 66 wt)
* Step 25: 66 new wires (0 io, 66 wt)
* Step 26: 66 new wires (0 io, 66 wt)
* Step 27: 66 new wires (0 io, 66 wt)
* Step 28: 66 new wires (0 io, 66 wt)
* Step 29: 66 new wires (0 io, 66 wt)
* Step 30: 66 new wires (0 io, 66 wt)
* Step 31: 66 new wires (0 io, 66 wt)
* Step 32: 66 new wires (0 io, 66 wt)
* Step 33: 66 new wires (0 io, 66 wt)
* Step 34: 66 new wires (0 io, 66 wt)
* Step 35: 66 new wires (0 io, 66 wt)
* Step 36: 66 new wires (0 io, 66 wt)
* Step 37: 66 new wires (0 io, 66 wt)
* Step 38: 66 new wires (0 io, 66 wt)
* Step 39: 66 new wires (0 io, 66 wt)
* Step 40: 66 new wires (0 io, 66 wt)
* Step 41: 66 new wires (0 io, 66 wt)
* Step 42: 66 new wires (0 io, 66 wt)
* Step 43: 66 new wires (0 io, 66 wt)
* Step 44: 66 new wires (0 io, 66 wt)
* Step 45: 66 new wires (0 io, 66 wt)
* Step 46: 66 new wires (0 io, 66 wt)
* Step 47: 66 new wires (0 io, 66 wt)
* Step 48: 66 new wires (0 io, 66 wt)
* Step 49: 66 new wires (0 io, 66 wt)
* Step 50: 66 new wires (0 io, 66 wt)
* Step 51: 66 new wires (0 io, 66 wt)
* Step 52: 66 new wires (0 io, 66 wt)
* Step 53: 66 new wires (0 io, 66 wt)
* Step 54: 66 new wires (0 io, 66 wt)
* Step 55: 66 new wires (0 io, 66 wt)
* Step 56: 66 new wires (0 io, 66 wt)
* Step 57: 66 new wires (0 io, 66 wt)
* Step 58: 66 new wires (0 io, 66 wt)
* Step 59: 66 new wires (0 io, 66 wt)
* Step 60: 66 new wires (0 io, 66 wt)
* Step 61: 66 new wires (0 io, 66 wt)
* Step 62: 66 new wires (0 io, 66 wt)
* Step 63: 66 new wires (0 io, 66 wt)
* Step 64: 66 new wires (0 io, 66 wt)
* UVC VK: 64 max steps
* G2 elements in VK: 2
* GT elements in VK: 1
* gamma_ABC size: 34
  Setup: 543.4 ms, CRS: 18910 G1 + 8386 G2
  Building proof chain (steps 1..64)...
* UVC Prove step 1
* Elements of w skipped: 1 (1.47%)
* Elements of w processed with special addition: 3 (4.41%)
* Elements of w remaining: 64 (94.12%)
* Elements of w skipped: 1 (2.86%)
* Elements of w processed with special addition: 1 (2.86%)
* Elements of w remaining: 33 (94.29%)
* Elements of w skipped: 0 (0.00%)
* Elements of w processed with special addition: 0 (0.00%)
* Elements of w remaining: 33 (100.00%)
* UVC proof at step 1
* G1 elements in proof: 2
* G2 elements in proof: 1
* Proof size in bits: 1019
* Cached h poly size: 2175
* UVC Prove step 2
* Elements of w skipped: 0 (0.00%)
* Elements of w processed with special addition: 1 (1.52%)
* Elements of w remaining: 65 (98.48%)
* Elements of w skipped: 0 (0.00%)
* Elements of w processed with special addition: 1 (2.94%)
* Elements of w remaining: 33 (97.06%)
* Elements of w skipped: 0 (0.00%)
* Elements of w processed with special addition: 1 (1.52%)
* Elements of w remaining: 65 (98.48%)
* UVC proof at step 2
* G1 elements in proof: 2
* G2 elements in proof: 1
* Proof size in bits: 1019
* Cached h poly size: 2175
* UVC Prove step 3
* Elements of w skipped: 0 (0.00%)
* Elements of w processed with special addition: 1 (1.52%)
* Elements of w remaining: 65 (98.48%)
* Elements of w skipped: 0 (0.00%)
* Elements of w processed with special addition: 1 (2.94%)
* Elements of w remaining: 33 (97.06%)
* Elements of w skipped: 0 (0.00%)
* Elements of w processed with special addition: 1 (1.52%)
* Elements of w remaining: 65 (98.48%)
* UVC proof at step 3
* G1 elements in proof: 2
* G2 elements in proof: 1
* Proof size in bits: 1019
* Cached h poly size: 2175
* UVC Prove step 4
* Elements of w skipped: 0 (0.00%)
* Elements of w processed with special addition: 1 (1.52%)
* Elements of w remaining: 65 (98.48%)
* Elements of w skipped: 0 (0.00%)
* Elements of w processed with special addition: 1 (2.94%)
* Elements of w remaining: 33 (97.06%)
* Elements of w skipped: 0 (0.00%)
* Elements of w processed with special addition: 1 (1.52%)
* Elements of w remaining: 65 (98.48%)
* UVC proof at step 4
* G1 elements in proof: 2
* G2 elements in proof: 1
* Proof size in bits: 1019
* Cached h poly size: 2175
* UVC Prove step 5
* Elements of w skipped: 0 (0.00%)
* Elements of w processed with special addition: 1 (1.52%)
* Elements of w remaining: 65 (98.48%)
* Elements of w skipped: 0 (0.00%)
* Elements of w processed with special addition: 1 (2.94%)
* Elements of w remaining: 33 (97.06%)
* Elements of w skipped: 0 (0.00%)
* Elements of w processed with special addition: 1 (1.52%)
* Elements of w remaining: 65 (98.48%)
* UVC proof at step 5
* G1 elements in proof: 2
* G2 elements in proof: 1
* Proof size in bits: 1019
* Cached h poly size: 2175
* UVC Prove step 6
* Elements of w skipped: 0 (0.00%)
* Elements of w processed with special addition: 1 (1.52%)
* Elements of w remaining: 65 (98.48%)
* Elements of w skipped: 0 (0.00%)
* Elements of w processed with special addition: 1 (2.94%)
* Elements of w remaining: 33 (97.06%)
* Elements of w skipped: 0 (0.00%)
* Elements of w processed with special addition: 1 (1.52%)
* Elements of w remaining: 65 (98.48%)
* UVC proof at step 6
* G1 elements in proof: 2
* G2 elements in proof: 1
* Proof size in bits: 1019
* Cached h poly size: 2175
* UVC Prove step 7
* Elements of w skipped: 0 (0.00%)
* Elements of w processed with special addition: 1 (1.52%)
* Elements of w remaining: 65 (98.48%)
* Elements of w skipped: 0 (0.00%)
* Elements of w processed with special addition: 1 (2.94%)
* Elements of w remaining: 33 (97.06%)
* Elements of w skipped: 0 (0.00%)
* Elements of w processed with special addition: 1 (1.52%)
* Elements of w remaining: 65 (98.48%)
* UVC proof at step 7
* G1 elements in proof: 2
* G2 elements in proof: 1
* Proof size in bits: 1019
* Cached h poly size: 2175
* UVC Prove step 8
* Elements of w skipped: 0 (0.00%)
* Elements of w processed with special addition: 1 (1.52%)
* Elements of w remaining: 65 (98.48%)
* Elements of w skipped: 0 (0.00%)
* Elements of w processed with special addition: 1 (2.94%)
* Elements of w remaining: 33 (97.06%)
* Elements of w skipped: 0 (0.00%)
* Elements of w processed with special addition: 1 (1.52%)
* Elements of w remaining: 65 (98.48%)
* UVC proof at step 8
* G1 elements in proof: 2
* G2 elements in proof: 1
* Proof size in bits: 1019
* Cached h poly size: 2175
* UVC Prove step 9
* Elements of w skipped: 0 (0.00%)
* Elements of w processed with special addition: 1 (1.52%)
* Elements of w remaining: 65 (98.48%)
* Elements of w skipped: 0 (0.00%)
* Elements of w processed with special addition: 1 (2.94%)
* Elements of w remaining: 33 (97.06%)
* Elements of w skipped: 0 (0.00%)
* Elements of w processed with special addition: 1 (1.52%)
* Elements of w remaining: 65 (98.48%)
* UVC proof at step 9
* G1 elements in proof: 2
* G2 elements in proof: 1
* Proof size in bits: 1019
* Cached h poly size: 2175
* UVC Prove step 10
* Elements of w skipped: 0 (0.00%)
* Elements of w processed with special addition: 1 (1.52%)
* Elements of w remaining: 65 (98.48%)
* Elements of w skipped: 0 (0.00%)
* Elements of w processed with special addition: 1 (2.94%)
* Elements of w remaining: 33 (97.06%)
* Elements of w skipped: 0 (0.00%)
* Elements of w processed with special addition: 1 (1.52%)
* Elements of w remaining: 65 (98.48%)
* UVC proof at step 10
* G1 elements in proof: 2
* G2 elements in proof: 1
* Proof size in bits: 1019
* Cached h poly size: 2175
* UVC Prove step 11
* Elements of w skipped: 0 (0.00%)
* Elements of w processed with special addition: 1 (1.52%)
* Elements of w remaining: 65 (98.48%)
* Elements of w skipped: 0 (0.00%)
* Elements of w processed with special addition: 1 (2.94%)
* Elements of w remaining: 33 (97.06%)
* Elements of w skipped: 0 (0.00%)
* Elements of w processed with special addition: 1 (1.52%)
* Elements of w remaining: 65 (98.48%)
* UVC proof at step 11
* G1 elements in proof: 2
* G2 elements in proof: 1
* Proof size in bits: 1019
* Cached h poly size: 2175
* UVC Prove step 12
* Elements of w skipped: 0 (0.00%)
* Elements of w processed with special addition: 1 (1.52%)
* Elements of w remaining: 65 (98.48%)
* Elements of w skipped: 0 (0.00%)
* Elements of w processed with special addition: 1 (2.94%)
* Elements of w remaining: 33 (97.06%)
* Elements of w skipped: 0 (0.00%)
* Elements of w processed with special addition: 1 (1.52%)
* Elements of w remaining: 65 (98.48%)
* UVC proof at step 12
* G1 elements in proof: 2
* G2 elements in proof: 1
* Proof size in bits: 1019
* Cached h poly size: 2175
* UVC Prove step 13
* Elements of w skipped: 0 (0.00%)
* Elements of w processed with special addition: 1 (1.52%)
* Elements of w remaining: 65 (98.48%)
* Elements of w skipped: 0 (0.00%)
* Elements of w processed with special addition: 1 (2.94%)
* Elements of w remaining: 33 (97.06%)
* Elements of w skipped: 0 (0.00%)
* Elements of w processed with special addition: 1 (1.52%)
* Elements of w remaining: 65 (98.48%)
* UVC proof at step 13
* G1 elements in proof: 2
* G2 elements in proof: 1
* Proof size in bits: 1019
* Cached h poly size: 2175
* UVC Prove step 14
* Elements of w skipped: 0 (0.00%)
* Elements of w processed with special addition: 1 (1.52%)
* Elements of w remaining: 65 (98.48%)
* Elements of w skipped: 0 (0.00%)
* Elements of w processed with special addition: 1 (2.94%)
* Elements of w remaining: 33 (97.06%)
* Elements of w skipped: 0 (0.00%)
* Elements of w processed with special addition: 1 (1.52%)
* Elements of w remaining: 65 (98.48%)
* UVC proof at step 14
* G1 elements in proof: 2
* G2 elements in proof: 1
* Proof size in bits: 1019
* Cached h poly size: 2175
* UVC Prove step 15
* Elements of w skipped: 0 (0.00%)
* Elements of w processed with special addition: 1 (1.52%)
* Elements of w remaining: 65 (98.48%)
* Elements of w skipped: 0 (0.00%)
* Elements of w processed with special addition: 1 (2.94%)
* Elements of w remaining: 33 (97.06%)
* Elements of w skipped: 0 (0.00%)
* Elements of w processed with special addition: 1 (1.52%)
* Elements of w remaining: 65 (98.48%)
* UVC proof at step 15
* G1 elements in proof: 2
* G2 elements in proof: 1
* Proof size in bits: 1019
* Cached h poly size: 2175
* UVC Prove step 16
* Elements of w skipped: 0 (0.00%)
* Elements of w processed with special addition: 1 (1.52%)
* Elements of w remaining: 65 (98.48%)
* Elements of w skipped: 0 (0.00%)
* Elements of w processed with special addition: 1 (2.94%)
* Elements of w remaining: 33 (97.06%)
* Elements of w skipped: 0 (0.00%)
* Elements of w processed with special addition: 1 (1.52%)
* Elements of w remaining: 65 (98.48%)
* UVC proof at step 16
* G1 elements in proof: 2
* G2 elements in proof: 1
* Proof size in bits: 1019
* Cached h poly size: 2175
* UVC Prove step 17
* Elements of w skipped: 0 (0.00%)
* Elements of w processed with special addition: 1 (1.52%)
* Elements of w remaining: 65 (98.48%)
* Elements of w skipped: 0 (0.00%)
* Elements of w processed with special addition: 1 (2.94%)
* Elements of w remaining: 33 (97.06%)
* Elements of w skipped: 0 (0.00%)
* Elements of w processed with special addition: 1 (1.52%)
* Elements of w remaining: 65 (98.48%)
* UVC proof at step 17
* G1 elements in proof: 2
* G2 elements in proof: 1
* Proof size in bits: 1019
* Cached h poly size: 2175
* UVC Prove step 18
* Elements of w skipped: 0 (0.00%)
* Elements of w processed with special addition: 1 (1.52%)
* Elements of w remaining: 65 (98.48%)
* Elements of w skipped: 0 (0.00%)
* Elements of w processed with special addition: 1 (2.94%)
* Elements of w remaining: 33 (97.06%)
* Elements of w skipped: 0 (0.00%)
* Elements of w processed with special addition: 1 (1.52%)
* Elements of w remaining: 65 (98.48%)
* UVC proof at step 18
* G1 elements in proof: 2
* G2 elements in proof: 1
* Proof size in bits: 1019
* Cached h poly size: 2175
* UVC Prove step 19
* Elements of w skipped: 0 (0.00%)
* Elements of w processed with special addition: 1 (1.52%)
* Elements of w remaining: 65 (98.48%)
* Elements of w skipped: 0 (0.00%)
* Elements of w processed with special addition: 1 (2.94%)
* Elements of w remaining: 33 (97.06%)
* Elements of w skipped: 0 (0.00%)
* Elements of w processed with special addition: 1 (1.52%)
* Elements of w remaining: 65 (98.48%)
* UVC proof at step 19
* G1 elements in proof: 2
* G2 elements in proof: 1
* Proof size in bits: 1019
* Cached h poly size: 2175
* UVC Prove step 20
* Elements of w skipped: 0 (0.00%)
* Elements of w processed with special addition: 1 (1.52%)
* Elements of w remaining: 65 (98.48%)
* Elements of w skipped: 0 (0.00%)
* Elements of w processed with special addition: 1 (2.94%)
* Elements of w remaining: 33 (97.06%)
* Elements of w skipped: 0 (0.00%)
* Elements of w processed with special addition: 1 (1.52%)
* Elements of w remaining: 65 (98.48%)
* UVC proof at step 20
* G1 elements in proof: 2
* G2 elements in proof: 1
* Proof size in bits: 1019
* Cached h poly size: 2175
* UVC Prove step 21
* Elements of w skipped: 0 (0.00%)
* Elements of w processed with special addition: 1 (1.52%)
* Elements of w remaining: 65 (98.48%)
* Elements of w skipped: 0 (0.00%)
* Elements of w processed with special addition: 1 (2.94%)
* Elements of w remaining: 33 (97.06%)
* Elements of w skipped: 0 (0.00%)
* Elements of w processed with special addition: 1 (1.52%)
* Elements of w remaining: 65 (98.48%)
* UVC proof at step 21
* G1 elements in proof: 2
* G2 elements in proof: 1
* Proof size in bits: 1019
* Cached h poly size: 2175
* UVC Prove step 22
* Elements of w skipped: 0 (0.00%)
* Elements of w processed with special addition: 1 (1.52%)
* Elements of w remaining: 65 (98.48%)
* Elements of w skipped: 0 (0.00%)
* Elements of w processed with special addition: 1 (2.94%)
* Elements of w remaining: 33 (97.06%)
* Elements of w skipped: 0 (0.00%)
* Elements of w processed with special addition: 1 (1.52%)
* Elements of w remaining: 65 (98.48%)
* UVC proof at step 22
* G1 elements in proof: 2
* G2 elements in proof: 1
* Proof size in bits: 1019
* Cached h poly size: 2175
* UVC Prove step 23
* Elements of w skipped: 0 (0.00%)
* Elements of w processed with special addition: 1 (1.52%)
* Elements of w remaining: 65 (98.48%)
* Elements of w skipped: 0 (0.00%)
* Elements of w processed with special addition: 1 (2.94%)
* Elements of w remaining: 33 (97.06%)
* Elements of w skipped: 0 (0.00%)
* Elements of w processed with special addition: 1 (1.52%)
* Elements of w remaining: 65 (98.48%)
* UVC proof at step 23
* G1 elements in proof: 2
* G2 elements in proof: 1
* Proof size in bits: 1019
* Cached h poly size: 2175
* UVC Prove step 24
* Elements of w skipped: 0 (0.00%)
* Elements of w processed with special addition: 1 (1.52%)
* Elements of w remaining: 65 (98.48%)
* Elements of w skipped: 0 (0.00%)
* Elements of w processed with special addition: 1 (2.94%)
* Elements of w remaining: 33 (97.06%)
* Elements of w skipped: 0 (0.00%)
* Elements of w processed with special addition: 1 (1.52%)
* Elements of w remaining: 65 (98.48%)
* UVC proof at step 24
* G1 elements in proof: 2
* G2 elements in proof: 1
* Proof size in bits: 1019
* Cached h poly size: 2175
* UVC Prove step 25
* Elements of w skipped: 0 (0.00%)
* Elements of w processed with special addition: 1 (1.52%)
* Elements of w remaining: 65 (98.48%)
* Elements of w skipped: 0 (0.00%)
* Elements of w processed with special addition: 1 (2.94%)
* Elements of w remaining: 33 (97.06%)
* Elements of w skipped: 0 (0.00%)
* Elements of w processed with special addition: 1 (1.52%)
* Elements of w remaining: 65 (98.48%)
* UVC proof at step 25
* G1 elements in proof: 2
* G2 elements in proof: 1
* Proof size in bits: 1019
* Cached h poly size: 2175
* UVC Prove step 26
* Elements of w skipped: 0 (0.00%)
* Elements of w processed with special addition: 1 (1.52%)
* Elements of w remaining: 65 (98.48%)
* Elements of w skipped: 0 (0.00%)
* Elements of w processed with special addition: 1 (2.94%)
* Elements of w remaining: 33 (97.06%)
* Elements of w skipped: 0 (0.00%)
* Elements of w processed with special addition: 1 (1.52%)
* Elements of w remaining: 65 (98.48%)
* UVC proof at step 26
* G1 elements in proof: 2
* G2 elements in proof: 1
* Proof size in bits: 1019
* Cached h poly size: 2175
* UVC Prove step 27
* Elements of w skipped: 0 (0.00%)
* Elements of w processed with special addition: 1 (1.52%)
* Elements of w remaining: 65 (98.48%)
* Elements of w skipped: 0 (0.00%)
* Elements of w processed with special addition: 1 (2.94%)
* Elements of w remaining: 33 (97.06%)
* Elements of w skipped: 0 (0.00%)
* Elements of w processed with special addition: 1 (1.52%)
* Elements of w remaining: 65 (98.48%)
* UVC proof at step 27
* G1 elements in proof: 2
* G2 elements in proof: 1
* Proof size in bits: 1019
* Cached h poly size: 2175
* UVC Prove step 28
* Elements of w skipped: 0 (0.00%)
* Elements of w processed with special addition: 1 (1.52%)
* Elements of w remaining: 65 (98.48%)
* Elements of w skipped: 0 (0.00%)
* Elements of w processed with special addition: 1 (2.94%)
* Elements of w remaining: 33 (97.06%)
* Elements of w skipped: 0 (0.00%)
* Elements of w processed with special addition: 1 (1.52%)
* Elements of w remaining: 65 (98.48%)
* UVC proof at step 28
* G1 elements in proof: 2
* G2 elements in proof: 1
* Proof size in bits: 1019
* Cached h poly size: 2175
* UVC Prove step 29
* Elements of w skipped: 0 (0.00%)
* Elements of w processed with special addition: 1 (1.52%)
* Elements of w remaining: 65 (98.48%)
* Elements of w skipped: 0 (0.00%)
* Elements of w processed with special addition: 1 (2.94%)
* Elements of w remaining: 33 (97.06%)
* Elements of w skipped: 0 (0.00%)
* Elements of w processed with special addition: 1 (1.52%)
* Elements of w remaining: 65 (98.48%)
* UVC proof at step 29
* G1 elements in proof: 2
* G2 elements in proof: 1
* Proof size in bits: 1019
* Cached h poly size: 2175
* UVC Prove step 30
* Elements of w skipped: 0 (0.00%)
* Elements of w processed with special addition: 1 (1.52%)
* Elements of w remaining: 65 (98.48%)
* Elements of w skipped: 0 (0.00%)
* Elements of w processed with special addition: 1 (2.94%)
* Elements of w remaining: 33 (97.06%)
* Elements of w skipped: 0 (0.00%)
* Elements of w processed with special addition: 1 (1.52%)
* Elements of w remaining: 65 (98.48%)
* UVC proof at step 30
* G1 elements in proof: 2
* G2 elements in proof: 1
* Proof size in bits: 1019
* Cached h poly size: 2175
* UVC Prove step 31
* Elements of w skipped: 0 (0.00%)
* Elements of w processed with special addition: 1 (1.52%)
* Elements of w remaining: 65 (98.48%)
* Elements of w skipped: 0 (0.00%)
* Elements of w processed with special addition: 1 (2.94%)
* Elements of w remaining: 33 (97.06%)
* Elements of w skipped: 0 (0.00%)
* Elements of w processed with special addition: 1 (1.52%)
* Elements of w remaining: 65 (98.48%)
* UVC proof at step 31
* G1 elements in proof: 2
* G2 elements in proof: 1
* Proof size in bits: 1019
* Cached h poly size: 2175
* UVC Prove step 32
* Elements of w skipped: 0 (0.00%)
* Elements of w processed with special addition: 1 (1.52%)
* Elements of w remaining: 65 (98.48%)
* Elements of w skipped: 0 (0.00%)
* Elements of w processed with special addition: 1 (2.94%)
* Elements of w remaining: 33 (97.06%)
* Elements of w skipped: 0 (0.00%)
* Elements of w processed with special addition: 1 (1.52%)
* Elements of w remaining: 65 (98.48%)
* UVC proof at step 32
* G1 elements in proof: 2
* G2 elements in proof: 1
* Proof size in bits: 1019
* Cached h poly size: 2175
* UVC Prove step 33
* Elements of w skipped: 0 (0.00%)
* Elements of w processed with special addition: 1 (1.52%)
* Elements of w remaining: 65 (98.48%)
* Elements of w skipped: 0 (0.00%)
* Elements of w processed with special addition: 1 (2.94%)
* Elements of w remaining: 33 (97.06%)
* Elements of w skipped: 0 (0.00%)
* Elements of w processed with special addition: 1 (1.52%)
* Elements of w remaining: 65 (98.48%)
* UVC proof at step 33
* G1 elements in proof: 2
* G2 elements in proof: 1
* Proof size in bits: 1019
* Cached h poly size: 2175
* UVC Prove step 34
* Elements of w skipped: 0 (0.00%)
* Elements of w processed with special addition: 1 (1.52%)
* Elements of w remaining: 65 (98.48%)
* Elements of w skipped: 0 (0.00%)
* Elements of w processed with special addition: 1 (2.94%)
* Elements of w remaining: 33 (97.06%)
* Elements of w skipped: 0 (0.00%)
* Elements of w processed with special addition: 1 (1.52%)
* Elements of w remaining: 65 (98.48%)
* UVC proof at step 34
* G1 elements in proof: 2
* G2 elements in proof: 1
* Proof size in bits: 1019
* Cached h poly size: 2175
* UVC Prove step 35
* Elements of w skipped: 0 (0.00%)
* Elements of w processed with special addition: 1 (1.52%)
* Elements of w remaining: 65 (98.48%)
* Elements of w skipped: 0 (0.00%)
* Elements of w processed with special addition: 1 (2.94%)
* Elements of w remaining: 33 (97.06%)
* Elements of w skipped: 0 (0.00%)
* Elements of w processed with special addition: 1 (1.52%)
* Elements of w remaining: 65 (98.48%)
* UVC proof at step 35
* G1 elements in proof: 2
* G2 elements in proof: 1
* Proof size in bits: 1019
* Cached h poly size: 2175
* UVC Prove step 36
* Elements of w skipped: 0 (0.00%)
* Elements of w processed with special addition: 1 (1.52%)
* Elements of w remaining: 65 (98.48%)
* Elements of w skipped: 0 (0.00%)
* Elements of w processed with special addition: 1 (2.94%)
* Elements of w remaining: 33 (97.06%)
* Elements of w skipped: 0 (0.00%)
* Elements of w processed with special addition: 1 (1.52%)
* Elements of w remaining: 65 (98.48%)
* UVC proof at step 36
* G1 elements in proof: 2
* G2 elements in proof: 1
* Proof size in bits: 1019
* Cached h poly size: 2175
* UVC Prove step 37
* Elements of w skipped: 0 (0.00%)
* Elements of w processed with special addition: 1 (1.52%)
* Elements of w remaining: 65 (98.48%)
* Elements of w skipped: 0 (0.00%)
* Elements of w processed with special addition: 1 (2.94%)
* Elements of w remaining: 33 (97.06%)
* Elements of w skipped: 0 (0.00%)
* Elements of w processed with special addition: 1 (1.52%)
* Elements of w remaining: 65 (98.48%)
* UVC proof at step 37
* G1 elements in proof: 2
* G2 elements in proof: 1
* Proof size in bits: 1019
* Cached h poly size: 2175
* UVC Prove step 38
* Elements of w skipped: 0 (0.00%)
* Elements of w processed with special addition: 1 (1.52%)
* Elements of w remaining: 65 (98.48%)
* Elements of w skipped: 0 (0.00%)
* Elements of w processed with special addition: 1 (2.94%)
* Elements of w remaining: 33 (97.06%)
* Elements of w skipped: 0 (0.00%)
* Elements of w processed with special addition: 1 (1.52%)
* Elements of w remaining: 65 (98.48%)
* UVC proof at step 38
* G1 elements in proof: 2
* G2 elements in proof: 1
* Proof size in bits: 1019
* Cached h poly size: 2175
* UVC Prove step 39
* Elements of w skipped: 0 (0.00%)
* Elements of w processed with special addition: 1 (1.52%)
* Elements of w remaining: 65 (98.48%)
* Elements of w skipped: 0 (0.00%)
* Elements of w processed with special addition: 1 (2.94%)
* Elements of w remaining: 33 (97.06%)
* Elements of w skipped: 0 (0.00%)
* Elements of w processed with special addition: 1 (1.52%)
* Elements of w remaining: 65 (98.48%)
* UVC proof at step 39
* G1 elements in proof: 2
* G2 elements in proof: 1
* Proof size in bits: 1019
* Cached h poly size: 2175
* UVC Prove step 40
* Elements of w skipped: 0 (0.00%)
* Elements of w processed with special addition: 1 (1.52%)
* Elements of w remaining: 65 (98.48%)
* Elements of w skipped: 0 (0.00%)
* Elements of w processed with special addition: 1 (2.94%)
* Elements of w remaining: 33 (97.06%)
* Elements of w skipped: 0 (0.00%)
* Elements of w processed with special addition: 1 (1.52%)
* Elements of w remaining: 65 (98.48%)
* UVC proof at step 40
* G1 elements in proof: 2
* G2 elements in proof: 1
* Proof size in bits: 1019
* Cached h poly size: 2175
* UVC Prove step 41
* Elements of w skipped: 0 (0.00%)
* Elements of w processed with special addition: 1 (1.52%)
* Elements of w remaining: 65 (98.48%)
* Elements of w skipped: 0 (0.00%)
* Elements of w processed with special addition: 1 (2.94%)
* Elements of w remaining: 33 (97.06%)
* Elements of w skipped: 0 (0.00%)
* Elements of w processed with special addition: 1 (1.52%)
* Elements of w remaining: 65 (98.48%)
* UVC proof at step 41
* G1 elements in proof: 2
* G2 elements in proof: 1
* Proof size in bits: 1019
* Cached h poly size: 2175
* UVC Prove step 42
* Elements of w skipped: 0 (0.00%)
* Elements of w processed with special addition: 1 (1.52%)
* Elements of w remaining: 65 (98.48%)
* Elements of w skipped: 0 (0.00%)
* Elements of w processed with special addition: 1 (2.94%)
* Elements of w remaining: 33 (97.06%)
* Elements of w skipped: 0 (0.00%)
* Elements of w processed with special addition: 1 (1.52%)
* Elements of w remaining: 65 (98.48%)
* UVC proof at step 42
* G1 elements in proof: 2
* G2 elements in proof: 1
* Proof size in bits: 1019
* Cached h poly size: 2175
* UVC Prove step 43
* Elements of w skipped: 0 (0.00%)
* Elements of w processed with special addition: 1 (1.52%)
* Elements of w remaining: 65 (98.48%)
* Elements of w skipped: 0 (0.00%)
* Elements of w processed with special addition: 1 (2.94%)
* Elements of w remaining: 33 (97.06%)
* Elements of w skipped: 0 (0.00%)
* Elements of w processed with special addition: 1 (1.52%)
* Elements of w remaining: 65 (98.48%)
* UVC proof at step 43
* G1 elements in proof: 2
* G2 elements in proof: 1
* Proof size in bits: 1019
* Cached h poly size: 2175
* UVC Prove step 44
* Elements of w skipped: 0 (0.00%)
* Elements of w processed with special addition: 1 (1.52%)
* Elements of w remaining: 65 (98.48%)
* Elements of w skipped: 0 (0.00%)
* Elements of w processed with special addition: 1 (2.94%)
* Elements of w remaining: 33 (97.06%)
* Elements of w skipped: 0 (0.00%)
* Elements of w processed with special addition: 1 (1.52%)
* Elements of w remaining: 65 (98.48%)
* UVC proof at step 44
* G1 elements in proof: 2
* G2 elements in proof: 1
* Proof size in bits: 1019
* Cached h poly size: 2175
* UVC Prove step 45
* Elements of w skipped: 0 (0.00%)
* Elements of w processed with special addition: 1 (1.52%)
* Elements of w remaining: 65 (98.48%)
* Elements of w skipped: 0 (0.00%)
* Elements of w processed with special addition: 1 (2.94%)
* Elements of w remaining: 33 (97.06%)
* Elements of w skipped: 0 (0.00%)
* Elements of w processed with special addition: 1 (1.52%)
* Elements of w remaining: 65 (98.48%)
* UVC proof at step 45
* G1 elements in proof: 2
* G2 elements in proof: 1
* Proof size in bits: 1019
* Cached h poly size: 2175
* UVC Prove step 46
* Elements of w skipped: 0 (0.00%)
* Elements of w processed with special addition: 1 (1.52%)
* Elements of w remaining: 65 (98.48%)
* Elements of w skipped: 0 (0.00%)
* Elements of w processed with special addition: 1 (2.94%)
* Elements of w remaining: 33 (97.06%)
* Elements of w skipped: 0 (0.00%)
* Elements of w processed with special addition: 1 (1.52%)
* Elements of w remaining: 65 (98.48%)
* UVC proof at step 46
* G1 elements in proof: 2
* G2 elements in proof: 1
* Proof size in bits: 1019
* Cached h poly size: 2175
* UVC Prove step 47
* Elements of w skipped: 0 (0.00%)
* Elements of w processed with special addition: 1 (1.52%)
* Elements of w remaining: 65 (98.48%)
* Elements of w skipped: 0 (0.00%)
* Elements of w processed with special addition: 1 (2.94%)
* Elements of w remaining: 33 (97.06%)
* Elements of w skipped: 0 (0.00%)
* Elements of w processed with special addition: 1 (1.52%)
* Elements of w remaining: 65 (98.48%)
* UVC proof at step 47
* G1 elements in proof: 2
* G2 elements in proof: 1
* Proof size in bits: 1019
* Cached h poly size: 2175
* UVC Prove step 48
* Elements of w skipped: 0 (0.00%)
* Elements of w processed with special addition: 1 (1.52%)
* Elements of w remaining: 65 (98.48%)
* Elements of w skipped: 0 (0.00%)
* Elements of w processed with special addition: 1 (2.94%)
* Elements of w remaining: 33 (97.06%)
* Elements of w skipped: 0 (0.00%)
* Elements of w processed with special addition: 1 (1.52%)
* Elements of w remaining: 65 (98.48%)
* UVC proof at step 48
* G1 elements in proof: 2
* G2 elements in proof: 1
* Proof size in bits: 1019
* Cached h poly size: 2175
* UVC Prove step 49
* Elements of w skipped: 0 (0.00%)
* Elements of w processed with special addition: 1 (1.52%)
* Elements of w remaining: 65 (98.48%)
* Elements of w skipped: 0 (0.00%)
* Elements of w processed with special addition: 1 (2.94%)
* Elements of w remaining: 33 (97.06%)
* Elements of w skipped: 0 (0.00%)
* Elements of w processed with special addition: 1 (1.52%)
* Elements of w remaining: 65 (98.48%)
* UVC proof at step 49
* G1 elements in proof: 2
* G2 elements in proof: 1
* Proof size in bits: 1019
* Cached h poly size: 2175
* UVC Prove step 50
* Elements of w skipped: 0 (0.00%)
* Elements of w processed with special addition: 1 (1.52%)
* Elements of w remaining: 65 (98.48%)
* Elements of w skipped: 0 (0.00%)
* Elements of w processed with special addition: 1 (2.94%)
* Elements of w remaining: 33 (97.06%)
* Elements of w skipped: 0 (0.00%)
* Elements of w processed with special addition: 1 (1.52%)
* Elements of w remaining: 65 (98.48%)
* UVC proof at step 50
* G1 elements in proof: 2
* G2 elements in proof: 1
* Proof size in bits: 1019
* Cached h poly size: 2175
* UVC Prove step 51
* Elements of w skipped: 0 (0.00%)
* Elements of w processed with special addition: 1 (1.52%)
* Elements of w remaining: 65 (98.48%)
* Elements of w skipped: 0 (0.00%)
* Elements of w processed with special addition: 1 (2.94%)
* Elements of w remaining: 33 (97.06%)
* Elements of w skipped: 0 (0.00%)
* Elements of w processed with special addition: 1 (1.52%)
* Elements of w remaining: 65 (98.48%)
* UVC proof at step 51
* G1 elements in proof: 2
* G2 elements in proof: 1
* Proof size in bits: 1019
* Cached h poly size: 2175
* UVC Prove step 52
* Elements of w skipped: 0 (0.00%)
* Elements of w processed with special addition: 1 (1.52%)
* Elements of w remaining: 65 (98.48%)
* Elements of w skipped: 0 (0.00%)
* Elements of w processed with special addition: 1 (2.94%)
* Elements of w remaining: 33 (97.06%)
* Elements of w skipped: 0 (0.00%)
* Elements of w processed with special addition: 1 (1.52%)
* Elements of w remaining: 65 (98.48%)
* UVC proof at step 52
* G1 elements in proof: 2
* G2 elements in proof: 1
* Proof size in bits: 1019
* Cached h poly size: 2175
* UVC Prove step 53
* Elements of w skipped: 0 (0.00%)
* Elements of w processed with special addition: 1 (1.52%)
* Elements of w remaining: 65 (98.48%)
* Elements of w skipped: 0 (0.00%)
* Elements of w processed with special addition: 1 (2.94%)
* Elements of w remaining: 33 (97.06%)
* Elements of w skipped: 0 (0.00%)
* Elements of w processed with special addition: 1 (1.52%)
* Elements of w remaining: 65 (98.48%)
* UVC proof at step 53
* G1 elements in proof: 2
* G2 elements in proof: 1
* Proof size in bits: 1019
* Cached h poly size: 2175
* UVC Prove step 54
* Elements of w skipped: 0 (0.00%)
* Elements of w processed with special addition: 1 (1.52%)
* Elements of w remaining: 65 (98.48%)
* Elements of w skipped: 0 (0.00%)
* Elements of w processed with special addition: 1 (2.94%)
* Elements of w remaining: 33 (97.06%)
* Elements of w skipped: 0 (0.00%)
* Elements of w processed with special addition: 1 (1.52%)
* Elements of w remaining: 65 (98.48%)
* UVC proof at step 54
* G1 elements in proof: 2
* G2 elements in proof: 1
* Proof size in bits: 1019
* Cached h poly size: 2175
* UVC Prove step 55
* Elements of w skipped: 0 (0.00%)
* Elements of w processed with special addition: 1 (1.52%)
* Elements of w remaining: 65 (98.48%)
* Elements of w skipped: 0 (0.00%)
* Elements of w processed with special addition: 1 (2.94%)
* Elements of w remaining: 33 (97.06%)
* Elements of w skipped: 0 (0.00%)
* Elements of w processed with special addition: 1 (1.52%)
* Elements of w remaining: 65 (98.48%)
* UVC proof at step 55
* G1 elements in proof: 2
* G2 elements in proof: 1
* Proof size in bits: 1019
* Cached h poly size: 2175
* UVC Prove step 56
* Elements of w skipped: 0 (0.00%)
* Elements of w processed with special addition: 1 (1.52%)
* Elements of w remaining: 65 (98.48%)
* Elements of w skipped: 0 (0.00%)
* Elements of w processed with special addition: 1 (2.94%)
* Elements of w remaining: 33 (97.06%)
* Elements of w skipped: 0 (0.00%)
* Elements of w processed with special addition: 1 (1.52%)
* Elements of w remaining: 65 (98.48%)
* UVC proof at step 56
* G1 elements in proof: 2
* G2 elements in proof: 1
* Proof size in bits: 1019
* Cached h poly size: 2175
* UVC Prove step 57
* Elements of w skipped: 0 (0.00%)
* Elements of w processed with special addition: 1 (1.52%)
* Elements of w remaining: 65 (98.48%)
* Elements of w skipped: 0 (0.00%)
* Elements of w processed with special addition: 1 (2.94%)
* Elements of w remaining: 33 (97.06%)
* Elements of w skipped: 0 (0.00%)
* Elements of w processed with special addition: 1 (1.52%)
* Elements of w remaining: 65 (98.48%)
* UVC proof at step 57
* G1 elements in proof: 2
* G2 elements in proof: 1
* Proof size in bits: 1019
* Cached h poly size: 2175
* UVC Prove step 58
* Elements of w skipped: 0 (0.00%)
* Elements of w processed with special addition: 1 (1.52%)
* Elements of w remaining: 65 (98.48%)
* Elements of w skipped: 0 (0.00%)
* Elements of w processed with special addition: 1 (2.94%)
* Elements of w remaining: 33 (97.06%)
* Elements of w skipped: 0 (0.00%)
* Elements of w processed with special addition: 1 (1.52%)
* Elements of w remaining: 65 (98.48%)
* UVC proof at step 58
* G1 elements in proof: 2
* G2 elements in proof: 1
* Proof size in bits: 1019
* Cached h poly size: 2175
* UVC Prove step 59
* Elements of w skipped: 0 (0.00%)
* Elements of w processed with special addition: 1 (1.52%)
* Elements of w remaining: 65 (98.48%)
* Elements of w skipped: 0 (0.00%)
* Elements of w processed with special addition: 1 (2.94%)
* Elements of w remaining: 33 (97.06%)
* Elements of w skipped: 0 (0.00%)
* Elements of w processed with special addition: 1 (1.52%)
* Elements of w remaining: 65 (98.48%)
* UVC proof at step 59
* G1 elements in proof: 2
* G2 elements in proof: 1
* Proof size in bits: 1019
* Cached h poly size: 2175
* UVC Prove step 60
* Elements of w skipped: 0 (0.00%)
* Elements of w processed with special addition: 1 (1.52%)
* Elements of w remaining: 65 (98.48%)
* Elements of w skipped: 0 (0.00%)
* Elements of w processed with special addition: 1 (2.94%)
* Elements of w remaining: 33 (97.06%)
* Elements of w skipped: 0 (0.00%)
* Elements of w processed with special addition: 1 (1.52%)
* Elements of w remaining: 65 (98.48%)
* UVC proof at step 60
* G1 elements in proof: 2
* G2 elements in proof: 1
* Proof size in bits: 1019
* Cached h poly size: 2175
* UVC Prove step 61
* Elements of w skipped: 0 (0.00%)
* Elements of w processed with special addition: 1 (1.52%)
* Elements of w remaining: 65 (98.48%)
* Elements of w skipped: 0 (0.00%)
* Elements of w processed with special addition: 1 (2.94%)
* Elements of w remaining: 33 (97.06%)
* Elements of w skipped: 0 (0.00%)
* Elements of w processed with special addition: 1 (1.52%)
* Elements of w remaining: 65 (98.48%)
* UVC proof at step 61
* G1 elements in proof: 2
* G2 elements in proof: 1
* Proof size in bits: 1019
* Cached h poly size: 2175
* UVC Prove step 62
* Elements of w skipped: 0 (0.00%)
* Elements of w processed with special addition: 1 (1.52%)
* Elements of w remaining: 65 (98.48%)
* Elements of w skipped: 0 (0.00%)
* Elements of w processed with special addition: 1 (2.94%)
* Elements of w remaining: 33 (97.06%)
* Elements of w skipped: 0 (0.00%)
* Elements of w processed with special addition: 1 (1.52%)
* Elements of w remaining: 65 (98.48%)
* UVC proof at step 62
* G1 elements in proof: 2
* G2 elements in proof: 1
* Proof size in bits: 1019
* Cached h poly size: 2175
* UVC Prove step 63
* Elements of w skipped: 0 (0.00%)
* Elements of w processed with special addition: 1 (1.52%)
* Elements of w remaining: 65 (98.48%)
* Elements of w skipped: 0 (0.00%)
* Elements of w processed with special addition: 1 (2.94%)
* Elements of w remaining: 33 (97.06%)
* Elements of w skipped: 0 (0.00%)
* Elements of w processed with special addition: 1 (1.52%)
* Elements of w remaining: 65 (98.48%)
* UVC proof at step 63
* G1 elements in proof: 2
* G2 elements in proof: 1
* Proof size in bits: 1019
* Cached h poly size: 2175
* UVC Prove step 64
* Elements of w skipped: 0 (0.00%)
* Elements of w processed with special addition: 1 (1.52%)
* Elements of w remaining: 65 (98.48%)
* Elements of w skipped: 0 (0.00%)
* Elements of w processed with special addition: 1 (3.03%)
* Elements of w remaining: 32 (96.97%)
* Elements of w skipped: 0 (0.00%)
* Elements of w processed with special addition: 1 (1.52%)
* Elements of w remaining: 65 (98.48%)
* UVC proof at step 64
* G1 elements in proof: 2
* G2 elements in proof: 1
* Proof size in bits: 1019
* Cached h poly size: 2175

  Step    Prove (ms)    Verify (ms)   Proof bits    Verified  
  ------  ------------  ------------  ------------  ----------
* UVC Prove step 1
* Elements of w skipped: 1 (1.47%)
* Elements of w processed with special addition: 3 (4.41%)
* Elements of w remaining: 64 (94.12%)
* Elements of w skipped: 1 (2.86%)
* Elements of w processed with special addition: 1 (2.86%)
* Elements of w remaining: 33 (94.29%)
* Elements of w skipped: 0 (0.00%)
* Elements of w processed with special addition: 0 (0.00%)
* Elements of w remaining: 33 (100.00%)
* UVC proof at step 1
* G1 elements in proof: 2
* G2 elements in proof: 1
* Proof size in bits: 1019
* Cached h poly size: 2175
* UVC Prove step 1
* Elements of w skipped: 1 (1.47%)
* Elements of w processed with special addition: 3 (4.41%)
* Elements of w remaining: 64 (94.12%)
* Elements of w skipped: 1 (2.86%)
* Elements of w processed with special addition: 1 (2.86%)
* Elements of w remaining: 33 (94.29%)
* Elements of w skipped: 0 (0.00%)
* Elements of w processed with special addition: 0 (0.00%)
* Elements of w remaining: 33 (100.00%)
* UVC proof at step 1
* G1 elements in proof: 2
* G2 elements in proof: 1
* Proof size in bits: 1019
* Cached h poly size: 2175
* UVC Prove step 1
* Elements of w skipped: 1 (1.47%)
* Elements of w processed with special addition: 3 (4.41%)
* Elements of w remaining: 64 (94.12%)
* Elements of w skipped: 1 (2.86%)
* Elements of w processed with special addition: 1 (2.86%)
* Elements of w remaining: 33 (94.29%)
* Elements of w skipped: 0 (0.00%)
* Elements of w processed with special addition: 0 (0.00%)
* Elements of w remaining: 33 (100.00%)
* UVC proof at step 1
* G1 elements in proof: 2
* G2 elements in proof: 1
* Proof size in bits: 1019
* Cached h poly size: 2175
* UVC Prove step 1
* Elements of w skipped: 1 (1.47%)
* Elements of w processed with special addition: 3 (4.41%)
* Elements of w remaining: 64 (94.12%)
* Elements of w skipped: 1 (2.86%)
* Elements of w processed with special addition: 1 (2.86%)
* Elements of w remaining: 33 (94.29%)
* Elements of w skipped: 0 (0.00%)
* Elements of w processed with special addition: 0 (0.00%)
* Elements of w remaining: 33 (100.00%)
* UVC proof at step 1
* G1 elements in proof: 2
* G2 elements in proof: 1
* Proof size in bits: 1019
* Cached h poly size: 2175
* UVC Prove step 1
* Elements of w skipped: 1 (1.47%)
* Elements of w processed with special addition: 3 (4.41%)
* Elements of w remaining: 64 (94.12%)
* Elements of w skipped: 1 (2.86%)
* Elements of w processed with special addition: 1 (2.86%)
* Elements of w remaining: 33 (94.29%)
* Elements of w skipped: 0 (0.00%)
* Elements of w processed with special addition: 0 (0.00%)
* Elements of w remaining: 33 (100.00%)
* UVC proof at step 1
* G1 elements in proof: 2
* G2 elements in proof: 1
* Proof size in bits: 1019
* Cached h poly size: 2175
* UVC Prove step 1
* Elements of w skipped: 1 (1.47%)
* Elements of w processed with special addition: 3 (4.41%)
* Elements of w remaining: 64 (94.12%)
* Elements of w skipped: 1 (2.86%)
* Elements of w processed with special addition: 1 (2.86%)
* Elements of w remaining: 33 (94.29%)
* Elements of w skipped: 0 (0.00%)
* Elements of w processed with special addition: 0 (0.00%)
* Elements of w remaining: 33 (100.00%)
* UVC proof at step 1
* G1 elements in proof: 2
* G2 elements in proof: 1
* Proof size in bits: 1019
* Cached h poly size: 2175
* UVC Prove step 1
* Elements of w skipped: 1 (1.47%)
* Elements of w processed with special addition: 3 (4.41%)
* Elements of w remaining: 64 (94.12%)
* Elements of w skipped: 1 (2.86%)
* Elements of w processed with special addition: 1 (2.86%)
* Elements of w remaining: 33 (94.29%)
* Elements of w skipped: 0 (0.00%)
* Elements of w processed with special addition: 0 (0.00%)
* Elements of w remaining: 33 (100.00%)
* UVC proof at step 1
* G1 elements in proof: 2
* G2 elements in proof: 1
* Proof size in bits: 1019
* Cached h poly size: 2175
* UVC Prove step 1
* Elements of w skipped: 1 (1.47%)
* Elements of w processed with special addition: 3 (4.41%)
* Elements of w remaining: 64 (94.12%)
* Elements of w skipped: 1 (2.86%)
* Elements of w processed with special addition: 1 (2.86%)
* Elements of w remaining: 33 (94.29%)
* Elements of w skipped: 0 (0.00%)
* Elements of w processed with special addition: 0 (0.00%)
* Elements of w remaining: 33 (100.00%)
* UVC proof at step 1
* G1 elements in proof: 2
* G2 elements in proof: 1
* Proof size in bits: 1019
* Cached h poly size: 2175
* UVC Prove step 1
* Elements of w skipped: 1 (1.47%)
* Elements of w processed with special addition: 3 (4.41%)
* Elements of w remaining: 64 (94.12%)
* Elements of w skipped: 1 (2.86%)
* Elements of w processed with special addition: 1 (2.86%)
* Elements of w remaining: 33 (94.29%)
* Elements of w skipped: 0 (0.00%)
* Elements of w processed with special addition: 0 (0.00%)
* Elements of w remaining: 33 (100.00%)
* UVC proof at step 1
* G1 elements in proof: 2
* G2 elements in proof: 1
* Proof size in bits: 1019
* Cached h poly size: 2175
* UVC Prove step 1
* Elements of w skipped: 1 (1.47%)
* Elements of w processed with special addition: 3 (4.41%)
* Elements of w remaining: 64 (94.12%)
* Elements of w skipped: 1 (2.86%)
* Elements of w processed with special addition: 1 (2.86%)
* Elements of w remaining: 33 (94.29%)
* Elements of w skipped: 0 (0.00%)
* Elements of w processed with special addition: 0 (0.00%)
* Elements of w remaining: 33 (100.00%)
* UVC proof at step 1
* G1 elements in proof: 2
* G2 elements in proof: 1
* Proof size in bits: 1019
* Cached h poly size: 2175
* UVC Verify step 1: PASS
* UVC Verify step 1: PASS
* UVC Verify step 1: PASS
* UVC Verify step 1: PASS
* UVC Verify step 1: PASS
* UVC Verify step 1: PASS
* UVC Verify step 1: PASS
* UVC Verify step 1: PASS
* UVC Verify step 1: PASS
* UVC Verify step 1: PASS
  1       60.90         2.67          1019          PASS      
* UVC Prove step 2
* Elements of w skipped: 0 (0.00%)
* Elements of w processed with special addition: 1 (1.52%)
* Elements of w remaining: 65 (98.48%)
* Elements of w skipped: 0 (0.00%)
* Elements of w processed with special addition: 1 (2.94%)
* Elements of w remaining: 33 (97.06%)
* Elements of w skipped: 0 (0.00%)
* Elements of w processed with special addition: 1 (1.52%)
* Elements of w remaining: 65 (98.48%)
* UVC proof at step 2
* G1 elements in proof: 2
* G2 elements in proof: 1
* Proof size in bits: 1019
* Cached h poly size: 2175
* UVC Prove step 2
* Elements of w skipped: 0 (0.00%)
* Elements of w processed with special addition: 1 (1.52%)
* Elements of w remaining: 65 (98.48%)
* Elements of w skipped: 0 (0.00%)
* Elements of w processed with special addition: 1 (2.94%)
* Elements of w remaining: 33 (97.06%)
* Elements of w skipped: 0 (0.00%)
* Elements of w processed with special addition: 1 (1.52%)
* Elements of w remaining: 65 (98.48%)
* UVC proof at step 2
* G1 elements in proof: 2
* G2 elements in proof: 1
* Proof size in bits: 1019
* Cached h poly size: 2175
* UVC Prove step 2
* Elements of w skipped: 0 (0.00%)
* Elements of w processed with special addition: 1 (1.52%)
* Elements of w remaining: 65 (98.48%)
* Elements of w skipped: 0 (0.00%)
* Elements of w processed with special addition: 1 (2.94%)
* Elements of w remaining: 33 (97.06%)
* Elements of w skipped: 0 (0.00%)
* Elements of w processed with special addition: 1 (1.52%)
* Elements of w remaining: 65 (98.48%)
* UVC proof at step 2
* G1 elements in proof: 2
* G2 elements in proof: 1
* Proof size in bits: 1019
* Cached h poly size: 2175
* UVC Prove step 2
* Elements of w skipped: 0 (0.00%)
* Elements of w processed with special addition: 1 (1.52%)
* Elements of w remaining: 65 (98.48%)
* Elements of w skipped: 0 (0.00%)
* Elements of w processed with special addition: 1 (2.94%)
* Elements of w remaining: 33 (97.06%)
* Elements of w skipped: 0 (0.00%)
* Elements of w processed with special addition: 1 (1.52%)
* Elements of w remaining: 65 (98.48%)
* UVC proof at step 2
* G1 elements in proof: 2
* G2 elements in proof: 1
* Proof size in bits: 1019
* Cached h poly size: 2175
* UVC Prove step 2
* Elements of w skipped: 0 (0.00%)
* Elements of w processed with special addition: 1 (1.52%)
* Elements of w remaining: 65 (98.48%)
* Elements of w skipped: 0 (0.00%)
* Elements of w processed with special addition: 1 (2.94%)
* Elements of w remaining: 33 (97.06%)
* Elements of w skipped: 0 (0.00%)
* Elements of w processed with special addition: 1 (1.52%)
* Elements of w remaining: 65 (98.48%)
* UVC proof at step 2
* G1 elements in proof: 2
* G2 elements in proof: 1
* Proof size in bits: 1019
* Cached h poly size: 2175
* UVC Prove step 2
* Elements of w skipped: 0 (0.00%)
* Elements of w processed with special addition: 1 (1.52%)
* Elements of w remaining: 65 (98.48%)
* Elements of w skipped: 0 (0.00%)
* Elements of w processed with special addition: 1 (2.94%)
* Elements of w remaining: 33 (97.06%)
* Elements of w skipped: 0 (0.00%)
* Elements of w processed with special addition: 1 (1.52%)
* Elements of w remaining: 65 (98.48%)
* UVC proof at step 2
* G1 elements in proof: 2
* G2 elements in proof: 1
* Proof size in bits: 1019
* Cached h poly size: 2175
* UVC Prove step 2
* Elements of w skipped: 0 (0.00%)
* Elements of w processed with special addition: 1 (1.52%)
* Elements of w remaining: 65 (98.48%)
* Elements of w skipped: 0 (0.00%)
* Elements of w processed with special addition: 1 (2.94%)
* Elements of w remaining: 33 (97.06%)
* Elements of w skipped: 0 (0.00%)
* Elements of w processed with special addition: 1 (1.52%)
* Elements of w remaining: 65 (98.48%)
* UVC proof at step 2
* G1 elements in proof: 2
* G2 elements in proof: 1
* Proof size in bits: 1019
* Cached h poly size: 2175
* UVC Prove step 2
* Elements of w skipped: 0 (0.00%)
* Elements of w processed with special addition: 1 (1.52%)
* Elements of w remaining: 65 (98.48%)
* Elements of w skipped: 0 (0.00%)
* Elements of w processed with special addition: 1 (2.94%)
* Elements of w remaining: 33 (97.06%)
* Elements of w skipped: 0 (0.00%)
* Elements of w processed with special addition: 1 (1.52%)
* Elements of w remaining: 65 (98.48%)
* UVC proof at step 2
* G1 elements in proof: 2
* G2 elements in proof: 1
* Proof size in bits: 1019
* Cached h poly size: 2175
* UVC Prove step 2
* Elements of w skipped: 0 (0.00%)
* Elements of w processed with special addition: 1 (1.52%)
* Elements of w remaining: 65 (98.48%)
* Elements of w skipped: 0 (0.00%)
* Elements of w processed with special addition: 1 (2.94%)
* Elements of w remaining: 33 (97.06%)
* Elements of w skipped: 0 (0.00%)
* Elements of w processed with special addition: 1 (1.52%)
* Elements of w remaining: 65 (98.48%)
* UVC proof at step 2
* G1 elements in proof: 2
* G2 elements in proof: 1
* Proof size in bits: 1019
* Cached h poly size: 2175
* UVC Prove step 2
* Elements of w skipped: 0 (0.00%)
* Elements of w processed with special addition: 1 (1.52%)
* Elements of w remaining: 65 (98.48%)
* Elements of w skipped: 0 (0.00%)
* Elements of w processed with special addition: 1 (2.94%)
* Elements of w remaining: 33 (97.06%)
* Elements of w skipped: 0 (0.00%)
* Elements of w processed with special addition: 1 (1.52%)
* Elements of w remaining: 65 (98.48%)
* UVC proof at step 2
* G1 elements in proof: 2
* G2 elements in proof: 1
* Proof size in bits: 1019
* Cached h poly size: 2175
* UVC Verify step 2: PASS
* UVC Verify step 2: PASS
* UVC Verify step 2: PASS
* UVC Verify step 2: PASS
* UVC Verify step 2: PASS
* UVC Verify step 2: PASS
* UVC Verify step 2: PASS
* UVC Verify step 2: PASS
* UVC Verify step 2: PASS
* UVC Verify step 2: PASS
  2       61.89         2.68          1019          PASS      
* UVC Prove step 4
* Elements of w skipped: 0 (0.00%)
* Elements of w processed with special addition: 1 (1.52%)
* Elements of w remaining: 65 (98.48%)
* Elements of w skipped: 0 (0.00%)
* Elements of w processed with special addition: 1 (2.94%)
* Elements of w remaining: 33 (97.06%)
* Elements of w skipped: 0 (0.00%)
* Elements of w processed with special addition: 1 (1.52%)
* Elements of w remaining: 65 (98.48%)
* UVC proof at step 4
* G1 elements in proof: 2
* G2 elements in proof: 1
* Proof size in bits: 1019
* Cached h poly size: 2175
* UVC Prove step 4
* Elements of w skipped: 0 (0.00%)
* Elements of w processed with special addition: 1 (1.52%)
* Elements of w remaining: 65 (98.48%)
* Elements of w skipped: 0 (0.00%)
* Elements of w processed with special addition: 1 (2.94%)
* Elements of w remaining: 33 (97.06%)
* Elements of w skipped: 0 (0.00%)
* Elements of w processed with special addition: 1 (1.52%)
* Elements of w remaining: 65 (98.48%)
* UVC proof at step 4
* G1 elements in proof: 2
* G2 elements in proof: 1
* Proof size in bits: 1019
* Cached h poly size: 2175
* UVC Prove step 4
* Elements of w skipped: 0 (0.00%)
* Elements of w processed with special addition: 1 (1.52%)
* Elements of w remaining: 65 (98.48%)
* Elements of w skipped: 0 (0.00%)
* Elements of w processed with special addition: 1 (2.94%)
* Elements of w remaining: 33 (97.06%)
* Elements of w skipped: 0 (0.00%)
* Elements of w processed with special addition: 1 (1.52%)
* Elements of w remaining: 65 (98.48%)
* UVC proof at step 4
* G1 elements in proof: 2
* G2 elements in proof: 1
* Proof size in bits: 1019
* Cached h poly size: 2175
* UVC Prove step 4
* Elements of w skipped: 0 (0.00%)
* Elements of w processed with special addition: 1 (1.52%)
* Elements of w remaining: 65 (98.48%)
* Elements of w skipped: 0 (0.00%)
* Elements of w processed with special addition: 1 (2.94%)
* Elements of w remaining: 33 (97.06%)
* Elements of w skipped: 0 (0.00%)
* Elements of w processed with special addition: 1 (1.52%)
* Elements of w remaining: 65 (98.48%)
* UVC proof at step 4
* G1 elements in proof: 2
* G2 elements in proof: 1
* Proof size in bits: 1019
* Cached h poly size: 2175
* UVC Prove step 4
* Elements of w skipped: 0 (0.00%)
* Elements of w processed with special addition: 1 (1.52%)
* Elements of w remaining: 65 (98.48%)
* Elements of w skipped: 0 (0.00%)
* Elements of w processed with special addition: 1 (2.94%)
* Elements of w remaining: 33 (97.06%)
* Elements of w skipped: 0 (0.00%)
* Elements of w processed with special addition: 1 (1.52%)
* Elements of w remaining: 65 (98.48%)
* UVC proof at step 4
* G1 elements in proof: 2
* G2 elements in proof: 1
* Proof size in bits: 1019
* Cached h poly size: 2175
* UVC Prove step 4
* Elements of w skipped: 0 (0.00%)
* Elements of w processed with special addition: 1 (1.52%)
* Elements of w remaining: 65 (98.48%)
* Elements of w skipped: 0 (0.00%)
* Elements of w processed with special addition: 1 (2.94%)
* Elements of w remaining: 33 (97.06%)
* Elements of w skipped: 0 (0.00%)
* Elements of w processed with special addition: 1 (1.52%)
* Elements of w remaining: 65 (98.48%)
* UVC proof at step 4
* G1 elements in proof: 2
* G2 elements in proof: 1
* Proof size in bits: 1019
* Cached h poly size: 2175
* UVC Prove step 4
* Elements of w skipped: 0 (0.00%)
* Elements of w processed with special addition: 1 (1.52%)
* Elements of w remaining: 65 (98.48%)
* Elements of w skipped: 0 (0.00%)
* Elements of w processed with special addition: 1 (2.94%)
* Elements of w remaining: 33 (97.06%)
* Elements of w skipped: 0 (0.00%)
* Elements of w processed with special addition: 1 (1.52%)
* Elements of w remaining: 65 (98.48%)
* UVC proof at step 4
* G1 elements in proof: 2
* G2 elements in proof: 1
* Proof size in bits: 1019
* Cached h poly size: 2175
* UVC Prove step 4
* Elements of w skipped: 0 (0.00%)
* Elements of w processed with special addition: 1 (1.52%)
* Elements of w remaining: 65 (98.48%)
* Elements of w skipped: 0 (0.00%)
* Elements of w processed with special addition: 1 (2.94%)
* Elements of w remaining: 33 (97.06%)
* Elements of w skipped: 0 (0.00%)
* Elements of w processed with special addition: 1 (1.52%)
* Elements of w remaining: 65 (98.48%)
* UVC proof at step 4
* G1 elements in proof: 2
* G2 elements in proof: 1
* Proof size in bits: 1019
* Cached h poly size: 2175
* UVC Prove step 4
* Elements of w skipped: 0 (0.00%)
* Elements of w processed with special addition: 1 (1.52%)
* Elements of w remaining: 65 (98.48%)
* Elements of w skipped: 0 (0.00%)
* Elements of w processed with special addition: 1 (2.94%)
* Elements of w remaining: 33 (97.06%)
* Elements of w skipped: 0 (0.00%)
* Elements of w processed with special addition: 1 (1.52%)
* Elements of w remaining: 65 (98.48%)
* UVC proof at step 4
* G1 elements in proof: 2
* G2 elements in proof: 1
* Proof size in bits: 1019
* Cached h poly size: 2175
* UVC Prove step 4
* Elements of w skipped: 0 (0.00%)
* Elements of w processed with special addition: 1 (1.52%)
* Elements of w remaining: 65 (98.48%)
* Elements of w skipped: 0 (0.00%)
* Elements of w processed with special addition: 1 (2.94%)
* Elements of w remaining: 33 (97.06%)
* Elements of w skipped: 0 (0.00%)
* Elements of w processed with special addition: 1 (1.52%)
* Elements of w remaining: 65 (98.48%)
* UVC proof at step 4
* G1 elements in proof: 2
* G2 elements in proof: 1
* Proof size in bits: 1019
* Cached h poly size: 2175
* UVC Verify step 4: PASS
* UVC Verify step 4: PASS
* UVC Verify step 4: PASS
* UVC Verify step 4: PASS
* UVC Verify step 4: PASS
* UVC Verify step 4: PASS
* UVC Verify step 4: PASS
* UVC Verify step 4: PASS
* UVC Verify step 4: PASS
* UVC Verify step 4: PASS
  4       61.93         2.69          1019          PASS      
* UVC Prove step 8
* Elements of w skipped: 0 (0.00%)
* Elements of w processed with special addition: 1 (1.52%)
* Elements of w remaining: 65 (98.48%)
* Elements of w skipped: 0 (0.00%)
* Elements of w processed with special addition: 1 (2.94%)
* Elements of w remaining: 33 (97.06%)
* Elements of w skipped: 0 (0.00%)
* Elements of w processed with special addition: 1 (1.52%)
* Elements of w remaining: 65 (98.48%)
* UVC proof at step 8
* G1 elements in proof: 2
* G2 elements in proof: 1
* Proof size in bits: 1019
* Cached h poly size: 2175
* UVC Prove step 8
* Elements of w skipped: 0 (0.00%)
* Elements of w processed with special addition: 1 (1.52%)
* Elements of w remaining: 65 (98.48%)
* Elements of w skipped: 0 (0.00%)
* Elements of w processed with special addition: 1 (2.94%)
* Elements of w remaining: 33 (97.06%)
* Elements of w skipped: 0 (0.00%)
* Elements of w processed with special addition: 1 (1.52%)
* Elements of w remaining: 65 (98.48%)
* UVC proof at step 8
* G1 elements in proof: 2
* G2 elements in proof: 1
* Proof size in bits: 1019
* Cached h poly size: 2175
* UVC Prove step 8
* Elements of w skipped: 0 (0.00%)
* Elements of w processed with special addition: 1 (1.52%)
* Elements of w remaining: 65 (98.48%)
* Elements of w skipped: 0 (0.00%)
* Elements of w processed with special addition: 1 (2.94%)
* Elements of w remaining: 33 (97.06%)
* Elements of w skipped: 0 (0.00%)
* Elements of w processed with special addition: 1 (1.52%)
* Elements of w remaining: 65 (98.48%)
* UVC proof at step 8
* G1 elements in proof: 2
* G2 elements in proof: 1
* Proof size in bits: 1019
* Cached h poly size: 2175
* UVC Prove step 8
* Elements of w skipped: 0 (0.00%)
* Elements of w processed with special addition: 1 (1.52%)
* Elements of w remaining: 65 (98.48%)
* Elements of w skipped: 0 (0.00%)
* Elements of w processed with special addition: 1 (2.94%)
* Elements of w remaining: 33 (97.06%)
* Elements of w skipped: 0 (0.00%)
* Elements of w processed with special addition: 1 (1.52%)
* Elements of w remaining: 65 (98.48%)
* UVC proof at step 8
* G1 elements in proof: 2
* G2 elements in proof: 1
* Proof size in bits: 1019
* Cached h poly size: 2175
* UVC Prove step 8
* Elements of w skipped: 0 (0.00%)
* Elements of w processed with special addition: 1 (1.52%)
* Elements of w remaining: 65 (98.48%)
* Elements of w skipped: 0 (0.00%)
* Elements of w processed with special addition: 1 (2.94%)
* Elements of w remaining: 33 (97.06%)
* Elements of w skipped: 0 (0.00%)
* Elements of w processed with special addition: 1 (1.52%)
* Elements of w remaining: 65 (98.48%)
* UVC proof at step 8
* G1 elements in proof: 2
* G2 elements in proof: 1
* Proof size in bits: 1019
* Cached h poly size: 2175
* UVC Prove step 8
* Elements of w skipped: 0 (0.00%)
* Elements of w processed with special addition: 1 (1.52%)
* Elements of w remaining: 65 (98.48%)
* Elements of w skipped: 0 (0.00%)
* Elements of w processed with special addition: 1 (2.94%)
* Elements of w remaining: 33 (97.06%)
* Elements of w skipped: 0 (0.00%)
* Elements of w processed with special addition: 1 (1.52%)
* Elements of w remaining: 65 (98.48%)
* UVC proof at step 8
* G1 elements in proof: 2
* G2 elements in proof: 1
* Proof size in bits: 1019
* Cached h poly size: 2175
* UVC Prove step 8
* Elements of w skipped: 0 (0.00%)
* Elements of w processed with special addition: 1 (1.52%)
* Elements of w remaining: 65 (98.48%)
* Elements of w skipped: 0 (0.00%)
* Elements of w processed with special addition: 1 (2.94%)
* Elements of w remaining: 33 (97.06%)
* Elements of w skipped: 0 (0.00%)
* Elements of w processed with special addition: 1 (1.52%)
* Elements of w remaining: 65 (98.48%)
* UVC proof at step 8
* G1 elements in proof: 2
* G2 elements in proof: 1
* Proof size in bits: 1019
* Cached h poly size: 2175
* UVC Prove step 8
* Elements of w skipped: 0 (0.00%)
* Elements of w processed with special addition: 1 (1.52%)
* Elements of w remaining: 65 (98.48%)
* Elements of w skipped: 0 (0.00%)
* Elements of w processed with special addition: 1 (2.94%)
* Elements of w remaining: 33 (97.06%)
* Elements of w skipped: 0 (0.00%)
* Elements of w processed with special addition: 1 (1.52%)
* Elements of w remaining: 65 (98.48%)
* UVC proof at step 8
* G1 elements in proof: 2
* G2 elements in proof: 1
* Proof size in bits: 1019
* Cached h poly size: 2175
* UVC Prove step 8
* Elements of w skipped: 0 (0.00%)
* Elements of w processed with special addition: 1 (1.52%)
* Elements of w remaining: 65 (98.48%)
* Elements of w skipped: 0 (0.00%)
* Elements of w processed with special addition: 1 (2.94%)
* Elements of w remaining: 33 (97.06%)
* Elements of w skipped: 0 (0.00%)
* Elements of w processed with special addition: 1 (1.52%)
* Elements of w remaining: 65 (98.48%)
* UVC proof at step 8
* G1 elements in proof: 2
* G2 elements in proof: 1
* Proof size in bits: 1019
* Cached h poly size: 2175
* UVC Prove step 8
* Elements of w skipped: 0 (0.00%)
* Elements of w processed with special addition: 1 (1.52%)
* Elements of w remaining: 65 (98.48%)
* Elements of w skipped: 0 (0.00%)
* Elements of w processed with special addition: 1 (2.94%)
* Elements of w remaining: 33 (97.06%)
* Elements of w skipped: 0 (0.00%)
* Elements of w processed with special addition: 1 (1.52%)
* Elements of w remaining: 65 (98.48%)
* UVC proof at step 8
* G1 elements in proof: 2
* G2 elements in proof: 1
* Proof size in bits: 1019
* Cached h poly size: 2175
* UVC Verify step 8: PASS
* UVC Verify step 8: PASS
* UVC Verify step 8: PASS
* UVC Verify step 8: PASS
* UVC Verify step 8: PASS
* UVC Verify step 8: PASS
* UVC Verify step 8: PASS
* UVC Verify step 8: PASS
* UVC Verify step 8: PASS
* UVC Verify step 8: PASS
  8       62.13         2.70          1019          PASS      
* UVC Prove step 16
* Elements of w skipped: 0 (0.00%)
* Elements of w processed with special addition: 1 (1.52%)
* Elements of w remaining: 65 (98.48%)
* Elements of w skipped: 0 (0.00%)
* Elements of w processed with special addition: 1 (2.94%)
* Elements of w remaining: 33 (97.06%)
* Elements of w skipped: 0 (0.00%)
* Elements of w processed with special addition: 1 (1.52%)
* Elements of w remaining: 65 (98.48%)
* UVC proof at step 16
* G1 elements in proof: 2
* G2 elements in proof: 1
* Proof size in bits: 1019
* Cached h poly size: 2175
* UVC Prove step 16
* Elements of w skipped: 0 (0.00%)
* Elements of w processed with special addition: 1 (1.52%)
* Elements of w remaining: 65 (98.48%)
* Elements of w skipped: 0 (0.00%)
* Elements of w processed with special addition: 1 (2.94%)
* Elements of w remaining: 33 (97.06%)
* Elements of w skipped: 0 (0.00%)
* Elements of w processed with special addition: 1 (1.52%)
* Elements of w remaining: 65 (98.48%)
* UVC proof at step 16
* G1 elements in proof: 2
* G2 elements in proof: 1
* Proof size in bits: 1019
* Cached h poly size: 2175
* UVC Prove step 16
* Elements of w skipped: 0 (0.00%)
* Elements of w processed with special addition: 1 (1.52%)
* Elements of w remaining: 65 (98.48%)
* Elements of w skipped: 0 (0.00%)
* Elements of w processed with special addition: 1 (2.94%)
* Elements of w remaining: 33 (97.06%)
* Elements of w skipped: 0 (0.00%)
* Elements of w processed with special addition: 1 (1.52%)
* Elements of w remaining: 65 (98.48%)
* UVC proof at step 16
* G1 elements in proof: 2
* G2 elements in proof: 1
* Proof size in bits: 1019
* Cached h poly size: 2175
* UVC Prove step 16
* Elements of w skipped: 0 (0.00%)
* Elements of w processed with special addition: 1 (1.52%)
* Elements of w remaining: 65 (98.48%)
* Elements of w skipped: 0 (0.00%)
* Elements of w processed with special addition: 1 (2.94%)
* Elements of w remaining: 33 (97.06%)
* Elements of w skipped: 0 (0.00%)
* Elements of w processed with special addition: 1 (1.52%)
* Elements of w remaining: 65 (98.48%)
* UVC proof at step 16
* G1 elements in proof: 2
* G2 elements in proof: 1
* Proof size in bits: 1019
* Cached h poly size: 2175
* UVC Prove step 16
* Elements of w skipped: 0 (0.00%)
* Elements of w processed with special addition: 1 (1.52%)
* Elements of w remaining: 65 (98.48%)
* Elements of w skipped: 0 (0.00%)
* Elements of w processed with special addition: 1 (2.94%)
* Elements of w remaining: 33 (97.06%)
* Elements of w skipped: 0 (0.00%)
* Elements of w processed with special addition: 1 (1.52%)
* Elements of w remaining: 65 (98.48%)
* UVC proof at step 16
* G1 elements in proof: 2
* G2 elements in proof: 1
* Proof size in bits: 1019
* Cached h poly size: 2175
* UVC Prove step 16
* Elements of w skipped: 0 (0.00%)
* Elements of w processed with special addition: 1 (1.52%)
* Elements of w remaining: 65 (98.48%)
* Elements of w skipped: 0 (0.00%)
* Elements of w processed with special addition: 1 (2.94%)
* Elements of w remaining: 33 (97.06%)
* Elements of w skipped: 0 (0.00%)
* Elements of w processed with special addition: 1 (1.52%)
* Elements of w remaining: 65 (98.48%)
* UVC proof at step 16
* G1 elements in proof: 2
* G2 elements in proof: 1
* Proof size in bits: 1019
* Cached h poly size: 2175
* UVC Prove step 16
* Elements of w skipped: 0 (0.00%)
* Elements of w processed with special addition: 1 (1.52%)
* Elements of w remaining: 65 (98.48%)
* Elements of w skipped: 0 (0.00%)
* Elements of w processed with special addition: 1 (2.94%)
* Elements of w remaining: 33 (97.06%)
* Elements of w skipped: 0 (0.00%)
* Elements of w processed with special addition: 1 (1.52%)
* Elements of w remaining: 65 (98.48%)
* UVC proof at step 16
* G1 elements in proof: 2
* G2 elements in proof: 1
* Proof size in bits: 1019
* Cached h poly size: 2175
* UVC Prove step 16
* Elements of w skipped: 0 (0.00%)
* Elements of w processed with special addition: 1 (1.52%)
* Elements of w remaining: 65 (98.48%)
* Elements of w skipped: 0 (0.00%)
* Elements of w processed with special addition: 1 (2.94%)
* Elements of w remaining: 33 (97.06%)
* Elements of w skipped: 0 (0.00%)
* Elements of w processed with special addition: 1 (1.52%)
* Elements of w remaining: 65 (98.48%)
* UVC proof at step 16
* G1 elements in proof: 2
* G2 elements in proof: 1
* Proof size in bits: 1019
* Cached h poly size: 2175
* UVC Prove step 16
* Elements of w skipped: 0 (0.00%)
* Elements of w processed with special addition: 1 (1.52%)
* Elements of w remaining: 65 (98.48%)
* Elements of w skipped: 0 (0.00%)
* Elements of w processed with special addition: 1 (2.94%)
* Elements of w remaining: 33 (97.06%)
* Elements of w skipped: 0 (0.00%)
* Elements of w processed with special addition: 1 (1.52%)
* Elements of w remaining: 65 (98.48%)
* UVC proof at step 16
* G1 elements in proof: 2
* G2 elements in proof: 1
* Proof size in bits: 1019
* Cached h poly size: 2175
* UVC Prove step 16
* Elements of w skipped: 0 (0.00%)
* Elements of w processed with special addition: 1 (1.52%)
* Elements of w remaining: 65 (98.48%)
* Elements of w skipped: 0 (0.00%)
* Elements of w processed with special addition: 1 (2.94%)
* Elements of w remaining: 33 (97.06%)
* Elements of w skipped: 0 (0.00%)
* Elements of w processed with special addition: 1 (1.52%)
* Elements of w remaining: 65 (98.48%)
* UVC proof at step 16
* G1 elements in proof: 2
* G2 elements in proof: 1
* Proof size in bits: 1019
* Cached h poly size: 2175
* UVC Verify step 16: PASS
* UVC Verify step 16: PASS
* UVC Verify step 16: PASS
* UVC Verify step 16: PASS
* UVC Verify step 16: PASS
* UVC Verify step 16: PASS
* UVC Verify step 16: PASS
* UVC Verify step 16: PASS
* UVC Verify step 16: PASS
* UVC Verify step 16: PASS
  16      62.09         2.69          1019          PASS      
* UVC Prove step 32
* Elements of w skipped: 0 (0.00%)
* Elements of w processed with special addition: 1 (1.52%)
* Elements of w remaining: 65 (98.48%)
* Elements of w skipped: 0 (0.00%)
* Elements of w processed with special addition: 1 (2.94%)
* Elements of w remaining: 33 (97.06%)
* Elements of w skipped: 0 (0.00%)
* Elements of w processed with special addition: 1 (1.52%)
* Elements of w remaining: 65 (98.48%)
* UVC proof at step 32
* G1 elements in proof: 2
* G2 elements in proof: 1
* Proof size in bits: 1019
* Cached h poly size: 2175
* UVC Prove step 32
* Elements of w skipped: 0 (0.00%)
* Elements of w processed with special addition: 1 (1.52%)
* Elements of w remaining: 65 (98.48%)
* Elements of w skipped: 0 (0.00%)
* Elements of w processed with special addition: 1 (2.94%)
* Elements of w remaining: 33 (97.06%)
* Elements of w skipped: 0 (0.00%)
* Elements of w processed with special addition: 1 (1.52%)
* Elements of w remaining: 65 (98.48%)
* UVC proof at step 32
* G1 elements in proof: 2
* G2 elements in proof: 1
* Proof size in bits: 1019
* Cached h poly size: 2175
* UVC Prove step 32
* Elements of w skipped: 0 (0.00%)
* Elements of w processed with special addition: 1 (1.52%)
* Elements of w remaining: 65 (98.48%)
* Elements of w skipped: 0 (0.00%)
* Elements of w processed with special addition: 1 (2.94%)
* Elements of w remaining: 33 (97.06%)
* Elements of w skipped: 0 (0.00%)
* Elements of w processed with special addition: 1 (1.52%)
* Elements of w remaining: 65 (98.48%)
* UVC proof at step 32
* G1 elements in proof: 2
* G2 elements in proof: 1
* Proof size in bits: 1019
* Cached h poly size: 2175
* UVC Prove step 32
* Elements of w skipped: 0 (0.00%)
* Elements of w processed with special addition: 1 (1.52%)
* Elements of w remaining: 65 (98.48%)
* Elements of w skipped: 0 (0.00%)
* Elements of w processed with special addition: 1 (2.94%)
* Elements of w remaining: 33 (97.06%)
* Elements of w skipped: 0 (0.00%)
* Elements of w processed with special addition: 1 (1.52%)
* Elements of w remaining: 65 (98.48%)
* UVC proof at step 32
* G1 elements in proof: 2
* G2 elements in proof: 1
* Proof size in bits: 1019
* Cached h poly size: 2175
* UVC Prove step 32
* Elements of w skipped: 0 (0.00%)
* Elements of w processed with special addition: 1 (1.52%)
* Elements of w remaining: 65 (98.48%)
* Elements of w skipped: 0 (0.00%)
* Elements of w processed with special addition: 1 (2.94%)
* Elements of w remaining: 33 (97.06%)
* Elements of w skipped: 0 (0.00%)
* Elements of w processed with special addition: 1 (1.52%)
* Elements of w remaining: 65 (98.48%)
* UVC proof at step 32
* G1 elements in proof: 2
* G2 elements in proof: 1
* Proof size in bits: 1019
* Cached h poly size: 2175
* UVC Prove step 32
* Elements of w skipped: 0 (0.00%)
* Elements of w processed with special addition: 1 (1.52%)
* Elements of w remaining: 65 (98.48%)
* Elements of w skipped: 0 (0.00%)
* Elements of w processed with special addition: 1 (2.94%)
* Elements of w remaining: 33 (97.06%)
* Elements of w skipped: 0 (0.00%)
* Elements of w processed with special addition: 1 (1.52%)
* Elements of w remaining: 65 (98.48%)
* UVC proof at step 32
* G1 elements in proof: 2
* G2 elements in proof: 1
* Proof size in bits: 1019
* Cached h poly size: 2175
* UVC Prove step 32
* Elements of w skipped: 0 (0.00%)
* Elements of w processed with special addition: 1 (1.52%)
* Elements of w remaining: 65 (98.48%)
* Elements of w skipped: 0 (0.00%)
* Elements of w processed with special addition: 1 (2.94%)
* Elements of w remaining: 33 (97.06%)
* Elements of w skipped: 0 (0.00%)
* Elements of w processed with special addition: 1 (1.52%)
* Elements of w remaining: 65 (98.48%)
* UVC proof at step 32
* G1 elements in proof: 2
* G2 elements in proof: 1
* Proof size in bits: 1019
* Cached h poly size: 2175
* UVC Prove step 32
* Elements of w skipped: 0 (0.00%)
* Elements of w processed with special addition: 1 (1.52%)
* Elements of w remaining: 65 (98.48%)
* Elements of w skipped: 0 (0.00%)
* Elements of w processed with special addition: 1 (2.94%)
* Elements of w remaining: 33 (97.06%)
* Elements of w skipped: 0 (0.00%)
* Elements of w processed with special addition: 1 (1.52%)
* Elements of w remaining: 65 (98.48%)
* UVC proof at step 32
* G1 elements in proof: 2
* G2 elements in proof: 1
* Proof size in bits: 1019
* Cached h poly size: 2175
* UVC Prove step 32
* Elements of w skipped: 0 (0.00%)
* Elements of w processed with special addition: 1 (1.52%)
* Elements of w remaining: 65 (98.48%)
* Elements of w skipped: 0 (0.00%)
* Elements of w processed with special addition: 1 (2.94%)
* Elements of w remaining: 33 (97.06%)
* Elements of w skipped: 0 (0.00%)
* Elements of w processed with special addition: 1 (1.52%)
* Elements of w remaining: 65 (98.48%)
* UVC proof at step 32
* G1 elements in proof: 2
* G2 elements in proof: 1
* Proof size in bits: 1019
* Cached h poly size: 2175
* UVC Prove step 32
* Elements of w skipped: 0 (0.00%)
* Elements of w processed with special addition: 1 (1.52%)
* Elements of w remaining: 65 (98.48%)
* Elements of w skipped: 0 (0.00%)
* Elements of w processed with special addition: 1 (2.94%)
* Elements of w remaining: 33 (97.06%)
* Elements of w skipped: 0 (0.00%)
* Elements of w processed with special addition: 1 (1.52%)
* Elements of w remaining: 65 (98.48%)
* UVC proof at step 32
* G1 elements in proof: 2
* G2 elements in proof: 1
* Proof size in bits: 1019
* Cached h poly size: 2175
* UVC Verify step 32: PASS
* UVC Verify step 32: PASS
* UVC Verify step 32: PASS
* UVC Verify step 32: PASS
* UVC Verify step 32: PASS
* UVC Verify step 32: PASS
* UVC Verify step 32: PASS
* UVC Verify step 32: PASS
* UVC Verify step 32: PASS
* UVC Verify step 32: PASS
  32      61.99         2.71          1019          PASS      
* UVC Prove step 64
* Elements of w skipped: 0 (0.00%)
* Elements of w processed with special addition: 1 (1.52%)
* Elements of w remaining: 65 (98.48%)
* Elements of w skipped: 0 (0.00%)
* Elements of w processed with special addition: 1 (3.03%)
* Elements of w remaining: 32 (96.97%)
* Elements of w skipped: 0 (0.00%)
* Elements of w processed with special addition: 1 (1.52%)
* Elements of w remaining: 65 (98.48%)
* UVC proof at step 64
* G1 elements in proof: 2
* G2 elements in proof: 1
* Proof size in bits: 1019
* Cached h poly size: 2175
* UVC Prove step 64
* Elements of w skipped: 0 (0.00%)
* Elements of w processed with special addition: 1 (1.52%)
* Elements of w remaining: 65 (98.48%)
* Elements of w skipped: 0 (0.00%)
* Elements of w processed with special addition: 1 (3.03%)
* Elements of w remaining: 32 (96.97%)
* Elements of w skipped: 0 (0.00%)
* Elements of w processed with special addition: 1 (1.52%)
* Elements of w remaining: 65 (98.48%)
* UVC proof at step 64
* G1 elements in proof: 2
* G2 elements in proof: 1
* Proof size in bits: 1019
* Cached h poly size: 2175
* UVC Prove step 64
* Elements of w skipped: 0 (0.00%)
* Elements of w processed with special addition: 1 (1.52%)
* Elements of w remaining: 65 (98.48%)
* Elements of w skipped: 0 (0.00%)
* Elements of w processed with special addition: 1 (3.03%)
* Elements of w remaining: 32 (96.97%)
* Elements of w skipped: 0 (0.00%)
* Elements of w processed with special addition: 1 (1.52%)
* Elements of w remaining: 65 (98.48%)
* UVC proof at step 64
* G1 elements in proof: 2
* G2 elements in proof: 1
* Proof size in bits: 1019
* Cached h poly size: 2175
* UVC Prove step 64
* Elements of w skipped: 0 (0.00%)
* Elements of w processed with special addition: 1 (1.52%)
* Elements of w remaining: 65 (98.48%)
* Elements of w skipped: 0 (0.00%)
* Elements of w processed with special addition: 1 (3.03%)
* Elements of w remaining: 32 (96.97%)
* Elements of w skipped: 0 (0.00%)
* Elements of w processed with special addition: 1 (1.52%)
* Elements of w remaining: 65 (98.48%)
* UVC proof at step 64
* G1 elements in proof: 2
* G2 elements in proof: 1
* Proof size in bits: 1019
* Cached h poly size: 2175
* UVC Prove step 64
* Elements of w skipped: 0 (0.00%)
* Elements of w processed with special addition: 1 (1.52%)
* Elements of w remaining: 65 (98.48%)
* Elements of w skipped: 0 (0.00%)
* Elements of w processed with special addition: 1 (3.03%)
* Elements of w remaining: 32 (96.97%)
* Elements of w skipped: 0 (0.00%)
* Elements of w processed with special addition: 1 (1.52%)
* Elements of w remaining: 65 (98.48%)
* UVC proof at step 64
* G1 elements in proof: 2
* G2 elements in proof: 1
* Proof size in bits: 1019
* Cached h poly size: 2175
* UVC Prove step 64
* Elements of w skipped: 0 (0.00%)
* Elements of w processed with special addition: 1 (1.52%)
* Elements of w remaining: 65 (98.48%)
* Elements of w skipped: 0 (0.00%)
* Elements of w processed with special addition: 1 (3.03%)
* Elements of w remaining: 32 (96.97%)
* Elements of w skipped: 0 (0.00%)
* Elements of w processed with special addition: 1 (1.52%)
* Elements of w remaining: 65 (98.48%)
* UVC proof at step 64
* G1 elements in proof: 2
* G2 elements in proof: 1
* Proof size in bits: 1019
* Cached h poly size: 2175
* UVC Prove step 64
* Elements of w skipped: 0 (0.00%)
* Elements of w processed with special addition: 1 (1.52%)
* Elements of w remaining: 65 (98.48%)
* Elements of w skipped: 0 (0.00%)
* Elements of w processed with special addition: 1 (3.03%)
* Elements of w remaining: 32 (96.97%)
* Elements of w skipped: 0 (0.00%)
* Elements of w processed with special addition: 1 (1.52%)
* Elements of w remaining: 65 (98.48%)
* UVC proof at step 64
* G1 elements in proof: 2
* G2 elements in proof: 1
* Proof size in bits: 1019
* Cached h poly size: 2175
* UVC Prove step 64
* Elements of w skipped: 0 (0.00%)
* Elements of w processed with special addition: 1 (1.52%)
* Elements of w remaining: 65 (98.48%)
* Elements of w skipped: 0 (0.00%)
* Elements of w processed with special addition: 1 (3.03%)
* Elements of w remaining: 32 (96.97%)
* Elements of w skipped: 0 (0.00%)
* Elements of w processed with special addition: 1 (1.52%)
* Elements of w remaining: 65 (98.48%)
* UVC proof at step 64
* G1 elements in proof: 2
* G2 elements in proof: 1
* Proof size in bits: 1019
* Cached h poly size: 2175
* UVC Prove step 64
* Elements of w skipped: 0 (0.00%)
* Elements of w processed with special addition: 1 (1.52%)
* Elements of w remaining: 65 (98.48%)
* Elements of w skipped: 0 (0.00%)
* Elements of w processed with special addition: 1 (3.03%)
* Elements of w remaining: 32 (96.97%)
* Elements of w skipped: 0 (0.00%)
* Elements of w processed with special addition: 1 (1.52%)
* Elements of w remaining: 65 (98.48%)
* UVC proof at step 64
* G1 elements in proof: 2
* G2 elements in proof: 1
* Proof size in bits: 1019
* Cached h poly size: 2175
* UVC Prove step 64
* Elements of w skipped: 0 (0.00%)
* Elements of w processed with special addition: 1 (1.52%)
* Elements of w remaining: 65 (98.48%)
* Elements of w skipped: 0 (0.00%)
* Elements of w processed with special addition: 1 (3.03%)
* Elements of w remaining: 32 (96.97%)
* Elements of w skipped: 0 (0.00%)
* Elements of w processed with special addition: 1 (1.52%)
* Elements of w remaining: 65 (98.48%)
* UVC proof at step 64
* G1 elements in proof: 2
* G2 elements in proof: 1
* Proof size in bits: 1019
* Cached h poly size: 2175
* UVC Verify step 64: PASS
* UVC Verify step 64: PASS
* UVC Verify step 64: PASS
* UVC Verify step 64: PASS
* UVC Verify step 64: PASS
* UVC Verify step 64: PASS
* UVC Verify step 64: PASS
* UVC Verify step 64: PASS
* UVC Verify step 64: PASS
* UVC Verify step 64: PASS
  64      62.27         2.66          1019          PASS      

  UVC results written to /Users/heewonchung/Documents/00-Research/active/Updatable Verifiable Computation/Dev/results/2026-03-09_201110_iot/csv/uvc_results.csv

================================================================
Groth16 Benchmark: circuit=sensor_fusion, n=32, B=64
================================================================

  Step    C_j constr  Setup (ms)    Prove (ms)    Verify (ms)   Verified  
  ------  ----------  ------------  ------------  ------------  ----------
* Composed C_1: 33 constraints, 67 variables, 34 inputs
* QAP number of variables: 67
* QAP pre degree: 33
* QAP degree: 68
* QAP number of input variables: 34
* G1 window: 6
* G2 window: 4
* G1 elements in PK: 237
* Non-zero G1 elements in PK: 202
* G2 elements in PK: 69
* Non-zero G2 elements in PK: 34
* PK size in bits: 70928
* G1 elements in VK: 34
* G2 elements in VK: 2
* GT elements in VK: 1
* VK size in bits: 12119
* Elements of w skipped: 1 (1.47%)
* Elements of w processed with special addition: 3 (4.41%)
* Elements of w remaining: 64 (94.12%)
* Elements of w skipped: 0 (0.00%)
* Elements of w processed with special addition: 2 (6.06%)
* Elements of w remaining: 31 (93.94%)
* Elements of w skipped: 0 (0.00%)
* Elements of w processed with special addition: 0 (0.00%)
* Elements of w remaining: 33 (100.00%)
* G1 elements in proof: 2
* G2 elements in proof: 1
* Proof size in bits: 1019
* Elements of w skipped: 1 (1.47%)
* Elements of w processed with special addition: 3 (4.41%)
* Elements of w remaining: 64 (94.12%)
* Elements of w skipped: 0 (0.00%)
* Elements of w processed with special addition: 2 (6.06%)
* Elements of w remaining: 31 (93.94%)
* Elements of w skipped: 0 (0.00%)
* Elements of w processed with special addition: 0 (0.00%)
* Elements of w remaining: 33 (100.00%)
* G1 elements in proof: 2
* G2 elements in proof: 1
* Proof size in bits: 1019
* Elements of w skipped: 1 (1.47%)
* Elements of w processed with special addition: 3 (4.41%)
* Elements of w remaining: 64 (94.12%)
* Elements of w skipped: 0 (0.00%)
* Elements of w processed with special addition: 2 (6.06%)
* Elements of w remaining: 31 (93.94%)
* Elements of w skipped: 0 (0.00%)
* Elements of w processed with special addition: 0 (0.00%)
* Elements of w remaining: 33 (100.00%)
* G1 elements in proof: 2
* G2 elements in proof: 1
* Proof size in bits: 1019
* Elements of w skipped: 1 (1.47%)
* Elements of w processed with special addition: 3 (4.41%)
* Elements of w remaining: 64 (94.12%)
* Elements of w skipped: 0 (0.00%)
* Elements of w processed with special addition: 2 (6.06%)
* Elements of w remaining: 31 (93.94%)
* Elements of w skipped: 0 (0.00%)
* Elements of w processed with special addition: 0 (0.00%)
* Elements of w remaining: 33 (100.00%)
* G1 elements in proof: 2
* G2 elements in proof: 1
* Proof size in bits: 1019
* Elements of w skipped: 1 (1.47%)
* Elements of w processed with special addition: 3 (4.41%)
* Elements of w remaining: 64 (94.12%)
* Elements of w skipped: 0 (0.00%)
* Elements of w processed with special addition: 2 (6.06%)
* Elements of w remaining: 31 (93.94%)
* Elements of w skipped: 0 (0.00%)
* Elements of w processed with special addition: 0 (0.00%)
* Elements of w remaining: 33 (100.00%)
* G1 elements in proof: 2
* G2 elements in proof: 1
* Proof size in bits: 1019
* Elements of w skipped: 1 (1.47%)
* Elements of w processed with special addition: 3 (4.41%)
* Elements of w remaining: 64 (94.12%)
* Elements of w skipped: 0 (0.00%)
* Elements of w processed with special addition: 2 (6.06%)
* Elements of w remaining: 31 (93.94%)
* Elements of w skipped: 0 (0.00%)
* Elements of w processed with special addition: 0 (0.00%)
* Elements of w remaining: 33 (100.00%)
* G1 elements in proof: 2
* G2 elements in proof: 1
* Proof size in bits: 1019
* Elements of w skipped: 1 (1.47%)
* Elements of w processed with special addition: 3 (4.41%)
* Elements of w remaining: 64 (94.12%)
* Elements of w skipped: 0 (0.00%)
* Elements of w processed with special addition: 2 (6.06%)
* Elements of w remaining: 31 (93.94%)
* Elements of w skipped: 0 (0.00%)
* Elements of w processed with special addition: 0 (0.00%)
* Elements of w remaining: 33 (100.00%)
* G1 elements in proof: 2
* G2 elements in proof: 1
* Proof size in bits: 1019
* Elements of w skipped: 1 (1.47%)
* Elements of w processed with special addition: 3 (4.41%)
* Elements of w remaining: 64 (94.12%)
* Elements of w skipped: 0 (0.00%)
* Elements of w processed with special addition: 2 (6.06%)
* Elements of w remaining: 31 (93.94%)
* Elements of w skipped: 0 (0.00%)
* Elements of w processed with special addition: 0 (0.00%)
* Elements of w remaining: 33 (100.00%)
* G1 elements in proof: 2
* G2 elements in proof: 1
* Proof size in bits: 1019
* Elements of w skipped: 1 (1.47%)
* Elements of w processed with special addition: 3 (4.41%)
* Elements of w remaining: 64 (94.12%)
* Elements of w skipped: 0 (0.00%)
* Elements of w processed with special addition: 2 (6.06%)
* Elements of w remaining: 31 (93.94%)
* Elements of w skipped: 0 (0.00%)
* Elements of w processed with special addition: 0 (0.00%)
* Elements of w remaining: 33 (100.00%)
* G1 elements in proof: 2
* G2 elements in proof: 1
* Proof size in bits: 1019
* Elements of w skipped: 1 (1.47%)
* Elements of w processed with special addition: 3 (4.41%)
* Elements of w remaining: 64 (94.12%)
* Elements of w skipped: 0 (0.00%)
* Elements of w processed with special addition: 2 (6.06%)
* Elements of w remaining: 31 (93.94%)
* Elements of w skipped: 0 (0.00%)
* Elements of w processed with special addition: 0 (0.00%)
* Elements of w remaining: 33 (100.00%)
* G1 elements in proof: 2
* G2 elements in proof: 1
* Proof size in bits: 1019
  1       33          26.0          8.96          2.66          PASS      
* Composed C_2: 66 constraints, 133 variables, 34 inputs
* QAP number of variables: 133
* QAP pre degree: 66
* QAP degree: 128
* QAP number of input variables: 34
* G1 window: 6
* G2 window: 5
* G1 elements in PK: 495
* Non-zero G1 elements in PK: 427
* G2 elements in PK: 135
* Non-zero G2 elements in PK: 67
* PK size in bits: 147212
* G1 elements in VK: 34
* G2 elements in VK: 2
* GT elements in VK: 1
* VK size in bits: 12119
* Elements of w skipped: 1 (0.75%)
* Elements of w processed with special addition: 4 (2.99%)
* Elements of w remaining: 129 (96.27%)
* Elements of w skipped: 0 (0.00%)
* Elements of w processed with special addition: 3 (4.55%)
* Elements of w remaining: 63 (95.45%)
* Elements of w skipped: 0 (0.00%)
* Elements of w processed with special addition: 1 (1.01%)
* Elements of w remaining: 98 (98.99%)
* G1 elements in proof: 2
* G2 elements in proof: 1
* Proof size in bits: 1019
* Elements of w skipped: 1 (0.75%)
* Elements of w processed with special addition: 4 (2.99%)
* Elements of w remaining: 129 (96.27%)
* Elements of w skipped: 0 (0.00%)
* Elements of w processed with special addition: 3 (4.55%)
* Elements of w remaining: 63 (95.45%)
* Elements of w skipped: 0 (0.00%)
* Elements of w processed with special addition: 1 (1.01%)
* Elements of w remaining: 98 (98.99%)
* G1 elements in proof: 2
* G2 elements in proof: 1
* Proof size in bits: 1019
* Elements of w skipped: 1 (0.75%)
* Elements of w processed with special addition: 4 (2.99%)
* Elements of w remaining: 129 (96.27%)
* Elements of w skipped: 0 (0.00%)
* Elements of w processed with special addition: 3 (4.55%)
* Elements of w remaining: 63 (95.45%)
* Elements of w skipped: 0 (0.00%)
* Elements of w processed with special addition: 1 (1.01%)
* Elements of w remaining: 98 (98.99%)
* G1 elements in proof: 2
* G2 elements in proof: 1
* Proof size in bits: 1019
* Elements of w skipped: 1 (0.75%)
* Elements of w processed with special addition: 4 (2.99%)
* Elements of w remaining: 129 (96.27%)
* Elements of w skipped: 0 (0.00%)
* Elements of w processed with special addition: 3 (4.55%)
* Elements of w remaining: 63 (95.45%)
* Elements of w skipped: 0 (0.00%)
* Elements of w processed with special addition: 1 (1.01%)
* Elements of w remaining: 98 (98.99%)
* G1 elements in proof: 2
* G2 elements in proof: 1
* Proof size in bits: 1019
* Elements of w skipped: 1 (0.75%)
* Elements of w processed with special addition: 4 (2.99%)
* Elements of w remaining: 129 (96.27%)
* Elements of w skipped: 0 (0.00%)
* Elements of w processed with special addition: 3 (4.55%)
* Elements of w remaining: 63 (95.45%)
* Elements of w skipped: 0 (0.00%)
* Elements of w processed with special addition: 1 (1.01%)
* Elements of w remaining: 98 (98.99%)
* G1 elements in proof: 2
* G2 elements in proof: 1
* Proof size in bits: 1019
* Elements of w skipped: 1 (0.75%)
* Elements of w processed with special addition: 4 (2.99%)
* Elements of w remaining: 129 (96.27%)
* Elements of w skipped: 0 (0.00%)
* Elements of w processed with special addition: 3 (4.55%)
* Elements of w remaining: 63 (95.45%)
* Elements of w skipped: 0 (0.00%)
* Elements of w processed with special addition: 1 (1.01%)
* Elements of w remaining: 98 (98.99%)
* G1 elements in proof: 2
* G2 elements in proof: 1
* Proof size in bits: 1019
* Elements of w skipped: 1 (0.75%)
* Elements of w processed with special addition: 4 (2.99%)
* Elements of w remaining: 129 (96.27%)
* Elements of w skipped: 0 (0.00%)
* Elements of w processed with special addition: 3 (4.55%)
* Elements of w remaining: 63 (95.45%)
* Elements of w skipped: 0 (0.00%)
* Elements of w processed with special addition: 1 (1.01%)
* Elements of w remaining: 98 (98.99%)
* G1 elements in proof: 2
* G2 elements in proof: 1
* Proof size in bits: 1019
* Elements of w skipped: 1 (0.75%)
* Elements of w processed with special addition: 4 (2.99%)
* Elements of w remaining: 129 (96.27%)
* Elements of w skipped: 0 (0.00%)
* Elements of w processed with special addition: 3 (4.55%)
* Elements of w remaining: 63 (95.45%)
* Elements of w skipped: 0 (0.00%)
* Elements of w processed with special addition: 1 (1.01%)
* Elements of w remaining: 98 (98.99%)
* G1 elements in proof: 2
* G2 elements in proof: 1
* Proof size in bits: 1019
* Elements of w skipped: 1 (0.75%)
* Elements of w processed with special addition: 4 (2.99%)
* Elements of w remaining: 129 (96.27%)
* Elements of w skipped: 0 (0.00%)
* Elements of w processed with special addition: 3 (4.55%)
* Elements of w remaining: 63 (95.45%)
* Elements of w skipped: 0 (0.00%)
* Elements of w processed with special addition: 1 (1.01%)
* Elements of w remaining: 98 (98.99%)
* G1 elements in proof: 2
* G2 elements in proof: 1
* Proof size in bits: 1019
* Elements of w skipped: 1 (0.75%)
* Elements of w processed with special addition: 4 (2.99%)
* Elements of w remaining: 129 (96.27%)
* Elements of w skipped: 0 (0.00%)
* Elements of w processed with special addition: 3 (4.55%)
* Elements of w remaining: 63 (95.45%)
* Elements of w skipped: 0 (0.00%)
* Elements of w processed with special addition: 1 (1.01%)
* Elements of w remaining: 98 (98.99%)
* G1 elements in proof: 2
* G2 elements in proof: 1
* Proof size in bits: 1019
  2       66          39.0          14.51         2.71          PASS      
* Composed C_4: 132 constraints, 265 variables, 34 inputs
* QAP number of variables: 265
* QAP pre degree: 132
* QAP degree: 192
* QAP number of input variables: 34
* G1 window: 7
* G2 window: 5
* G1 elements in PK: 955
* Non-zero G1 elements in PK: 821
* G2 elements in PK: 267
* Non-zero G2 elements in PK: 133
* PK size in bits: 285500
* G1 elements in VK: 34
* G2 elements in VK: 2
* GT elements in VK: 1
* VK size in bits: 12119
* Elements of w skipped: 1 (0.38%)
* Elements of w processed with special addition: 6 (2.26%)
* Elements of w remaining: 259 (97.37%)
* Elements of w skipped: 0 (0.00%)
* Elements of w processed with special addition: 5 (3.79%)
* Elements of w remaining: 127 (96.21%)
* Elements of w skipped: 0 (0.00%)
* Elements of w processed with special addition: 3 (1.30%)
* Elements of w remaining: 228 (98.70%)
* G1 elements in proof: 2
* G2 elements in proof: 1
* Proof size in bits: 1019
* Elements of w skipped: 1 (0.38%)
* Elements of w processed with special addition: 6 (2.26%)
* Elements of w remaining: 259 (97.37%)
* Elements of w skipped: 0 (0.00%)
* Elements of w processed with special addition: 5 (3.79%)
* Elements of w remaining: 127 (96.21%)
* Elements of w skipped: 0 (0.00%)
* Elements of w processed with special addition: 3 (1.30%)
* Elements of w remaining: 228 (98.70%)
* G1 elements in proof: 2
* G2 elements in proof: 1
* Proof size in bits: 1019
* Elements of w skipped: 1 (0.38%)
* Elements of w processed with special addition: 6 (2.26%)
* Elements of w remaining: 259 (97.37%)
* Elements of w skipped: 0 (0.00%)
* Elements of w processed with special addition: 5 (3.79%)
* Elements of w remaining: 127 (96.21%)
* Elements of w skipped: 0 (0.00%)
* Elements of w processed with special addition: 3 (1.30%)
* Elements of w remaining: 228 (98.70%)
* G1 elements in proof: 2
* G2 elements in proof: 1
* Proof size in bits: 1019
* Elements of w skipped: 1 (0.38%)
* Elements of w processed with special addition: 6 (2.26%)
* Elements of w remaining: 259 (97.37%)
* Elements of w skipped: 0 (0.00%)
* Elements of w processed with special addition: 5 (3.79%)
* Elements of w remaining: 127 (96.21%)
* Elements of w skipped: 0 (0.00%)
* Elements of w processed with special addition: 3 (1.30%)
* Elements of w remaining: 228 (98.70%)
* G1 elements in proof: 2
* G2 elements in proof: 1
* Proof size in bits: 1019
* Elements of w skipped: 1 (0.38%)
* Elements of w processed with special addition: 6 (2.26%)
* Elements of w remaining: 259 (97.37%)
* Elements of w skipped: 0 (0.00%)
* Elements of w processed with special addition: 5 (3.79%)
* Elements of w remaining: 127 (96.21%)
* Elements of w skipped: 0 (0.00%)
* Elements of w processed with special addition: 3 (1.30%)
* Elements of w remaining: 228 (98.70%)
* G1 elements in proof: 2
* G2 elements in proof: 1
* Proof size in bits: 1019
* Elements of w skipped: 1 (0.38%)
* Elements of w processed with special addition: 6 (2.26%)
* Elements of w remaining: 259 (97.37%)
* Elements of w skipped: 0 (0.00%)
* Elements of w processed with special addition: 5 (3.79%)
* Elements of w remaining: 127 (96.21%)
* Elements of w skipped: 0 (0.00%)
* Elements of w processed with special addition: 3 (1.30%)
* Elements of w remaining: 228 (98.70%)
* G1 elements in proof: 2
* G2 elements in proof: 1
* Proof size in bits: 1019
* Elements of w skipped: 1 (0.38%)
* Elements of w processed with special addition: 6 (2.26%)
* Elements of w remaining: 259 (97.37%)
* Elements of w skipped: 0 (0.00%)
* Elements of w processed with special addition: 5 (3.79%)
* Elements of w remaining: 127 (96.21%)
* Elements of w skipped: 0 (0.00%)
* Elements of w processed with special addition: 3 (1.30%)
* Elements of w remaining: 228 (98.70%)
* G1 elements in proof: 2
* G2 elements in proof: 1
* Proof size in bits: 1019
* Elements of w skipped: 1 (0.38%)
* Elements of w processed with special addition: 6 (2.26%)
* Elements of w remaining: 259 (97.37%)
* Elements of w skipped: 0 (0.00%)
* Elements of w processed with special addition: 5 (3.79%)
* Elements of w remaining: 127 (96.21%)
* Elements of w skipped: 0 (0.00%)
* Elements of w processed with special addition: 3 (1.30%)
* Elements of w remaining: 228 (98.70%)
* G1 elements in proof: 2
* G2 elements in proof: 1
* Proof size in bits: 1019
* Elements of w skipped: 1 (0.38%)
* Elements of w processed with special addition: 6 (2.26%)
* Elements of w remaining: 259 (97.37%)
* Elements of w skipped: 0 (0.00%)
* Elements of w processed with special addition: 5 (3.79%)
* Elements of w remaining: 127 (96.21%)
* Elements of w skipped: 0 (0.00%)
* Elements of w processed with special addition: 3 (1.30%)
* Elements of w remaining: 228 (98.70%)
* G1 elements in proof: 2
* G2 elements in proof: 1
* Proof size in bits: 1019
* Elements of w skipped: 1 (0.38%)
* Elements of w processed with special addition: 6 (2.26%)
* Elements of w remaining: 259 (97.37%)
* Elements of w skipped: 0 (0.00%)
* Elements of w processed with special addition: 5 (3.79%)
* Elements of w remaining: 127 (96.21%)
* Elements of w skipped: 0 (0.00%)
* Elements of w processed with special addition: 3 (1.30%)
* Elements of w remaining: 228 (98.70%)
* G1 elements in proof: 2
* G2 elements in proof: 1
* Proof size in bits: 1019
  4       132         65.3          21.11         2.71          PASS      
* Composed C_8: 264 constraints, 529 variables, 34 inputs
* QAP number of variables: 529
* QAP pre degree: 264
* QAP degree: 320
* QAP number of input variables: 34
* G1 window: 8
* G2 window: 6
* G1 elements in PK: 1875
* Non-zero G1 elements in PK: 1609
* G2 elements in PK: 531
* Non-zero G2 elements in PK: 265
* PK size in bits: 562076
* G1 elements in VK: 34
* G2 elements in VK: 2
* GT elements in VK: 1
* VK size in bits: 12119
* Elements of w skipped: 1 (0.19%)
* Elements of w processed with special addition: 10 (1.89%)
* Elements of w remaining: 519 (97.92%)
* Elements of w skipped: 0 (0.00%)
* Elements of w processed with special addition: 9 (3.41%)
* Elements of w remaining: 255 (96.59%)
* Elements of w skipped: 0 (0.00%)
* Elements of w processed with special addition: 7 (1.41%)
* Elements of w remaining: 488 (98.59%)
* G1 elements in proof: 2
* G2 elements in proof: 1
* Proof size in bits: 1019
* Elements of w skipped: 1 (0.19%)
* Elements of w processed with special addition: 10 (1.89%)
* Elements of w remaining: 519 (97.92%)
* Elements of w skipped: 0 (0.00%)
* Elements of w processed with special addition: 9 (3.41%)
* Elements of w remaining: 255 (96.59%)
* Elements of w skipped: 0 (0.00%)
* Elements of w processed with special addition: 7 (1.41%)
* Elements of w remaining: 488 (98.59%)
* G1 elements in proof: 2
* G2 elements in proof: 1
* Proof size in bits: 1019
* Elements of w skipped: 1 (0.19%)
* Elements of w processed with special addition: 10 (1.89%)
* Elements of w remaining: 519 (97.92%)
* Elements of w skipped: 0 (0.00%)
* Elements of w processed with special addition: 9 (3.41%)
* Elements of w remaining: 255 (96.59%)
* Elements of w skipped: 0 (0.00%)
* Elements of w processed with special addition: 7 (1.41%)
* Elements of w remaining: 488 (98.59%)
* G1 elements in proof: 2
* G2 elements in proof: 1
* Proof size in bits: 1019
* Elements of w skipped: 1 (0.19%)
* Elements of w processed with special addition: 10 (1.89%)
* Elements of w remaining: 519 (97.92%)
* Elements of w skipped: 0 (0.00%)
* Elements of w processed with special addition: 9 (3.41%)
* Elements of w remaining: 255 (96.59%)
* Elements of w skipped: 0 (0.00%)
* Elements of w processed with special addition: 7 (1.41%)
* Elements of w remaining: 488 (98.59%)
* G1 elements in proof: 2
* G2 elements in proof: 1
* Proof size in bits: 1019
* Elements of w skipped: 1 (0.19%)
* Elements of w processed with special addition: 10 (1.89%)
* Elements of w remaining: 519 (97.92%)
* Elements of w skipped: 0 (0.00%)
* Elements of w processed with special addition: 9 (3.41%)
* Elements of w remaining: 255 (96.59%)
* Elements of w skipped: 0 (0.00%)
* Elements of w processed with special addition: 7 (1.41%)
* Elements of w remaining: 488 (98.59%)
* G1 elements in proof: 2
* G2 elements in proof: 1
* Proof size in bits: 1019
* Elements of w skipped: 1 (0.19%)
* Elements of w processed with special addition: 10 (1.89%)
* Elements of w remaining: 519 (97.92%)
* Elements of w skipped: 0 (0.00%)
* Elements of w processed with special addition: 9 (3.41%)
* Elements of w remaining: 255 (96.59%)
* Elements of w skipped: 0 (0.00%)
* Elements of w processed with special addition: 7 (1.41%)
* Elements of w remaining: 488 (98.59%)
* G1 elements in proof: 2
* G2 elements in proof: 1
* Proof size in bits: 1019
* Elements of w skipped: 1 (0.19%)
* Elements of w processed with special addition: 10 (1.89%)
* Elements of w remaining: 519 (97.92%)
* Elements of w skipped: 0 (0.00%)
* Elements of w processed with special addition: 9 (3.41%)
* Elements of w remaining: 255 (96.59%)
* Elements of w skipped: 0 (0.00%)
* Elements of w processed with special addition: 7 (1.41%)
* Elements of w remaining: 488 (98.59%)
* G1 elements in proof: 2
* G2 elements in proof: 1
* Proof size in bits: 1019
* Elements of w skipped: 1 (0.19%)
* Elements of w processed with special addition: 10 (1.89%)
* Elements of w remaining: 519 (97.92%)
* Elements of w skipped: 0 (0.00%)
* Elements of w processed with special addition: 9 (3.41%)
* Elements of w remaining: 255 (96.59%)
* Elements of w skipped: 0 (0.00%)
* Elements of w processed with special addition: 7 (1.41%)
* Elements of w remaining: 488 (98.59%)
* G1 elements in proof: 2
* G2 elements in proof: 1
* Proof size in bits: 1019
* Elements of w skipped: 1 (0.19%)
* Elements of w processed with special addition: 10 (1.89%)
* Elements of w remaining: 519 (97.92%)
* Elements of w skipped: 0 (0.00%)
* Elements of w processed with special addition: 9 (3.41%)
* Elements of w remaining: 255 (96.59%)
* Elements of w skipped: 0 (0.00%)
* Elements of w processed with special addition: 7 (1.41%)
* Elements of w remaining: 488 (98.59%)
* G1 elements in proof: 2
* G2 elements in proof: 1
* Proof size in bits: 1019
* Elements of w skipped: 1 (0.19%)
* Elements of w processed with special addition: 10 (1.89%)
* Elements of w remaining: 519 (97.92%)
* Elements of w skipped: 0 (0.00%)
* Elements of w processed with special addition: 9 (3.41%)
* Elements of w remaining: 255 (96.59%)
* Elements of w skipped: 0 (0.00%)
* Elements of w processed with special addition: 7 (1.41%)
* Elements of w remaining: 488 (98.59%)
* G1 elements in proof: 2
* G2 elements in proof: 1
* Proof size in bits: 1019
  8       264         105.5         30.90         2.73          PASS      
* Composed C_16: 528 constraints, 1057 variables, 34 inputs
* QAP number of variables: 1057
* QAP pre degree: 528
* QAP degree: 576
* QAP number of input variables: 34
* G1 window: 8
* G2 window: 7
* G1 elements in PK: 3715
* Non-zero G1 elements in PK: 3185
* G2 elements in PK: 1059
* Non-zero G2 elements in PK: 529
* PK size in bits: 1115228
* G1 elements in VK: 34
* G2 elements in VK: 2
* GT elements in VK: 1
* VK size in bits: 12119
* Elements of w skipped: 1 (0.09%)
* Elements of w processed with special addition: 18 (1.70%)
* Elements of w remaining: 1039 (98.20%)
* Elements of w skipped: 0 (0.00%)
* Elements of w processed with special addition: 17 (3.22%)
* Elements of w remaining: 511 (96.78%)
* Elements of w skipped: 0 (0.00%)
* Elements of w processed with special addition: 15 (1.47%)
* Elements of w remaining: 1008 (98.53%)
* G1 elements in proof: 2
* G2 elements in proof: 1
* Proof size in bits: 1019
* Elements of w skipped: 1 (0.09%)
* Elements of w processed with special addition: 18 (1.70%)
* Elements of w remaining: 1039 (98.20%)
* Elements of w skipped: 0 (0.00%)
* Elements of w processed with special addition: 17 (3.22%)
* Elements of w remaining: 511 (96.78%)
* Elements of w skipped: 0 (0.00%)
* Elements of w processed with special addition: 15 (1.47%)
* Elements of w remaining: 1008 (98.53%)
* G1 elements in proof: 2
* G2 elements in proof: 1
* Proof size in bits: 1019
* Elements of w skipped: 1 (0.09%)
* Elements of w processed with special addition: 18 (1.70%)
* Elements of w remaining: 1039 (98.20%)
* Elements of w skipped: 0 (0.00%)
* Elements of w processed with special addition: 17 (3.22%)
* Elements of w remaining: 511 (96.78%)
* Elements of w skipped: 0 (0.00%)
* Elements of w processed with special addition: 15 (1.47%)
* Elements of w remaining: 1008 (98.53%)
* G1 elements in proof: 2
* G2 elements in proof: 1
* Proof size in bits: 1019
* Elements of w skipped: 1 (0.09%)
* Elements of w processed with special addition: 18 (1.70%)
* Elements of w remaining: 1039 (98.20%)
* Elements of w skipped: 0 (0.00%)
* Elements of w processed with special addition: 17 (3.22%)
* Elements of w remaining: 511 (96.78%)
* Elements of w skipped: 0 (0.00%)
* Elements of w processed with special addition: 15 (1.47%)
* Elements of w remaining: 1008 (98.53%)
* G1 elements in proof: 2
* G2 elements in proof: 1
* Proof size in bits: 1019
* Elements of w skipped: 1 (0.09%)
* Elements of w processed with special addition: 18 (1.70%)
* Elements of w remaining: 1039 (98.20%)
* Elements of w skipped: 0 (0.00%)
* Elements of w processed with special addition: 17 (3.22%)
* Elements of w remaining: 511 (96.78%)
* Elements of w skipped: 0 (0.00%)
* Elements of w processed with special addition: 15 (1.47%)
* Elements of w remaining: 1008 (98.53%)
* G1 elements in proof: 2
* G2 elements in proof: 1
* Proof size in bits: 1019
* Elements of w skipped: 1 (0.09%)
* Elements of w processed with special addition: 18 (1.70%)
* Elements of w remaining: 1039 (98.20%)
* Elements of w skipped: 0 (0.00%)
* Elements of w processed with special addition: 17 (3.22%)
* Elements of w remaining: 511 (96.78%)
* Elements of w skipped: 0 (0.00%)
* Elements of w processed with special addition: 15 (1.47%)
* Elements of w remaining: 1008 (98.53%)
* G1 elements in proof: 2
* G2 elements in proof: 1
* Proof size in bits: 1019
* Elements of w skipped: 1 (0.09%)
* Elements of w processed with special addition: 18 (1.70%)
* Elements of w remaining: 1039 (98.20%)
* Elements of w skipped: 0 (0.00%)
* Elements of w processed with special addition: 17 (3.22%)
* Elements of w remaining: 511 (96.78%)
* Elements of w skipped: 0 (0.00%)
* Elements of w processed with special addition: 15 (1.47%)
* Elements of w remaining: 1008 (98.53%)
* G1 elements in proof: 2
* G2 elements in proof: 1
* Proof size in bits: 1019
* Elements of w skipped: 1 (0.09%)
* Elements of w processed with special addition: 18 (1.70%)
* Elements of w remaining: 1039 (98.20%)
* Elements of w skipped: 0 (0.00%)
* Elements of w processed with special addition: 17 (3.22%)
* Elements of w remaining: 511 (96.78%)
* Elements of w skipped: 0 (0.00%)
* Elements of w processed with special addition: 15 (1.47%)
* Elements of w remaining: 1008 (98.53%)
* G1 elements in proof: 2
* G2 elements in proof: 1
* Proof size in bits: 1019
* Elements of w skipped: 1 (0.09%)
* Elements of w processed with special addition: 18 (1.70%)
* Elements of w remaining: 1039 (98.20%)
* Elements of w skipped: 0 (0.00%)
* Elements of w processed with special addition: 17 (3.22%)
* Elements of w remaining: 511 (96.78%)
* Elements of w skipped: 0 (0.00%)
* Elements of w processed with special addition: 15 (1.47%)
* Elements of w remaining: 1008 (98.53%)
* G1 elements in proof: 2
* G2 elements in proof: 1
* Proof size in bits: 1019
* Elements of w skipped: 1 (0.09%)
* Elements of w processed with special addition: 18 (1.70%)
* Elements of w remaining: 1039 (98.20%)
* Elements of w skipped: 0 (0.00%)
* Elements of w processed with special addition: 17 (3.22%)
* Elements of w remaining: 511 (96.78%)
* Elements of w skipped: 0 (0.00%)
* Elements of w processed with special addition: 15 (1.47%)
* Elements of w remaining: 1008 (98.53%)
* G1 elements in proof: 2
* G2 elements in proof: 1
* Proof size in bits: 1019
  16      528         181.1         54.56         2.73          PASS      
* Composed C_32: 1056 constraints, 2113 variables, 34 inputs
* QAP number of variables: 2113
* QAP pre degree: 1056
* QAP degree: 1152
* QAP number of input variables: 34
* G1 window: 9
* G2 window: 8
* G1 elements in PK: 7459
* Non-zero G1 elements in PK: 6401
* G2 elements in PK: 2115
* Non-zero G2 elements in PK: 1057
* PK size in bits: 2237852
* G1 elements in VK: 34
* G2 elements in VK: 2
* GT elements in VK: 1
* VK size in bits: 12119
* Elements of w skipped: 1 (0.05%)
* Elements of w processed with special addition: 34 (1.61%)
* Elements of w remaining: 2079 (98.34%)
* Elements of w skipped: 0 (0.00%)
* Elements of w processed with special addition: 33 (3.12%)
* Elements of w remaining: 1023 (96.88%)
* Elements of w skipped: 0 (0.00%)
* Elements of w processed with special addition: 31 (1.49%)
* Elements of w remaining: 2048 (98.51%)
* G1 elements in proof: 2
* G2 elements in proof: 1
* Proof size in bits: 1019
* Elements of w skipped: 1 (0.05%)
* Elements of w processed with special addition: 34 (1.61%)
* Elements of w remaining: 2079 (98.34%)
* Elements of w skipped: 0 (0.00%)
* Elements of w processed with special addition: 33 (3.12%)
* Elements of w remaining: 1023 (96.88%)
* Elements of w skipped: 0 (0.00%)
* Elements of w processed with special addition: 31 (1.49%)
* Elements of w remaining: 2048 (98.51%)
* G1 elements in proof: 2
* G2 elements in proof: 1
* Proof size in bits: 1019
* Elements of w skipped: 1 (0.05%)
* Elements of w processed with special addition: 34 (1.61%)
* Elements of w remaining: 2079 (98.34%)
* Elements of w skipped: 0 (0.00%)
* Elements of w processed with special addition: 33 (3.12%)
* Elements of w remaining: 1023 (96.88%)
* Elements of w skipped: 0 (0.00%)
* Elements of w processed with special addition: 31 (1.49%)
* Elements of w remaining: 2048 (98.51%)
* G1 elements in proof: 2
* G2 elements in proof: 1
* Proof size in bits: 1019
* Elements of w skipped: 1 (0.05%)
* Elements of w processed with special addition: 34 (1.61%)
* Elements of w remaining: 2079 (98.34%)
* Elements of w skipped: 0 (0.00%)
* Elements of w processed with special addition: 33 (3.12%)
* Elements of w remaining: 1023 (96.88%)
* Elements of w skipped: 0 (0.00%)
* Elements of w processed with special addition: 31 (1.49%)
* Elements of w remaining: 2048 (98.51%)
* G1 elements in proof: 2
* G2 elements in proof: 1
* Proof size in bits: 1019
* Elements of w skipped: 1 (0.05%)
* Elements of w processed with special addition: 34 (1.61%)
* Elements of w remaining: 2079 (98.34%)
* Elements of w skipped: 0 (0.00%)
* Elements of w processed with special addition: 33 (3.12%)
* Elements of w remaining: 1023 (96.88%)
* Elements of w skipped: 0 (0.00%)
* Elements of w processed with special addition: 31 (1.49%)
* Elements of w remaining: 2048 (98.51%)
* G1 elements in proof: 2
* G2 elements in proof: 1
* Proof size in bits: 1019
* Elements of w skipped: 1 (0.05%)
* Elements of w processed with special addition: 34 (1.61%)
* Elements of w remaining: 2079 (98.34%)
* Elements of w skipped: 0 (0.00%)
* Elements of w processed with special addition: 33 (3.12%)
* Elements of w remaining: 1023 (96.88%)
* Elements of w skipped: 0 (0.00%)
* Elements of w processed with special addition: 31 (1.49%)
* Elements of w remaining: 2048 (98.51%)
* G1 elements in proof: 2
* G2 elements in proof: 1
* Proof size in bits: 1019
* Elements of w skipped: 1 (0.05%)
* Elements of w processed with special addition: 34 (1.61%)
* Elements of w remaining: 2079 (98.34%)
* Elements of w skipped: 0 (0.00%)
* Elements of w processed with special addition: 33 (3.12%)
* Elements of w remaining: 1023 (96.88%)
* Elements of w skipped: 0 (0.00%)
* Elements of w processed with special addition: 31 (1.49%)
* Elements of w remaining: 2048 (98.51%)
* G1 elements in proof: 2
* G2 elements in proof: 1
* Proof size in bits: 1019
* Elements of w skipped: 1 (0.05%)
* Elements of w processed with special addition: 34 (1.61%)
* Elements of w remaining: 2079 (98.34%)
* Elements of w skipped: 0 (0.00%)
* Elements of w processed with special addition: 33 (3.12%)
* Elements of w remaining: 1023 (96.88%)
* Elements of w skipped: 0 (0.00%)
* Elements of w processed with special addition: 31 (1.49%)
* Elements of w remaining: 2048 (98.51%)
* G1 elements in proof: 2
* G2 elements in proof: 1
* Proof size in bits: 1019
* Elements of w skipped: 1 (0.05%)
* Elements of w processed with special addition: 34 (1.61%)
* Elements of w remaining: 2079 (98.34%)
* Elements of w skipped: 0 (0.00%)
* Elements of w processed with special addition: 33 (3.12%)
* Elements of w remaining: 1023 (96.88%)
* Elements of w skipped: 0 (0.00%)
* Elements of w processed with special addition: 31 (1.49%)
* Elements of w remaining: 2048 (98.51%)
* G1 elements in proof: 2
* G2 elements in proof: 1
* Proof size in bits: 1019
* Elements of w skipped: 1 (0.05%)
* Elements of w processed with special addition: 34 (1.61%)
* Elements of w remaining: 2079 (98.34%)
* Elements of w skipped: 0 (0.00%)
* Elements of w processed with special addition: 33 (3.12%)
* Elements of w remaining: 1023 (96.88%)
* Elements of w skipped: 0 (0.00%)
* Elements of w processed with special addition: 31 (1.49%)
* Elements of w remaining: 2048 (98.51%)
* G1 elements in proof: 2
* G2 elements in proof: 1
* Proof size in bits: 1019
  32      1056        314.4         89.41         2.72          PASS      
* Composed C_64: 2112 constraints, 4225 variables, 34 inputs
* QAP number of variables: 4225
* QAP pre degree: 2112
* QAP degree: 2176
* QAP number of input variables: 34
* G1 window: 11
* G2 window: 9
* G1 elements in PK: 14819
* Non-zero G1 elements in PK: 12705
* G2 elements in PK: 4227
* Non-zero G2 elements in PK: 2113
* PK size in bits: 4450460
* G1 elements in VK: 34
* G2 elements in VK: 2
* GT elements in VK: 1
* VK size in bits: 12119
* Elements of w skipped: 1 (0.02%)
* Elements of w processed with special addition: 66 (1.56%)
* Elements of w remaining: 4159 (98.41%)
* Elements of w skipped: 0 (0.00%)
* Elements of w processed with special addition: 65 (3.08%)
* Elements of w remaining: 2047 (96.92%)
* Elements of w skipped: 0 (0.00%)
* Elements of w processed with special addition: 63 (1.50%)
* Elements of w remaining: 4128 (98.50%)
* G1 elements in proof: 2
* G2 elements in proof: 1
* Proof size in bits: 1019
* Elements of w skipped: 1 (0.02%)
* Elements of w processed with special addition: 66 (1.56%)
* Elements of w remaining: 4159 (98.41%)
* Elements of w skipped: 0 (0.00%)
* Elements of w processed with special addition: 65 (3.08%)
* Elements of w remaining: 2047 (96.92%)
* Elements of w skipped: 0 (0.00%)
* Elements of w processed with special addition: 63 (1.50%)
* Elements of w remaining: 4128 (98.50%)
* G1 elements in proof: 2
* G2 elements in proof: 1
* Proof size in bits: 1019
* Elements of w skipped: 1 (0.02%)
* Elements of w processed with special addition: 66 (1.56%)
* Elements of w remaining: 4159 (98.41%)
* Elements of w skipped: 0 (0.00%)
* Elements of w processed with special addition: 65 (3.08%)
* Elements of w remaining: 2047 (96.92%)
* Elements of w skipped: 0 (0.00%)
* Elements of w processed with special addition: 63 (1.50%)
* Elements of w remaining: 4128 (98.50%)
* G1 elements in proof: 2
* G2 elements in proof: 1
* Proof size in bits: 1019
* Elements of w skipped: 1 (0.02%)
* Elements of w processed with special addition: 66 (1.56%)
* Elements of w remaining: 4159 (98.41%)
* Elements of w skipped: 0 (0.00%)
* Elements of w processed with special addition: 65 (3.08%)
* Elements of w remaining: 2047 (96.92%)
* Elements of w skipped: 0 (0.00%)
* Elements of w processed with special addition: 63 (1.50%)
* Elements of w remaining: 4128 (98.50%)
* G1 elements in proof: 2
* G2 elements in proof: 1
* Proof size in bits: 1019
* Elements of w skipped: 1 (0.02%)
* Elements of w processed with special addition: 66 (1.56%)
* Elements of w remaining: 4159 (98.41%)
* Elements of w skipped: 0 (0.00%)
* Elements of w processed with special addition: 65 (3.08%)
* Elements of w remaining: 2047 (96.92%)
* Elements of w skipped: 0 (0.00%)
* Elements of w processed with special addition: 63 (1.50%)
* Elements of w remaining: 4128 (98.50%)
* G1 elements in proof: 2
* G2 elements in proof: 1
* Proof size in bits: 1019
* Elements of w skipped: 1 (0.02%)
* Elements of w processed with special addition: 66 (1.56%)
* Elements of w remaining: 4159 (98.41%)
* Elements of w skipped: 0 (0.00%)
* Elements of w processed with special addition: 65 (3.08%)
* Elements of w remaining: 2047 (96.92%)
* Elements of w skipped: 0 (0.00%)
* Elements of w processed with special addition: 63 (1.50%)
* Elements of w remaining: 4128 (98.50%)
* G1 elements in proof: 2
* G2 elements in proof: 1
* Proof size in bits: 1019
* Elements of w skipped: 1 (0.02%)
* Elements of w processed with special addition: 66 (1.56%)
* Elements of w remaining: 4159 (98.41%)
* Elements of w skipped: 0 (0.00%)
* Elements of w processed with special addition: 65 (3.08%)
* Elements of w remaining: 2047 (96.92%)
* Elements of w skipped: 0 (0.00%)
* Elements of w processed with special addition: 63 (1.50%)
* Elements of w remaining: 4128 (98.50%)
* G1 elements in proof: 2
* G2 elements in proof: 1
* Proof size in bits: 1019
* Elements of w skipped: 1 (0.02%)
* Elements of w processed with special addition: 66 (1.56%)
* Elements of w remaining: 4159 (98.41%)
* Elements of w skipped: 0 (0.00%)
* Elements of w processed with special addition: 65 (3.08%)
* Elements of w remaining: 2047 (96.92%)
* Elements of w skipped: 0 (0.00%)
* Elements of w processed with special addition: 63 (1.50%)
* Elements of w remaining: 4128 (98.50%)
* G1 elements in proof: 2
* G2 elements in proof: 1
* Proof size in bits: 1019
* Elements of w skipped: 1 (0.02%)
* Elements of w processed with special addition: 66 (1.56%)
* Elements of w remaining: 4159 (98.41%)
* Elements of w skipped: 0 (0.00%)
* Elements of w processed with special addition: 65 (3.08%)
* Elements of w remaining: 2047 (96.92%)
* Elements of w skipped: 0 (0.00%)
* Elements of w processed with special addition: 63 (1.50%)
* Elements of w remaining: 4128 (98.50%)
* G1 elements in proof: 2
* G2 elements in proof: 1
* Proof size in bits: 1019
* Elements of w skipped: 1 (0.02%)
* Elements of w processed with special addition: 66 (1.56%)
* Elements of w remaining: 4159 (98.41%)
* Elements of w skipped: 0 (0.00%)
* Elements of w processed with special addition: 65 (3.08%)
* Elements of w remaining: 2047 (96.92%)
* Elements of w skipped: 0 (0.00%)
* Elements of w processed with special addition: 63 (1.50%)
* Elements of w remaining: 4128 (98.50%)
* G1 elements in proof: 2
* G2 elements in proof: 1
* Proof size in bits: 1019
  64      2112        556.6         155.07        2.63          PASS      

  Groth16 results written to /Users/heewonchung/Documents/00-Research/active/Updatable Verifiable Computation/Dev/results/2026-03-09_201110_iot/csv/groth16_results.csv

================================================================
All benchmarks complete.
================================================================
  Done in 14s

------------------------------------------------------------
  Running: [9/10] sensor_fusion K=64 B=16
  Command: bench_comparative --circuit sensor_fusion --n 64 --B 16 --output-dir /Users/heewonchung/Documents/00-Research/active/Updatable Verifiable Computation/Dev/results/2026-03-09_201110_iot/csv --reps 10
------------------------------------------------------------
================================================================
Comparative Benchmark: UVC vs Groth16
================================================================
  Circuit: sensor_fusion, n=64, B=16, reps=10
  Output: /Users/heewonchung/Documents/00-Research/active/Updatable Verifiable Computation/Dev/results/2026-03-09_201110_iot/csv/

================================================================
UVC Benchmark: circuit=sensor_fusion, n=64, B=16
================================================================
  Circuit: 65 constraints, 131 vars, state=1, transition=65

  [Setup] Generating CRS for B=16...
* UVC Setup: B=16, n=131, state=1, transition=65
* Composed C_16: 1040 constraints, 2081 variables, 66 inputs
* QAP (C_B) variables: 2081, degree: 1152, inputs: 66
* UVC max compositions (B): 16
* G1 elements in PK: 7331
* G2 elements in PK: 2083
* PK size in bits: 2213372
* H_query_full size: 1151
* Step 2: 130 new wires (0 io, 130 wt)
* Step 3: 130 new wires (0 io, 130 wt)
* Step 4: 130 new wires (0 io, 130 wt)
* Step 5: 130 new wires (0 io, 130 wt)
* Step 6: 130 new wires (0 io, 130 wt)
* Step 7: 130 new wires (0 io, 130 wt)
* Step 8: 130 new wires (0 io, 130 wt)
* Step 9: 130 new wires (0 io, 130 wt)
* Step 10: 130 new wires (0 io, 130 wt)
* Step 11: 130 new wires (0 io, 130 wt)
* Step 12: 130 new wires (0 io, 130 wt)
* Step 13: 130 new wires (0 io, 130 wt)
* Step 14: 130 new wires (0 io, 130 wt)
* Step 15: 130 new wires (0 io, 130 wt)
* Step 16: 130 new wires (0 io, 130 wt)
* UVC VK: 16 max steps
* G2 elements in VK: 2
* GT elements in VK: 1
* gamma_ABC size: 66
  Setup: 299.9 ms, CRS: 9150 G1 + 4034 G2
  Building proof chain (steps 1..16)...
* UVC Prove step 1
* Elements of w skipped: 1 (0.76%)
* Elements of w processed with special addition: 3 (2.27%)
* Elements of w remaining: 128 (96.97%)
* Elements of w skipped: 1 (1.49%)
* Elements of w processed with special addition: 1 (1.49%)
* Elements of w remaining: 65 (97.01%)
* Elements of w skipped: 0 (0.00%)
* Elements of w processed with special addition: 0 (0.00%)
* Elements of w remaining: 65 (100.00%)
* UVC proof at step 1
* G1 elements in proof: 2
* G2 elements in proof: 1
* Proof size in bits: 1019
* Cached h poly size: 1151
* UVC Prove step 2
* Elements of w skipped: 0 (0.00%)
* Elements of w processed with special addition: 1 (0.77%)
* Elements of w remaining: 129 (99.23%)
* Elements of w skipped: 0 (0.00%)
* Elements of w processed with special addition: 1 (1.52%)
* Elements of w remaining: 65 (98.48%)
* Elements of w skipped: 0 (0.00%)
* Elements of w processed with special addition: 1 (0.77%)
* Elements of w remaining: 129 (99.23%)
* UVC proof at step 2
* G1 elements in proof: 2
* G2 elements in proof: 1
* Proof size in bits: 1019
* Cached h poly size: 1151
* UVC Prove step 3
* Elements of w skipped: 0 (0.00%)
* Elements of w processed with special addition: 1 (0.77%)
* Elements of w remaining: 129 (99.23%)
* Elements of w skipped: 0 (0.00%)
* Elements of w processed with special addition: 1 (1.52%)
* Elements of w remaining: 65 (98.48%)
* Elements of w skipped: 0 (0.00%)
* Elements of w processed with special addition: 1 (0.77%)
* Elements of w remaining: 129 (99.23%)
* UVC proof at step 3
* G1 elements in proof: 2
* G2 elements in proof: 1
* Proof size in bits: 1019
* Cached h poly size: 1151
* UVC Prove step 4
* Elements of w skipped: 0 (0.00%)
* Elements of w processed with special addition: 1 (0.77%)
* Elements of w remaining: 129 (99.23%)
* Elements of w skipped: 0 (0.00%)
* Elements of w processed with special addition: 1 (1.52%)
* Elements of w remaining: 65 (98.48%)
* Elements of w skipped: 0 (0.00%)
* Elements of w processed with special addition: 1 (0.77%)
* Elements of w remaining: 129 (99.23%)
* UVC proof at step 4
* G1 elements in proof: 2
* G2 elements in proof: 1
* Proof size in bits: 1019
* Cached h poly size: 1151
* UVC Prove step 5
* Elements of w skipped: 0 (0.00%)
* Elements of w processed with special addition: 1 (0.77%)
* Elements of w remaining: 129 (99.23%)
* Elements of w skipped: 0 (0.00%)
* Elements of w processed with special addition: 1 (1.52%)
* Elements of w remaining: 65 (98.48%)
* Elements of w skipped: 0 (0.00%)
* Elements of w processed with special addition: 1 (0.77%)
* Elements of w remaining: 129 (99.23%)
* UVC proof at step 5
* G1 elements in proof: 2
* G2 elements in proof: 1
* Proof size in bits: 1019
* Cached h poly size: 1151
* UVC Prove step 6
* Elements of w skipped: 0 (0.00%)
* Elements of w processed with special addition: 1 (0.77%)
* Elements of w remaining: 129 (99.23%)
* Elements of w skipped: 0 (0.00%)
* Elements of w processed with special addition: 1 (1.52%)
* Elements of w remaining: 65 (98.48%)
* Elements of w skipped: 0 (0.00%)
* Elements of w processed with special addition: 1 (0.77%)
* Elements of w remaining: 129 (99.23%)
* UVC proof at step 6
* G1 elements in proof: 2
* G2 elements in proof: 1
* Proof size in bits: 1019
* Cached h poly size: 1151
* UVC Prove step 7
* Elements of w skipped: 0 (0.00%)
* Elements of w processed with special addition: 1 (0.77%)
* Elements of w remaining: 129 (99.23%)
* Elements of w skipped: 0 (0.00%)
* Elements of w processed with special addition: 1 (1.52%)
* Elements of w remaining: 65 (98.48%)
* Elements of w skipped: 0 (0.00%)
* Elements of w processed with special addition: 1 (0.77%)
* Elements of w remaining: 129 (99.23%)
* UVC proof at step 7
* G1 elements in proof: 2
* G2 elements in proof: 1
* Proof size in bits: 1019
* Cached h poly size: 1151
* UVC Prove step 8
* Elements of w skipped: 0 (0.00%)
* Elements of w processed with special addition: 1 (0.77%)
* Elements of w remaining: 129 (99.23%)
* Elements of w skipped: 0 (0.00%)
* Elements of w processed with special addition: 1 (1.52%)
* Elements of w remaining: 65 (98.48%)
* Elements of w skipped: 0 (0.00%)
* Elements of w processed with special addition: 1 (0.77%)
* Elements of w remaining: 129 (99.23%)
* UVC proof at step 8
* G1 elements in proof: 2
* G2 elements in proof: 1
* Proof size in bits: 1019
* Cached h poly size: 1151
* UVC Prove step 9
* Elements of w skipped: 0 (0.00%)
* Elements of w processed with special addition: 1 (0.77%)
* Elements of w remaining: 129 (99.23%)
* Elements of w skipped: 0 (0.00%)
* Elements of w processed with special addition: 1 (1.52%)
* Elements of w remaining: 65 (98.48%)
* Elements of w skipped: 0 (0.00%)
* Elements of w processed with special addition: 1 (0.77%)
* Elements of w remaining: 129 (99.23%)
* UVC proof at step 9
* G1 elements in proof: 2
* G2 elements in proof: 1
* Proof size in bits: 1019
* Cached h poly size: 1151
* UVC Prove step 10
* Elements of w skipped: 0 (0.00%)
* Elements of w processed with special addition: 1 (0.77%)
* Elements of w remaining: 129 (99.23%)
* Elements of w skipped: 0 (0.00%)
* Elements of w processed with special addition: 1 (1.52%)
* Elements of w remaining: 65 (98.48%)
* Elements of w skipped: 0 (0.00%)
* Elements of w processed with special addition: 1 (0.77%)
* Elements of w remaining: 129 (99.23%)
* UVC proof at step 10
* G1 elements in proof: 2
* G2 elements in proof: 1
* Proof size in bits: 1019
* Cached h poly size: 1151
* UVC Prove step 11
* Elements of w skipped: 0 (0.00%)
* Elements of w processed with special addition: 1 (0.77%)
* Elements of w remaining: 129 (99.23%)
* Elements of w skipped: 0 (0.00%)
* Elements of w processed with special addition: 1 (1.52%)
* Elements of w remaining: 65 (98.48%)
* Elements of w skipped: 0 (0.00%)
* Elements of w processed with special addition: 1 (0.77%)
* Elements of w remaining: 129 (99.23%)
* UVC proof at step 11
* G1 elements in proof: 2
* G2 elements in proof: 1
* Proof size in bits: 1019
* Cached h poly size: 1151
* UVC Prove step 12
* Elements of w skipped: 0 (0.00%)
* Elements of w processed with special addition: 1 (0.77%)
* Elements of w remaining: 129 (99.23%)
* Elements of w skipped: 0 (0.00%)
* Elements of w processed with special addition: 1 (1.52%)
* Elements of w remaining: 65 (98.48%)
* Elements of w skipped: 0 (0.00%)
* Elements of w processed with special addition: 1 (0.77%)
* Elements of w remaining: 129 (99.23%)
* UVC proof at step 12
* G1 elements in proof: 2
* G2 elements in proof: 1
* Proof size in bits: 1019
* Cached h poly size: 1151
* UVC Prove step 13
* Elements of w skipped: 0 (0.00%)
* Elements of w processed with special addition: 1 (0.77%)
* Elements of w remaining: 129 (99.23%)
* Elements of w skipped: 0 (0.00%)
* Elements of w processed with special addition: 1 (1.52%)
* Elements of w remaining: 65 (98.48%)
* Elements of w skipped: 0 (0.00%)
* Elements of w processed with special addition: 1 (0.77%)
* Elements of w remaining: 129 (99.23%)
* UVC proof at step 13
* G1 elements in proof: 2
* G2 elements in proof: 1
* Proof size in bits: 1019
* Cached h poly size: 1151
* UVC Prove step 14
* Elements of w skipped: 0 (0.00%)
* Elements of w processed with special addition: 1 (0.77%)
* Elements of w remaining: 129 (99.23%)
* Elements of w skipped: 0 (0.00%)
* Elements of w processed with special addition: 1 (1.52%)
* Elements of w remaining: 65 (98.48%)
* Elements of w skipped: 0 (0.00%)
* Elements of w processed with special addition: 1 (0.77%)
* Elements of w remaining: 129 (99.23%)
* UVC proof at step 14
* G1 elements in proof: 2
* G2 elements in proof: 1
* Proof size in bits: 1019
* Cached h poly size: 1151
* UVC Prove step 15
* Elements of w skipped: 0 (0.00%)
* Elements of w processed with special addition: 1 (0.77%)
* Elements of w remaining: 129 (99.23%)
* Elements of w skipped: 0 (0.00%)
* Elements of w processed with special addition: 1 (1.52%)
* Elements of w remaining: 65 (98.48%)
* Elements of w skipped: 0 (0.00%)
* Elements of w processed with special addition: 1 (0.77%)
* Elements of w remaining: 129 (99.23%)
* UVC proof at step 15
* G1 elements in proof: 2
* G2 elements in proof: 1
* Proof size in bits: 1019
* Cached h poly size: 1151
* UVC Prove step 16
* Elements of w skipped: 0 (0.00%)
* Elements of w processed with special addition: 1 (0.77%)
* Elements of w remaining: 129 (99.23%)
* Elements of w skipped: 0 (0.00%)
* Elements of w processed with special addition: 1 (1.54%)
* Elements of w remaining: 64 (98.46%)
* Elements of w skipped: 0 (0.00%)
* Elements of w processed with special addition: 1 (0.77%)
* Elements of w remaining: 129 (99.23%)
* UVC proof at step 16
* G1 elements in proof: 2
* G2 elements in proof: 1
* Proof size in bits: 1019
* Cached h poly size: 1151

  Step    Prove (ms)    Verify (ms)   Proof bits    Verified  
  ------  ------------  ------------  ------------  ----------
* UVC Prove step 1
* Elements of w skipped: 1 (0.76%)
* Elements of w processed with special addition: 3 (2.27%)
* Elements of w remaining: 128 (96.97%)
* Elements of w skipped: 1 (1.49%)
* Elements of w processed with special addition: 1 (1.49%)
* Elements of w remaining: 65 (97.01%)
* Elements of w skipped: 0 (0.00%)
* Elements of w processed with special addition: 0 (0.00%)
* Elements of w remaining: 65 (100.00%)
* UVC proof at step 1
* G1 elements in proof: 2
* G2 elements in proof: 1
* Proof size in bits: 1019
* Cached h poly size: 1151
* UVC Prove step 1
* Elements of w skipped: 1 (0.76%)
* Elements of w processed with special addition: 3 (2.27%)
* Elements of w remaining: 128 (96.97%)
* Elements of w skipped: 1 (1.49%)
* Elements of w processed with special addition: 1 (1.49%)
* Elements of w remaining: 65 (97.01%)
* Elements of w skipped: 0 (0.00%)
* Elements of w processed with special addition: 0 (0.00%)
* Elements of w remaining: 65 (100.00%)
* UVC proof at step 1
* G1 elements in proof: 2
* G2 elements in proof: 1
* Proof size in bits: 1019
* Cached h poly size: 1151
* UVC Prove step 1
* Elements of w skipped: 1 (0.76%)
* Elements of w processed with special addition: 3 (2.27%)
* Elements of w remaining: 128 (96.97%)
* Elements of w skipped: 1 (1.49%)
* Elements of w processed with special addition: 1 (1.49%)
* Elements of w remaining: 65 (97.01%)
* Elements of w skipped: 0 (0.00%)
* Elements of w processed with special addition: 0 (0.00%)
* Elements of w remaining: 65 (100.00%)
* UVC proof at step 1
* G1 elements in proof: 2
* G2 elements in proof: 1
* Proof size in bits: 1019
* Cached h poly size: 1151
* UVC Prove step 1
* Elements of w skipped: 1 (0.76%)
* Elements of w processed with special addition: 3 (2.27%)
* Elements of w remaining: 128 (96.97%)
* Elements of w skipped: 1 (1.49%)
* Elements of w processed with special addition: 1 (1.49%)
* Elements of w remaining: 65 (97.01%)
* Elements of w skipped: 0 (0.00%)
* Elements of w processed with special addition: 0 (0.00%)
* Elements of w remaining: 65 (100.00%)
* UVC proof at step 1
* G1 elements in proof: 2
* G2 elements in proof: 1
* Proof size in bits: 1019
* Cached h poly size: 1151
* UVC Prove step 1
* Elements of w skipped: 1 (0.76%)
* Elements of w processed with special addition: 3 (2.27%)
* Elements of w remaining: 128 (96.97%)
* Elements of w skipped: 1 (1.49%)
* Elements of w processed with special addition: 1 (1.49%)
* Elements of w remaining: 65 (97.01%)
* Elements of w skipped: 0 (0.00%)
* Elements of w processed with special addition: 0 (0.00%)
* Elements of w remaining: 65 (100.00%)
* UVC proof at step 1
* G1 elements in proof: 2
* G2 elements in proof: 1
* Proof size in bits: 1019
* Cached h poly size: 1151
* UVC Prove step 1
* Elements of w skipped: 1 (0.76%)
* Elements of w processed with special addition: 3 (2.27%)
* Elements of w remaining: 128 (96.97%)
* Elements of w skipped: 1 (1.49%)
* Elements of w processed with special addition: 1 (1.49%)
* Elements of w remaining: 65 (97.01%)
* Elements of w skipped: 0 (0.00%)
* Elements of w processed with special addition: 0 (0.00%)
* Elements of w remaining: 65 (100.00%)
* UVC proof at step 1
* G1 elements in proof: 2
* G2 elements in proof: 1
* Proof size in bits: 1019
* Cached h poly size: 1151
* UVC Prove step 1
* Elements of w skipped: 1 (0.76%)
* Elements of w processed with special addition: 3 (2.27%)
* Elements of w remaining: 128 (96.97%)
* Elements of w skipped: 1 (1.49%)
* Elements of w processed with special addition: 1 (1.49%)
* Elements of w remaining: 65 (97.01%)
* Elements of w skipped: 0 (0.00%)
* Elements of w processed with special addition: 0 (0.00%)
* Elements of w remaining: 65 (100.00%)
* UVC proof at step 1
* G1 elements in proof: 2
* G2 elements in proof: 1
* Proof size in bits: 1019
* Cached h poly size: 1151
* UVC Prove step 1
* Elements of w skipped: 1 (0.76%)
* Elements of w processed with special addition: 3 (2.27%)
* Elements of w remaining: 128 (96.97%)
* Elements of w skipped: 1 (1.49%)
* Elements of w processed with special addition: 1 (1.49%)
* Elements of w remaining: 65 (97.01%)
* Elements of w skipped: 0 (0.00%)
* Elements of w processed with special addition: 0 (0.00%)
* Elements of w remaining: 65 (100.00%)
* UVC proof at step 1
* G1 elements in proof: 2
* G2 elements in proof: 1
* Proof size in bits: 1019
* Cached h poly size: 1151
* UVC Prove step 1
* Elements of w skipped: 1 (0.76%)
* Elements of w processed with special addition: 3 (2.27%)
* Elements of w remaining: 128 (96.97%)
* Elements of w skipped: 1 (1.49%)
* Elements of w processed with special addition: 1 (1.49%)
* Elements of w remaining: 65 (97.01%)
* Elements of w skipped: 0 (0.00%)
* Elements of w processed with special addition: 0 (0.00%)
* Elements of w remaining: 65 (100.00%)
* UVC proof at step 1
* G1 elements in proof: 2
* G2 elements in proof: 1
* Proof size in bits: 1019
* Cached h poly size: 1151
* UVC Prove step 1
* Elements of w skipped: 1 (0.76%)
* Elements of w processed with special addition: 3 (2.27%)
* Elements of w remaining: 128 (96.97%)
* Elements of w skipped: 1 (1.49%)
* Elements of w processed with special addition: 1 (1.49%)
* Elements of w remaining: 65 (97.01%)
* Elements of w skipped: 0 (0.00%)
* Elements of w processed with special addition: 0 (0.00%)
* Elements of w remaining: 65 (100.00%)
* UVC proof at step 1
* G1 elements in proof: 2
* G2 elements in proof: 1
* Proof size in bits: 1019
* Cached h poly size: 1151
* UVC Verify step 1: PASS
* UVC Verify step 1: PASS
* UVC Verify step 1: PASS
* UVC Verify step 1: PASS
* UVC Verify step 1: PASS
* UVC Verify step 1: PASS
* UVC Verify step 1: PASS
* UVC Verify step 1: PASS
* UVC Verify step 1: PASS
* UVC Verify step 1: PASS
  1       53.89         2.75          1019          PASS      
* UVC Prove step 2
* Elements of w skipped: 0 (0.00%)
* Elements of w processed with special addition: 1 (0.77%)
* Elements of w remaining: 129 (99.23%)
* Elements of w skipped: 0 (0.00%)
* Elements of w processed with special addition: 1 (1.52%)
* Elements of w remaining: 65 (98.48%)
* Elements of w skipped: 0 (0.00%)
* Elements of w processed with special addition: 1 (0.77%)
* Elements of w remaining: 129 (99.23%)
* UVC proof at step 2
* G1 elements in proof: 2
* G2 elements in proof: 1
* Proof size in bits: 1019
* Cached h poly size: 1151
* UVC Prove step 2
* Elements of w skipped: 0 (0.00%)
* Elements of w processed with special addition: 1 (0.77%)
* Elements of w remaining: 129 (99.23%)
* Elements of w skipped: 0 (0.00%)
* Elements of w processed with special addition: 1 (1.52%)
* Elements of w remaining: 65 (98.48%)
* Elements of w skipped: 0 (0.00%)
* Elements of w processed with special addition: 1 (0.77%)
* Elements of w remaining: 129 (99.23%)
* UVC proof at step 2
* G1 elements in proof: 2
* G2 elements in proof: 1
* Proof size in bits: 1019
* Cached h poly size: 1151
* UVC Prove step 2
* Elements of w skipped: 0 (0.00%)
* Elements of w processed with special addition: 1 (0.77%)
* Elements of w remaining: 129 (99.23%)
* Elements of w skipped: 0 (0.00%)
* Elements of w processed with special addition: 1 (1.52%)
* Elements of w remaining: 65 (98.48%)
* Elements of w skipped: 0 (0.00%)
* Elements of w processed with special addition: 1 (0.77%)
* Elements of w remaining: 129 (99.23%)
* UVC proof at step 2
* G1 elements in proof: 2
* G2 elements in proof: 1
* Proof size in bits: 1019
* Cached h poly size: 1151
* UVC Prove step 2
* Elements of w skipped: 0 (0.00%)
* Elements of w processed with special addition: 1 (0.77%)
* Elements of w remaining: 129 (99.23%)
* Elements of w skipped: 0 (0.00%)
* Elements of w processed with special addition: 1 (1.52%)
* Elements of w remaining: 65 (98.48%)
* Elements of w skipped: 0 (0.00%)
* Elements of w processed with special addition: 1 (0.77%)
* Elements of w remaining: 129 (99.23%)
* UVC proof at step 2
* G1 elements in proof: 2
* G2 elements in proof: 1
* Proof size in bits: 1019
* Cached h poly size: 1151
* UVC Prove step 2
* Elements of w skipped: 0 (0.00%)
* Elements of w processed with special addition: 1 (0.77%)
* Elements of w remaining: 129 (99.23%)
* Elements of w skipped: 0 (0.00%)
* Elements of w processed with special addition: 1 (1.52%)
* Elements of w remaining: 65 (98.48%)
* Elements of w skipped: 0 (0.00%)
* Elements of w processed with special addition: 1 (0.77%)
* Elements of w remaining: 129 (99.23%)
* UVC proof at step 2
* G1 elements in proof: 2
* G2 elements in proof: 1
* Proof size in bits: 1019
* Cached h poly size: 1151
* UVC Prove step 2
* Elements of w skipped: 0 (0.00%)
* Elements of w processed with special addition: 1 (0.77%)
* Elements of w remaining: 129 (99.23%)
* Elements of w skipped: 0 (0.00%)
* Elements of w processed with special addition: 1 (1.52%)
* Elements of w remaining: 65 (98.48%)
* Elements of w skipped: 0 (0.00%)
* Elements of w processed with special addition: 1 (0.77%)
* Elements of w remaining: 129 (99.23%)
* UVC proof at step 2
* G1 elements in proof: 2
* G2 elements in proof: 1
* Proof size in bits: 1019
* Cached h poly size: 1151
* UVC Prove step 2
* Elements of w skipped: 0 (0.00%)
* Elements of w processed with special addition: 1 (0.77%)
* Elements of w remaining: 129 (99.23%)
* Elements of w skipped: 0 (0.00%)
* Elements of w processed with special addition: 1 (1.52%)
* Elements of w remaining: 65 (98.48%)
* Elements of w skipped: 0 (0.00%)
* Elements of w processed with special addition: 1 (0.77%)
* Elements of w remaining: 129 (99.23%)
* UVC proof at step 2
* G1 elements in proof: 2
* G2 elements in proof: 1
* Proof size in bits: 1019
* Cached h poly size: 1151
* UVC Prove step 2
* Elements of w skipped: 0 (0.00%)
* Elements of w processed with special addition: 1 (0.77%)
* Elements of w remaining: 129 (99.23%)
* Elements of w skipped: 0 (0.00%)
* Elements of w processed with special addition: 1 (1.52%)
* Elements of w remaining: 65 (98.48%)
* Elements of w skipped: 0 (0.00%)
* Elements of w processed with special addition: 1 (0.77%)
* Elements of w remaining: 129 (99.23%)
* UVC proof at step 2
* G1 elements in proof: 2
* G2 elements in proof: 1
* Proof size in bits: 1019
* Cached h poly size: 1151
* UVC Prove step 2
* Elements of w skipped: 0 (0.00%)
* Elements of w processed with special addition: 1 (0.77%)
* Elements of w remaining: 129 (99.23%)
* Elements of w skipped: 0 (0.00%)
* Elements of w processed with special addition: 1 (1.52%)
* Elements of w remaining: 65 (98.48%)
* Elements of w skipped: 0 (0.00%)
* Elements of w processed with special addition: 1 (0.77%)
* Elements of w remaining: 129 (99.23%)
* UVC proof at step 2
* G1 elements in proof: 2
* G2 elements in proof: 1
* Proof size in bits: 1019
* Cached h poly size: 1151
* UVC Prove step 2
* Elements of w skipped: 0 (0.00%)
* Elements of w processed with special addition: 1 (0.77%)
* Elements of w remaining: 129 (99.23%)
* Elements of w skipped: 0 (0.00%)
* Elements of w processed with special addition: 1 (1.52%)
* Elements of w remaining: 65 (98.48%)
* Elements of w skipped: 0 (0.00%)
* Elements of w processed with special addition: 1 (0.77%)
* Elements of w remaining: 129 (99.23%)
* UVC proof at step 2
* G1 elements in proof: 2
* G2 elements in proof: 1
* Proof size in bits: 1019
* Cached h poly size: 1151
* UVC Verify step 2: PASS
* UVC Verify step 2: PASS
* UVC Verify step 2: PASS
* UVC Verify step 2: PASS
* UVC Verify step 2: PASS
* UVC Verify step 2: PASS
* UVC Verify step 2: PASS
* UVC Verify step 2: PASS
* UVC Verify step 2: PASS
* UVC Verify step 2: PASS
  2       55.35         2.74          1019          PASS      
* UVC Prove step 4
* Elements of w skipped: 0 (0.00%)
* Elements of w processed with special addition: 1 (0.77%)
* Elements of w remaining: 129 (99.23%)
* Elements of w skipped: 0 (0.00%)
* Elements of w processed with special addition: 1 (1.52%)
* Elements of w remaining: 65 (98.48%)
* Elements of w skipped: 0 (0.00%)
* Elements of w processed with special addition: 1 (0.77%)
* Elements of w remaining: 129 (99.23%)
* UVC proof at step 4
* G1 elements in proof: 2
* G2 elements in proof: 1
* Proof size in bits: 1019
* Cached h poly size: 1151
* UVC Prove step 4
* Elements of w skipped: 0 (0.00%)
* Elements of w processed with special addition: 1 (0.77%)
* Elements of w remaining: 129 (99.23%)
* Elements of w skipped: 0 (0.00%)
* Elements of w processed with special addition: 1 (1.52%)
* Elements of w remaining: 65 (98.48%)
* Elements of w skipped: 0 (0.00%)
* Elements of w processed with special addition: 1 (0.77%)
* Elements of w remaining: 129 (99.23%)
* UVC proof at step 4
* G1 elements in proof: 2
* G2 elements in proof: 1
* Proof size in bits: 1019
* Cached h poly size: 1151
* UVC Prove step 4
* Elements of w skipped: 0 (0.00%)
* Elements of w processed with special addition: 1 (0.77%)
* Elements of w remaining: 129 (99.23%)
* Elements of w skipped: 0 (0.00%)
* Elements of w processed with special addition: 1 (1.52%)
* Elements of w remaining: 65 (98.48%)
* Elements of w skipped: 0 (0.00%)
* Elements of w processed with special addition: 1 (0.77%)
* Elements of w remaining: 129 (99.23%)
* UVC proof at step 4
* G1 elements in proof: 2
* G2 elements in proof: 1
* Proof size in bits: 1019
* Cached h poly size: 1151
* UVC Prove step 4
* Elements of w skipped: 0 (0.00%)
* Elements of w processed with special addition: 1 (0.77%)
* Elements of w remaining: 129 (99.23%)
* Elements of w skipped: 0 (0.00%)
* Elements of w processed with special addition: 1 (1.52%)
* Elements of w remaining: 65 (98.48%)
* Elements of w skipped: 0 (0.00%)
* Elements of w processed with special addition: 1 (0.77%)
* Elements of w remaining: 129 (99.23%)
* UVC proof at step 4
* G1 elements in proof: 2
* G2 elements in proof: 1
* Proof size in bits: 1019
* Cached h poly size: 1151
* UVC Prove step 4
* Elements of w skipped: 0 (0.00%)
* Elements of w processed with special addition: 1 (0.77%)
* Elements of w remaining: 129 (99.23%)
* Elements of w skipped: 0 (0.00%)
* Elements of w processed with special addition: 1 (1.52%)
* Elements of w remaining: 65 (98.48%)
* Elements of w skipped: 0 (0.00%)
* Elements of w processed with special addition: 1 (0.77%)
* Elements of w remaining: 129 (99.23%)
* UVC proof at step 4
* G1 elements in proof: 2
* G2 elements in proof: 1
* Proof size in bits: 1019
* Cached h poly size: 1151
* UVC Prove step 4
* Elements of w skipped: 0 (0.00%)
* Elements of w processed with special addition: 1 (0.77%)
* Elements of w remaining: 129 (99.23%)
* Elements of w skipped: 0 (0.00%)
* Elements of w processed with special addition: 1 (1.52%)
* Elements of w remaining: 65 (98.48%)
* Elements of w skipped: 0 (0.00%)
* Elements of w processed with special addition: 1 (0.77%)
* Elements of w remaining: 129 (99.23%)
* UVC proof at step 4
* G1 elements in proof: 2
* G2 elements in proof: 1
* Proof size in bits: 1019
* Cached h poly size: 1151
* UVC Prove step 4
* Elements of w skipped: 0 (0.00%)
* Elements of w processed with special addition: 1 (0.77%)
* Elements of w remaining: 129 (99.23%)
* Elements of w skipped: 0 (0.00%)
* Elements of w processed with special addition: 1 (1.52%)
* Elements of w remaining: 65 (98.48%)
* Elements of w skipped: 0 (0.00%)
* Elements of w processed with special addition: 1 (0.77%)
* Elements of w remaining: 129 (99.23%)
* UVC proof at step 4
* G1 elements in proof: 2
* G2 elements in proof: 1
* Proof size in bits: 1019
* Cached h poly size: 1151
* UVC Prove step 4
* Elements of w skipped: 0 (0.00%)
* Elements of w processed with special addition: 1 (0.77%)
* Elements of w remaining: 129 (99.23%)
* Elements of w skipped: 0 (0.00%)
* Elements of w processed with special addition: 1 (1.52%)
* Elements of w remaining: 65 (98.48%)
* Elements of w skipped: 0 (0.00%)
* Elements of w processed with special addition: 1 (0.77%)
* Elements of w remaining: 129 (99.23%)
* UVC proof at step 4
* G1 elements in proof: 2
* G2 elements in proof: 1
* Proof size in bits: 1019
* Cached h poly size: 1151
* UVC Prove step 4
* Elements of w skipped: 0 (0.00%)
* Elements of w processed with special addition: 1 (0.77%)
* Elements of w remaining: 129 (99.23%)
* Elements of w skipped: 0 (0.00%)
* Elements of w processed with special addition: 1 (1.52%)
* Elements of w remaining: 65 (98.48%)
* Elements of w skipped: 0 (0.00%)
* Elements of w processed with special addition: 1 (0.77%)
* Elements of w remaining: 129 (99.23%)
* UVC proof at step 4
* G1 elements in proof: 2
* G2 elements in proof: 1
* Proof size in bits: 1019
* Cached h poly size: 1151
* UVC Prove step 4
* Elements of w skipped: 0 (0.00%)
* Elements of w processed with special addition: 1 (0.77%)
* Elements of w remaining: 129 (99.23%)
* Elements of w skipped: 0 (0.00%)
* Elements of w processed with special addition: 1 (1.52%)
* Elements of w remaining: 65 (98.48%)
* Elements of w skipped: 0 (0.00%)
* Elements of w processed with special addition: 1 (0.77%)
* Elements of w remaining: 129 (99.23%)
* UVC proof at step 4
* G1 elements in proof: 2
* G2 elements in proof: 1
* Proof size in bits: 1019
* Cached h poly size: 1151
* UVC Verify step 4: PASS
* UVC Verify step 4: PASS
* UVC Verify step 4: PASS
* UVC Verify step 4: PASS
* UVC Verify step 4: PASS
* UVC Verify step 4: PASS
* UVC Verify step 4: PASS
* UVC Verify step 4: PASS
* UVC Verify step 4: PASS
* UVC Verify step 4: PASS
  4       55.18         2.75          1019          PASS      
* UVC Prove step 8
* Elements of w skipped: 0 (0.00%)
* Elements of w processed with special addition: 1 (0.77%)
* Elements of w remaining: 129 (99.23%)
* Elements of w skipped: 0 (0.00%)
* Elements of w processed with special addition: 1 (1.52%)
* Elements of w remaining: 65 (98.48%)
* Elements of w skipped: 0 (0.00%)
* Elements of w processed with special addition: 1 (0.77%)
* Elements of w remaining: 129 (99.23%)
* UVC proof at step 8
* G1 elements in proof: 2
* G2 elements in proof: 1
* Proof size in bits: 1019
* Cached h poly size: 1151
* UVC Prove step 8
* Elements of w skipped: 0 (0.00%)
* Elements of w processed with special addition: 1 (0.77%)
* Elements of w remaining: 129 (99.23%)
* Elements of w skipped: 0 (0.00%)
* Elements of w processed with special addition: 1 (1.52%)
* Elements of w remaining: 65 (98.48%)
* Elements of w skipped: 0 (0.00%)
* Elements of w processed with special addition: 1 (0.77%)
* Elements of w remaining: 129 (99.23%)
* UVC proof at step 8
* G1 elements in proof: 2
* G2 elements in proof: 1
* Proof size in bits: 1019
* Cached h poly size: 1151
* UVC Prove step 8
* Elements of w skipped: 0 (0.00%)
* Elements of w processed with special addition: 1 (0.77%)
* Elements of w remaining: 129 (99.23%)
* Elements of w skipped: 0 (0.00%)
* Elements of w processed with special addition: 1 (1.52%)
* Elements of w remaining: 65 (98.48%)
* Elements of w skipped: 0 (0.00%)
* Elements of w processed with special addition: 1 (0.77%)
* Elements of w remaining: 129 (99.23%)
* UVC proof at step 8
* G1 elements in proof: 2
* G2 elements in proof: 1
* Proof size in bits: 1019
* Cached h poly size: 1151
* UVC Prove step 8
* Elements of w skipped: 0 (0.00%)
* Elements of w processed with special addition: 1 (0.77%)
* Elements of w remaining: 129 (99.23%)
* Elements of w skipped: 0 (0.00%)
* Elements of w processed with special addition: 1 (1.52%)
* Elements of w remaining: 65 (98.48%)
* Elements of w skipped: 0 (0.00%)
* Elements of w processed with special addition: 1 (0.77%)
* Elements of w remaining: 129 (99.23%)
* UVC proof at step 8
* G1 elements in proof: 2
* G2 elements in proof: 1
* Proof size in bits: 1019
* Cached h poly size: 1151
* UVC Prove step 8
* Elements of w skipped: 0 (0.00%)
* Elements of w processed with special addition: 1 (0.77%)
* Elements of w remaining: 129 (99.23%)
* Elements of w skipped: 0 (0.00%)
* Elements of w processed with special addition: 1 (1.52%)
* Elements of w remaining: 65 (98.48%)
* Elements of w skipped: 0 (0.00%)
* Elements of w processed with special addition: 1 (0.77%)
* Elements of w remaining: 129 (99.23%)
* UVC proof at step 8
* G1 elements in proof: 2
* G2 elements in proof: 1
* Proof size in bits: 1019
* Cached h poly size: 1151
* UVC Prove step 8
* Elements of w skipped: 0 (0.00%)
* Elements of w processed with special addition: 1 (0.77%)
* Elements of w remaining: 129 (99.23%)
* Elements of w skipped: 0 (0.00%)
* Elements of w processed with special addition: 1 (1.52%)
* Elements of w remaining: 65 (98.48%)
* Elements of w skipped: 0 (0.00%)
* Elements of w processed with special addition: 1 (0.77%)
* Elements of w remaining: 129 (99.23%)
* UVC proof at step 8
* G1 elements in proof: 2
* G2 elements in proof: 1
* Proof size in bits: 1019
* Cached h poly size: 1151
* UVC Prove step 8
* Elements of w skipped: 0 (0.00%)
* Elements of w processed with special addition: 1 (0.77%)
* Elements of w remaining: 129 (99.23%)
* Elements of w skipped: 0 (0.00%)
* Elements of w processed with special addition: 1 (1.52%)
* Elements of w remaining: 65 (98.48%)
* Elements of w skipped: 0 (0.00%)
* Elements of w processed with special addition: 1 (0.77%)
* Elements of w remaining: 129 (99.23%)
* UVC proof at step 8
* G1 elements in proof: 2
* G2 elements in proof: 1
* Proof size in bits: 1019
* Cached h poly size: 1151
* UVC Prove step 8
* Elements of w skipped: 0 (0.00%)
* Elements of w processed with special addition: 1 (0.77%)
* Elements of w remaining: 129 (99.23%)
* Elements of w skipped: 0 (0.00%)
* Elements of w processed with special addition: 1 (1.52%)
* Elements of w remaining: 65 (98.48%)
* Elements of w skipped: 0 (0.00%)
* Elements of w processed with special addition: 1 (0.77%)
* Elements of w remaining: 129 (99.23%)
* UVC proof at step 8
* G1 elements in proof: 2
* G2 elements in proof: 1
* Proof size in bits: 1019
* Cached h poly size: 1151
* UVC Prove step 8
* Elements of w skipped: 0 (0.00%)
* Elements of w processed with special addition: 1 (0.77%)
* Elements of w remaining: 129 (99.23%)
* Elements of w skipped: 0 (0.00%)
* Elements of w processed with special addition: 1 (1.52%)
* Elements of w remaining: 65 (98.48%)
* Elements of w skipped: 0 (0.00%)
* Elements of w processed with special addition: 1 (0.77%)
* Elements of w remaining: 129 (99.23%)
* UVC proof at step 8
* G1 elements in proof: 2
* G2 elements in proof: 1
* Proof size in bits: 1019
* Cached h poly size: 1151
* UVC Prove step 8
* Elements of w skipped: 0 (0.00%)
* Elements of w processed with special addition: 1 (0.77%)
* Elements of w remaining: 129 (99.23%)
* Elements of w skipped: 0 (0.00%)
* Elements of w processed with special addition: 1 (1.52%)
* Elements of w remaining: 65 (98.48%)
* Elements of w skipped: 0 (0.00%)
* Elements of w processed with special addition: 1 (0.77%)
* Elements of w remaining: 129 (99.23%)
* UVC proof at step 8
* G1 elements in proof: 2
* G2 elements in proof: 1
* Proof size in bits: 1019
* Cached h poly size: 1151
* UVC Verify step 8: PASS
* UVC Verify step 8: PASS
* UVC Verify step 8: PASS
* UVC Verify step 8: PASS
* UVC Verify step 8: PASS
* UVC Verify step 8: PASS
* UVC Verify step 8: PASS
* UVC Verify step 8: PASS
* UVC Verify step 8: PASS
* UVC Verify step 8: PASS
  8       55.21         2.74          1019          PASS      
* UVC Prove step 16
* Elements of w skipped: 0 (0.00%)
* Elements of w processed with special addition: 1 (0.77%)
* Elements of w remaining: 129 (99.23%)
* Elements of w skipped: 0 (0.00%)
* Elements of w processed with special addition: 1 (1.54%)
* Elements of w remaining: 64 (98.46%)
* Elements of w skipped: 0 (0.00%)
* Elements of w processed with special addition: 1 (0.77%)
* Elements of w remaining: 129 (99.23%)
* UVC proof at step 16
* G1 elements in proof: 2
* G2 elements in proof: 1
* Proof size in bits: 1019
* Cached h poly size: 1151
* UVC Prove step 16
* Elements of w skipped: 0 (0.00%)
* Elements of w processed with special addition: 1 (0.77%)
* Elements of w remaining: 129 (99.23%)
* Elements of w skipped: 0 (0.00%)
* Elements of w processed with special addition: 1 (1.54%)
* Elements of w remaining: 64 (98.46%)
* Elements of w skipped: 0 (0.00%)
* Elements of w processed with special addition: 1 (0.77%)
* Elements of w remaining: 129 (99.23%)
* UVC proof at step 16
* G1 elements in proof: 2
* G2 elements in proof: 1
* Proof size in bits: 1019
* Cached h poly size: 1151
* UVC Prove step 16
* Elements of w skipped: 0 (0.00%)
* Elements of w processed with special addition: 1 (0.77%)
* Elements of w remaining: 129 (99.23%)
* Elements of w skipped: 0 (0.00%)
* Elements of w processed with special addition: 1 (1.54%)
* Elements of w remaining: 64 (98.46%)
* Elements of w skipped: 0 (0.00%)
* Elements of w processed with special addition: 1 (0.77%)
* Elements of w remaining: 129 (99.23%)
* UVC proof at step 16
* G1 elements in proof: 2
* G2 elements in proof: 1
* Proof size in bits: 1019
* Cached h poly size: 1151
* UVC Prove step 16
* Elements of w skipped: 0 (0.00%)
* Elements of w processed with special addition: 1 (0.77%)
* Elements of w remaining: 129 (99.23%)
* Elements of w skipped: 0 (0.00%)
* Elements of w processed with special addition: 1 (1.54%)
* Elements of w remaining: 64 (98.46%)
* Elements of w skipped: 0 (0.00%)
* Elements of w processed with special addition: 1 (0.77%)
* Elements of w remaining: 129 (99.23%)
* UVC proof at step 16
* G1 elements in proof: 2
* G2 elements in proof: 1
* Proof size in bits: 1019
* Cached h poly size: 1151
* UVC Prove step 16
* Elements of w skipped: 0 (0.00%)
* Elements of w processed with special addition: 1 (0.77%)
* Elements of w remaining: 129 (99.23%)
* Elements of w skipped: 0 (0.00%)
* Elements of w processed with special addition: 1 (1.54%)
* Elements of w remaining: 64 (98.46%)
* Elements of w skipped: 0 (0.00%)
* Elements of w processed with special addition: 1 (0.77%)
* Elements of w remaining: 129 (99.23%)
* UVC proof at step 16
* G1 elements in proof: 2
* G2 elements in proof: 1
* Proof size in bits: 1019
* Cached h poly size: 1151
* UVC Prove step 16
* Elements of w skipped: 0 (0.00%)
* Elements of w processed with special addition: 1 (0.77%)
* Elements of w remaining: 129 (99.23%)
* Elements of w skipped: 0 (0.00%)
* Elements of w processed with special addition: 1 (1.54%)
* Elements of w remaining: 64 (98.46%)
* Elements of w skipped: 0 (0.00%)
* Elements of w processed with special addition: 1 (0.77%)
* Elements of w remaining: 129 (99.23%)
* UVC proof at step 16
* G1 elements in proof: 2
* G2 elements in proof: 1
* Proof size in bits: 1019
* Cached h poly size: 1151
* UVC Prove step 16
* Elements of w skipped: 0 (0.00%)
* Elements of w processed with special addition: 1 (0.77%)
* Elements of w remaining: 129 (99.23%)
* Elements of w skipped: 0 (0.00%)
* Elements of w processed with special addition: 1 (1.54%)
* Elements of w remaining: 64 (98.46%)
* Elements of w skipped: 0 (0.00%)
* Elements of w processed with special addition: 1 (0.77%)
* Elements of w remaining: 129 (99.23%)
* UVC proof at step 16
* G1 elements in proof: 2
* G2 elements in proof: 1
* Proof size in bits: 1019
* Cached h poly size: 1151
* UVC Prove step 16
* Elements of w skipped: 0 (0.00%)
* Elements of w processed with special addition: 1 (0.77%)
* Elements of w remaining: 129 (99.23%)
* Elements of w skipped: 0 (0.00%)
* Elements of w processed with special addition: 1 (1.54%)
* Elements of w remaining: 64 (98.46%)
* Elements of w skipped: 0 (0.00%)
* Elements of w processed with special addition: 1 (0.77%)
* Elements of w remaining: 129 (99.23%)
* UVC proof at step 16
* G1 elements in proof: 2
* G2 elements in proof: 1
* Proof size in bits: 1019
* Cached h poly size: 1151
* UVC Prove step 16
* Elements of w skipped: 0 (0.00%)
* Elements of w processed with special addition: 1 (0.77%)
* Elements of w remaining: 129 (99.23%)
* Elements of w skipped: 0 (0.00%)
* Elements of w processed with special addition: 1 (1.54%)
* Elements of w remaining: 64 (98.46%)
* Elements of w skipped: 0 (0.00%)
* Elements of w processed with special addition: 1 (0.77%)
* Elements of w remaining: 129 (99.23%)
* UVC proof at step 16
* G1 elements in proof: 2
* G2 elements in proof: 1
* Proof size in bits: 1019
* Cached h poly size: 1151
* UVC Prove step 16
* Elements of w skipped: 0 (0.00%)
* Elements of w processed with special addition: 1 (0.77%)
* Elements of w remaining: 129 (99.23%)
* Elements of w skipped: 0 (0.00%)
* Elements of w processed with special addition: 1 (1.54%)
* Elements of w remaining: 64 (98.46%)
* Elements of w skipped: 0 (0.00%)
* Elements of w processed with special addition: 1 (0.77%)
* Elements of w remaining: 129 (99.23%)
* UVC proof at step 16
* G1 elements in proof: 2
* G2 elements in proof: 1
* Proof size in bits: 1019
* Cached h poly size: 1151
* UVC Verify step 16: PASS
* UVC Verify step 16: PASS
* UVC Verify step 16: PASS
* UVC Verify step 16: PASS
* UVC Verify step 16: PASS
* UVC Verify step 16: PASS
* UVC Verify step 16: PASS
* UVC Verify step 16: PASS
* UVC Verify step 16: PASS
* UVC Verify step 16: PASS
  16      50.60         2.74          1019          PASS      

  UVC results written to /Users/heewonchung/Documents/00-Research/active/Updatable Verifiable Computation/Dev/results/2026-03-09_201110_iot/csv/uvc_results.csv

================================================================
Groth16 Benchmark: circuit=sensor_fusion, n=64, B=16
================================================================

  Step    C_j constr  Setup (ms)    Prove (ms)    Verify (ms)   Verified  
  ------  ----------  ------------  ------------  ------------  ----------
* Composed C_1: 65 constraints, 131 variables, 66 inputs
* QAP number of variables: 131
* QAP pre degree: 65
* QAP degree: 132
* QAP number of input variables: 66
* G1 window: 6
* G2 window: 5
* G1 elements in PK: 461
* Non-zero G1 elements in PK: 394
* G2 elements in PK: 133
* Non-zero G2 elements in PK: 66
* PK size in bits: 138224
* G1 elements in VK: 66
* G2 elements in VK: 2
* GT elements in VK: 1
* VK size in bits: 22327
* Elements of w skipped: 1 (0.76%)
* Elements of w processed with special addition: 3 (2.27%)
* Elements of w remaining: 128 (96.97%)
* Elements of w skipped: 0 (0.00%)
* Elements of w processed with special addition: 2 (3.08%)
* Elements of w remaining: 63 (96.92%)
* Elements of w skipped: 0 (0.00%)
* Elements of w processed with special addition: 0 (0.00%)
* Elements of w remaining: 65 (100.00%)
* G1 elements in proof: 2
* G2 elements in proof: 1
* Proof size in bits: 1019
* Elements of w skipped: 1 (0.76%)
* Elements of w processed with special addition: 3 (2.27%)
* Elements of w remaining: 128 (96.97%)
* Elements of w skipped: 0 (0.00%)
* Elements of w processed with special addition: 2 (3.08%)
* Elements of w remaining: 63 (96.92%)
* Elements of w skipped: 0 (0.00%)
* Elements of w processed with special addition: 0 (0.00%)
* Elements of w remaining: 65 (100.00%)
* G1 elements in proof: 2
* G2 elements in proof: 1
* Proof size in bits: 1019
* Elements of w skipped: 1 (0.76%)
* Elements of w processed with special addition: 3 (2.27%)
* Elements of w remaining: 128 (96.97%)
* Elements of w skipped: 0 (0.00%)
* Elements of w processed with special addition: 2 (3.08%)
* Elements of w remaining: 63 (96.92%)
* Elements of w skipped: 0 (0.00%)
* Elements of w processed with special addition: 0 (0.00%)
* Elements of w remaining: 65 (100.00%)
* G1 elements in proof: 2
* G2 elements in proof: 1
* Proof size in bits: 1019
* Elements of w skipped: 1 (0.76%)
* Elements of w processed with special addition: 3 (2.27%)
* Elements of w remaining: 128 (96.97%)
* Elements of w skipped: 0 (0.00%)
* Elements of w processed with special addition: 2 (3.08%)
* Elements of w remaining: 63 (96.92%)
* Elements of w skipped: 0 (0.00%)
* Elements of w processed with special addition: 0 (0.00%)
* Elements of w remaining: 65 (100.00%)
* G1 elements in proof: 2
* G2 elements in proof: 1
* Proof size in bits: 1019
* Elements of w skipped: 1 (0.76%)
* Elements of w processed with special addition: 3 (2.27%)
* Elements of w remaining: 128 (96.97%)
* Elements of w skipped: 0 (0.00%)
* Elements of w processed with special addition: 2 (3.08%)
* Elements of w remaining: 63 (96.92%)
* Elements of w skipped: 0 (0.00%)
* Elements of w processed with special addition: 0 (0.00%)
* Elements of w remaining: 65 (100.00%)
* G1 elements in proof: 2
* G2 elements in proof: 1
* Proof size in bits: 1019
* Elements of w skipped: 1 (0.76%)
* Elements of w processed with special addition: 3 (2.27%)
* Elements of w remaining: 128 (96.97%)
* Elements of w skipped: 0 (0.00%)
* Elements of w processed with special addition: 2 (3.08%)
* Elements of w remaining: 63 (96.92%)
* Elements of w skipped: 0 (0.00%)
* Elements of w processed with special addition: 0 (0.00%)
* Elements of w remaining: 65 (100.00%)
* G1 elements in proof: 2
* G2 elements in proof: 1
* Proof size in bits: 1019
* Elements of w skipped: 1 (0.76%)
* Elements of w processed with special addition: 3 (2.27%)
* Elements of w remaining: 128 (96.97%)
* Elements of w skipped: 0 (0.00%)
* Elements of w processed with special addition: 2 (3.08%)
* Elements of w remaining: 63 (96.92%)
* Elements of w skipped: 0 (0.00%)
* Elements of w processed with special addition: 0 (0.00%)
* Elements of w remaining: 65 (100.00%)
* G1 elements in proof: 2
* G2 elements in proof: 1
* Proof size in bits: 1019
* Elements of w skipped: 1 (0.76%)
* Elements of w processed with special addition: 3 (2.27%)
* Elements of w remaining: 128 (96.97%)
* Elements of w skipped: 0 (0.00%)
* Elements of w processed with special addition: 2 (3.08%)
* Elements of w remaining: 63 (96.92%)
* Elements of w skipped: 0 (0.00%)
* Elements of w processed with special addition: 0 (0.00%)
* Elements of w remaining: 65 (100.00%)
* G1 elements in proof: 2
* G2 elements in proof: 1
* Proof size in bits: 1019
* Elements of w skipped: 1 (0.76%)
* Elements of w processed with special addition: 3 (2.27%)
* Elements of w remaining: 128 (96.97%)
* Elements of w skipped: 0 (0.00%)
* Elements of w processed with special addition: 2 (3.08%)
* Elements of w remaining: 63 (96.92%)
* Elements of w skipped: 0 (0.00%)
* Elements of w processed with special addition: 0 (0.00%)
* Elements of w remaining: 65 (100.00%)
* G1 elements in proof: 2
* G2 elements in proof: 1
* Proof size in bits: 1019
* Elements of w skipped: 1 (0.76%)
* Elements of w processed with special addition: 3 (2.27%)
* Elements of w remaining: 128 (96.97%)
* Elements of w skipped: 0 (0.00%)
* Elements of w processed with special addition: 2 (3.08%)
* Elements of w remaining: 63 (96.92%)
* Elements of w skipped: 0 (0.00%)
* Elements of w processed with special addition: 0 (0.00%)
* Elements of w remaining: 65 (100.00%)
* G1 elements in proof: 2
* G2 elements in proof: 1
* Proof size in bits: 1019
  1       65          39.5          14.53         2.73          PASS      
* Composed C_2: 130 constraints, 261 variables, 66 inputs
* QAP number of variables: 261
* QAP pre degree: 130
* QAP degree: 256
* QAP number of input variables: 66
* G1 window: 7
* G2 window: 5
* G1 elements in PK: 975
* Non-zero G1 elements in PK: 843
* G2 elements in PK: 263
* Non-zero G2 elements in PK: 131
* PK size in bits: 289964
* G1 elements in VK: 66
* G2 elements in VK: 2
* GT elements in VK: 1
* VK size in bits: 22327
* Elements of w skipped: 1 (0.38%)
* Elements of w processed with special addition: 4 (1.53%)
* Elements of w remaining: 257 (98.09%)
* Elements of w skipped: 0 (0.00%)
* Elements of w processed with special addition: 3 (2.31%)
* Elements of w remaining: 127 (97.69%)
* Elements of w skipped: 0 (0.00%)
* Elements of w processed with special addition: 1 (0.51%)
* Elements of w remaining: 194 (99.49%)
* G1 elements in proof: 2
* G2 elements in proof: 1
* Proof size in bits: 1019
* Elements of w skipped: 1 (0.38%)
* Elements of w processed with special addition: 4 (1.53%)
* Elements of w remaining: 257 (98.09%)
* Elements of w skipped: 0 (0.00%)
* Elements of w processed with special addition: 3 (2.31%)
* Elements of w remaining: 127 (97.69%)
* Elements of w skipped: 0 (0.00%)
* Elements of w processed with special addition: 1 (0.51%)
* Elements of w remaining: 194 (99.49%)
* G1 elements in proof: 2
* G2 elements in proof: 1
* Proof size in bits: 1019
* Elements of w skipped: 1 (0.38%)
* Elements of w processed with special addition: 4 (1.53%)
* Elements of w remaining: 257 (98.09%)
* Elements of w skipped: 0 (0.00%)
* Elements of w processed with special addition: 3 (2.31%)
* Elements of w remaining: 127 (97.69%)
* Elements of w skipped: 0 (0.00%)
* Elements of w processed with special addition: 1 (0.51%)
* Elements of w remaining: 194 (99.49%)
* G1 elements in proof: 2
* G2 elements in proof: 1
* Proof size in bits: 1019
* Elements of w skipped: 1 (0.38%)
* Elements of w processed with special addition: 4 (1.53%)
* Elements of w remaining: 257 (98.09%)
* Elements of w skipped: 0 (0.00%)
* Elements of w processed with special addition: 3 (2.31%)
* Elements of w remaining: 127 (97.69%)
* Elements of w skipped: 0 (0.00%)
* Elements of w processed with special addition: 1 (0.51%)
* Elements of w remaining: 194 (99.49%)
* G1 elements in proof: 2
* G2 elements in proof: 1
* Proof size in bits: 1019
* Elements of w skipped: 1 (0.38%)
* Elements of w processed with special addition: 4 (1.53%)
* Elements of w remaining: 257 (98.09%)
* Elements of w skipped: 0 (0.00%)
* Elements of w processed with special addition: 3 (2.31%)
* Elements of w remaining: 127 (97.69%)
* Elements of w skipped: 0 (0.00%)
* Elements of w processed with special addition: 1 (0.51%)
* Elements of w remaining: 194 (99.49%)
* G1 elements in proof: 2
* G2 elements in proof: 1
* Proof size in bits: 1019
* Elements of w skipped: 1 (0.38%)
* Elements of w processed with special addition: 4 (1.53%)
* Elements of w remaining: 257 (98.09%)
* Elements of w skipped: 0 (0.00%)
* Elements of w processed with special addition: 3 (2.31%)
* Elements of w remaining: 127 (97.69%)
* Elements of w skipped: 0 (0.00%)
* Elements of w processed with special addition: 1 (0.51%)
* Elements of w remaining: 194 (99.49%)
* G1 elements in proof: 2
* G2 elements in proof: 1
* Proof size in bits: 1019
* Elements of w skipped: 1 (0.38%)
* Elements of w processed with special addition: 4 (1.53%)
* Elements of w remaining: 257 (98.09%)
* Elements of w skipped: 0 (0.00%)
* Elements of w processed with special addition: 3 (2.31%)
* Elements of w remaining: 127 (97.69%)
* Elements of w skipped: 0 (0.00%)
* Elements of w processed with special addition: 1 (0.51%)
* Elements of w remaining: 194 (99.49%)
* G1 elements in proof: 2
* G2 elements in proof: 1
* Proof size in bits: 1019
* Elements of w skipped: 1 (0.38%)
* Elements of w processed with special addition: 4 (1.53%)
* Elements of w remaining: 257 (98.09%)
* Elements of w skipped: 0 (0.00%)
* Elements of w processed with special addition: 3 (2.31%)
* Elements of w remaining: 127 (97.69%)
* Elements of w skipped: 0 (0.00%)
* Elements of w processed with special addition: 1 (0.51%)
* Elements of w remaining: 194 (99.49%)
* G1 elements in proof: 2
* G2 elements in proof: 1
* Proof size in bits: 1019
* Elements of w skipped: 1 (0.38%)
* Elements of w processed with special addition: 4 (1.53%)
* Elements of w remaining: 257 (98.09%)
* Elements of w skipped: 0 (0.00%)
* Elements of w processed with special addition: 3 (2.31%)
* Elements of w remaining: 127 (97.69%)
* Elements of w skipped: 0 (0.00%)
* Elements of w processed with special addition: 1 (0.51%)
* Elements of w remaining: 194 (99.49%)
* G1 elements in proof: 2
* G2 elements in proof: 1
* Proof size in bits: 1019
* Elements of w skipped: 1 (0.38%)
* Elements of w processed with special addition: 4 (1.53%)
* Elements of w remaining: 257 (98.09%)
* Elements of w skipped: 0 (0.00%)
* Elements of w processed with special addition: 3 (2.31%)
* Elements of w remaining: 127 (97.69%)
* Elements of w skipped: 0 (0.00%)
* Elements of w processed with special addition: 1 (0.51%)
* Elements of w remaining: 194 (99.49%)
* G1 elements in proof: 2
* G2 elements in proof: 1
* Proof size in bits: 1019
  2       130         66.1          21.89         2.72          PASS      
* Composed C_4: 260 constraints, 521 variables, 66 inputs
* QAP number of variables: 521
* QAP pre degree: 260
* QAP degree: 384
* QAP number of input variables: 66
* G1 window: 8
* G2 window: 6
* G1 elements in PK: 1883
* Non-zero G1 elements in PK: 1621
* G2 elements in PK: 523
* Non-zero G2 elements in PK: 261
* PK size in bits: 562844
* G1 elements in VK: 66
* G2 elements in VK: 2
* GT elements in VK: 1
* VK size in bits: 22327
* Elements of w skipped: 1 (0.19%)
* Elements of w processed with special addition: 6 (1.15%)
* Elements of w remaining: 515 (98.66%)
* Elements of w skipped: 0 (0.00%)
* Elements of w processed with special addition: 5 (1.92%)
* Elements of w remaining: 255 (98.08%)
* Elements of w skipped: 0 (0.00%)
* Elements of w processed with special addition: 3 (0.66%)
* Elements of w remaining: 452 (99.34%)
* G1 elements in proof: 2
* G2 elements in proof: 1
* Proof size in bits: 1019
* Elements of w skipped: 1 (0.19%)
* Elements of w processed with special addition: 6 (1.15%)
* Elements of w remaining: 515 (98.66%)
* Elements of w skipped: 0 (0.00%)
* Elements of w processed with special addition: 5 (1.92%)
* Elements of w remaining: 255 (98.08%)
* Elements of w skipped: 0 (0.00%)
* Elements of w processed with special addition: 3 (0.66%)
* Elements of w remaining: 452 (99.34%)
* G1 elements in proof: 2
* G2 elements in proof: 1
* Proof size in bits: 1019
* Elements of w skipped: 1 (0.19%)
* Elements of w processed with special addition: 6 (1.15%)
* Elements of w remaining: 515 (98.66%)
* Elements of w skipped: 0 (0.00%)
* Elements of w processed with special addition: 5 (1.92%)
* Elements of w remaining: 255 (98.08%)
* Elements of w skipped: 0 (0.00%)
* Elements of w processed with special addition: 3 (0.66%)
* Elements of w remaining: 452 (99.34%)
* G1 elements in proof: 2
* G2 elements in proof: 1
* Proof size in bits: 1019
* Elements of w skipped: 1 (0.19%)
* Elements of w processed with special addition: 6 (1.15%)
* Elements of w remaining: 515 (98.66%)
* Elements of w skipped: 0 (0.00%)
* Elements of w processed with special addition: 5 (1.92%)
* Elements of w remaining: 255 (98.08%)
* Elements of w skipped: 0 (0.00%)
* Elements of w processed with special addition: 3 (0.66%)
* Elements of w remaining: 452 (99.34%)
* G1 elements in proof: 2
* G2 elements in proof: 1
* Proof size in bits: 1019
* Elements of w skipped: 1 (0.19%)
* Elements of w processed with special addition: 6 (1.15%)
* Elements of w remaining: 515 (98.66%)
* Elements of w skipped: 0 (0.00%)
* Elements of w processed with special addition: 5 (1.92%)
* Elements of w remaining: 255 (98.08%)
* Elements of w skipped: 0 (0.00%)
* Elements of w processed with special addition: 3 (0.66%)
* Elements of w remaining: 452 (99.34%)
* G1 elements in proof: 2
* G2 elements in proof: 1
* Proof size in bits: 1019
* Elements of w skipped: 1 (0.19%)
* Elements of w processed with special addition: 6 (1.15%)
* Elements of w remaining: 515 (98.66%)
* Elements of w skipped: 0 (0.00%)
* Elements of w processed with special addition: 5 (1.92%)
* Elements of w remaining: 255 (98.08%)
* Elements of w skipped: 0 (0.00%)
* Elements of w processed with special addition: 3 (0.66%)
* Elements of w remaining: 452 (99.34%)
* G1 elements in proof: 2
* G2 elements in proof: 1
* Proof size in bits: 1019
* Elements of w skipped: 1 (0.19%)
* Elements of w processed with special addition: 6 (1.15%)
* Elements of w remaining: 515 (98.66%)
* Elements of w skipped: 0 (0.00%)
* Elements of w processed with special addition: 5 (1.92%)
* Elements of w remaining: 255 (98.08%)
* Elements of w skipped: 0 (0.00%)
* Elements of w processed with special addition: 3 (0.66%)
* Elements of w remaining: 452 (99.34%)
* G1 elements in proof: 2
* G2 elements in proof: 1
* Proof size in bits: 1019
* Elements of w skipped: 1 (0.19%)
* Elements of w processed with special addition: 6 (1.15%)
* Elements of w remaining: 515 (98.66%)
* Elements of w skipped: 0 (0.00%)
* Elements of w processed with special addition: 5 (1.92%)
* Elements of w remaining: 255 (98.08%)
* Elements of w skipped: 0 (0.00%)
* Elements of w processed with special addition: 3 (0.66%)
* Elements of w remaining: 452 (99.34%)
* G1 elements in proof: 2
* G2 elements in proof: 1
* Proof size in bits: 1019
* Elements of w skipped: 1 (0.19%)
* Elements of w processed with special addition: 6 (1.15%)
* Elements of w remaining: 515 (98.66%)
* Elements of w skipped: 0 (0.00%)
* Elements of w processed with special addition: 5 (1.92%)
* Elements of w remaining: 255 (98.08%)
* Elements of w skipped: 0 (0.00%)
* Elements of w processed with special addition: 3 (0.66%)
* Elements of w remaining: 452 (99.34%)
* G1 elements in proof: 2
* G2 elements in proof: 1
* Proof size in bits: 1019
* Elements of w skipped: 1 (0.19%)
* Elements of w processed with special addition: 6 (1.15%)
* Elements of w remaining: 515 (98.66%)
* Elements of w skipped: 0 (0.00%)
* Elements of w processed with special addition: 5 (1.92%)
* Elements of w remaining: 255 (98.08%)
* Elements of w skipped: 0 (0.00%)
* Elements of w processed with special addition: 3 (0.66%)
* Elements of w remaining: 452 (99.34%)
* G1 elements in proof: 2
* G2 elements in proof: 1
* Proof size in bits: 1019
  4       260         106.6         32.12         2.77          PASS      
* Composed C_8: 520 constraints, 1041 variables, 66 inputs
* QAP number of variables: 1041
* QAP pre degree: 520
* QAP degree: 640
* QAP number of input variables: 66
* G1 window: 8
* G2 window: 7
* G1 elements in PK: 3699
* Non-zero G1 elements in PK: 3177
* G2 elements in PK: 1043
* Non-zero G2 elements in PK: 521
* PK size in bits: 1108604
* G1 elements in VK: 66
* G2 elements in VK: 2
* GT elements in VK: 1
* VK size in bits: 22327
* Elements of w skipped: 1 (0.10%)
* Elements of w processed with special addition: 10 (0.96%)
* Elements of w remaining: 1031 (98.94%)
* Elements of w skipped: 0 (0.00%)
* Elements of w processed with special addition: 9 (1.73%)
* Elements of w remaining: 511 (98.27%)
* Elements of w skipped: 0 (0.00%)
* Elements of w processed with special addition: 7 (0.72%)
* Elements of w remaining: 968 (99.28%)
* G1 elements in proof: 2
* G2 elements in proof: 1
* Proof size in bits: 1019
* Elements of w skipped: 1 (0.10%)
* Elements of w processed with special addition: 10 (0.96%)
* Elements of w remaining: 1031 (98.94%)
* Elements of w skipped: 0 (0.00%)
* Elements of w processed with special addition: 9 (1.73%)
* Elements of w remaining: 511 (98.27%)
* Elements of w skipped: 0 (0.00%)
* Elements of w processed with special addition: 7 (0.72%)
* Elements of w remaining: 968 (99.28%)
* G1 elements in proof: 2
* G2 elements in proof: 1
* Proof size in bits: 1019
* Elements of w skipped: 1 (0.10%)
* Elements of w processed with special addition: 10 (0.96%)
* Elements of w remaining: 1031 (98.94%)
* Elements of w skipped: 0 (0.00%)
* Elements of w processed with special addition: 9 (1.73%)
* Elements of w remaining: 511 (98.27%)
* Elements of w skipped: 0 (0.00%)
* Elements of w processed with special addition: 7 (0.72%)
* Elements of w remaining: 968 (99.28%)
* G1 elements in proof: 2
* G2 elements in proof: 1
* Proof size in bits: 1019
* Elements of w skipped: 1 (0.10%)
* Elements of w processed with special addition: 10 (0.96%)
* Elements of w remaining: 1031 (98.94%)
* Elements of w skipped: 0 (0.00%)
* Elements of w processed with special addition: 9 (1.73%)
* Elements of w remaining: 511 (98.27%)
* Elements of w skipped: 0 (0.00%)
* Elements of w processed with special addition: 7 (0.72%)
* Elements of w remaining: 968 (99.28%)
* G1 elements in proof: 2
* G2 elements in proof: 1
* Proof size in bits: 1019
* Elements of w skipped: 1 (0.10%)
* Elements of w processed with special addition: 10 (0.96%)
* Elements of w remaining: 1031 (98.94%)
* Elements of w skipped: 0 (0.00%)
* Elements of w processed with special addition: 9 (1.73%)
* Elements of w remaining: 511 (98.27%)
* Elements of w skipped: 0 (0.00%)
* Elements of w processed with special addition: 7 (0.72%)
* Elements of w remaining: 968 (99.28%)
* G1 elements in proof: 2
* G2 elements in proof: 1
* Proof size in bits: 1019
* Elements of w skipped: 1 (0.10%)
* Elements of w processed with special addition: 10 (0.96%)
* Elements of w remaining: 1031 (98.94%)
* Elements of w skipped: 0 (0.00%)
* Elements of w processed with special addition: 9 (1.73%)
* Elements of w remaining: 511 (98.27%)
* Elements of w skipped: 0 (0.00%)
* Elements of w processed with special addition: 7 (0.72%)
* Elements of w remaining: 968 (99.28%)
* G1 elements in proof: 2
* G2 elements in proof: 1
* Proof size in bits: 1019
* Elements of w skipped: 1 (0.10%)
* Elements of w processed with special addition: 10 (0.96%)
* Elements of w remaining: 1031 (98.94%)
* Elements of w skipped: 0 (0.00%)
* Elements of w processed with special addition: 9 (1.73%)
* Elements of w remaining: 511 (98.27%)
* Elements of w skipped: 0 (0.00%)
* Elements of w processed with special addition: 7 (0.72%)
* Elements of w remaining: 968 (99.28%)
* G1 elements in proof: 2
* G2 elements in proof: 1
* Proof size in bits: 1019
* Elements of w skipped: 1 (0.10%)
* Elements of w processed with special addition: 10 (0.96%)
* Elements of w remaining: 1031 (98.94%)
* Elements of w skipped: 0 (0.00%)
* Elements of w processed with special addition: 9 (1.73%)
* Elements of w remaining: 511 (98.27%)
* Elements of w skipped: 0 (0.00%)
* Elements of w processed with special addition: 7 (0.72%)
* Elements of w remaining: 968 (99.28%)
* G1 elements in proof: 2
* G2 elements in proof: 1
* Proof size in bits: 1019
* Elements of w skipped: 1 (0.10%)
* Elements of w processed with special addition: 10 (0.96%)
* Elements of w remaining: 1031 (98.94%)
* Elements of w skipped: 0 (0.00%)
* Elements of w processed with special addition: 9 (1.73%)
* Elements of w remaining: 511 (98.27%)
* Elements of w skipped: 0 (0.00%)
* Elements of w processed with special addition: 7 (0.72%)
* Elements of w remaining: 968 (99.28%)
* G1 elements in proof: 2
* G2 elements in proof: 1
* Proof size in bits: 1019
* Elements of w skipped: 1 (0.10%)
* Elements of w processed with special addition: 10 (0.96%)
* Elements of w remaining: 1031 (98.94%)
* Elements of w skipped: 0 (0.00%)
* Elements of w processed with special addition: 9 (1.73%)
* Elements of w remaining: 511 (98.27%)
* Elements of w skipped: 0 (0.00%)
* Elements of w processed with special addition: 7 (0.72%)
* Elements of w remaining: 968 (99.28%)
* G1 elements in proof: 2
* G2 elements in proof: 1
* Proof size in bits: 1019
  8       520         181.0         55.14         2.73          PASS      
* Composed C_16: 1040 constraints, 2081 variables, 66 inputs
* QAP number of variables: 2081
* QAP pre degree: 1040
* QAP degree: 1152
* QAP number of input variables: 66
* G1 window: 9
* G2 window: 8
* G1 elements in PK: 7331
* Non-zero G1 elements in PK: 6289
* G2 elements in PK: 2083
* Non-zero G2 elements in PK: 1041
* PK size in bits: 2200124
* G1 elements in VK: 66
* G2 elements in VK: 2
* GT elements in VK: 1
* VK size in bits: 22327
* Elements of w skipped: 1 (0.05%)
* Elements of w processed with special addition: 18 (0.86%)
* Elements of w remaining: 2063 (99.09%)
* Elements of w skipped: 0 (0.00%)
* Elements of w processed with special addition: 17 (1.63%)
* Elements of w remaining: 1023 (98.37%)
* Elements of w skipped: 0 (0.00%)
* Elements of w processed with special addition: 15 (0.74%)
* Elements of w remaining: 2000 (99.26%)
* G1 elements in proof: 2
* G2 elements in proof: 1
* Proof size in bits: 1019
* Elements of w skipped: 1 (0.05%)
* Elements of w processed with special addition: 18 (0.86%)
* Elements of w remaining: 2063 (99.09%)
* Elements of w skipped: 0 (0.00%)
* Elements of w processed with special addition: 17 (1.63%)
* Elements of w remaining: 1023 (98.37%)
* Elements of w skipped: 0 (0.00%)
* Elements of w processed with special addition: 15 (0.74%)
* Elements of w remaining: 2000 (99.26%)
* G1 elements in proof: 2
* G2 elements in proof: 1
* Proof size in bits: 1019
* Elements of w skipped: 1 (0.05%)
* Elements of w processed with special addition: 18 (0.86%)
* Elements of w remaining: 2063 (99.09%)
* Elements of w skipped: 0 (0.00%)
* Elements of w processed with special addition: 17 (1.63%)
* Elements of w remaining: 1023 (98.37%)
* Elements of w skipped: 0 (0.00%)
* Elements of w processed with special addition: 15 (0.74%)
* Elements of w remaining: 2000 (99.26%)
* G1 elements in proof: 2
* G2 elements in proof: 1
* Proof size in bits: 1019
* Elements of w skipped: 1 (0.05%)
* Elements of w processed with special addition: 18 (0.86%)
* Elements of w remaining: 2063 (99.09%)
* Elements of w skipped: 0 (0.00%)
* Elements of w processed with special addition: 17 (1.63%)
* Elements of w remaining: 1023 (98.37%)
* Elements of w skipped: 0 (0.00%)
* Elements of w processed with special addition: 15 (0.74%)
* Elements of w remaining: 2000 (99.26%)
* G1 elements in proof: 2
* G2 elements in proof: 1
* Proof size in bits: 1019
* Elements of w skipped: 1 (0.05%)
* Elements of w processed with special addition: 18 (0.86%)
* Elements of w remaining: 2063 (99.09%)
* Elements of w skipped: 0 (0.00%)
* Elements of w processed with special addition: 17 (1.63%)
* Elements of w remaining: 1023 (98.37%)
* Elements of w skipped: 0 (0.00%)
* Elements of w processed with special addition: 15 (0.74%)
* Elements of w remaining: 2000 (99.26%)
* G1 elements in proof: 2
* G2 elements in proof: 1
* Proof size in bits: 1019
* Elements of w skipped: 1 (0.05%)
* Elements of w processed with special addition: 18 (0.86%)
* Elements of w remaining: 2063 (99.09%)
* Elements of w skipped: 0 (0.00%)
* Elements of w processed with special addition: 17 (1.63%)
* Elements of w remaining: 1023 (98.37%)
* Elements of w skipped: 0 (0.00%)
* Elements of w processed with special addition: 15 (0.74%)
* Elements of w remaining: 2000 (99.26%)
* G1 elements in proof: 2
* G2 elements in proof: 1
* Proof size in bits: 1019
* Elements of w skipped: 1 (0.05%)
* Elements of w processed with special addition: 18 (0.86%)
* Elements of w remaining: 2063 (99.09%)
* Elements of w skipped: 0 (0.00%)
* Elements of w processed with special addition: 17 (1.63%)
* Elements of w remaining: 1023 (98.37%)
* Elements of w skipped: 0 (0.00%)
* Elements of w processed with special addition: 15 (0.74%)
* Elements of w remaining: 2000 (99.26%)
* G1 elements in proof: 2
* G2 elements in proof: 1
* Proof size in bits: 1019
* Elements of w skipped: 1 (0.05%)
* Elements of w processed with special addition: 18 (0.86%)
* Elements of w remaining: 2063 (99.09%)
* Elements of w skipped: 0 (0.00%)
* Elements of w processed with special addition: 17 (1.63%)
* Elements of w remaining: 1023 (98.37%)
* Elements of w skipped: 0 (0.00%)
* Elements of w processed with special addition: 15 (0.74%)
* Elements of w remaining: 2000 (99.26%)
* G1 elements in proof: 2
* G2 elements in proof: 1
* Proof size in bits: 1019
* Elements of w skipped: 1 (0.05%)
* Elements of w processed with special addition: 18 (0.86%)
* Elements of w remaining: 2063 (99.09%)
* Elements of w skipped: 0 (0.00%)
* Elements of w processed with special addition: 17 (1.63%)
* Elements of w remaining: 1023 (98.37%)
* Elements of w skipped: 0 (0.00%)
* Elements of w processed with special addition: 15 (0.74%)
* Elements of w remaining: 2000 (99.26%)
* G1 elements in proof: 2
* G2 elements in proof: 1
* Proof size in bits: 1019
* Elements of w skipped: 1 (0.05%)
* Elements of w processed with special addition: 18 (0.86%)
* Elements of w remaining: 2063 (99.09%)
* Elements of w skipped: 0 (0.00%)
* Elements of w processed with special addition: 17 (1.63%)
* Elements of w remaining: 1023 (98.37%)
* Elements of w skipped: 0 (0.00%)
* Elements of w processed with special addition: 15 (0.74%)
* Elements of w remaining: 2000 (99.26%)
* G1 elements in proof: 2
* G2 elements in proof: 1
* Proof size in bits: 1019
  16      1040        309.1         89.23         2.73          PASS      

  Groth16 results written to /Users/heewonchung/Documents/00-Research/active/Updatable Verifiable Computation/Dev/results/2026-03-09_201110_iot/csv/groth16_results.csv

================================================================
All benchmarks complete.
================================================================
  Done in 7s

------------------------------------------------------------
  Running: [10/10] sensor_fusion K=64 B=64
  Command: bench_comparative --circuit sensor_fusion --n 64 --B 64 --output-dir /Users/heewonchung/Documents/00-Research/active/Updatable Verifiable Computation/Dev/results/2026-03-09_201110_iot/csv --reps 10
------------------------------------------------------------
================================================================
Comparative Benchmark: UVC vs Groth16
================================================================
  Circuit: sensor_fusion, n=64, B=64, reps=10
  Output: /Users/heewonchung/Documents/00-Research/active/Updatable Verifiable Computation/Dev/results/2026-03-09_201110_iot/csv/

================================================================
UVC Benchmark: circuit=sensor_fusion, n=64, B=64
================================================================
  Circuit: 65 constraints, 131 vars, state=1, transition=65

  [Setup] Generating CRS for B=64...
* UVC Setup: B=64, n=131, state=1, transition=65
* Composed C_64: 4160 constraints, 8321 variables, 66 inputs
* QAP (C_B) variables: 8321, degree: 4352, inputs: 66
* UVC max compositions (B): 64
* G1 elements in PK: 29251
* G2 elements in PK: 8323
* PK size in bits: 8834876
* H_query_full size: 4351
* Step 2: 130 new wires (0 io, 130 wt)
* Step 3: 130 new wires (0 io, 130 wt)
* Step 4: 130 new wires (0 io, 130 wt)
* Step 5: 130 new wires (0 io, 130 wt)
* Step 6: 130 new wires (0 io, 130 wt)
* Step 7: 130 new wires (0 io, 130 wt)
* Step 8: 130 new wires (0 io, 130 wt)
* Step 9: 130 new wires (0 io, 130 wt)
* Step 10: 130 new wires (0 io, 130 wt)
* Step 11: 130 new wires (0 io, 130 wt)
* Step 12: 130 new wires (0 io, 130 wt)
* Step 13: 130 new wires (0 io, 130 wt)
* Step 14: 130 new wires (0 io, 130 wt)
* Step 15: 130 new wires (0 io, 130 wt)
* Step 16: 130 new wires (0 io, 130 wt)
* Step 17: 130 new wires (0 io, 130 wt)
* Step 18: 130 new wires (0 io, 130 wt)
* Step 19: 130 new wires (0 io, 130 wt)
* Step 20: 130 new wires (0 io, 130 wt)
* Step 21: 130 new wires (0 io, 130 wt)
* Step 22: 130 new wires (0 io, 130 wt)
* Step 23: 130 new wires (0 io, 130 wt)
* Step 24: 130 new wires (0 io, 130 wt)
* Step 25: 130 new wires (0 io, 130 wt)
* Step 26: 130 new wires (0 io, 130 wt)
* Step 27: 130 new wires (0 io, 130 wt)
* Step 28: 130 new wires (0 io, 130 wt)
* Step 29: 130 new wires (0 io, 130 wt)
* Step 30: 130 new wires (0 io, 130 wt)
* Step 31: 130 new wires (0 io, 130 wt)
* Step 32: 130 new wires (0 io, 130 wt)
* Step 33: 130 new wires (0 io, 130 wt)
* Step 34: 130 new wires (0 io, 130 wt)
* Step 35: 130 new wires (0 io, 130 wt)
* Step 36: 130 new wires (0 io, 130 wt)
* Step 37: 130 new wires (0 io, 130 wt)
* Step 38: 130 new wires (0 io, 130 wt)
* Step 39: 130 new wires (0 io, 130 wt)
* Step 40: 130 new wires (0 io, 130 wt)
* Step 41: 130 new wires (0 io, 130 wt)
* Step 42: 130 new wires (0 io, 130 wt)
* Step 43: 130 new wires (0 io, 130 wt)
* Step 44: 130 new wires (0 io, 130 wt)
* Step 45: 130 new wires (0 io, 130 wt)
* Step 46: 130 new wires (0 io, 130 wt)
* Step 47: 130 new wires (0 io, 130 wt)
* Step 48: 130 new wires (0 io, 130 wt)
* Step 49: 130 new wires (0 io, 130 wt)
* Step 50: 130 new wires (0 io, 130 wt)
* Step 51: 130 new wires (0 io, 130 wt)
* Step 52: 130 new wires (0 io, 130 wt)
* Step 53: 130 new wires (0 io, 130 wt)
* Step 54: 130 new wires (0 io, 130 wt)
* Step 55: 130 new wires (0 io, 130 wt)
* Step 56: 130 new wires (0 io, 130 wt)
* Step 57: 130 new wires (0 io, 130 wt)
* Step 58: 130 new wires (0 io, 130 wt)
* Step 59: 130 new wires (0 io, 130 wt)
* Step 60: 130 new wires (0 io, 130 wt)
* Step 61: 130 new wires (0 io, 130 wt)
* Step 62: 130 new wires (0 io, 130 wt)
* Step 63: 130 new wires (0 io, 130 wt)
* Step 64: 130 new wires (0 io, 130 wt)
* UVC VK: 64 max steps
* G2 elements in VK: 2
* GT elements in VK: 1
* gamma_ABC size: 66
  Setup: 999.8 ms, CRS: 37310 G1 + 16514 G2
  Building proof chain (steps 1..64)...
* UVC Prove step 1
* Elements of w skipped: 1 (0.76%)
* Elements of w processed with special addition: 3 (2.27%)
* Elements of w remaining: 128 (96.97%)
* Elements of w skipped: 1 (1.49%)
* Elements of w processed with special addition: 1 (1.49%)
* Elements of w remaining: 65 (97.01%)
* Elements of w skipped: 0 (0.00%)
* Elements of w processed with special addition: 0 (0.00%)
* Elements of w remaining: 65 (100.00%)
* UVC proof at step 1
* G1 elements in proof: 2
* G2 elements in proof: 1
* Proof size in bits: 1019
* Cached h poly size: 4351
* UVC Prove step 2
* Elements of w skipped: 0 (0.00%)
* Elements of w processed with special addition: 1 (0.77%)
* Elements of w remaining: 129 (99.23%)
* Elements of w skipped: 0 (0.00%)
* Elements of w processed with special addition: 1 (1.52%)
* Elements of w remaining: 65 (98.48%)
* Elements of w skipped: 0 (0.00%)
* Elements of w processed with special addition: 1 (0.77%)
* Elements of w remaining: 129 (99.23%)
* UVC proof at step 2
* G1 elements in proof: 2
* G2 elements in proof: 1
* Proof size in bits: 1019
* Cached h poly size: 4351
* UVC Prove step 3
* Elements of w skipped: 0 (0.00%)
* Elements of w processed with special addition: 1 (0.77%)
* Elements of w remaining: 129 (99.23%)
* Elements of w skipped: 0 (0.00%)
* Elements of w processed with special addition: 1 (1.52%)
* Elements of w remaining: 65 (98.48%)
* Elements of w skipped: 0 (0.00%)
* Elements of w processed with special addition: 1 (0.77%)
* Elements of w remaining: 129 (99.23%)
* UVC proof at step 3
* G1 elements in proof: 2
* G2 elements in proof: 1
* Proof size in bits: 1019
* Cached h poly size: 4351
* UVC Prove step 4
* Elements of w skipped: 0 (0.00%)
* Elements of w processed with special addition: 1 (0.77%)
* Elements of w remaining: 129 (99.23%)
* Elements of w skipped: 0 (0.00%)
* Elements of w processed with special addition: 1 (1.52%)
* Elements of w remaining: 65 (98.48%)
* Elements of w skipped: 0 (0.00%)
* Elements of w processed with special addition: 1 (0.77%)
* Elements of w remaining: 129 (99.23%)
* UVC proof at step 4
* G1 elements in proof: 2
* G2 elements in proof: 1
* Proof size in bits: 1019
* Cached h poly size: 4351
* UVC Prove step 5
* Elements of w skipped: 0 (0.00%)
* Elements of w processed with special addition: 1 (0.77%)
* Elements of w remaining: 129 (99.23%)
* Elements of w skipped: 0 (0.00%)
* Elements of w processed with special addition: 1 (1.52%)
* Elements of w remaining: 65 (98.48%)
* Elements of w skipped: 0 (0.00%)
* Elements of w processed with special addition: 1 (0.77%)
* Elements of w remaining: 129 (99.23%)
* UVC proof at step 5
* G1 elements in proof: 2
* G2 elements in proof: 1
* Proof size in bits: 1019
* Cached h poly size: 4351
* UVC Prove step 6
* Elements of w skipped: 0 (0.00%)
* Elements of w processed with special addition: 1 (0.77%)
* Elements of w remaining: 129 (99.23%)
* Elements of w skipped: 0 (0.00%)
* Elements of w processed with special addition: 1 (1.52%)
* Elements of w remaining: 65 (98.48%)
* Elements of w skipped: 0 (0.00%)
* Elements of w processed with special addition: 1 (0.77%)
* Elements of w remaining: 129 (99.23%)
* UVC proof at step 6
* G1 elements in proof: 2
* G2 elements in proof: 1
* Proof size in bits: 1019
* Cached h poly size: 4351
* UVC Prove step 7
* Elements of w skipped: 0 (0.00%)
* Elements of w processed with special addition: 1 (0.77%)
* Elements of w remaining: 129 (99.23%)
* Elements of w skipped: 0 (0.00%)
* Elements of w processed with special addition: 1 (1.52%)
* Elements of w remaining: 65 (98.48%)
* Elements of w skipped: 0 (0.00%)
* Elements of w processed with special addition: 1 (0.77%)
* Elements of w remaining: 129 (99.23%)
* UVC proof at step 7
* G1 elements in proof: 2
* G2 elements in proof: 1
* Proof size in bits: 1019
* Cached h poly size: 4351
* UVC Prove step 8
* Elements of w skipped: 0 (0.00%)
* Elements of w processed with special addition: 1 (0.77%)
* Elements of w remaining: 129 (99.23%)
* Elements of w skipped: 0 (0.00%)
* Elements of w processed with special addition: 1 (1.52%)
* Elements of w remaining: 65 (98.48%)
* Elements of w skipped: 0 (0.00%)
* Elements of w processed with special addition: 1 (0.77%)
* Elements of w remaining: 129 (99.23%)
* UVC proof at step 8
* G1 elements in proof: 2
* G2 elements in proof: 1
* Proof size in bits: 1019
* Cached h poly size: 4351
* UVC Prove step 9
* Elements of w skipped: 0 (0.00%)
* Elements of w processed with special addition: 1 (0.77%)
* Elements of w remaining: 129 (99.23%)
* Elements of w skipped: 0 (0.00%)
* Elements of w processed with special addition: 1 (1.52%)
* Elements of w remaining: 65 (98.48%)
* Elements of w skipped: 0 (0.00%)
* Elements of w processed with special addition: 1 (0.77%)
* Elements of w remaining: 129 (99.23%)
* UVC proof at step 9
* G1 elements in proof: 2
* G2 elements in proof: 1
* Proof size in bits: 1019
* Cached h poly size: 4351
* UVC Prove step 10
* Elements of w skipped: 0 (0.00%)
* Elements of w processed with special addition: 1 (0.77%)
* Elements of w remaining: 129 (99.23%)
* Elements of w skipped: 0 (0.00%)
* Elements of w processed with special addition: 1 (1.52%)
* Elements of w remaining: 65 (98.48%)
* Elements of w skipped: 0 (0.00%)
* Elements of w processed with special addition: 1 (0.77%)
* Elements of w remaining: 129 (99.23%)
* UVC proof at step 10
* G1 elements in proof: 2
* G2 elements in proof: 1
* Proof size in bits: 1019
* Cached h poly size: 4351
* UVC Prove step 11
* Elements of w skipped: 0 (0.00%)
* Elements of w processed with special addition: 1 (0.77%)
* Elements of w remaining: 129 (99.23%)
* Elements of w skipped: 0 (0.00%)
* Elements of w processed with special addition: 1 (1.52%)
* Elements of w remaining: 65 (98.48%)
* Elements of w skipped: 0 (0.00%)
* Elements of w processed with special addition: 1 (0.77%)
* Elements of w remaining: 129 (99.23%)
* UVC proof at step 11
* G1 elements in proof: 2
* G2 elements in proof: 1
* Proof size in bits: 1019
* Cached h poly size: 4351
* UVC Prove step 12
* Elements of w skipped: 0 (0.00%)
* Elements of w processed with special addition: 1 (0.77%)
* Elements of w remaining: 129 (99.23%)
* Elements of w skipped: 0 (0.00%)
* Elements of w processed with special addition: 1 (1.52%)
* Elements of w remaining: 65 (98.48%)
* Elements of w skipped: 0 (0.00%)
* Elements of w processed with special addition: 1 (0.77%)
* Elements of w remaining: 129 (99.23%)
* UVC proof at step 12
* G1 elements in proof: 2
* G2 elements in proof: 1
* Proof size in bits: 1019
* Cached h poly size: 4351
* UVC Prove step 13
* Elements of w skipped: 0 (0.00%)
* Elements of w processed with special addition: 1 (0.77%)
* Elements of w remaining: 129 (99.23%)
* Elements of w skipped: 0 (0.00%)
* Elements of w processed with special addition: 1 (1.52%)
* Elements of w remaining: 65 (98.48%)
* Elements of w skipped: 0 (0.00%)
* Elements of w processed with special addition: 1 (0.77%)
* Elements of w remaining: 129 (99.23%)
* UVC proof at step 13
* G1 elements in proof: 2
* G2 elements in proof: 1
* Proof size in bits: 1019
* Cached h poly size: 4351
* UVC Prove step 14
* Elements of w skipped: 0 (0.00%)
* Elements of w processed with special addition: 1 (0.77%)
* Elements of w remaining: 129 (99.23%)
* Elements of w skipped: 0 (0.00%)
* Elements of w processed with special addition: 1 (1.52%)
* Elements of w remaining: 65 (98.48%)
* Elements of w skipped: 0 (0.00%)
* Elements of w processed with special addition: 1 (0.77%)
* Elements of w remaining: 129 (99.23%)
* UVC proof at step 14
* G1 elements in proof: 2
* G2 elements in proof: 1
* Proof size in bits: 1019
* Cached h poly size: 4351
* UVC Prove step 15
* Elements of w skipped: 0 (0.00%)
* Elements of w processed with special addition: 1 (0.77%)
* Elements of w remaining: 129 (99.23%)
* Elements of w skipped: 0 (0.00%)
* Elements of w processed with special addition: 1 (1.52%)
* Elements of w remaining: 65 (98.48%)
* Elements of w skipped: 0 (0.00%)
* Elements of w processed with special addition: 1 (0.77%)
* Elements of w remaining: 129 (99.23%)
* UVC proof at step 15
* G1 elements in proof: 2
* G2 elements in proof: 1
* Proof size in bits: 1019
* Cached h poly size: 4351
* UVC Prove step 16
* Elements of w skipped: 0 (0.00%)
* Elements of w processed with special addition: 1 (0.77%)
* Elements of w remaining: 129 (99.23%)
* Elements of w skipped: 0 (0.00%)
* Elements of w processed with special addition: 1 (1.52%)
* Elements of w remaining: 65 (98.48%)
* Elements of w skipped: 0 (0.00%)
* Elements of w processed with special addition: 1 (0.77%)
* Elements of w remaining: 129 (99.23%)
* UVC proof at step 16
* G1 elements in proof: 2
* G2 elements in proof: 1
* Proof size in bits: 1019
* Cached h poly size: 4351
* UVC Prove step 17
* Elements of w skipped: 0 (0.00%)
* Elements of w processed with special addition: 1 (0.77%)
* Elements of w remaining: 129 (99.23%)
* Elements of w skipped: 0 (0.00%)
* Elements of w processed with special addition: 1 (1.52%)
* Elements of w remaining: 65 (98.48%)
* Elements of w skipped: 0 (0.00%)
* Elements of w processed with special addition: 1 (0.77%)
* Elements of w remaining: 129 (99.23%)
* UVC proof at step 17
* G1 elements in proof: 2
* G2 elements in proof: 1
* Proof size in bits: 1019
* Cached h poly size: 4351
* UVC Prove step 18
* Elements of w skipped: 0 (0.00%)
* Elements of w processed with special addition: 1 (0.77%)
* Elements of w remaining: 129 (99.23%)
* Elements of w skipped: 0 (0.00%)
* Elements of w processed with special addition: 1 (1.52%)
* Elements of w remaining: 65 (98.48%)
* Elements of w skipped: 0 (0.00%)
* Elements of w processed with special addition: 1 (0.77%)
* Elements of w remaining: 129 (99.23%)
* UVC proof at step 18
* G1 elements in proof: 2
* G2 elements in proof: 1
* Proof size in bits: 1019
* Cached h poly size: 4351
* UVC Prove step 19
* Elements of w skipped: 0 (0.00%)
* Elements of w processed with special addition: 1 (0.77%)
* Elements of w remaining: 129 (99.23%)
* Elements of w skipped: 0 (0.00%)
* Elements of w processed with special addition: 1 (1.52%)
* Elements of w remaining: 65 (98.48%)
* Elements of w skipped: 0 (0.00%)
* Elements of w processed with special addition: 1 (0.77%)
* Elements of w remaining: 129 (99.23%)
* UVC proof at step 19
* G1 elements in proof: 2
* G2 elements in proof: 1
* Proof size in bits: 1019
* Cached h poly size: 4351
* UVC Prove step 20
* Elements of w skipped: 0 (0.00%)
* Elements of w processed with special addition: 1 (0.77%)
* Elements of w remaining: 129 (99.23%)
* Elements of w skipped: 0 (0.00%)
* Elements of w processed with special addition: 1 (1.52%)
* Elements of w remaining: 65 (98.48%)
* Elements of w skipped: 0 (0.00%)
* Elements of w processed with special addition: 1 (0.77%)
* Elements of w remaining: 129 (99.23%)
* UVC proof at step 20
* G1 elements in proof: 2
* G2 elements in proof: 1
* Proof size in bits: 1019
* Cached h poly size: 4351
* UVC Prove step 21
* Elements of w skipped: 0 (0.00%)
* Elements of w processed with special addition: 1 (0.77%)
* Elements of w remaining: 129 (99.23%)
* Elements of w skipped: 0 (0.00%)
* Elements of w processed with special addition: 1 (1.52%)
* Elements of w remaining: 65 (98.48%)
* Elements of w skipped: 0 (0.00%)
* Elements of w processed with special addition: 1 (0.77%)
* Elements of w remaining: 129 (99.23%)
* UVC proof at step 21
* G1 elements in proof: 2
* G2 elements in proof: 1
* Proof size in bits: 1019
* Cached h poly size: 4351
* UVC Prove step 22
* Elements of w skipped: 0 (0.00%)
* Elements of w processed with special addition: 1 (0.77%)
* Elements of w remaining: 129 (99.23%)
* Elements of w skipped: 0 (0.00%)
* Elements of w processed with special addition: 1 (1.52%)
* Elements of w remaining: 65 (98.48%)
* Elements of w skipped: 0 (0.00%)
* Elements of w processed with special addition: 1 (0.77%)
* Elements of w remaining: 129 (99.23%)
* UVC proof at step 22
* G1 elements in proof: 2
* G2 elements in proof: 1
* Proof size in bits: 1019
* Cached h poly size: 4351
* UVC Prove step 23
* Elements of w skipped: 0 (0.00%)
* Elements of w processed with special addition: 1 (0.77%)
* Elements of w remaining: 129 (99.23%)
* Elements of w skipped: 0 (0.00%)
* Elements of w processed with special addition: 1 (1.52%)
* Elements of w remaining: 65 (98.48%)
* Elements of w skipped: 0 (0.00%)
* Elements of w processed with special addition: 1 (0.77%)
* Elements of w remaining: 129 (99.23%)
* UVC proof at step 23
* G1 elements in proof: 2
* G2 elements in proof: 1
* Proof size in bits: 1019
* Cached h poly size: 4351
* UVC Prove step 24
* Elements of w skipped: 0 (0.00%)
* Elements of w processed with special addition: 1 (0.77%)
* Elements of w remaining: 129 (99.23%)
* Elements of w skipped: 0 (0.00%)
* Elements of w processed with special addition: 1 (1.52%)
* Elements of w remaining: 65 (98.48%)
* Elements of w skipped: 0 (0.00%)
* Elements of w processed with special addition: 1 (0.77%)
* Elements of w remaining: 129 (99.23%)
* UVC proof at step 24
* G1 elements in proof: 2
* G2 elements in proof: 1
* Proof size in bits: 1019
* Cached h poly size: 4351
* UVC Prove step 25
* Elements of w skipped: 0 (0.00%)
* Elements of w processed with special addition: 1 (0.77%)
* Elements of w remaining: 129 (99.23%)
* Elements of w skipped: 0 (0.00%)
* Elements of w processed with special addition: 1 (1.52%)
* Elements of w remaining: 65 (98.48%)
* Elements of w skipped: 0 (0.00%)
* Elements of w processed with special addition: 1 (0.77%)
* Elements of w remaining: 129 (99.23%)
* UVC proof at step 25
* G1 elements in proof: 2
* G2 elements in proof: 1
* Proof size in bits: 1019
* Cached h poly size: 4351
* UVC Prove step 26
* Elements of w skipped: 0 (0.00%)
* Elements of w processed with special addition: 1 (0.77%)
* Elements of w remaining: 129 (99.23%)
* Elements of w skipped: 0 (0.00%)
* Elements of w processed with special addition: 1 (1.52%)
* Elements of w remaining: 65 (98.48%)
* Elements of w skipped: 0 (0.00%)
* Elements of w processed with special addition: 1 (0.77%)
* Elements of w remaining: 129 (99.23%)
* UVC proof at step 26
* G1 elements in proof: 2
* G2 elements in proof: 1
* Proof size in bits: 1019
* Cached h poly size: 4351
* UVC Prove step 27
* Elements of w skipped: 0 (0.00%)
* Elements of w processed with special addition: 1 (0.77%)
* Elements of w remaining: 129 (99.23%)
* Elements of w skipped: 0 (0.00%)
* Elements of w processed with special addition: 1 (1.52%)
* Elements of w remaining: 65 (98.48%)
* Elements of w skipped: 0 (0.00%)
* Elements of w processed with special addition: 1 (0.77%)
* Elements of w remaining: 129 (99.23%)
* UVC proof at step 27
* G1 elements in proof: 2
* G2 elements in proof: 1
* Proof size in bits: 1019
* Cached h poly size: 4351
* UVC Prove step 28
* Elements of w skipped: 0 (0.00%)
* Elements of w processed with special addition: 1 (0.77%)
* Elements of w remaining: 129 (99.23%)
* Elements of w skipped: 0 (0.00%)
* Elements of w processed with special addition: 1 (1.52%)
* Elements of w remaining: 65 (98.48%)
* Elements of w skipped: 0 (0.00%)
* Elements of w processed with special addition: 1 (0.77%)
* Elements of w remaining: 129 (99.23%)
* UVC proof at step 28
* G1 elements in proof: 2
* G2 elements in proof: 1
* Proof size in bits: 1019
* Cached h poly size: 4351
* UVC Prove step 29
* Elements of w skipped: 0 (0.00%)
* Elements of w processed with special addition: 1 (0.77%)
* Elements of w remaining: 129 (99.23%)
* Elements of w skipped: 0 (0.00%)
* Elements of w processed with special addition: 1 (1.52%)
* Elements of w remaining: 65 (98.48%)
* Elements of w skipped: 0 (0.00%)
* Elements of w processed with special addition: 1 (0.77%)
* Elements of w remaining: 129 (99.23%)
* UVC proof at step 29
* G1 elements in proof: 2
* G2 elements in proof: 1
* Proof size in bits: 1019
* Cached h poly size: 4351
* UVC Prove step 30
* Elements of w skipped: 0 (0.00%)
* Elements of w processed with special addition: 1 (0.77%)
* Elements of w remaining: 129 (99.23%)
* Elements of w skipped: 0 (0.00%)
* Elements of w processed with special addition: 1 (1.52%)
* Elements of w remaining: 65 (98.48%)
* Elements of w skipped: 0 (0.00%)
* Elements of w processed with special addition: 1 (0.77%)
* Elements of w remaining: 129 (99.23%)
* UVC proof at step 30
* G1 elements in proof: 2
* G2 elements in proof: 1
* Proof size in bits: 1019
* Cached h poly size: 4351
* UVC Prove step 31
* Elements of w skipped: 0 (0.00%)
* Elements of w processed with special addition: 1 (0.77%)
* Elements of w remaining: 129 (99.23%)
* Elements of w skipped: 0 (0.00%)
* Elements of w processed with special addition: 1 (1.52%)
* Elements of w remaining: 65 (98.48%)
* Elements of w skipped: 0 (0.00%)
* Elements of w processed with special addition: 1 (0.77%)
* Elements of w remaining: 129 (99.23%)
* UVC proof at step 31
* G1 elements in proof: 2
* G2 elements in proof: 1
* Proof size in bits: 1019
* Cached h poly size: 4351
* UVC Prove step 32
* Elements of w skipped: 0 (0.00%)
* Elements of w processed with special addition: 1 (0.77%)
* Elements of w remaining: 129 (99.23%)
* Elements of w skipped: 0 (0.00%)
* Elements of w processed with special addition: 1 (1.52%)
* Elements of w remaining: 65 (98.48%)
* Elements of w skipped: 0 (0.00%)
* Elements of w processed with special addition: 1 (0.77%)
* Elements of w remaining: 129 (99.23%)
* UVC proof at step 32
* G1 elements in proof: 2
* G2 elements in proof: 1
* Proof size in bits: 1019
* Cached h poly size: 4351
* UVC Prove step 33
* Elements of w skipped: 0 (0.00%)
* Elements of w processed with special addition: 1 (0.77%)
* Elements of w remaining: 129 (99.23%)
* Elements of w skipped: 0 (0.00%)
* Elements of w processed with special addition: 1 (1.52%)
* Elements of w remaining: 65 (98.48%)
* Elements of w skipped: 0 (0.00%)
* Elements of w processed with special addition: 1 (0.77%)
* Elements of w remaining: 129 (99.23%)
* UVC proof at step 33
* G1 elements in proof: 2
* G2 elements in proof: 1
* Proof size in bits: 1019
* Cached h poly size: 4351
* UVC Prove step 34
* Elements of w skipped: 0 (0.00%)
* Elements of w processed with special addition: 1 (0.77%)
* Elements of w remaining: 129 (99.23%)
* Elements of w skipped: 0 (0.00%)
* Elements of w processed with special addition: 1 (1.52%)
* Elements of w remaining: 65 (98.48%)
* Elements of w skipped: 0 (0.00%)
* Elements of w processed with special addition: 1 (0.77%)
* Elements of w remaining: 129 (99.23%)
* UVC proof at step 34
* G1 elements in proof: 2
* G2 elements in proof: 1
* Proof size in bits: 1019
* Cached h poly size: 4351
* UVC Prove step 35
* Elements of w skipped: 0 (0.00%)
* Elements of w processed with special addition: 1 (0.77%)
* Elements of w remaining: 129 (99.23%)
* Elements of w skipped: 0 (0.00%)
* Elements of w processed with special addition: 1 (1.52%)
* Elements of w remaining: 65 (98.48%)
* Elements of w skipped: 0 (0.00%)
* Elements of w processed with special addition: 1 (0.77%)
* Elements of w remaining: 129 (99.23%)
* UVC proof at step 35
* G1 elements in proof: 2
* G2 elements in proof: 1
* Proof size in bits: 1019
* Cached h poly size: 4351
* UVC Prove step 36
* Elements of w skipped: 0 (0.00%)
* Elements of w processed with special addition: 1 (0.77%)
* Elements of w remaining: 129 (99.23%)
* Elements of w skipped: 0 (0.00%)
* Elements of w processed with special addition: 1 (1.52%)
* Elements of w remaining: 65 (98.48%)
* Elements of w skipped: 0 (0.00%)
* Elements of w processed with special addition: 1 (0.77%)
* Elements of w remaining: 129 (99.23%)
* UVC proof at step 36
* G1 elements in proof: 2
* G2 elements in proof: 1
* Proof size in bits: 1019
* Cached h poly size: 4351
* UVC Prove step 37
* Elements of w skipped: 0 (0.00%)
* Elements of w processed with special addition: 1 (0.77%)
* Elements of w remaining: 129 (99.23%)
* Elements of w skipped: 0 (0.00%)
* Elements of w processed with special addition: 1 (1.52%)
* Elements of w remaining: 65 (98.48%)
* Elements of w skipped: 0 (0.00%)
* Elements of w processed with special addition: 1 (0.77%)
* Elements of w remaining: 129 (99.23%)
* UVC proof at step 37
* G1 elements in proof: 2
* G2 elements in proof: 1
* Proof size in bits: 1019
* Cached h poly size: 4351
* UVC Prove step 38
* Elements of w skipped: 0 (0.00%)
* Elements of w processed with special addition: 1 (0.77%)
* Elements of w remaining: 129 (99.23%)
* Elements of w skipped: 0 (0.00%)
* Elements of w processed with special addition: 1 (1.52%)
* Elements of w remaining: 65 (98.48%)
* Elements of w skipped: 0 (0.00%)
* Elements of w processed with special addition: 1 (0.77%)
* Elements of w remaining: 129 (99.23%)
* UVC proof at step 38
* G1 elements in proof: 2
* G2 elements in proof: 1
* Proof size in bits: 1019
* Cached h poly size: 4351
* UVC Prove step 39
* Elements of w skipped: 0 (0.00%)
* Elements of w processed with special addition: 1 (0.77%)
* Elements of w remaining: 129 (99.23%)
* Elements of w skipped: 0 (0.00%)
* Elements of w processed with special addition: 1 (1.52%)
* Elements of w remaining: 65 (98.48%)
* Elements of w skipped: 0 (0.00%)
* Elements of w processed with special addition: 1 (0.77%)
* Elements of w remaining: 129 (99.23%)
* UVC proof at step 39
* G1 elements in proof: 2
* G2 elements in proof: 1
* Proof size in bits: 1019
* Cached h poly size: 4351
* UVC Prove step 40
* Elements of w skipped: 0 (0.00%)
* Elements of w processed with special addition: 1 (0.77%)
* Elements of w remaining: 129 (99.23%)
* Elements of w skipped: 0 (0.00%)
* Elements of w processed with special addition: 1 (1.52%)
* Elements of w remaining: 65 (98.48%)
* Elements of w skipped: 0 (0.00%)
* Elements of w processed with special addition: 1 (0.77%)
* Elements of w remaining: 129 (99.23%)
* UVC proof at step 40
* G1 elements in proof: 2
* G2 elements in proof: 1
* Proof size in bits: 1019
* Cached h poly size: 4351
* UVC Prove step 41
* Elements of w skipped: 0 (0.00%)
* Elements of w processed with special addition: 1 (0.77%)
* Elements of w remaining: 129 (99.23%)
* Elements of w skipped: 0 (0.00%)
* Elements of w processed with special addition: 1 (1.52%)
* Elements of w remaining: 65 (98.48%)
* Elements of w skipped: 0 (0.00%)
* Elements of w processed with special addition: 1 (0.77%)
* Elements of w remaining: 129 (99.23%)
* UVC proof at step 41
* G1 elements in proof: 2
* G2 elements in proof: 1
* Proof size in bits: 1019
* Cached h poly size: 4351
* UVC Prove step 42
* Elements of w skipped: 0 (0.00%)
* Elements of w processed with special addition: 1 (0.77%)
* Elements of w remaining: 129 (99.23%)
* Elements of w skipped: 0 (0.00%)
* Elements of w processed with special addition: 1 (1.52%)
* Elements of w remaining: 65 (98.48%)
* Elements of w skipped: 0 (0.00%)
* Elements of w processed with special addition: 1 (0.77%)
* Elements of w remaining: 129 (99.23%)
* UVC proof at step 42
* G1 elements in proof: 2
* G2 elements in proof: 1
* Proof size in bits: 1019
* Cached h poly size: 4351
* UVC Prove step 43
* Elements of w skipped: 0 (0.00%)
* Elements of w processed with special addition: 1 (0.77%)
* Elements of w remaining: 129 (99.23%)
* Elements of w skipped: 0 (0.00%)
* Elements of w processed with special addition: 1 (1.52%)
* Elements of w remaining: 65 (98.48%)
* Elements of w skipped: 0 (0.00%)
* Elements of w processed with special addition: 1 (0.77%)
* Elements of w remaining: 129 (99.23%)
* UVC proof at step 43
* G1 elements in proof: 2
* G2 elements in proof: 1
* Proof size in bits: 1019
* Cached h poly size: 4351
* UVC Prove step 44
* Elements of w skipped: 0 (0.00%)
* Elements of w processed with special addition: 1 (0.77%)
* Elements of w remaining: 129 (99.23%)
* Elements of w skipped: 0 (0.00%)
* Elements of w processed with special addition: 1 (1.52%)
* Elements of w remaining: 65 (98.48%)
* Elements of w skipped: 0 (0.00%)
* Elements of w processed with special addition: 1 (0.77%)
* Elements of w remaining: 129 (99.23%)
* UVC proof at step 44
* G1 elements in proof: 2
* G2 elements in proof: 1
* Proof size in bits: 1019
* Cached h poly size: 4351
* UVC Prove step 45
* Elements of w skipped: 0 (0.00%)
* Elements of w processed with special addition: 1 (0.77%)
* Elements of w remaining: 129 (99.23%)
* Elements of w skipped: 0 (0.00%)
* Elements of w processed with special addition: 1 (1.52%)
* Elements of w remaining: 65 (98.48%)
* Elements of w skipped: 0 (0.00%)
* Elements of w processed with special addition: 1 (0.77%)
* Elements of w remaining: 129 (99.23%)
* UVC proof at step 45
* G1 elements in proof: 2
* G2 elements in proof: 1
* Proof size in bits: 1019
* Cached h poly size: 4351
* UVC Prove step 46
* Elements of w skipped: 0 (0.00%)
* Elements of w processed with special addition: 1 (0.77%)
* Elements of w remaining: 129 (99.23%)
* Elements of w skipped: 0 (0.00%)
* Elements of w processed with special addition: 1 (1.52%)
* Elements of w remaining: 65 (98.48%)
* Elements of w skipped: 0 (0.00%)
* Elements of w processed with special addition: 1 (0.77%)
* Elements of w remaining: 129 (99.23%)
* UVC proof at step 46
* G1 elements in proof: 2
* G2 elements in proof: 1
* Proof size in bits: 1019
* Cached h poly size: 4351
* UVC Prove step 47
* Elements of w skipped: 0 (0.00%)
* Elements of w processed with special addition: 1 (0.77%)
* Elements of w remaining: 129 (99.23%)
* Elements of w skipped: 0 (0.00%)
* Elements of w processed with special addition: 1 (1.52%)
* Elements of w remaining: 65 (98.48%)
* Elements of w skipped: 0 (0.00%)
* Elements of w processed with special addition: 1 (0.77%)
* Elements of w remaining: 129 (99.23%)
* UVC proof at step 47
* G1 elements in proof: 2
* G2 elements in proof: 1
* Proof size in bits: 1019
* Cached h poly size: 4351
* UVC Prove step 48
* Elements of w skipped: 0 (0.00%)
* Elements of w processed with special addition: 1 (0.77%)
* Elements of w remaining: 129 (99.23%)
* Elements of w skipped: 0 (0.00%)
* Elements of w processed with special addition: 1 (1.52%)
* Elements of w remaining: 65 (98.48%)
* Elements of w skipped: 0 (0.00%)
* Elements of w processed with special addition: 1 (0.77%)
* Elements of w remaining: 129 (99.23%)
* UVC proof at step 48
* G1 elements in proof: 2
* G2 elements in proof: 1
* Proof size in bits: 1019
* Cached h poly size: 4351
* UVC Prove step 49
* Elements of w skipped: 0 (0.00%)
* Elements of w processed with special addition: 1 (0.77%)
* Elements of w remaining: 129 (99.23%)
* Elements of w skipped: 0 (0.00%)
* Elements of w processed with special addition: 1 (1.52%)
* Elements of w remaining: 65 (98.48%)
* Elements of w skipped: 0 (0.00%)
* Elements of w processed with special addition: 1 (0.77%)
* Elements of w remaining: 129 (99.23%)
* UVC proof at step 49
* G1 elements in proof: 2
* G2 elements in proof: 1
* Proof size in bits: 1019
* Cached h poly size: 4351
* UVC Prove step 50
* Elements of w skipped: 0 (0.00%)
* Elements of w processed with special addition: 1 (0.77%)
* Elements of w remaining: 129 (99.23%)
* Elements of w skipped: 0 (0.00%)
* Elements of w processed with special addition: 1 (1.52%)
* Elements of w remaining: 65 (98.48%)
* Elements of w skipped: 0 (0.00%)
* Elements of w processed with special addition: 1 (0.77%)
* Elements of w remaining: 129 (99.23%)
* UVC proof at step 50
* G1 elements in proof: 2
* G2 elements in proof: 1
* Proof size in bits: 1019
* Cached h poly size: 4351
* UVC Prove step 51
* Elements of w skipped: 0 (0.00%)
* Elements of w processed with special addition: 1 (0.77%)
* Elements of w remaining: 129 (99.23%)
* Elements of w skipped: 0 (0.00%)
* Elements of w processed with special addition: 1 (1.52%)
* Elements of w remaining: 65 (98.48%)
* Elements of w skipped: 0 (0.00%)
* Elements of w processed with special addition: 1 (0.77%)
* Elements of w remaining: 129 (99.23%)
* UVC proof at step 51
* G1 elements in proof: 2
* G2 elements in proof: 1
* Proof size in bits: 1019
* Cached h poly size: 4351
* UVC Prove step 52
* Elements of w skipped: 0 (0.00%)
* Elements of w processed with special addition: 1 (0.77%)
* Elements of w remaining: 129 (99.23%)
* Elements of w skipped: 0 (0.00%)
* Elements of w processed with special addition: 1 (1.52%)
* Elements of w remaining: 65 (98.48%)
* Elements of w skipped: 0 (0.00%)
* Elements of w processed with special addition: 1 (0.77%)
* Elements of w remaining: 129 (99.23%)
* UVC proof at step 52
* G1 elements in proof: 2
* G2 elements in proof: 1
* Proof size in bits: 1019
* Cached h poly size: 4351
* UVC Prove step 53
* Elements of w skipped: 0 (0.00%)
* Elements of w processed with special addition: 1 (0.77%)
* Elements of w remaining: 129 (99.23%)
* Elements of w skipped: 0 (0.00%)
* Elements of w processed with special addition: 1 (1.52%)
* Elements of w remaining: 65 (98.48%)
* Elements of w skipped: 0 (0.00%)
* Elements of w processed with special addition: 1 (0.77%)
* Elements of w remaining: 129 (99.23%)
* UVC proof at step 53
* G1 elements in proof: 2
* G2 elements in proof: 1
* Proof size in bits: 1019
* Cached h poly size: 4351
* UVC Prove step 54
* Elements of w skipped: 0 (0.00%)
* Elements of w processed with special addition: 1 (0.77%)
* Elements of w remaining: 129 (99.23%)
* Elements of w skipped: 0 (0.00%)
* Elements of w processed with special addition: 1 (1.52%)
* Elements of w remaining: 65 (98.48%)
* Elements of w skipped: 0 (0.00%)
* Elements of w processed with special addition: 1 (0.77%)
* Elements of w remaining: 129 (99.23%)
* UVC proof at step 54
* G1 elements in proof: 2
* G2 elements in proof: 1
* Proof size in bits: 1019
* Cached h poly size: 4351
* UVC Prove step 55
* Elements of w skipped: 0 (0.00%)
* Elements of w processed with special addition: 1 (0.77%)
* Elements of w remaining: 129 (99.23%)
* Elements of w skipped: 0 (0.00%)
* Elements of w processed with special addition: 1 (1.52%)
* Elements of w remaining: 65 (98.48%)
* Elements of w skipped: 0 (0.00%)
* Elements of w processed with special addition: 1 (0.77%)
* Elements of w remaining: 129 (99.23%)
* UVC proof at step 55
* G1 elements in proof: 2
* G2 elements in proof: 1
* Proof size in bits: 1019
* Cached h poly size: 4351
* UVC Prove step 56
* Elements of w skipped: 0 (0.00%)
* Elements of w processed with special addition: 1 (0.77%)
* Elements of w remaining: 129 (99.23%)
* Elements of w skipped: 0 (0.00%)
* Elements of w processed with special addition: 1 (1.52%)
* Elements of w remaining: 65 (98.48%)
* Elements of w skipped: 0 (0.00%)
* Elements of w processed with special addition: 1 (0.77%)
* Elements of w remaining: 129 (99.23%)
* UVC proof at step 56
* G1 elements in proof: 2
* G2 elements in proof: 1
* Proof size in bits: 1019
* Cached h poly size: 4351
* UVC Prove step 57
* Elements of w skipped: 0 (0.00%)
* Elements of w processed with special addition: 1 (0.77%)
* Elements of w remaining: 129 (99.23%)
* Elements of w skipped: 0 (0.00%)
* Elements of w processed with special addition: 1 (1.52%)
* Elements of w remaining: 65 (98.48%)
* Elements of w skipped: 0 (0.00%)
* Elements of w processed with special addition: 1 (0.77%)
* Elements of w remaining: 129 (99.23%)
* UVC proof at step 57
* G1 elements in proof: 2
* G2 elements in proof: 1
* Proof size in bits: 1019
* Cached h poly size: 4351
* UVC Prove step 58
* Elements of w skipped: 0 (0.00%)
* Elements of w processed with special addition: 1 (0.77%)
* Elements of w remaining: 129 (99.23%)
* Elements of w skipped: 0 (0.00%)
* Elements of w processed with special addition: 1 (1.52%)
* Elements of w remaining: 65 (98.48%)
* Elements of w skipped: 0 (0.00%)
* Elements of w processed with special addition: 1 (0.77%)
* Elements of w remaining: 129 (99.23%)
* UVC proof at step 58
* G1 elements in proof: 2
* G2 elements in proof: 1
* Proof size in bits: 1019
* Cached h poly size: 4351
* UVC Prove step 59
* Elements of w skipped: 0 (0.00%)
* Elements of w processed with special addition: 1 (0.77%)
* Elements of w remaining: 129 (99.23%)
* Elements of w skipped: 0 (0.00%)
* Elements of w processed with special addition: 1 (1.52%)
* Elements of w remaining: 65 (98.48%)
* Elements of w skipped: 0 (0.00%)
* Elements of w processed with special addition: 1 (0.77%)
* Elements of w remaining: 129 (99.23%)
* UVC proof at step 59
* G1 elements in proof: 2
* G2 elements in proof: 1
* Proof size in bits: 1019
* Cached h poly size: 4351
* UVC Prove step 60
* Elements of w skipped: 0 (0.00%)
* Elements of w processed with special addition: 1 (0.77%)
* Elements of w remaining: 129 (99.23%)
* Elements of w skipped: 0 (0.00%)
* Elements of w processed with special addition: 1 (1.52%)
* Elements of w remaining: 65 (98.48%)
* Elements of w skipped: 0 (0.00%)
* Elements of w processed with special addition: 1 (0.77%)
* Elements of w remaining: 129 (99.23%)
* UVC proof at step 60
* G1 elements in proof: 2
* G2 elements in proof: 1
* Proof size in bits: 1019
* Cached h poly size: 4351
* UVC Prove step 61
* Elements of w skipped: 0 (0.00%)
* Elements of w processed with special addition: 1 (0.77%)
* Elements of w remaining: 129 (99.23%)
* Elements of w skipped: 0 (0.00%)
* Elements of w processed with special addition: 1 (1.52%)
* Elements of w remaining: 65 (98.48%)
* Elements of w skipped: 0 (0.00%)
* Elements of w processed with special addition: 1 (0.77%)
* Elements of w remaining: 129 (99.23%)
* UVC proof at step 61
* G1 elements in proof: 2
* G2 elements in proof: 1
* Proof size in bits: 1019
* Cached h poly size: 4351
* UVC Prove step 62
* Elements of w skipped: 0 (0.00%)
* Elements of w processed with special addition: 1 (0.77%)
* Elements of w remaining: 129 (99.23%)
* Elements of w skipped: 0 (0.00%)
* Elements of w processed with special addition: 1 (1.52%)
* Elements of w remaining: 65 (98.48%)
* Elements of w skipped: 0 (0.00%)
* Elements of w processed with special addition: 1 (0.77%)
* Elements of w remaining: 129 (99.23%)
* UVC proof at step 62
* G1 elements in proof: 2
* G2 elements in proof: 1
* Proof size in bits: 1019
* Cached h poly size: 4351
* UVC Prove step 63
* Elements of w skipped: 0 (0.00%)
* Elements of w processed with special addition: 1 (0.77%)
* Elements of w remaining: 129 (99.23%)
* Elements of w skipped: 0 (0.00%)
* Elements of w processed with special addition: 1 (1.52%)
* Elements of w remaining: 65 (98.48%)
* Elements of w skipped: 0 (0.00%)
* Elements of w processed with special addition: 1 (0.77%)
* Elements of w remaining: 129 (99.23%)
* UVC proof at step 63
* G1 elements in proof: 2
* G2 elements in proof: 1
* Proof size in bits: 1019
* Cached h poly size: 4351
* UVC Prove step 64
* Elements of w skipped: 0 (0.00%)
* Elements of w processed with special addition: 1 (0.77%)
* Elements of w remaining: 129 (99.23%)
* Elements of w skipped: 0 (0.00%)
* Elements of w processed with special addition: 1 (1.54%)
* Elements of w remaining: 64 (98.46%)
* Elements of w skipped: 0 (0.00%)
* Elements of w processed with special addition: 1 (0.77%)
* Elements of w remaining: 129 (99.23%)
* UVC proof at step 64
* G1 elements in proof: 2
* G2 elements in proof: 1
* Proof size in bits: 1019
* Cached h poly size: 4351

  Step    Prove (ms)    Verify (ms)   Proof bits    Verified  
  ------  ------------  ------------  ------------  ----------
* UVC Prove step 1
* Elements of w skipped: 1 (0.76%)
* Elements of w processed with special addition: 3 (2.27%)
* Elements of w remaining: 128 (96.97%)
* Elements of w skipped: 1 (1.49%)
* Elements of w processed with special addition: 1 (1.49%)
* Elements of w remaining: 65 (97.01%)
* Elements of w skipped: 0 (0.00%)
* Elements of w processed with special addition: 0 (0.00%)
* Elements of w remaining: 65 (100.00%)
* UVC proof at step 1
* G1 elements in proof: 2
* G2 elements in proof: 1
* Proof size in bits: 1019
* Cached h poly size: 4351
* UVC Prove step 1
* Elements of w skipped: 1 (0.76%)
* Elements of w processed with special addition: 3 (2.27%)
* Elements of w remaining: 128 (96.97%)
* Elements of w skipped: 1 (1.49%)
* Elements of w processed with special addition: 1 (1.49%)
* Elements of w remaining: 65 (97.01%)
* Elements of w skipped: 0 (0.00%)
* Elements of w processed with special addition: 0 (0.00%)
* Elements of w remaining: 65 (100.00%)
* UVC proof at step 1
* G1 elements in proof: 2
* G2 elements in proof: 1
* Proof size in bits: 1019
* Cached h poly size: 4351
* UVC Prove step 1
* Elements of w skipped: 1 (0.76%)
* Elements of w processed with special addition: 3 (2.27%)
* Elements of w remaining: 128 (96.97%)
* Elements of w skipped: 1 (1.49%)
* Elements of w processed with special addition: 1 (1.49%)
* Elements of w remaining: 65 (97.01%)
* Elements of w skipped: 0 (0.00%)
* Elements of w processed with special addition: 0 (0.00%)
* Elements of w remaining: 65 (100.00%)
* UVC proof at step 1
* G1 elements in proof: 2
* G2 elements in proof: 1
* Proof size in bits: 1019
* Cached h poly size: 4351
* UVC Prove step 1
* Elements of w skipped: 1 (0.76%)
* Elements of w processed with special addition: 3 (2.27%)
* Elements of w remaining: 128 (96.97%)
* Elements of w skipped: 1 (1.49%)
* Elements of w processed with special addition: 1 (1.49%)
* Elements of w remaining: 65 (97.01%)
* Elements of w skipped: 0 (0.00%)
* Elements of w processed with special addition: 0 (0.00%)
* Elements of w remaining: 65 (100.00%)
* UVC proof at step 1
* G1 elements in proof: 2
* G2 elements in proof: 1
* Proof size in bits: 1019
* Cached h poly size: 4351
* UVC Prove step 1
* Elements of w skipped: 1 (0.76%)
* Elements of w processed with special addition: 3 (2.27%)
* Elements of w remaining: 128 (96.97%)
* Elements of w skipped: 1 (1.49%)
* Elements of w processed with special addition: 1 (1.49%)
* Elements of w remaining: 65 (97.01%)
* Elements of w skipped: 0 (0.00%)
* Elements of w processed with special addition: 0 (0.00%)
* Elements of w remaining: 65 (100.00%)
* UVC proof at step 1
* G1 elements in proof: 2
* G2 elements in proof: 1
* Proof size in bits: 1019
* Cached h poly size: 4351
* UVC Prove step 1
* Elements of w skipped: 1 (0.76%)
* Elements of w processed with special addition: 3 (2.27%)
* Elements of w remaining: 128 (96.97%)
* Elements of w skipped: 1 (1.49%)
* Elements of w processed with special addition: 1 (1.49%)
* Elements of w remaining: 65 (97.01%)
* Elements of w skipped: 0 (0.00%)
* Elements of w processed with special addition: 0 (0.00%)
* Elements of w remaining: 65 (100.00%)
* UVC proof at step 1
* G1 elements in proof: 2
* G2 elements in proof: 1
* Proof size in bits: 1019
* Cached h poly size: 4351
* UVC Prove step 1
* Elements of w skipped: 1 (0.76%)
* Elements of w processed with special addition: 3 (2.27%)
* Elements of w remaining: 128 (96.97%)
* Elements of w skipped: 1 (1.49%)
* Elements of w processed with special addition: 1 (1.49%)
* Elements of w remaining: 65 (97.01%)
* Elements of w skipped: 0 (0.00%)
* Elements of w processed with special addition: 0 (0.00%)
* Elements of w remaining: 65 (100.00%)
* UVC proof at step 1
* G1 elements in proof: 2
* G2 elements in proof: 1
* Proof size in bits: 1019
* Cached h poly size: 4351
* UVC Prove step 1
* Elements of w skipped: 1 (0.76%)
* Elements of w processed with special addition: 3 (2.27%)
* Elements of w remaining: 128 (96.97%)
* Elements of w skipped: 1 (1.49%)
* Elements of w processed with special addition: 1 (1.49%)
* Elements of w remaining: 65 (97.01%)
* Elements of w skipped: 0 (0.00%)
* Elements of w processed with special addition: 0 (0.00%)
* Elements of w remaining: 65 (100.00%)
* UVC proof at step 1
* G1 elements in proof: 2
* G2 elements in proof: 1
* Proof size in bits: 1019
* Cached h poly size: 4351
* UVC Prove step 1
* Elements of w skipped: 1 (0.76%)
* Elements of w processed with special addition: 3 (2.27%)
* Elements of w remaining: 128 (96.97%)
* Elements of w skipped: 1 (1.49%)
* Elements of w processed with special addition: 1 (1.49%)
* Elements of w remaining: 65 (97.01%)
* Elements of w skipped: 0 (0.00%)
* Elements of w processed with special addition: 0 (0.00%)
* Elements of w remaining: 65 (100.00%)
* UVC proof at step 1
* G1 elements in proof: 2
* G2 elements in proof: 1
* Proof size in bits: 1019
* Cached h poly size: 4351
* UVC Prove step 1
* Elements of w skipped: 1 (0.76%)
* Elements of w processed with special addition: 3 (2.27%)
* Elements of w remaining: 128 (96.97%)
* Elements of w skipped: 1 (1.49%)
* Elements of w processed with special addition: 1 (1.49%)
* Elements of w remaining: 65 (97.01%)
* Elements of w skipped: 0 (0.00%)
* Elements of w processed with special addition: 0 (0.00%)
* Elements of w remaining: 65 (100.00%)
* UVC proof at step 1
* G1 elements in proof: 2
* G2 elements in proof: 1
* Proof size in bits: 1019
* Cached h poly size: 4351
* UVC Verify step 1: PASS
* UVC Verify step 1: PASS
* UVC Verify step 1: PASS
* UVC Verify step 1: PASS
* UVC Verify step 1: PASS
* UVC Verify step 1: PASS
* UVC Verify step 1: PASS
* UVC Verify step 1: PASS
* UVC Verify step 1: PASS
* UVC Verify step 1: PASS
  1       112.10        2.70          1019          PASS      
* UVC Prove step 2
* Elements of w skipped: 0 (0.00%)
* Elements of w processed with special addition: 1 (0.77%)
* Elements of w remaining: 129 (99.23%)
* Elements of w skipped: 0 (0.00%)
* Elements of w processed with special addition: 1 (1.52%)
* Elements of w remaining: 65 (98.48%)
* Elements of w skipped: 0 (0.00%)
* Elements of w processed with special addition: 1 (0.77%)
* Elements of w remaining: 129 (99.23%)
* UVC proof at step 2
* G1 elements in proof: 2
* G2 elements in proof: 1
* Proof size in bits: 1019
* Cached h poly size: 4351
* UVC Prove step 2
* Elements of w skipped: 0 (0.00%)
* Elements of w processed with special addition: 1 (0.77%)
* Elements of w remaining: 129 (99.23%)
* Elements of w skipped: 0 (0.00%)
* Elements of w processed with special addition: 1 (1.52%)
* Elements of w remaining: 65 (98.48%)
* Elements of w skipped: 0 (0.00%)
* Elements of w processed with special addition: 1 (0.77%)
* Elements of w remaining: 129 (99.23%)
* UVC proof at step 2
* G1 elements in proof: 2
* G2 elements in proof: 1
* Proof size in bits: 1019
* Cached h poly size: 4351
* UVC Prove step 2
* Elements of w skipped: 0 (0.00%)
* Elements of w processed with special addition: 1 (0.77%)
* Elements of w remaining: 129 (99.23%)
* Elements of w skipped: 0 (0.00%)
* Elements of w processed with special addition: 1 (1.52%)
* Elements of w remaining: 65 (98.48%)
* Elements of w skipped: 0 (0.00%)
* Elements of w processed with special addition: 1 (0.77%)
* Elements of w remaining: 129 (99.23%)
* UVC proof at step 2
* G1 elements in proof: 2
* G2 elements in proof: 1
* Proof size in bits: 1019
* Cached h poly size: 4351
* UVC Prove step 2
* Elements of w skipped: 0 (0.00%)
* Elements of w processed with special addition: 1 (0.77%)
* Elements of w remaining: 129 (99.23%)
* Elements of w skipped: 0 (0.00%)
* Elements of w processed with special addition: 1 (1.52%)
* Elements of w remaining: 65 (98.48%)
* Elements of w skipped: 0 (0.00%)
* Elements of w processed with special addition: 1 (0.77%)
* Elements of w remaining: 129 (99.23%)
* UVC proof at step 2
* G1 elements in proof: 2
* G2 elements in proof: 1
* Proof size in bits: 1019
* Cached h poly size: 4351
* UVC Prove step 2
* Elements of w skipped: 0 (0.00%)
* Elements of w processed with special addition: 1 (0.77%)
* Elements of w remaining: 129 (99.23%)
* Elements of w skipped: 0 (0.00%)
* Elements of w processed with special addition: 1 (1.52%)
* Elements of w remaining: 65 (98.48%)
* Elements of w skipped: 0 (0.00%)
* Elements of w processed with special addition: 1 (0.77%)
* Elements of w remaining: 129 (99.23%)
* UVC proof at step 2
* G1 elements in proof: 2
* G2 elements in proof: 1
* Proof size in bits: 1019
* Cached h poly size: 4351
* UVC Prove step 2
* Elements of w skipped: 0 (0.00%)
* Elements of w processed with special addition: 1 (0.77%)
* Elements of w remaining: 129 (99.23%)
* Elements of w skipped: 0 (0.00%)
* Elements of w processed with special addition: 1 (1.52%)
* Elements of w remaining: 65 (98.48%)
* Elements of w skipped: 0 (0.00%)
* Elements of w processed with special addition: 1 (0.77%)
* Elements of w remaining: 129 (99.23%)
* UVC proof at step 2
* G1 elements in proof: 2
* G2 elements in proof: 1
* Proof size in bits: 1019
* Cached h poly size: 4351
* UVC Prove step 2
* Elements of w skipped: 0 (0.00%)
* Elements of w processed with special addition: 1 (0.77%)
* Elements of w remaining: 129 (99.23%)
* Elements of w skipped: 0 (0.00%)
* Elements of w processed with special addition: 1 (1.52%)
* Elements of w remaining: 65 (98.48%)
* Elements of w skipped: 0 (0.00%)
* Elements of w processed with special addition: 1 (0.77%)
* Elements of w remaining: 129 (99.23%)
* UVC proof at step 2
* G1 elements in proof: 2
* G2 elements in proof: 1
* Proof size in bits: 1019
* Cached h poly size: 4351
* UVC Prove step 2
* Elements of w skipped: 0 (0.00%)
* Elements of w processed with special addition: 1 (0.77%)
* Elements of w remaining: 129 (99.23%)
* Elements of w skipped: 0 (0.00%)
* Elements of w processed with special addition: 1 (1.52%)
* Elements of w remaining: 65 (98.48%)
* Elements of w skipped: 0 (0.00%)
* Elements of w processed with special addition: 1 (0.77%)
* Elements of w remaining: 129 (99.23%)
* UVC proof at step 2
* G1 elements in proof: 2
* G2 elements in proof: 1
* Proof size in bits: 1019
* Cached h poly size: 4351
* UVC Prove step 2
* Elements of w skipped: 0 (0.00%)
* Elements of w processed with special addition: 1 (0.77%)
* Elements of w remaining: 129 (99.23%)
* Elements of w skipped: 0 (0.00%)
* Elements of w processed with special addition: 1 (1.52%)
* Elements of w remaining: 65 (98.48%)
* Elements of w skipped: 0 (0.00%)
* Elements of w processed with special addition: 1 (0.77%)
* Elements of w remaining: 129 (99.23%)
* UVC proof at step 2
* G1 elements in proof: 2
* G2 elements in proof: 1
* Proof size in bits: 1019
* Cached h poly size: 4351
* UVC Prove step 2
* Elements of w skipped: 0 (0.00%)
* Elements of w processed with special addition: 1 (0.77%)
* Elements of w remaining: 129 (99.23%)
* Elements of w skipped: 0 (0.00%)
* Elements of w processed with special addition: 1 (1.52%)
* Elements of w remaining: 65 (98.48%)
* Elements of w skipped: 0 (0.00%)
* Elements of w processed with special addition: 1 (0.77%)
* Elements of w remaining: 129 (99.23%)
* UVC proof at step 2
* G1 elements in proof: 2
* G2 elements in proof: 1
* Proof size in bits: 1019
* Cached h poly size: 4351
* UVC Verify step 2: PASS
* UVC Verify step 2: PASS
* UVC Verify step 2: PASS
* UVC Verify step 2: PASS
* UVC Verify step 2: PASS
* UVC Verify step 2: PASS
* UVC Verify step 2: PASS
* UVC Verify step 2: PASS
* UVC Verify step 2: PASS
* UVC Verify step 2: PASS
  2       113.95        2.77          1019          PASS      
* UVC Prove step 4
* Elements of w skipped: 0 (0.00%)
* Elements of w processed with special addition: 1 (0.77%)
* Elements of w remaining: 129 (99.23%)
* Elements of w skipped: 0 (0.00%)
* Elements of w processed with special addition: 1 (1.52%)
* Elements of w remaining: 65 (98.48%)
* Elements of w skipped: 0 (0.00%)
* Elements of w processed with special addition: 1 (0.77%)
* Elements of w remaining: 129 (99.23%)
* UVC proof at step 4
* G1 elements in proof: 2
* G2 elements in proof: 1
* Proof size in bits: 1019
* Cached h poly size: 4351
* UVC Prove step 4
* Elements of w skipped: 0 (0.00%)
* Elements of w processed with special addition: 1 (0.77%)
* Elements of w remaining: 129 (99.23%)
* Elements of w skipped: 0 (0.00%)
* Elements of w processed with special addition: 1 (1.52%)
* Elements of w remaining: 65 (98.48%)
* Elements of w skipped: 0 (0.00%)
* Elements of w processed with special addition: 1 (0.77%)
* Elements of w remaining: 129 (99.23%)
* UVC proof at step 4
* G1 elements in proof: 2
* G2 elements in proof: 1
* Proof size in bits: 1019
* Cached h poly size: 4351
* UVC Prove step 4
* Elements of w skipped: 0 (0.00%)
* Elements of w processed with special addition: 1 (0.77%)
* Elements of w remaining: 129 (99.23%)
* Elements of w skipped: 0 (0.00%)
* Elements of w processed with special addition: 1 (1.52%)
* Elements of w remaining: 65 (98.48%)
* Elements of w skipped: 0 (0.00%)
* Elements of w processed with special addition: 1 (0.77%)
* Elements of w remaining: 129 (99.23%)
* UVC proof at step 4
* G1 elements in proof: 2
* G2 elements in proof: 1
* Proof size in bits: 1019
* Cached h poly size: 4351
* UVC Prove step 4
* Elements of w skipped: 0 (0.00%)
* Elements of w processed with special addition: 1 (0.77%)
* Elements of w remaining: 129 (99.23%)
* Elements of w skipped: 0 (0.00%)
* Elements of w processed with special addition: 1 (1.52%)
* Elements of w remaining: 65 (98.48%)
* Elements of w skipped: 0 (0.00%)
* Elements of w processed with special addition: 1 (0.77%)
* Elements of w remaining: 129 (99.23%)
* UVC proof at step 4
* G1 elements in proof: 2
* G2 elements in proof: 1
* Proof size in bits: 1019
* Cached h poly size: 4351
* UVC Prove step 4
* Elements of w skipped: 0 (0.00%)
* Elements of w processed with special addition: 1 (0.77%)
* Elements of w remaining: 129 (99.23%)
* Elements of w skipped: 0 (0.00%)
* Elements of w processed with special addition: 1 (1.52%)
* Elements of w remaining: 65 (98.48%)
* Elements of w skipped: 0 (0.00%)
* Elements of w processed with special addition: 1 (0.77%)
* Elements of w remaining: 129 (99.23%)
* UVC proof at step 4
* G1 elements in proof: 2
* G2 elements in proof: 1
* Proof size in bits: 1019
* Cached h poly size: 4351
* UVC Prove step 4
* Elements of w skipped: 0 (0.00%)
* Elements of w processed with special addition: 1 (0.77%)
* Elements of w remaining: 129 (99.23%)
* Elements of w skipped: 0 (0.00%)
* Elements of w processed with special addition: 1 (1.52%)
* Elements of w remaining: 65 (98.48%)
* Elements of w skipped: 0 (0.00%)
* Elements of w processed with special addition: 1 (0.77%)
* Elements of w remaining: 129 (99.23%)
* UVC proof at step 4
* G1 elements in proof: 2
* G2 elements in proof: 1
* Proof size in bits: 1019
* Cached h poly size: 4351
* UVC Prove step 4
* Elements of w skipped: 0 (0.00%)
* Elements of w processed with special addition: 1 (0.77%)
* Elements of w remaining: 129 (99.23%)
* Elements of w skipped: 0 (0.00%)
* Elements of w processed with special addition: 1 (1.52%)
* Elements of w remaining: 65 (98.48%)
* Elements of w skipped: 0 (0.00%)
* Elements of w processed with special addition: 1 (0.77%)
* Elements of w remaining: 129 (99.23%)
* UVC proof at step 4
* G1 elements in proof: 2
* G2 elements in proof: 1
* Proof size in bits: 1019
* Cached h poly size: 4351
* UVC Prove step 4
* Elements of w skipped: 0 (0.00%)
* Elements of w processed with special addition: 1 (0.77%)
* Elements of w remaining: 129 (99.23%)
* Elements of w skipped: 0 (0.00%)
* Elements of w processed with special addition: 1 (1.52%)
* Elements of w remaining: 65 (98.48%)
* Elements of w skipped: 0 (0.00%)
* Elements of w processed with special addition: 1 (0.77%)
* Elements of w remaining: 129 (99.23%)
* UVC proof at step 4
* G1 elements in proof: 2
* G2 elements in proof: 1
* Proof size in bits: 1019
* Cached h poly size: 4351
* UVC Prove step 4
* Elements of w skipped: 0 (0.00%)
* Elements of w processed with special addition: 1 (0.77%)
* Elements of w remaining: 129 (99.23%)
* Elements of w skipped: 0 (0.00%)
* Elements of w processed with special addition: 1 (1.52%)
* Elements of w remaining: 65 (98.48%)
* Elements of w skipped: 0 (0.00%)
* Elements of w processed with special addition: 1 (0.77%)
* Elements of w remaining: 129 (99.23%)
* UVC proof at step 4
* G1 elements in proof: 2
* G2 elements in proof: 1
* Proof size in bits: 1019
* Cached h poly size: 4351
* UVC Prove step 4
* Elements of w skipped: 0 (0.00%)
* Elements of w processed with special addition: 1 (0.77%)
* Elements of w remaining: 129 (99.23%)
* Elements of w skipped: 0 (0.00%)
* Elements of w processed with special addition: 1 (1.52%)
* Elements of w remaining: 65 (98.48%)
* Elements of w skipped: 0 (0.00%)
* Elements of w processed with special addition: 1 (0.77%)
* Elements of w remaining: 129 (99.23%)
* UVC proof at step 4
* G1 elements in proof: 2
* G2 elements in proof: 1
* Proof size in bits: 1019
* Cached h poly size: 4351
* UVC Verify step 4: PASS
* UVC Verify step 4: PASS
* UVC Verify step 4: PASS
* UVC Verify step 4: PASS
* UVC Verify step 4: PASS
* UVC Verify step 4: PASS
* UVC Verify step 4: PASS
* UVC Verify step 4: PASS
* UVC Verify step 4: PASS
* UVC Verify step 4: PASS
  4       113.87        2.74          1019          PASS      
* UVC Prove step 8
* Elements of w skipped: 0 (0.00%)
* Elements of w processed with special addition: 1 (0.77%)
* Elements of w remaining: 129 (99.23%)
* Elements of w skipped: 0 (0.00%)
* Elements of w processed with special addition: 1 (1.52%)
* Elements of w remaining: 65 (98.48%)
* Elements of w skipped: 0 (0.00%)
* Elements of w processed with special addition: 1 (0.77%)
* Elements of w remaining: 129 (99.23%)
* UVC proof at step 8
* G1 elements in proof: 2
* G2 elements in proof: 1
* Proof size in bits: 1019
* Cached h poly size: 4351
* UVC Prove step 8
* Elements of w skipped: 0 (0.00%)
* Elements of w processed with special addition: 1 (0.77%)
* Elements of w remaining: 129 (99.23%)
* Elements of w skipped: 0 (0.00%)
* Elements of w processed with special addition: 1 (1.52%)
* Elements of w remaining: 65 (98.48%)
* Elements of w skipped: 0 (0.00%)
* Elements of w processed with special addition: 1 (0.77%)
* Elements of w remaining: 129 (99.23%)
* UVC proof at step 8
* G1 elements in proof: 2
* G2 elements in proof: 1
* Proof size in bits: 1019
* Cached h poly size: 4351
* UVC Prove step 8
* Elements of w skipped: 0 (0.00%)
* Elements of w processed with special addition: 1 (0.77%)
* Elements of w remaining: 129 (99.23%)
* Elements of w skipped: 0 (0.00%)
* Elements of w processed with special addition: 1 (1.52%)
* Elements of w remaining: 65 (98.48%)
* Elements of w skipped: 0 (0.00%)
* Elements of w processed with special addition: 1 (0.77%)
* Elements of w remaining: 129 (99.23%)
* UVC proof at step 8
* G1 elements in proof: 2
* G2 elements in proof: 1
* Proof size in bits: 1019
* Cached h poly size: 4351
* UVC Prove step 8
* Elements of w skipped: 0 (0.00%)
* Elements of w processed with special addition: 1 (0.77%)
* Elements of w remaining: 129 (99.23%)
* Elements of w skipped: 0 (0.00%)
* Elements of w processed with special addition: 1 (1.52%)
* Elements of w remaining: 65 (98.48%)
* Elements of w skipped: 0 (0.00%)
* Elements of w processed with special addition: 1 (0.77%)
* Elements of w remaining: 129 (99.23%)
* UVC proof at step 8
* G1 elements in proof: 2
* G2 elements in proof: 1
* Proof size in bits: 1019
* Cached h poly size: 4351
* UVC Prove step 8
* Elements of w skipped: 0 (0.00%)
* Elements of w processed with special addition: 1 (0.77%)
* Elements of w remaining: 129 (99.23%)
* Elements of w skipped: 0 (0.00%)
* Elements of w processed with special addition: 1 (1.52%)
* Elements of w remaining: 65 (98.48%)
* Elements of w skipped: 0 (0.00%)
* Elements of w processed with special addition: 1 (0.77%)
* Elements of w remaining: 129 (99.23%)
* UVC proof at step 8
* G1 elements in proof: 2
* G2 elements in proof: 1
* Proof size in bits: 1019
* Cached h poly size: 4351
* UVC Prove step 8
* Elements of w skipped: 0 (0.00%)
* Elements of w processed with special addition: 1 (0.77%)
* Elements of w remaining: 129 (99.23%)
* Elements of w skipped: 0 (0.00%)
* Elements of w processed with special addition: 1 (1.52%)
* Elements of w remaining: 65 (98.48%)
* Elements of w skipped: 0 (0.00%)
* Elements of w processed with special addition: 1 (0.77%)
* Elements of w remaining: 129 (99.23%)
* UVC proof at step 8
* G1 elements in proof: 2
* G2 elements in proof: 1
* Proof size in bits: 1019
* Cached h poly size: 4351
* UVC Prove step 8
* Elements of w skipped: 0 (0.00%)
* Elements of w processed with special addition: 1 (0.77%)
* Elements of w remaining: 129 (99.23%)
* Elements of w skipped: 0 (0.00%)
* Elements of w processed with special addition: 1 (1.52%)
* Elements of w remaining: 65 (98.48%)
* Elements of w skipped: 0 (0.00%)
* Elements of w processed with special addition: 1 (0.77%)
* Elements of w remaining: 129 (99.23%)
* UVC proof at step 8
* G1 elements in proof: 2
* G2 elements in proof: 1
* Proof size in bits: 1019
* Cached h poly size: 4351
* UVC Prove step 8
* Elements of w skipped: 0 (0.00%)
* Elements of w processed with special addition: 1 (0.77%)
* Elements of w remaining: 129 (99.23%)
* Elements of w skipped: 0 (0.00%)
* Elements of w processed with special addition: 1 (1.52%)
* Elements of w remaining: 65 (98.48%)
* Elements of w skipped: 0 (0.00%)
* Elements of w processed with special addition: 1 (0.77%)
* Elements of w remaining: 129 (99.23%)
* UVC proof at step 8
* G1 elements in proof: 2
* G2 elements in proof: 1
* Proof size in bits: 1019
* Cached h poly size: 4351
* UVC Prove step 8
* Elements of w skipped: 0 (0.00%)
* Elements of w processed with special addition: 1 (0.77%)
* Elements of w remaining: 129 (99.23%)
* Elements of w skipped: 0 (0.00%)
* Elements of w processed with special addition: 1 (1.52%)
* Elements of w remaining: 65 (98.48%)
* Elements of w skipped: 0 (0.00%)
* Elements of w processed with special addition: 1 (0.77%)
* Elements of w remaining: 129 (99.23%)
* UVC proof at step 8
* G1 elements in proof: 2
* G2 elements in proof: 1
* Proof size in bits: 1019
* Cached h poly size: 4351
* UVC Prove step 8
* Elements of w skipped: 0 (0.00%)
* Elements of w processed with special addition: 1 (0.77%)
* Elements of w remaining: 129 (99.23%)
* Elements of w skipped: 0 (0.00%)
* Elements of w processed with special addition: 1 (1.52%)
* Elements of w remaining: 65 (98.48%)
* Elements of w skipped: 0 (0.00%)
* Elements of w processed with special addition: 1 (0.77%)
* Elements of w remaining: 129 (99.23%)
* UVC proof at step 8
* G1 elements in proof: 2
* G2 elements in proof: 1
* Proof size in bits: 1019
* Cached h poly size: 4351
* UVC Verify step 8: PASS
* UVC Verify step 8: PASS
* UVC Verify step 8: PASS
* UVC Verify step 8: PASS
* UVC Verify step 8: PASS
* UVC Verify step 8: PASS
* UVC Verify step 8: PASS
* UVC Verify step 8: PASS
* UVC Verify step 8: PASS
* UVC Verify step 8: PASS
  8       114.50        2.74          1019          PASS      
* UVC Prove step 16
* Elements of w skipped: 0 (0.00%)
* Elements of w processed with special addition: 1 (0.77%)
* Elements of w remaining: 129 (99.23%)
* Elements of w skipped: 0 (0.00%)
* Elements of w processed with special addition: 1 (1.52%)
* Elements of w remaining: 65 (98.48%)
* Elements of w skipped: 0 (0.00%)
* Elements of w processed with special addition: 1 (0.77%)
* Elements of w remaining: 129 (99.23%)
* UVC proof at step 16
* G1 elements in proof: 2
* G2 elements in proof: 1
* Proof size in bits: 1019
* Cached h poly size: 4351
* UVC Prove step 16
* Elements of w skipped: 0 (0.00%)
* Elements of w processed with special addition: 1 (0.77%)
* Elements of w remaining: 129 (99.23%)
* Elements of w skipped: 0 (0.00%)
* Elements of w processed with special addition: 1 (1.52%)
* Elements of w remaining: 65 (98.48%)
* Elements of w skipped: 0 (0.00%)
* Elements of w processed with special addition: 1 (0.77%)
* Elements of w remaining: 129 (99.23%)
* UVC proof at step 16
* G1 elements in proof: 2
* G2 elements in proof: 1
* Proof size in bits: 1019
* Cached h poly size: 4351
* UVC Prove step 16
* Elements of w skipped: 0 (0.00%)
* Elements of w processed with special addition: 1 (0.77%)
* Elements of w remaining: 129 (99.23%)
* Elements of w skipped: 0 (0.00%)
* Elements of w processed with special addition: 1 (1.52%)
* Elements of w remaining: 65 (98.48%)
* Elements of w skipped: 0 (0.00%)
* Elements of w processed with special addition: 1 (0.77%)
* Elements of w remaining: 129 (99.23%)
* UVC proof at step 16
* G1 elements in proof: 2
* G2 elements in proof: 1
* Proof size in bits: 1019
* Cached h poly size: 4351
* UVC Prove step 16
* Elements of w skipped: 0 (0.00%)
* Elements of w processed with special addition: 1 (0.77%)
* Elements of w remaining: 129 (99.23%)
* Elements of w skipped: 0 (0.00%)
* Elements of w processed with special addition: 1 (1.52%)
* Elements of w remaining: 65 (98.48%)
* Elements of w skipped: 0 (0.00%)
* Elements of w processed with special addition: 1 (0.77%)
* Elements of w remaining: 129 (99.23%)
* UVC proof at step 16
* G1 elements in proof: 2
* G2 elements in proof: 1
* Proof size in bits: 1019
* Cached h poly size: 4351
* UVC Prove step 16
* Elements of w skipped: 0 (0.00%)
* Elements of w processed with special addition: 1 (0.77%)
* Elements of w remaining: 129 (99.23%)
* Elements of w skipped: 0 (0.00%)
* Elements of w processed with special addition: 1 (1.52%)
* Elements of w remaining: 65 (98.48%)
* Elements of w skipped: 0 (0.00%)
* Elements of w processed with special addition: 1 (0.77%)
* Elements of w remaining: 129 (99.23%)
* UVC proof at step 16
* G1 elements in proof: 2
* G2 elements in proof: 1
* Proof size in bits: 1019
* Cached h poly size: 4351
* UVC Prove step 16
* Elements of w skipped: 0 (0.00%)
* Elements of w processed with special addition: 1 (0.77%)
* Elements of w remaining: 129 (99.23%)
* Elements of w skipped: 0 (0.00%)
* Elements of w processed with special addition: 1 (1.52%)
* Elements of w remaining: 65 (98.48%)
* Elements of w skipped: 0 (0.00%)
* Elements of w processed with special addition: 1 (0.77%)
* Elements of w remaining: 129 (99.23%)
* UVC proof at step 16
* G1 elements in proof: 2
* G2 elements in proof: 1
* Proof size in bits: 1019
* Cached h poly size: 4351
* UVC Prove step 16
* Elements of w skipped: 0 (0.00%)
* Elements of w processed with special addition: 1 (0.77%)
* Elements of w remaining: 129 (99.23%)
* Elements of w skipped: 0 (0.00%)
* Elements of w processed with special addition: 1 (1.52%)
* Elements of w remaining: 65 (98.48%)
* Elements of w skipped: 0 (0.00%)
* Elements of w processed with special addition: 1 (0.77%)
* Elements of w remaining: 129 (99.23%)
* UVC proof at step 16
* G1 elements in proof: 2
* G2 elements in proof: 1
* Proof size in bits: 1019
* Cached h poly size: 4351
* UVC Prove step 16
* Elements of w skipped: 0 (0.00%)
* Elements of w processed with special addition: 1 (0.77%)
* Elements of w remaining: 129 (99.23%)
* Elements of w skipped: 0 (0.00%)
* Elements of w processed with special addition: 1 (1.52%)
* Elements of w remaining: 65 (98.48%)
* Elements of w skipped: 0 (0.00%)
* Elements of w processed with special addition: 1 (0.77%)
* Elements of w remaining: 129 (99.23%)
* UVC proof at step 16
* G1 elements in proof: 2
* G2 elements in proof: 1
* Proof size in bits: 1019
* Cached h poly size: 4351
* UVC Prove step 16
* Elements of w skipped: 0 (0.00%)
* Elements of w processed with special addition: 1 (0.77%)
* Elements of w remaining: 129 (99.23%)
* Elements of w skipped: 0 (0.00%)
* Elements of w processed with special addition: 1 (1.52%)
* Elements of w remaining: 65 (98.48%)
* Elements of w skipped: 0 (0.00%)
* Elements of w processed with special addition: 1 (0.77%)
* Elements of w remaining: 129 (99.23%)
* UVC proof at step 16
* G1 elements in proof: 2
* G2 elements in proof: 1
* Proof size in bits: 1019
* Cached h poly size: 4351
* UVC Prove step 16
* Elements of w skipped: 0 (0.00%)
* Elements of w processed with special addition: 1 (0.77%)
* Elements of w remaining: 129 (99.23%)
* Elements of w skipped: 0 (0.00%)
* Elements of w processed with special addition: 1 (1.52%)
* Elements of w remaining: 65 (98.48%)
* Elements of w skipped: 0 (0.00%)
* Elements of w processed with special addition: 1 (0.77%)
* Elements of w remaining: 129 (99.23%)
* UVC proof at step 16
* G1 elements in proof: 2
* G2 elements in proof: 1
* Proof size in bits: 1019
* Cached h poly size: 4351
* UVC Verify step 16: PASS
* UVC Verify step 16: PASS
* UVC Verify step 16: PASS
* UVC Verify step 16: PASS
* UVC Verify step 16: PASS
* UVC Verify step 16: PASS
* UVC Verify step 16: PASS
* UVC Verify step 16: PASS
* UVC Verify step 16: PASS
* UVC Verify step 16: PASS
  16      114.33        2.73          1019          PASS      
* UVC Prove step 32
* Elements of w skipped: 0 (0.00%)
* Elements of w processed with special addition: 1 (0.77%)
* Elements of w remaining: 129 (99.23%)
* Elements of w skipped: 0 (0.00%)
* Elements of w processed with special addition: 1 (1.52%)
* Elements of w remaining: 65 (98.48%)
* Elements of w skipped: 0 (0.00%)
* Elements of w processed with special addition: 1 (0.77%)
* Elements of w remaining: 129 (99.23%)
* UVC proof at step 32
* G1 elements in proof: 2
* G2 elements in proof: 1
* Proof size in bits: 1019
* Cached h poly size: 4351
* UVC Prove step 32
* Elements of w skipped: 0 (0.00%)
* Elements of w processed with special addition: 1 (0.77%)
* Elements of w remaining: 129 (99.23%)
* Elements of w skipped: 0 (0.00%)
* Elements of w processed with special addition: 1 (1.52%)
* Elements of w remaining: 65 (98.48%)
* Elements of w skipped: 0 (0.00%)
* Elements of w processed with special addition: 1 (0.77%)
* Elements of w remaining: 129 (99.23%)
* UVC proof at step 32
* G1 elements in proof: 2
* G2 elements in proof: 1
* Proof size in bits: 1019
* Cached h poly size: 4351
* UVC Prove step 32
* Elements of w skipped: 0 (0.00%)
* Elements of w processed with special addition: 1 (0.77%)
* Elements of w remaining: 129 (99.23%)
* Elements of w skipped: 0 (0.00%)
* Elements of w processed with special addition: 1 (1.52%)
* Elements of w remaining: 65 (98.48%)
* Elements of w skipped: 0 (0.00%)
* Elements of w processed with special addition: 1 (0.77%)
* Elements of w remaining: 129 (99.23%)
* UVC proof at step 32
* G1 elements in proof: 2
* G2 elements in proof: 1
* Proof size in bits: 1019
* Cached h poly size: 4351
* UVC Prove step 32
* Elements of w skipped: 0 (0.00%)
* Elements of w processed with special addition: 1 (0.77%)
* Elements of w remaining: 129 (99.23%)
* Elements of w skipped: 0 (0.00%)
* Elements of w processed with special addition: 1 (1.52%)
* Elements of w remaining: 65 (98.48%)
* Elements of w skipped: 0 (0.00%)
* Elements of w processed with special addition: 1 (0.77%)
* Elements of w remaining: 129 (99.23%)
* UVC proof at step 32
* G1 elements in proof: 2
* G2 elements in proof: 1
* Proof size in bits: 1019
* Cached h poly size: 4351
* UVC Prove step 32
* Elements of w skipped: 0 (0.00%)
* Elements of w processed with special addition: 1 (0.77%)
* Elements of w remaining: 129 (99.23%)
* Elements of w skipped: 0 (0.00%)
* Elements of w processed with special addition: 1 (1.52%)
* Elements of w remaining: 65 (98.48%)
* Elements of w skipped: 0 (0.00%)
* Elements of w processed with special addition: 1 (0.77%)
* Elements of w remaining: 129 (99.23%)
* UVC proof at step 32
* G1 elements in proof: 2
* G2 elements in proof: 1
* Proof size in bits: 1019
* Cached h poly size: 4351
* UVC Prove step 32
* Elements of w skipped: 0 (0.00%)
* Elements of w processed with special addition: 1 (0.77%)
* Elements of w remaining: 129 (99.23%)
* Elements of w skipped: 0 (0.00%)
* Elements of w processed with special addition: 1 (1.52%)
* Elements of w remaining: 65 (98.48%)
* Elements of w skipped: 0 (0.00%)
* Elements of w processed with special addition: 1 (0.77%)
* Elements of w remaining: 129 (99.23%)
* UVC proof at step 32
* G1 elements in proof: 2
* G2 elements in proof: 1
* Proof size in bits: 1019
* Cached h poly size: 4351
* UVC Prove step 32
* Elements of w skipped: 0 (0.00%)
* Elements of w processed with special addition: 1 (0.77%)
* Elements of w remaining: 129 (99.23%)
* Elements of w skipped: 0 (0.00%)
* Elements of w processed with special addition: 1 (1.52%)
* Elements of w remaining: 65 (98.48%)
* Elements of w skipped: 0 (0.00%)
* Elements of w processed with special addition: 1 (0.77%)
* Elements of w remaining: 129 (99.23%)
* UVC proof at step 32
* G1 elements in proof: 2
* G2 elements in proof: 1
* Proof size in bits: 1019
* Cached h poly size: 4351
* UVC Prove step 32
* Elements of w skipped: 0 (0.00%)
* Elements of w processed with special addition: 1 (0.77%)
* Elements of w remaining: 129 (99.23%)
* Elements of w skipped: 0 (0.00%)
* Elements of w processed with special addition: 1 (1.52%)
* Elements of w remaining: 65 (98.48%)
* Elements of w skipped: 0 (0.00%)
* Elements of w processed with special addition: 1 (0.77%)
* Elements of w remaining: 129 (99.23%)
* UVC proof at step 32
* G1 elements in proof: 2
* G2 elements in proof: 1
* Proof size in bits: 1019
* Cached h poly size: 4351
* UVC Prove step 32
* Elements of w skipped: 0 (0.00%)
* Elements of w processed with special addition: 1 (0.77%)
* Elements of w remaining: 129 (99.23%)
* Elements of w skipped: 0 (0.00%)
* Elements of w processed with special addition: 1 (1.52%)
* Elements of w remaining: 65 (98.48%)
* Elements of w skipped: 0 (0.00%)
* Elements of w processed with special addition: 1 (0.77%)
* Elements of w remaining: 129 (99.23%)
* UVC proof at step 32
* G1 elements in proof: 2
* G2 elements in proof: 1
* Proof size in bits: 1019
* Cached h poly size: 4351
* UVC Prove step 32
* Elements of w skipped: 0 (0.00%)
* Elements of w processed with special addition: 1 (0.77%)
* Elements of w remaining: 129 (99.23%)
* Elements of w skipped: 0 (0.00%)
* Elements of w processed with special addition: 1 (1.52%)
* Elements of w remaining: 65 (98.48%)
* Elements of w skipped: 0 (0.00%)
* Elements of w processed with special addition: 1 (0.77%)
* Elements of w remaining: 129 (99.23%)
* UVC proof at step 32
* G1 elements in proof: 2
* G2 elements in proof: 1
* Proof size in bits: 1019
* Cached h poly size: 4351
* UVC Verify step 32: PASS
* UVC Verify step 32: PASS
* UVC Verify step 32: PASS
* UVC Verify step 32: PASS
* UVC Verify step 32: PASS
* UVC Verify step 32: PASS
* UVC Verify step 32: PASS
* UVC Verify step 32: PASS
* UVC Verify step 32: PASS
* UVC Verify step 32: PASS
  32      114.18        2.75          1019          PASS      
* UVC Prove step 64
* Elements of w skipped: 0 (0.00%)
* Elements of w processed with special addition: 1 (0.77%)
* Elements of w remaining: 129 (99.23%)
* Elements of w skipped: 0 (0.00%)
* Elements of w processed with special addition: 1 (1.54%)
* Elements of w remaining: 64 (98.46%)
* Elements of w skipped: 0 (0.00%)
* Elements of w processed with special addition: 1 (0.77%)
* Elements of w remaining: 129 (99.23%)
* UVC proof at step 64
* G1 elements in proof: 2
* G2 elements in proof: 1
* Proof size in bits: 1019
* Cached h poly size: 4351
* UVC Prove step 64
* Elements of w skipped: 0 (0.00%)
* Elements of w processed with special addition: 1 (0.77%)
* Elements of w remaining: 129 (99.23%)
* Elements of w skipped: 0 (0.00%)
* Elements of w processed with special addition: 1 (1.54%)
* Elements of w remaining: 64 (98.46%)
* Elements of w skipped: 0 (0.00%)
* Elements of w processed with special addition: 1 (0.77%)
* Elements of w remaining: 129 (99.23%)
* UVC proof at step 64
* G1 elements in proof: 2
* G2 elements in proof: 1
* Proof size in bits: 1019
* Cached h poly size: 4351
* UVC Prove step 64
* Elements of w skipped: 0 (0.00%)
* Elements of w processed with special addition: 1 (0.77%)
* Elements of w remaining: 129 (99.23%)
* Elements of w skipped: 0 (0.00%)
* Elements of w processed with special addition: 1 (1.54%)
* Elements of w remaining: 64 (98.46%)
* Elements of w skipped: 0 (0.00%)
* Elements of w processed with special addition: 1 (0.77%)
* Elements of w remaining: 129 (99.23%)
* UVC proof at step 64
* G1 elements in proof: 2
* G2 elements in proof: 1
* Proof size in bits: 1019
* Cached h poly size: 4351
* UVC Prove step 64
* Elements of w skipped: 0 (0.00%)
* Elements of w processed with special addition: 1 (0.77%)
* Elements of w remaining: 129 (99.23%)
* Elements of w skipped: 0 (0.00%)
* Elements of w processed with special addition: 1 (1.54%)
* Elements of w remaining: 64 (98.46%)
* Elements of w skipped: 0 (0.00%)
* Elements of w processed with special addition: 1 (0.77%)
* Elements of w remaining: 129 (99.23%)
* UVC proof at step 64
* G1 elements in proof: 2
* G2 elements in proof: 1
* Proof size in bits: 1019
* Cached h poly size: 4351
* UVC Prove step 64
* Elements of w skipped: 0 (0.00%)
* Elements of w processed with special addition: 1 (0.77%)
* Elements of w remaining: 129 (99.23%)
* Elements of w skipped: 0 (0.00%)
* Elements of w processed with special addition: 1 (1.54%)
* Elements of w remaining: 64 (98.46%)
* Elements of w skipped: 0 (0.00%)
* Elements of w processed with special addition: 1 (0.77%)
* Elements of w remaining: 129 (99.23%)
* UVC proof at step 64
* G1 elements in proof: 2
* G2 elements in proof: 1
* Proof size in bits: 1019
* Cached h poly size: 4351
* UVC Prove step 64
* Elements of w skipped: 0 (0.00%)
* Elements of w processed with special addition: 1 (0.77%)
* Elements of w remaining: 129 (99.23%)
* Elements of w skipped: 0 (0.00%)
* Elements of w processed with special addition: 1 (1.54%)
* Elements of w remaining: 64 (98.46%)
* Elements of w skipped: 0 (0.00%)
* Elements of w processed with special addition: 1 (0.77%)
* Elements of w remaining: 129 (99.23%)
* UVC proof at step 64
* G1 elements in proof: 2
* G2 elements in proof: 1
* Proof size in bits: 1019
* Cached h poly size: 4351
* UVC Prove step 64
* Elements of w skipped: 0 (0.00%)
* Elements of w processed with special addition: 1 (0.77%)
* Elements of w remaining: 129 (99.23%)
* Elements of w skipped: 0 (0.00%)
* Elements of w processed with special addition: 1 (1.54%)
* Elements of w remaining: 64 (98.46%)
* Elements of w skipped: 0 (0.00%)
* Elements of w processed with special addition: 1 (0.77%)
* Elements of w remaining: 129 (99.23%)
* UVC proof at step 64
* G1 elements in proof: 2
* G2 elements in proof: 1
* Proof size in bits: 1019
* Cached h poly size: 4351
* UVC Prove step 64
* Elements of w skipped: 0 (0.00%)
* Elements of w processed with special addition: 1 (0.77%)
* Elements of w remaining: 129 (99.23%)
* Elements of w skipped: 0 (0.00%)
* Elements of w processed with special addition: 1 (1.54%)
* Elements of w remaining: 64 (98.46%)
* Elements of w skipped: 0 (0.00%)
* Elements of w processed with special addition: 1 (0.77%)
* Elements of w remaining: 129 (99.23%)
* UVC proof at step 64
* G1 elements in proof: 2
* G2 elements in proof: 1
* Proof size in bits: 1019
* Cached h poly size: 4351
* UVC Prove step 64
* Elements of w skipped: 0 (0.00%)
* Elements of w processed with special addition: 1 (0.77%)
* Elements of w remaining: 129 (99.23%)
* Elements of w skipped: 0 (0.00%)
* Elements of w processed with special addition: 1 (1.54%)
* Elements of w remaining: 64 (98.46%)
* Elements of w skipped: 0 (0.00%)
* Elements of w processed with special addition: 1 (0.77%)
* Elements of w remaining: 129 (99.23%)
* UVC proof at step 64
* G1 elements in proof: 2
* G2 elements in proof: 1
* Proof size in bits: 1019
* Cached h poly size: 4351
* UVC Prove step 64
* Elements of w skipped: 0 (0.00%)
* Elements of w processed with special addition: 1 (0.77%)
* Elements of w remaining: 129 (99.23%)
* Elements of w skipped: 0 (0.00%)
* Elements of w processed with special addition: 1 (1.54%)
* Elements of w remaining: 64 (98.46%)
* Elements of w skipped: 0 (0.00%)
* Elements of w processed with special addition: 1 (0.77%)
* Elements of w remaining: 129 (99.23%)
* UVC proof at step 64
* G1 elements in proof: 2
* G2 elements in proof: 1
* Proof size in bits: 1019
* Cached h poly size: 4351
* UVC Verify step 64: PASS
* UVC Verify step 64: PASS
* UVC Verify step 64: PASS
* UVC Verify step 64: PASS
* UVC Verify step 64: PASS
* UVC Verify step 64: PASS
* UVC Verify step 64: PASS
* UVC Verify step 64: PASS
* UVC Verify step 64: PASS
* UVC Verify step 64: PASS
  64      109.76        2.74          1019          PASS      

  UVC results written to /Users/heewonchung/Documents/00-Research/active/Updatable Verifiable Computation/Dev/results/2026-03-09_201110_iot/csv/uvc_results.csv

================================================================
Groth16 Benchmark: circuit=sensor_fusion, n=64, B=64
================================================================

  Step    C_j constr  Setup (ms)    Prove (ms)    Verify (ms)   Verified  
  ------  ----------  ------------  ------------  ------------  ----------
* Composed C_1: 65 constraints, 131 variables, 66 inputs
* QAP number of variables: 131
* QAP pre degree: 65
* QAP degree: 132
* QAP number of input variables: 66
* G1 window: 6
* G2 window: 5
* G1 elements in PK: 461
* Non-zero G1 elements in PK: 394
* G2 elements in PK: 133
* Non-zero G2 elements in PK: 66
* PK size in bits: 138224
* G1 elements in VK: 66
* G2 elements in VK: 2
* GT elements in VK: 1
* VK size in bits: 22327
* Elements of w skipped: 1 (0.76%)
* Elements of w processed with special addition: 3 (2.27%)
* Elements of w remaining: 128 (96.97%)
* Elements of w skipped: 0 (0.00%)
* Elements of w processed with special addition: 2 (3.08%)
* Elements of w remaining: 63 (96.92%)
* Elements of w skipped: 0 (0.00%)
* Elements of w processed with special addition: 0 (0.00%)
* Elements of w remaining: 65 (100.00%)
* G1 elements in proof: 2
* G2 elements in proof: 1
* Proof size in bits: 1019
* Elements of w skipped: 1 (0.76%)
* Elements of w processed with special addition: 3 (2.27%)
* Elements of w remaining: 128 (96.97%)
* Elements of w skipped: 0 (0.00%)
* Elements of w processed with special addition: 2 (3.08%)
* Elements of w remaining: 63 (96.92%)
* Elements of w skipped: 0 (0.00%)
* Elements of w processed with special addition: 0 (0.00%)
* Elements of w remaining: 65 (100.00%)
* G1 elements in proof: 2
* G2 elements in proof: 1
* Proof size in bits: 1019
* Elements of w skipped: 1 (0.76%)
* Elements of w processed with special addition: 3 (2.27%)
* Elements of w remaining: 128 (96.97%)
* Elements of w skipped: 0 (0.00%)
* Elements of w processed with special addition: 2 (3.08%)
* Elements of w remaining: 63 (96.92%)
* Elements of w skipped: 0 (0.00%)
* Elements of w processed with special addition: 0 (0.00%)
* Elements of w remaining: 65 (100.00%)
* G1 elements in proof: 2
* G2 elements in proof: 1
* Proof size in bits: 1019
* Elements of w skipped: 1 (0.76%)
* Elements of w processed with special addition: 3 (2.27%)
* Elements of w remaining: 128 (96.97%)
* Elements of w skipped: 0 (0.00%)
* Elements of w processed with special addition: 2 (3.08%)
* Elements of w remaining: 63 (96.92%)
* Elements of w skipped: 0 (0.00%)
* Elements of w processed with special addition: 0 (0.00%)
* Elements of w remaining: 65 (100.00%)
* G1 elements in proof: 2
* G2 elements in proof: 1
* Proof size in bits: 1019
* Elements of w skipped: 1 (0.76%)
* Elements of w processed with special addition: 3 (2.27%)
* Elements of w remaining: 128 (96.97%)
* Elements of w skipped: 0 (0.00%)
* Elements of w processed with special addition: 2 (3.08%)
* Elements of w remaining: 63 (96.92%)
* Elements of w skipped: 0 (0.00%)
* Elements of w processed with special addition: 0 (0.00%)
* Elements of w remaining: 65 (100.00%)
* G1 elements in proof: 2
* G2 elements in proof: 1
* Proof size in bits: 1019
* Elements of w skipped: 1 (0.76%)
* Elements of w processed with special addition: 3 (2.27%)
* Elements of w remaining: 128 (96.97%)
* Elements of w skipped: 0 (0.00%)
* Elements of w processed with special addition: 2 (3.08%)
* Elements of w remaining: 63 (96.92%)
* Elements of w skipped: 0 (0.00%)
* Elements of w processed with special addition: 0 (0.00%)
* Elements of w remaining: 65 (100.00%)
* G1 elements in proof: 2
* G2 elements in proof: 1
* Proof size in bits: 1019
* Elements of w skipped: 1 (0.76%)
* Elements of w processed with special addition: 3 (2.27%)
* Elements of w remaining: 128 (96.97%)
* Elements of w skipped: 0 (0.00%)
* Elements of w processed with special addition: 2 (3.08%)
* Elements of w remaining: 63 (96.92%)
* Elements of w skipped: 0 (0.00%)
* Elements of w processed with special addition: 0 (0.00%)
* Elements of w remaining: 65 (100.00%)
* G1 elements in proof: 2
* G2 elements in proof: 1
* Proof size in bits: 1019
* Elements of w skipped: 1 (0.76%)
* Elements of w processed with special addition: 3 (2.27%)
* Elements of w remaining: 128 (96.97%)
* Elements of w skipped: 0 (0.00%)
* Elements of w processed with special addition: 2 (3.08%)
* Elements of w remaining: 63 (96.92%)
* Elements of w skipped: 0 (0.00%)
* Elements of w processed with special addition: 0 (0.00%)
* Elements of w remaining: 65 (100.00%)
* G1 elements in proof: 2
* G2 elements in proof: 1
* Proof size in bits: 1019
* Elements of w skipped: 1 (0.76%)
* Elements of w processed with special addition: 3 (2.27%)
* Elements of w remaining: 128 (96.97%)
* Elements of w skipped: 0 (0.00%)
* Elements of w processed with special addition: 2 (3.08%)
* Elements of w remaining: 63 (96.92%)
* Elements of w skipped: 0 (0.00%)
* Elements of w processed with special addition: 0 (0.00%)
* Elements of w remaining: 65 (100.00%)
* G1 elements in proof: 2
* G2 elements in proof: 1
* Proof size in bits: 1019
* Elements of w skipped: 1 (0.76%)
* Elements of w processed with special addition: 3 (2.27%)
* Elements of w remaining: 128 (96.97%)
* Elements of w skipped: 0 (0.00%)
* Elements of w processed with special addition: 2 (3.08%)
* Elements of w remaining: 63 (96.92%)
* Elements of w skipped: 0 (0.00%)
* Elements of w processed with special addition: 0 (0.00%)
* Elements of w remaining: 65 (100.00%)
* G1 elements in proof: 2
* G2 elements in proof: 1
* Proof size in bits: 1019
  1       65          40.1          14.56         2.75          PASS      
* Composed C_2: 130 constraints, 261 variables, 66 inputs
* QAP number of variables: 261
* QAP pre degree: 130
* QAP degree: 256
* QAP number of input variables: 66
* G1 window: 7
* G2 window: 5
* G1 elements in PK: 975
* Non-zero G1 elements in PK: 843
* G2 elements in PK: 263
* Non-zero G2 elements in PK: 131
* PK size in bits: 289964
* G1 elements in VK: 66
* G2 elements in VK: 2
* GT elements in VK: 1
* VK size in bits: 22327
* Elements of w skipped: 1 (0.38%)
* Elements of w processed with special addition: 4 (1.53%)
* Elements of w remaining: 257 (98.09%)
* Elements of w skipped: 0 (0.00%)
* Elements of w processed with special addition: 3 (2.31%)
* Elements of w remaining: 127 (97.69%)
* Elements of w skipped: 0 (0.00%)
* Elements of w processed with special addition: 1 (0.51%)
* Elements of w remaining: 194 (99.49%)
* G1 elements in proof: 2
* G2 elements in proof: 1
* Proof size in bits: 1019
* Elements of w skipped: 1 (0.38%)
* Elements of w processed with special addition: 4 (1.53%)
* Elements of w remaining: 257 (98.09%)
* Elements of w skipped: 0 (0.00%)
* Elements of w processed with special addition: 3 (2.31%)
* Elements of w remaining: 127 (97.69%)
* Elements of w skipped: 0 (0.00%)
* Elements of w processed with special addition: 1 (0.51%)
* Elements of w remaining: 194 (99.49%)
* G1 elements in proof: 2
* G2 elements in proof: 1
* Proof size in bits: 1019
* Elements of w skipped: 1 (0.38%)
* Elements of w processed with special addition: 4 (1.53%)
* Elements of w remaining: 257 (98.09%)
* Elements of w skipped: 0 (0.00%)
* Elements of w processed with special addition: 3 (2.31%)
* Elements of w remaining: 127 (97.69%)
* Elements of w skipped: 0 (0.00%)
* Elements of w processed with special addition: 1 (0.51%)
* Elements of w remaining: 194 (99.49%)
* G1 elements in proof: 2
* G2 elements in proof: 1
* Proof size in bits: 1019
* Elements of w skipped: 1 (0.38%)
* Elements of w processed with special addition: 4 (1.53%)
* Elements of w remaining: 257 (98.09%)
* Elements of w skipped: 0 (0.00%)
* Elements of w processed with special addition: 3 (2.31%)
* Elements of w remaining: 127 (97.69%)
* Elements of w skipped: 0 (0.00%)
* Elements of w processed with special addition: 1 (0.51%)
* Elements of w remaining: 194 (99.49%)
* G1 elements in proof: 2
* G2 elements in proof: 1
* Proof size in bits: 1019
* Elements of w skipped: 1 (0.38%)
* Elements of w processed with special addition: 4 (1.53%)
* Elements of w remaining: 257 (98.09%)
* Elements of w skipped: 0 (0.00%)
* Elements of w processed with special addition: 3 (2.31%)
* Elements of w remaining: 127 (97.69%)
* Elements of w skipped: 0 (0.00%)
* Elements of w processed with special addition: 1 (0.51%)
* Elements of w remaining: 194 (99.49%)
* G1 elements in proof: 2
* G2 elements in proof: 1
* Proof size in bits: 1019
* Elements of w skipped: 1 (0.38%)
* Elements of w processed with special addition: 4 (1.53%)
* Elements of w remaining: 257 (98.09%)
* Elements of w skipped: 0 (0.00%)
* Elements of w processed with special addition: 3 (2.31%)
* Elements of w remaining: 127 (97.69%)
* Elements of w skipped: 0 (0.00%)
* Elements of w processed with special addition: 1 (0.51%)
* Elements of w remaining: 194 (99.49%)
* G1 elements in proof: 2
* G2 elements in proof: 1
* Proof size in bits: 1019
* Elements of w skipped: 1 (0.38%)
* Elements of w processed with special addition: 4 (1.53%)
* Elements of w remaining: 257 (98.09%)
* Elements of w skipped: 0 (0.00%)
* Elements of w processed with special addition: 3 (2.31%)
* Elements of w remaining: 127 (97.69%)
* Elements of w skipped: 0 (0.00%)
* Elements of w processed with special addition: 1 (0.51%)
* Elements of w remaining: 194 (99.49%)
* G1 elements in proof: 2
* G2 elements in proof: 1
* Proof size in bits: 1019
* Elements of w skipped: 1 (0.38%)
* Elements of w processed with special addition: 4 (1.53%)
* Elements of w remaining: 257 (98.09%)
* Elements of w skipped: 0 (0.00%)
* Elements of w processed with special addition: 3 (2.31%)
* Elements of w remaining: 127 (97.69%)
* Elements of w skipped: 0 (0.00%)
* Elements of w processed with special addition: 1 (0.51%)
* Elements of w remaining: 194 (99.49%)
* G1 elements in proof: 2
* G2 elements in proof: 1
* Proof size in bits: 1019
* Elements of w skipped: 1 (0.38%)
* Elements of w processed with special addition: 4 (1.53%)
* Elements of w remaining: 257 (98.09%)
* Elements of w skipped: 0 (0.00%)
* Elements of w processed with special addition: 3 (2.31%)
* Elements of w remaining: 127 (97.69%)
* Elements of w skipped: 0 (0.00%)
* Elements of w processed with special addition: 1 (0.51%)
* Elements of w remaining: 194 (99.49%)
* G1 elements in proof: 2
* G2 elements in proof: 1
* Proof size in bits: 1019
* Elements of w skipped: 1 (0.38%)
* Elements of w processed with special addition: 4 (1.53%)
* Elements of w remaining: 257 (98.09%)
* Elements of w skipped: 0 (0.00%)
* Elements of w processed with special addition: 3 (2.31%)
* Elements of w remaining: 127 (97.69%)
* Elements of w skipped: 0 (0.00%)
* Elements of w processed with special addition: 1 (0.51%)
* Elements of w remaining: 194 (99.49%)
* G1 elements in proof: 2
* G2 elements in proof: 1
* Proof size in bits: 1019
  2       130         66.2          22.00         2.73          PASS      
* Composed C_4: 260 constraints, 521 variables, 66 inputs
* QAP number of variables: 521
* QAP pre degree: 260
* QAP degree: 384
* QAP number of input variables: 66
* G1 window: 8
* G2 window: 6
* G1 elements in PK: 1883
* Non-zero G1 elements in PK: 1621
* G2 elements in PK: 523
* Non-zero G2 elements in PK: 261
* PK size in bits: 562844
* G1 elements in VK: 66
* G2 elements in VK: 2
* GT elements in VK: 1
* VK size in bits: 22327
* Elements of w skipped: 1 (0.19%)
* Elements of w processed with special addition: 6 (1.15%)
* Elements of w remaining: 515 (98.66%)
* Elements of w skipped: 0 (0.00%)
* Elements of w processed with special addition: 5 (1.92%)
* Elements of w remaining: 255 (98.08%)
* Elements of w skipped: 0 (0.00%)
* Elements of w processed with special addition: 3 (0.66%)
* Elements of w remaining: 452 (99.34%)
* G1 elements in proof: 2
* G2 elements in proof: 1
* Proof size in bits: 1019
* Elements of w skipped: 1 (0.19%)
* Elements of w processed with special addition: 6 (1.15%)
* Elements of w remaining: 515 (98.66%)
* Elements of w skipped: 0 (0.00%)
* Elements of w processed with special addition: 5 (1.92%)
* Elements of w remaining: 255 (98.08%)
* Elements of w skipped: 0 (0.00%)
* Elements of w processed with special addition: 3 (0.66%)
* Elements of w remaining: 452 (99.34%)
* G1 elements in proof: 2
* G2 elements in proof: 1
* Proof size in bits: 1019
* Elements of w skipped: 1 (0.19%)
* Elements of w processed with special addition: 6 (1.15%)
* Elements of w remaining: 515 (98.66%)
* Elements of w skipped: 0 (0.00%)
* Elements of w processed with special addition: 5 (1.92%)
* Elements of w remaining: 255 (98.08%)
* Elements of w skipped: 0 (0.00%)
* Elements of w processed with special addition: 3 (0.66%)
* Elements of w remaining: 452 (99.34%)
* G1 elements in proof: 2
* G2 elements in proof: 1
* Proof size in bits: 1019
* Elements of w skipped: 1 (0.19%)
* Elements of w processed with special addition: 6 (1.15%)
* Elements of w remaining: 515 (98.66%)
* Elements of w skipped: 0 (0.00%)
* Elements of w processed with special addition: 5 (1.92%)
* Elements of w remaining: 255 (98.08%)
* Elements of w skipped: 0 (0.00%)
* Elements of w processed with special addition: 3 (0.66%)
* Elements of w remaining: 452 (99.34%)
* G1 elements in proof: 2
* G2 elements in proof: 1
* Proof size in bits: 1019
* Elements of w skipped: 1 (0.19%)
* Elements of w processed with special addition: 6 (1.15%)
* Elements of w remaining: 515 (98.66%)
* Elements of w skipped: 0 (0.00%)
* Elements of w processed with special addition: 5 (1.92%)
* Elements of w remaining: 255 (98.08%)
* Elements of w skipped: 0 (0.00%)
* Elements of w processed with special addition: 3 (0.66%)
* Elements of w remaining: 452 (99.34%)
* G1 elements in proof: 2
* G2 elements in proof: 1
* Proof size in bits: 1019
* Elements of w skipped: 1 (0.19%)
* Elements of w processed with special addition: 6 (1.15%)
* Elements of w remaining: 515 (98.66%)
* Elements of w skipped: 0 (0.00%)
* Elements of w processed with special addition: 5 (1.92%)
* Elements of w remaining: 255 (98.08%)
* Elements of w skipped: 0 (0.00%)
* Elements of w processed with special addition: 3 (0.66%)
* Elements of w remaining: 452 (99.34%)
* G1 elements in proof: 2
* G2 elements in proof: 1
* Proof size in bits: 1019
* Elements of w skipped: 1 (0.19%)
* Elements of w processed with special addition: 6 (1.15%)
* Elements of w remaining: 515 (98.66%)
* Elements of w skipped: 0 (0.00%)
* Elements of w processed with special addition: 5 (1.92%)
* Elements of w remaining: 255 (98.08%)
* Elements of w skipped: 0 (0.00%)
* Elements of w processed with special addition: 3 (0.66%)
* Elements of w remaining: 452 (99.34%)
* G1 elements in proof: 2
* G2 elements in proof: 1
* Proof size in bits: 1019
* Elements of w skipped: 1 (0.19%)
* Elements of w processed with special addition: 6 (1.15%)
* Elements of w remaining: 515 (98.66%)
* Elements of w skipped: 0 (0.00%)
* Elements of w processed with special addition: 5 (1.92%)
* Elements of w remaining: 255 (98.08%)
* Elements of w skipped: 0 (0.00%)
* Elements of w processed with special addition: 3 (0.66%)
* Elements of w remaining: 452 (99.34%)
* G1 elements in proof: 2
* G2 elements in proof: 1
* Proof size in bits: 1019
* Elements of w skipped: 1 (0.19%)
* Elements of w processed with special addition: 6 (1.15%)
* Elements of w remaining: 515 (98.66%)
* Elements of w skipped: 0 (0.00%)
* Elements of w processed with special addition: 5 (1.92%)
* Elements of w remaining: 255 (98.08%)
* Elements of w skipped: 0 (0.00%)
* Elements of w processed with special addition: 3 (0.66%)
* Elements of w remaining: 452 (99.34%)
* G1 elements in proof: 2
* G2 elements in proof: 1
* Proof size in bits: 1019
* Elements of w skipped: 1 (0.19%)
* Elements of w processed with special addition: 6 (1.15%)
* Elements of w remaining: 515 (98.66%)
* Elements of w skipped: 0 (0.00%)
* Elements of w processed with special addition: 5 (1.92%)
* Elements of w remaining: 255 (98.08%)
* Elements of w skipped: 0 (0.00%)
* Elements of w processed with special addition: 3 (0.66%)
* Elements of w remaining: 452 (99.34%)
* G1 elements in proof: 2
* G2 elements in proof: 1
* Proof size in bits: 1019
  4       260         106.2         32.07         2.77          PASS      
* Composed C_8: 520 constraints, 1041 variables, 66 inputs
* QAP number of variables: 1041
* QAP pre degree: 520
* QAP degree: 640
* QAP number of input variables: 66
* G1 window: 8
* G2 window: 7
* G1 elements in PK: 3699
* Non-zero G1 elements in PK: 3177
* G2 elements in PK: 1043
* Non-zero G2 elements in PK: 521
* PK size in bits: 1108604
* G1 elements in VK: 66
* G2 elements in VK: 2
* GT elements in VK: 1
* VK size in bits: 22327
* Elements of w skipped: 1 (0.10%)
* Elements of w processed with special addition: 10 (0.96%)
* Elements of w remaining: 1031 (98.94%)
* Elements of w skipped: 0 (0.00%)
* Elements of w processed with special addition: 9 (1.73%)
* Elements of w remaining: 511 (98.27%)
* Elements of w skipped: 0 (0.00%)
* Elements of w processed with special addition: 7 (0.72%)
* Elements of w remaining: 968 (99.28%)
* G1 elements in proof: 2
* G2 elements in proof: 1
* Proof size in bits: 1019
* Elements of w skipped: 1 (0.10%)
* Elements of w processed with special addition: 10 (0.96%)
* Elements of w remaining: 1031 (98.94%)
* Elements of w skipped: 0 (0.00%)
* Elements of w processed with special addition: 9 (1.73%)
* Elements of w remaining: 511 (98.27%)
* Elements of w skipped: 0 (0.00%)
* Elements of w processed with special addition: 7 (0.72%)
* Elements of w remaining: 968 (99.28%)
* G1 elements in proof: 2
* G2 elements in proof: 1
* Proof size in bits: 1019
* Elements of w skipped: 1 (0.10%)
* Elements of w processed with special addition: 10 (0.96%)
* Elements of w remaining: 1031 (98.94%)
* Elements of w skipped: 0 (0.00%)
* Elements of w processed with special addition: 9 (1.73%)
* Elements of w remaining: 511 (98.27%)
* Elements of w skipped: 0 (0.00%)
* Elements of w processed with special addition: 7 (0.72%)
* Elements of w remaining: 968 (99.28%)
* G1 elements in proof: 2
* G2 elements in proof: 1
* Proof size in bits: 1019
* Elements of w skipped: 1 (0.10%)
* Elements of w processed with special addition: 10 (0.96%)
* Elements of w remaining: 1031 (98.94%)
* Elements of w skipped: 0 (0.00%)
* Elements of w processed with special addition: 9 (1.73%)
* Elements of w remaining: 511 (98.27%)
* Elements of w skipped: 0 (0.00%)
* Elements of w processed with special addition: 7 (0.72%)
* Elements of w remaining: 968 (99.28%)
* G1 elements in proof: 2
* G2 elements in proof: 1
* Proof size in bits: 1019
* Elements of w skipped: 1 (0.10%)
* Elements of w processed with special addition: 10 (0.96%)
* Elements of w remaining: 1031 (98.94%)
* Elements of w skipped: 0 (0.00%)
* Elements of w processed with special addition: 9 (1.73%)
* Elements of w remaining: 511 (98.27%)
* Elements of w skipped: 0 (0.00%)
* Elements of w processed with special addition: 7 (0.72%)
* Elements of w remaining: 968 (99.28%)
* G1 elements in proof: 2
* G2 elements in proof: 1
* Proof size in bits: 1019
* Elements of w skipped: 1 (0.10%)
* Elements of w processed with special addition: 10 (0.96%)
* Elements of w remaining: 1031 (98.94%)
* Elements of w skipped: 0 (0.00%)
* Elements of w processed with special addition: 9 (1.73%)
* Elements of w remaining: 511 (98.27%)
* Elements of w skipped: 0 (0.00%)
* Elements of w processed with special addition: 7 (0.72%)
* Elements of w remaining: 968 (99.28%)
* G1 elements in proof: 2
* G2 elements in proof: 1
* Proof size in bits: 1019
* Elements of w skipped: 1 (0.10%)
* Elements of w processed with special addition: 10 (0.96%)
* Elements of w remaining: 1031 (98.94%)
* Elements of w skipped: 0 (0.00%)
* Elements of w processed with special addition: 9 (1.73%)
* Elements of w remaining: 511 (98.27%)
* Elements of w skipped: 0 (0.00%)
* Elements of w processed with special addition: 7 (0.72%)
* Elements of w remaining: 968 (99.28%)
* G1 elements in proof: 2
* G2 elements in proof: 1
* Proof size in bits: 1019
* Elements of w skipped: 1 (0.10%)
* Elements of w processed with special addition: 10 (0.96%)
* Elements of w remaining: 1031 (98.94%)
* Elements of w skipped: 0 (0.00%)
* Elements of w processed with special addition: 9 (1.73%)
* Elements of w remaining: 511 (98.27%)
* Elements of w skipped: 0 (0.00%)
* Elements of w processed with special addition: 7 (0.72%)
* Elements of w remaining: 968 (99.28%)
* G1 elements in proof: 2
* G2 elements in proof: 1
* Proof size in bits: 1019
* Elements of w skipped: 1 (0.10%)
* Elements of w processed with special addition: 10 (0.96%)
* Elements of w remaining: 1031 (98.94%)
* Elements of w skipped: 0 (0.00%)
* Elements of w processed with special addition: 9 (1.73%)
* Elements of w remaining: 511 (98.27%)
* Elements of w skipped: 0 (0.00%)
* Elements of w processed with special addition: 7 (0.72%)
* Elements of w remaining: 968 (99.28%)
* G1 elements in proof: 2
* G2 elements in proof: 1
* Proof size in bits: 1019
* Elements of w skipped: 1 (0.10%)
* Elements of w processed with special addition: 10 (0.96%)
* Elements of w remaining: 1031 (98.94%)
* Elements of w skipped: 0 (0.00%)
* Elements of w processed with special addition: 9 (1.73%)
* Elements of w remaining: 511 (98.27%)
* Elements of w skipped: 0 (0.00%)
* Elements of w processed with special addition: 7 (0.72%)
* Elements of w remaining: 968 (99.28%)
* G1 elements in proof: 2
* G2 elements in proof: 1
* Proof size in bits: 1019
  8       520         181.0         55.26         2.78          PASS      
* Composed C_16: 1040 constraints, 2081 variables, 66 inputs
* QAP number of variables: 2081
* QAP pre degree: 1040
* QAP degree: 1152
* QAP number of input variables: 66
* G1 window: 9
* G2 window: 8
* G1 elements in PK: 7331
* Non-zero G1 elements in PK: 6289
* G2 elements in PK: 2083
* Non-zero G2 elements in PK: 1041
* PK size in bits: 2200124
* G1 elements in VK: 66
* G2 elements in VK: 2
* GT elements in VK: 1
* VK size in bits: 22327
* Elements of w skipped: 1 (0.05%)
* Elements of w processed with special addition: 18 (0.86%)
* Elements of w remaining: 2063 (99.09%)
* Elements of w skipped: 0 (0.00%)
* Elements of w processed with special addition: 17 (1.63%)
* Elements of w remaining: 1023 (98.37%)
* Elements of w skipped: 0 (0.00%)
* Elements of w processed with special addition: 15 (0.74%)
* Elements of w remaining: 2000 (99.26%)
* G1 elements in proof: 2
* G2 elements in proof: 1
* Proof size in bits: 1019
* Elements of w skipped: 1 (0.05%)
* Elements of w processed with special addition: 18 (0.86%)
* Elements of w remaining: 2063 (99.09%)
* Elements of w skipped: 0 (0.00%)
* Elements of w processed with special addition: 17 (1.63%)
* Elements of w remaining: 1023 (98.37%)
* Elements of w skipped: 0 (0.00%)
* Elements of w processed with special addition: 15 (0.74%)
* Elements of w remaining: 2000 (99.26%)
* G1 elements in proof: 2
* G2 elements in proof: 1
* Proof size in bits: 1019
* Elements of w skipped: 1 (0.05%)
* Elements of w processed with special addition: 18 (0.86%)
* Elements of w remaining: 2063 (99.09%)
* Elements of w skipped: 0 (0.00%)
* Elements of w processed with special addition: 17 (1.63%)
* Elements of w remaining: 1023 (98.37%)
* Elements of w skipped: 0 (0.00%)
* Elements of w processed with special addition: 15 (0.74%)
* Elements of w remaining: 2000 (99.26%)
* G1 elements in proof: 2
* G2 elements in proof: 1
* Proof size in bits: 1019
* Elements of w skipped: 1 (0.05%)
* Elements of w processed with special addition: 18 (0.86%)
* Elements of w remaining: 2063 (99.09%)
* Elements of w skipped: 0 (0.00%)
* Elements of w processed with special addition: 17 (1.63%)
* Elements of w remaining: 1023 (98.37%)
* Elements of w skipped: 0 (0.00%)
* Elements of w processed with special addition: 15 (0.74%)
* Elements of w remaining: 2000 (99.26%)
* G1 elements in proof: 2
* G2 elements in proof: 1
* Proof size in bits: 1019
* Elements of w skipped: 1 (0.05%)
* Elements of w processed with special addition: 18 (0.86%)
* Elements of w remaining: 2063 (99.09%)
* Elements of w skipped: 0 (0.00%)
* Elements of w processed with special addition: 17 (1.63%)
* Elements of w remaining: 1023 (98.37%)
* Elements of w skipped: 0 (0.00%)
* Elements of w processed with special addition: 15 (0.74%)
* Elements of w remaining: 2000 (99.26%)
* G1 elements in proof: 2
* G2 elements in proof: 1
* Proof size in bits: 1019
* Elements of w skipped: 1 (0.05%)
* Elements of w processed with special addition: 18 (0.86%)
* Elements of w remaining: 2063 (99.09%)
* Elements of w skipped: 0 (0.00%)
* Elements of w processed with special addition: 17 (1.63%)
* Elements of w remaining: 1023 (98.37%)
* Elements of w skipped: 0 (0.00%)
* Elements of w processed with special addition: 15 (0.74%)
* Elements of w remaining: 2000 (99.26%)
* G1 elements in proof: 2
* G2 elements in proof: 1
* Proof size in bits: 1019
* Elements of w skipped: 1 (0.05%)
* Elements of w processed with special addition: 18 (0.86%)
* Elements of w remaining: 2063 (99.09%)
* Elements of w skipped: 0 (0.00%)
* Elements of w processed with special addition: 17 (1.63%)
* Elements of w remaining: 1023 (98.37%)
* Elements of w skipped: 0 (0.00%)
* Elements of w processed with special addition: 15 (0.74%)
* Elements of w remaining: 2000 (99.26%)
* G1 elements in proof: 2
* G2 elements in proof: 1
* Proof size in bits: 1019
* Elements of w skipped: 1 (0.05%)
* Elements of w processed with special addition: 18 (0.86%)
* Elements of w remaining: 2063 (99.09%)
* Elements of w skipped: 0 (0.00%)
* Elements of w processed with special addition: 17 (1.63%)
* Elements of w remaining: 1023 (98.37%)
* Elements of w skipped: 0 (0.00%)
* Elements of w processed with special addition: 15 (0.74%)
* Elements of w remaining: 2000 (99.26%)
* G1 elements in proof: 2
* G2 elements in proof: 1
* Proof size in bits: 1019
* Elements of w skipped: 1 (0.05%)
* Elements of w processed with special addition: 18 (0.86%)
* Elements of w remaining: 2063 (99.09%)
* Elements of w skipped: 0 (0.00%)
* Elements of w processed with special addition: 17 (1.63%)
* Elements of w remaining: 1023 (98.37%)
* Elements of w skipped: 0 (0.00%)
* Elements of w processed with special addition: 15 (0.74%)
* Elements of w remaining: 2000 (99.26%)
* G1 elements in proof: 2
* G2 elements in proof: 1
* Proof size in bits: 1019
* Elements of w skipped: 1 (0.05%)
* Elements of w processed with special addition: 18 (0.86%)
* Elements of w remaining: 2063 (99.09%)
* Elements of w skipped: 0 (0.00%)
* Elements of w processed with special addition: 17 (1.63%)
* Elements of w remaining: 1023 (98.37%)
* Elements of w skipped: 0 (0.00%)
* Elements of w processed with special addition: 15 (0.74%)
* Elements of w remaining: 2000 (99.26%)
* G1 elements in proof: 2
* G2 elements in proof: 1
* Proof size in bits: 1019
  16      1040        311.7         88.95         2.75          PASS      
* Composed C_32: 2080 constraints, 4161 variables, 66 inputs
* QAP number of variables: 4161
* QAP pre degree: 2080
* QAP degree: 2176
* QAP number of input variables: 66
* G1 window: 11
* G2 window: 9
* G1 elements in PK: 14595
* Non-zero G1 elements in PK: 12513
* G2 elements in PK: 4163
* Non-zero G2 elements in PK: 2081
* PK size in bits: 4383164
* G1 elements in VK: 66
* G2 elements in VK: 2
* GT elements in VK: 1
* VK size in bits: 22327
* Elements of w skipped: 1 (0.02%)
* Elements of w processed with special addition: 34 (0.82%)
* Elements of w remaining: 4127 (99.16%)
* Elements of w skipped: 0 (0.00%)
* Elements of w processed with special addition: 33 (1.59%)
* Elements of w remaining: 2047 (98.41%)
* Elements of w skipped: 0 (0.00%)
* Elements of w processed with special addition: 31 (0.76%)
* Elements of w remaining: 4064 (99.24%)
* G1 elements in proof: 2
* G2 elements in proof: 1
* Proof size in bits: 1019
* Elements of w skipped: 1 (0.02%)
* Elements of w processed with special addition: 34 (0.82%)
* Elements of w remaining: 4127 (99.16%)
* Elements of w skipped: 0 (0.00%)
* Elements of w processed with special addition: 33 (1.59%)
* Elements of w remaining: 2047 (98.41%)
* Elements of w skipped: 0 (0.00%)
* Elements of w processed with special addition: 31 (0.76%)
* Elements of w remaining: 4064 (99.24%)
* G1 elements in proof: 2
* G2 elements in proof: 1
* Proof size in bits: 1019
* Elements of w skipped: 1 (0.02%)
* Elements of w processed with special addition: 34 (0.82%)
* Elements of w remaining: 4127 (99.16%)
* Elements of w skipped: 0 (0.00%)
* Elements of w processed with special addition: 33 (1.59%)
* Elements of w remaining: 2047 (98.41%)
* Elements of w skipped: 0 (0.00%)
* Elements of w processed with special addition: 31 (0.76%)
* Elements of w remaining: 4064 (99.24%)
* G1 elements in proof: 2
* G2 elements in proof: 1
* Proof size in bits: 1019
* Elements of w skipped: 1 (0.02%)
* Elements of w processed with special addition: 34 (0.82%)
* Elements of w remaining: 4127 (99.16%)
* Elements of w skipped: 0 (0.00%)
* Elements of w processed with special addition: 33 (1.59%)
* Elements of w remaining: 2047 (98.41%)
* Elements of w skipped: 0 (0.00%)
* Elements of w processed with special addition: 31 (0.76%)
* Elements of w remaining: 4064 (99.24%)
* G1 elements in proof: 2
* G2 elements in proof: 1
* Proof size in bits: 1019
* Elements of w skipped: 1 (0.02%)
* Elements of w processed with special addition: 34 (0.82%)
* Elements of w remaining: 4127 (99.16%)
* Elements of w skipped: 0 (0.00%)
* Elements of w processed with special addition: 33 (1.59%)
* Elements of w remaining: 2047 (98.41%)
* Elements of w skipped: 0 (0.00%)
* Elements of w processed with special addition: 31 (0.76%)
* Elements of w remaining: 4064 (99.24%)
* G1 elements in proof: 2
* G2 elements in proof: 1
* Proof size in bits: 1019
* Elements of w skipped: 1 (0.02%)
* Elements of w processed with special addition: 34 (0.82%)
* Elements of w remaining: 4127 (99.16%)
* Elements of w skipped: 0 (0.00%)
* Elements of w processed with special addition: 33 (1.59%)
* Elements of w remaining: 2047 (98.41%)
* Elements of w skipped: 0 (0.00%)
* Elements of w processed with special addition: 31 (0.76%)
* Elements of w remaining: 4064 (99.24%)
* G1 elements in proof: 2
* G2 elements in proof: 1
* Proof size in bits: 1019
* Elements of w skipped: 1 (0.02%)
* Elements of w processed with special addition: 34 (0.82%)
* Elements of w remaining: 4127 (99.16%)
* Elements of w skipped: 0 (0.00%)
* Elements of w processed with special addition: 33 (1.59%)
* Elements of w remaining: 2047 (98.41%)
* Elements of w skipped: 0 (0.00%)
* Elements of w processed with special addition: 31 (0.76%)
* Elements of w remaining: 4064 (99.24%)
* G1 elements in proof: 2
* G2 elements in proof: 1
* Proof size in bits: 1019
* Elements of w skipped: 1 (0.02%)
* Elements of w processed with special addition: 34 (0.82%)
* Elements of w remaining: 4127 (99.16%)
* Elements of w skipped: 0 (0.00%)
* Elements of w processed with special addition: 33 (1.59%)
* Elements of w remaining: 2047 (98.41%)
* Elements of w skipped: 0 (0.00%)
* Elements of w processed with special addition: 31 (0.76%)
* Elements of w remaining: 4064 (99.24%)
* G1 elements in proof: 2
* G2 elements in proof: 1
* Proof size in bits: 1019
* Elements of w skipped: 1 (0.02%)
* Elements of w processed with special addition: 34 (0.82%)
* Elements of w remaining: 4127 (99.16%)
* Elements of w skipped: 0 (0.00%)
* Elements of w processed with special addition: 33 (1.59%)
* Elements of w remaining: 2047 (98.41%)
* Elements of w skipped: 0 (0.00%)
* Elements of w processed with special addition: 31 (0.76%)
* Elements of w remaining: 4064 (99.24%)
* G1 elements in proof: 2
* G2 elements in proof: 1
* Proof size in bits: 1019
* Elements of w skipped: 1 (0.02%)
* Elements of w processed with special addition: 34 (0.82%)
* Elements of w remaining: 4127 (99.16%)
* Elements of w skipped: 0 (0.00%)
* Elements of w processed with special addition: 33 (1.59%)
* Elements of w remaining: 2047 (98.41%)
* Elements of w skipped: 0 (0.00%)
* Elements of w processed with special addition: 31 (0.76%)
* Elements of w remaining: 4064 (99.24%)
* G1 elements in proof: 2
* G2 elements in proof: 1
* Proof size in bits: 1019
  32      2080        548.6         147.12        2.76          PASS      
* Composed C_64: 4160 constraints, 8321 variables, 66 inputs
* QAP number of variables: 8321
* QAP pre degree: 4160
* QAP degree: 4352
* QAP number of input variables: 66
* G1 window: 11
* G2 window: 9
* G1 elements in PK: 29251
* Non-zero G1 elements in PK: 25089
* G2 elements in PK: 8323
* Non-zero G2 elements in PK: 4161
* PK size in bits: 8781884
* G1 elements in VK: 66
* G2 elements in VK: 2
* GT elements in VK: 1
* VK size in bits: 22327
* Elements of w skipped: 1 (0.01%)
* Elements of w processed with special addition: 66 (0.79%)
* Elements of w remaining: 8255 (99.19%)
* Elements of w skipped: 0 (0.00%)
* Elements of w processed with special addition: 65 (1.56%)
* Elements of w remaining: 4095 (98.44%)
* Elements of w skipped: 0 (0.00%)
* Elements of w processed with special addition: 63 (0.76%)
* Elements of w remaining: 8192 (99.24%)
* G1 elements in proof: 2
* G2 elements in proof: 1
* Proof size in bits: 1019
* Elements of w skipped: 1 (0.01%)
* Elements of w processed with special addition: 66 (0.79%)
* Elements of w remaining: 8255 (99.19%)
* Elements of w skipped: 0 (0.00%)
* Elements of w processed with special addition: 65 (1.56%)
* Elements of w remaining: 4095 (98.44%)
* Elements of w skipped: 0 (0.00%)
* Elements of w processed with special addition: 63 (0.76%)
* Elements of w remaining: 8192 (99.24%)
* G1 elements in proof: 2
* G2 elements in proof: 1
* Proof size in bits: 1019
* Elements of w skipped: 1 (0.01%)
* Elements of w processed with special addition: 66 (0.79%)
* Elements of w remaining: 8255 (99.19%)
* Elements of w skipped: 0 (0.00%)
* Elements of w processed with special addition: 65 (1.56%)
* Elements of w remaining: 4095 (98.44%)
* Elements of w skipped: 0 (0.00%)
* Elements of w processed with special addition: 63 (0.76%)
* Elements of w remaining: 8192 (99.24%)
* G1 elements in proof: 2
* G2 elements in proof: 1
* Proof size in bits: 1019
* Elements of w skipped: 1 (0.01%)
* Elements of w processed with special addition: 66 (0.79%)
* Elements of w remaining: 8255 (99.19%)
* Elements of w skipped: 0 (0.00%)
* Elements of w processed with special addition: 65 (1.56%)
* Elements of w remaining: 4095 (98.44%)
* Elements of w skipped: 0 (0.00%)
* Elements of w processed with special addition: 63 (0.76%)
* Elements of w remaining: 8192 (99.24%)
* G1 elements in proof: 2
* G2 elements in proof: 1
* Proof size in bits: 1019
* Elements of w skipped: 1 (0.01%)
* Elements of w processed with special addition: 66 (0.79%)
* Elements of w remaining: 8255 (99.19%)
* Elements of w skipped: 0 (0.00%)
* Elements of w processed with special addition: 65 (1.56%)
* Elements of w remaining: 4095 (98.44%)
* Elements of w skipped: 0 (0.00%)
* Elements of w processed with special addition: 63 (0.76%)
* Elements of w remaining: 8192 (99.24%)
* G1 elements in proof: 2
* G2 elements in proof: 1
* Proof size in bits: 1019
* Elements of w skipped: 1 (0.01%)
* Elements of w processed with special addition: 66 (0.79%)
* Elements of w remaining: 8255 (99.19%)
* Elements of w skipped: 0 (0.00%)
* Elements of w processed with special addition: 65 (1.56%)
* Elements of w remaining: 4095 (98.44%)
* Elements of w skipped: 0 (0.00%)
* Elements of w processed with special addition: 63 (0.76%)
* Elements of w remaining: 8192 (99.24%)
* G1 elements in proof: 2
* G2 elements in proof: 1
* Proof size in bits: 1019
* Elements of w skipped: 1 (0.01%)
* Elements of w processed with special addition: 66 (0.79%)
* Elements of w remaining: 8255 (99.19%)
* Elements of w skipped: 0 (0.00%)
* Elements of w processed with special addition: 65 (1.56%)
* Elements of w remaining: 4095 (98.44%)
* Elements of w skipped: 0 (0.00%)
* Elements of w processed with special addition: 63 (0.76%)
* Elements of w remaining: 8192 (99.24%)
* G1 elements in proof: 2
* G2 elements in proof: 1
* Proof size in bits: 1019
* Elements of w skipped: 1 (0.01%)
* Elements of w processed with special addition: 66 (0.79%)
* Elements of w remaining: 8255 (99.19%)
* Elements of w skipped: 0 (0.00%)
* Elements of w processed with special addition: 65 (1.56%)
* Elements of w remaining: 4095 (98.44%)
* Elements of w skipped: 0 (0.00%)
* Elements of w processed with special addition: 63 (0.76%)
* Elements of w remaining: 8192 (99.24%)
* G1 elements in proof: 2
* G2 elements in proof: 1
* Proof size in bits: 1019
* Elements of w skipped: 1 (0.01%)
* Elements of w processed with special addition: 66 (0.79%)
* Elements of w remaining: 8255 (99.19%)
* Elements of w skipped: 0 (0.00%)
* Elements of w processed with special addition: 65 (1.56%)
* Elements of w remaining: 4095 (98.44%)
* Elements of w skipped: 0 (0.00%)
* Elements of w processed with special addition: 63 (0.76%)
* Elements of w remaining: 8192 (99.24%)
* G1 elements in proof: 2
* G2 elements in proof: 1
* Proof size in bits: 1019
* Elements of w skipped: 1 (0.01%)
* Elements of w processed with special addition: 66 (0.79%)
* Elements of w remaining: 8255 (99.19%)
* Elements of w skipped: 0 (0.00%)
* Elements of w processed with special addition: 65 (1.56%)
* Elements of w remaining: 4095 (98.44%)
* Elements of w skipped: 0 (0.00%)
* Elements of w processed with special addition: 63 (0.76%)
* Elements of w remaining: 8192 (99.24%)
* G1 elements in proof: 2
* G2 elements in proof: 1
* Proof size in bits: 1019
  64      4160        1036.0        271.99        2.71          PASS      

  Groth16 results written to /Users/heewonchung/Documents/00-Research/active/Updatable Verifiable Computation/Dev/results/2026-03-09_201110_iot/csv/groth16_results.csv

================================================================
All benchmarks complete.
================================================================
  Done in 26s


C++ IoT benchmarks complete.
  UVC:     /Users/heewonchung/Documents/00-Research/active/Updatable Verifiable Computation/Dev/results/2026-03-09_201110_iot/csv/uvc_results.csv
  Groth16: /Users/heewonchung/Documents/00-Research/active/Updatable Verifiable Computation/Dev/results/2026-03-09_201110_iot/csv/groth16_results.csv

============================================================
  Nova IoT Sensor Fusion Benchmarks
  Configurations: 5
============================================================

------------------------------------------------------------
  Running: [1/5] nova sensor_fusion K=4 steps=64
  Command: nova-bench --circuit sensor_fusion --n 4 --steps 64 --output-dir /Users/heewonchung/Documents/00-Research/active/Updatable Verifiable Computation/Dev/results/2026-03-09_201110_iot/csv
------------------------------------------------------------
================================================================
Nova Folding-Scheme Benchmark
================================================================
  Circuit: sensor_fusion, n=4, steps=64
  Sensor fusion circuit: 4 sensors, 1 constraint/step
  [Setup] Computing public parameters...
  Setup: 773.8 ms
  [Fold] Running 64 steps...
    Step 1: 14.12 ms
    Step 10: 31.64 ms
    Step 20: 32.51 ms
    Step 30: 31.31 ms
    Step 40: 34.29 ms
    Step 50: 32.21 ms
    Step 60: 36.48 ms
    Step 64: 31.86 ms
  RecursiveSNARK verified OK
  [Compress] Generating compressed SNARK...
  Compress: 547.8 ms
  Verify: 21.85 ms

  Summary:
    Setup:         773.8 ms
    Total fold:    2036.4 ms
    Avg fold/step: 31.82 ms
    Compress:      547.8 ms
    Verify:        21.85 ms
  Nova results written to /Users/heewonchung/Documents/00-Research/active/Updatable Verifiable Computation/Dev/results/2026-03-09_201110_iot/csv/nova_results.csv

================================================================
Nova benchmark complete.
================================================================
  Done in 4s

------------------------------------------------------------
  Running: [2/5] nova sensor_fusion K=8 steps=64
  Command: nova-bench --circuit sensor_fusion --n 8 --steps 64 --output-dir /Users/heewonchung/Documents/00-Research/active/Updatable Verifiable Computation/Dev/results/2026-03-09_201110_iot/csv
------------------------------------------------------------
================================================================
Nova Folding-Scheme Benchmark
================================================================
  Circuit: sensor_fusion, n=8, steps=64
  Sensor fusion circuit: 8 sensors, 1 constraint/step
  [Setup] Computing public parameters...
  Setup: 744.7 ms
  [Fold] Running 64 steps...
    Step 1: 13.67 ms
    Step 10: 31.40 ms
    Step 20: 31.36 ms
    Step 30: 39.36 ms
    Step 40: 31.12 ms
    Step 50: 33.99 ms
    Step 60: 31.35 ms
    Step 64: 31.52 ms
  RecursiveSNARK verified OK
  [Compress] Generating compressed SNARK...
  Compress: 569.7 ms
  Verify: 21.82 ms

  Summary:
    Setup:         744.7 ms
    Total fold:    2113.0 ms
    Avg fold/step: 33.02 ms
    Compress:      569.7 ms
    Verify:        21.82 ms
  Nova results written to /Users/heewonchung/Documents/00-Research/active/Updatable Verifiable Computation/Dev/results/2026-03-09_201110_iot/csv/nova_results.csv

================================================================
Nova benchmark complete.
================================================================
  Done in 3s

------------------------------------------------------------
  Running: [3/5] nova sensor_fusion K=16 steps=64
  Command: nova-bench --circuit sensor_fusion --n 16 --steps 64 --output-dir /Users/heewonchung/Documents/00-Research/active/Updatable Verifiable Computation/Dev/results/2026-03-09_201110_iot/csv
------------------------------------------------------------
================================================================
Nova Folding-Scheme Benchmark
================================================================
  Circuit: sensor_fusion, n=16, steps=64
  Sensor fusion circuit: 16 sensors, 1 constraint/step
  [Setup] Computing public parameters...
  Setup: 732.0 ms
  [Fold] Running 64 steps...
    Step 1: 13.76 ms
    Step 10: 32.25 ms
    Step 20: 31.52 ms
    Step 30: 31.61 ms
    Step 40: 31.17 ms
    Step 50: 31.59 ms
    Step 60: 31.79 ms
    Step 64: 31.76 ms
  RecursiveSNARK verified OK
  [Compress] Generating compressed SNARK...
  Compress: 548.0 ms
  Verify: 21.35 ms

  Summary:
    Setup:         732.0 ms
    Total fold:    2019.3 ms
    Avg fold/step: 31.55 ms
    Compress:      548.0 ms
    Verify:        21.35 ms
  Nova results written to /Users/heewonchung/Documents/00-Research/active/Updatable Verifiable Computation/Dev/results/2026-03-09_201110_iot/csv/nova_results.csv

================================================================
Nova benchmark complete.
================================================================
  Done in 4s

------------------------------------------------------------
  Running: [4/5] nova sensor_fusion K=32 steps=64
  Command: nova-bench --circuit sensor_fusion --n 32 --steps 64 --output-dir /Users/heewonchung/Documents/00-Research/active/Updatable Verifiable Computation/Dev/results/2026-03-09_201110_iot/csv
------------------------------------------------------------
================================================================
Nova Folding-Scheme Benchmark
================================================================
  Circuit: sensor_fusion, n=32, steps=64
  Sensor fusion circuit: 32 sensors, 1 constraint/step
  [Setup] Computing public parameters...
  Setup: 743.9 ms
  [Fold] Running 64 steps...
    Step 1: 13.93 ms
    Step 10: 31.70 ms
    Step 20: 32.01 ms
    Step 30: 31.25 ms
    Step 40: 75.40 ms
    Step 50: 31.73 ms
    Step 60: 31.59 ms
    Step 64: 31.80 ms
  RecursiveSNARK verified OK
  [Compress] Generating compressed SNARK...
  Compress: 544.1 ms
  Verify: 20.89 ms

  Summary:
    Setup:         743.9 ms
    Total fold:    2115.2 ms
    Avg fold/step: 33.05 ms
    Compress:      544.1 ms
    Verify:        20.89 ms
  Nova results written to /Users/heewonchung/Documents/00-Research/active/Updatable Verifiable Computation/Dev/results/2026-03-09_201110_iot/csv/nova_results.csv

================================================================
Nova benchmark complete.
================================================================
  Done in 3s

------------------------------------------------------------
  Running: [5/5] nova sensor_fusion K=64 steps=64
  Command: nova-bench --circuit sensor_fusion --n 64 --steps 64 --output-dir /Users/heewonchung/Documents/00-Research/active/Updatable Verifiable Computation/Dev/results/2026-03-09_201110_iot/csv
------------------------------------------------------------
================================================================
Nova Folding-Scheme Benchmark
================================================================
  Circuit: sensor_fusion, n=64, steps=64
  Sensor fusion circuit: 64 sensors, 1 constraint/step
  [Setup] Computing public parameters...
  Setup: 729.7 ms
  [Fold] Running 64 steps...
    Step 1: 14.05 ms
    Step 10: 31.80 ms
    Step 20: 31.66 ms
    Step 30: 31.89 ms
    Step 40: 32.76 ms
    Step 50: 31.91 ms
    Step 60: 31.72 ms
    Step 64: 31.12 ms
  RecursiveSNARK verified OK
  [Compress] Generating compressed SNARK...
  Compress: 544.3 ms
  Verify: 21.19 ms

  Summary:
    Setup:         729.7 ms
    Total fold:    2074.4 ms
    Avg fold/step: 32.41 ms
    Compress:      544.3 ms
    Verify:        21.19 ms
  Nova results written to /Users/heewonchung/Documents/00-Research/active/Updatable Verifiable Computation/Dev/results/2026-03-09_201110_iot/csv/nova_results.csv

================================================================
Nova benchmark complete.
================================================================
  Done in 4s


Nova IoT benchmarks complete.
  Results: /Users/heewonchung/Documents/00-Research/active/Updatable Verifiable Computation/Dev/results/2026-03-09_201110_iot/csv/nova_results.csv

============================================================
  Merging Results & Generating Tables
============================================================

Combined results written to /Users/heewonchung/Documents/00-Research/active/Updatable Verifiable Computation/Dev/results/2026-03-09_201110_iot/csv/combined_results.csv
  UVC rows: 60, Groth16 rows: 35, Nova rows: 35
  Total combined rows: 60
  UVC table written to /Users/heewonchung/Documents/00-Research/active/Updatable Verifiable Computation/Dev/results/2026-03-09_201110_iot/tables/table_uvc.tex
  Comparison table written to /Users/heewonchung/Documents/00-Research/active/Updatable Verifiable Computation/Dev/results/2026-03-09_201110_iot/tables/table_comparison.tex
  Crossover analysis written to /Users/heewonchung/Documents/00-Research/active/Updatable Verifiable Computation/Dev/results/2026-03-09_201110_iot/tables/crossover_analysis.tex
  Nova comparison table written to /Users/heewonchung/Documents/00-Research/active/Updatable Verifiable Computation/Dev/results/2026-03-09_201110_iot/tables/table_nova_comparison.tex
  Setup comparison table written to /Users/heewonchung/Documents/00-Research/active/Updatable Verifiable Computation/Dev/results/2026-03-09_201110_iot/tables/table_setup_comparison.tex

------------------------------------------------------------
  Generating summary...
------------------------------------------------------------

############################################################
  UVC Benchmark Summary
  Data: /Users/heewonchung/Documents/00-Research/active/Updatable Verifiable Computation/Dev/results/2026-03-09_201110_iot/csv
  UVC rows: 60, Groth16 rows: 35, Nova rows: 35
############################################################

==========================================================================================
  Per-step Proving Time (ms)
==========================================================================================
      Circuit   n  Step  Ours(B=16)  Ours(B=64)  Groth16  Nova
-------------  --  ----  ----------  ----------  -------  ----
sensor_fusion   4     1         8.0        14.8      3.5  14.1
                      4         8.1        14.8      6.7  31.2
                     16         7.8        14.9     15.6  32.4
                     64         ---        14.6     36.1  31.9
                                                              
sensor_fusion   8     1        13.4        24.8      4.9  13.7
                      4        13.5        25.0      8.7  31.1
                     16        12.1        25.0     21.1  45.6
                     64         ---        23.2     61.6  31.5
                                                              
sensor_fusion  16     1        20.9        41.9      6.6  13.8
                      4        20.9        41.9     14.1  35.3
                     16        17.9        42.2     31.4  31.5
                     64         ---        39.4     90.5  31.8
                                                              
sensor_fusion  32     1        30.3        60.9      8.8  13.9
                      4        31.1        61.9     21.1  32.2
                     16        31.2        62.1     54.5  38.7
                     64         ---        62.3      155  31.8
                                                              
sensor_fusion  64     1        53.9         112     14.5  14.1
                      4        55.2         114     32.1  31.4
                     16        50.6         114     89.2  32.5
                     64         ---         110      272  31.1
                                                              

==========================================================================================
  Per-step Verification Time (ms)
==========================================================================================
      Circuit   n  Step  Ours(B=16)  Ours(B=64)  Groth16  Nova
-------------  --  ----  ----------  ----------  -------  ----
sensor_fusion   4     1         2.6         2.7      2.7  21.9
                      4         2.6         2.6      2.6  21.9
                     16         2.6         2.7      2.6  21.9
                     64         ---         2.6      2.6  21.9
                                                              
sensor_fusion   8     1         2.7         2.7      2.6  21.8
                      4         2.7         2.7      2.6  21.8
                     16         2.7         2.6      2.7  21.8
                     64         ---         2.7      2.7  21.8
                                                              
sensor_fusion  16     1         2.7         2.7      2.7  21.4
                      4         2.7         2.7      2.7  21.4
                     16         2.6         2.7      2.7  21.4
                     64         ---         2.7      2.7  21.4
                                                              
sensor_fusion  32     1         2.7         2.7      2.7  20.9
                      4         2.7         2.7      2.7  20.9
                     16         2.8         2.7      2.7  20.9
                     64         ---         2.7      2.6  20.9
                                                              
sensor_fusion  64     1         2.8         2.7      2.7  21.2
                      4         2.8         2.7      2.8  21.2
                     16         2.7         2.7      2.7  21.2
                     64         ---         2.7      2.7  21.2
                                                              

================================================================================
  Setup Cost Comparison (seconds)
================================================================================
      Circuit   n  Ours(B=16)  Ours(B=64)  Groth16  Nova
-------------  --  ----------  ----------  -------  ----
sensor_fusion   4        <0.1         0.1     <0.1   0.8
sensor_fusion   8        <0.1         0.2     <0.1   0.7
sensor_fusion  16         0.1         0.3     <0.1   0.7
sensor_fusion  32         0.2         0.5     <0.1   0.7
sensor_fusion  64         0.3         1.0     <0.1   0.7

============================================================
  Proof Size (bytes)
============================================================
      Circuit   n  Ours  Groth16   Nova
-------------  --  ----  -------  -----
sensor_fusion   4   128      128  11520
sensor_fusion   8   128      128  11520
sensor_fusion  16   128      128  11520
sensor_fusion  32   128      128  11520
sensor_fusion  64   128      128  11520

======================================================================
  Crossover Analysis (j* where UVC cumulative < Groth16 re-prove)
======================================================================
      Circuit   n  B=16 j*  B=64 j*
-------------  --  -------  -------
sensor_fusion   4      >64      >64
sensor_fusion   8      >64      >64
sensor_fusion  16      >64      >64
sensor_fusion  32      >64      >64
sensor_fusion  64      >64      >64

  Saved: /Users/heewonchung/Documents/00-Research/active/Updatable Verifiable Computation/Dev/results/2026-03-09_201110_iot/table_perstep.tex
  Saved: /Users/heewonchung/Documents/00-Research/active/Updatable Verifiable Computation/Dev/results/2026-03-09_201110_iot/table_setup.tex
  Saved: /Users/heewonchung/Documents/00-Research/active/Updatable Verifiable Computation/Dev/results/2026-03-09_201110_iot/figure_coords.tex

  Summary:      /Users/heewonchung/Documents/00-Research/active/Updatable Verifiable Computation/Dev/results/2026-03-09_201110_iot/summary.txt

------------------------------------------------------------
  Generating LaTeX tables...
------------------------------------------------------------
  LaTeX tables: /Users/heewonchung/Documents/00-Research/active/Updatable Verifiable Computation/Dev/results/2026-03-09_201110_iot/tables_latex.tex

  Tables: /Users/heewonchung/Documents/00-Research/active/Updatable Verifiable Computation/Dev/results/2026-03-09_201110_iot/tables/
crossover_analysis.tex
table_comparison.tex
table_nova_comparison.tex
table_setup_comparison.tex
table_uvc.tex

============================================================
  All IoT sensor fusion benchmarks complete!

  Results: /Users/heewonchung/Documents/00-Research/active/Updatable Verifiable Computation/Dev/results/2026-03-09_201110_iot

  Files:
    csv/combined_results.csv  (      61 lines)
    csv/groth16_results.csv  (      61 lines)
    csv/nova_results.csv  (      36 lines)
    csv/uvc_results.csv  (      61 lines)
    tables/crossover_analysis.tex
    tables/table_comparison.tex
    tables/table_nova_comparison.tex
    tables/table_setup_comparison.tex
    tables/table_uvc.tex

  System info: /Users/heewonchung/Documents/00-Research/active/Updatable Verifiable Computation/Dev/results/2026-03-09_201110_iot/system_info.txt
  Full log:    /Users/heewonchung/Documents/00-Research/active/Updatable Verifiable Computation/Dev/results/2026-03-09_201110_iot/run.log
============================================================
